datetime,open,high,low,close,volume
2026-05-08T03:30:00+05:30,4694.565,4699.605,4685.805,4694.11,13799
2026-05-08T04:00:00+05:30,4694.125,4695.505,4682.045,4686.095,13460
2026-05-08T04:30:00+05:30,4686.115,4698.565,4684.845,4696.525,13719
2026-05-08T05:00:00+05:30,4696.53,4705.74,4694.87,4704.405,10869
2026-05-08T05:30:00+05:30,4704.385,4709.615,4694.125,4697.36,15489
2026-05-08T06:00:00+05:30,4697.39,4708.39,4696.42,4701.38,11970
2026-05-08T06:30:00+05:30,4701.3,4719.515,4700.45,4712.51,19065
2026-05-08T07:00:00+05:30,4712.515,4725.71,4705.51,4722.97,20199
2026-05-08T07:30:00+05:30,4723.145,4732.885,4718.14,4721.56,14744
2026-05-08T08:00:00+05:30,4721.585,4723.54,4706.995,4713.57,16545
2026-05-08T08:30:00+05:30,4713.565,4723.0,4711.405,4720.625,11595
2026-05-08T09:00:00+05:30,4720.565,4731.185,4718.025,4719.735,13160
2026-05-08T09:30:00+05:30,4719.72,4723.315,4713.4,4717.52,9914
2026-05-08T10:00:00+05:30,4717.605,4718.61,4709.31,4711.13,9299
2026-05-08T10:30:00+05:30,4711.22,4720.285,4709.675,4719.46,10609
2026-05-08T11:00:00+05:30,4719.595,4731.39,4719.595,4727.62,11795
2026-05-08T11:30:00+05:30,4727.605,4734.895,4712.665,4733.745,22230
2026-05-08T12:00:00+05:30,4733.845,4734.585,4721.46,4725.94,13125
2026-05-08T12:30:00+05:30,4725.855,4726.725,4697.045,4706.86,29680
2026-05-08T13:00:00+05:30,4706.845,4713.63,4701.375,4707.925,12255
2026-05-08T13:30:00+05:30,4707.965,4722.705,4706.72,4717.22,15984
2026-05-08T14:00:00+05:30,4717.25,4723.84,4714.98,4715.76,8860
2026-05-08T14:30:00+05:30,4715.755,4723.13,4713.58,4718.29,9550
2026-05-08T15:00:00+05:30,4718.27,4718.88,4707.605,4712.015,11275
2026-05-08T15:30:00+05:30,4711.915,4723.98,4711.24,4720.4,12739
2026-05-08T16:00:00+05:30,4720.365,4727.85,4715.395,4719.82,12454
2026-05-08T16:30:00+05:30,4719.8,4727.495,4719.025,4724.045,8470
2026-05-08T17:00:00+05:30,4724.035,4725.91,4713.91,4717.9,12000
2026-05-08T17:30:00+05:30,4717.87,4719.985,4702.88,4710.41,17104
2026-05-08T18:00:00+05:30,4710.42,4732.125,4703.42,4724.485,28704
2026-05-08T18:30:00+05:30,4724.395,4729.14,4716.51,4727.41,12630
2026-05-08T19:00:00+05:30,4727.395,4748.015,4726.94,4747.85,21075
2026-05-08T19:30:00+05:30,4747.84,4749.58,4717.025,4717.86,32555
2026-05-08T20:00:00+05:30,4717.72,4725.725,4713.495,4716.01,12230
2026-05-08T20:30:00+05:30,4716.02,4721.065,4704.425,4713.535,16639
2026-05-08T21:00:00+05:30,4713.545,4715.17,4702.055,4707.22,13114
2026-05-08T21:30:00+05:30,4707.23,4717.72,4705.55,4717.71,12170
2026-05-08T22:00:00+05:30,4717.69,4720.28,4711.35,4712.525,8929
2026-05-08T22:30:00+05:30,4712.505,4722.125,4712.225,4720.6,9899
2026-05-08T23:00:00+05:30,4720.57,4722.765,4719.43,4720.96,3335
2026-05-08T23:30:00+05:30,4721.025,4729.025,4720.635,4725.725,8389
2026-05-09T00:00:00+05:30,4725.715,4726.51,4720.01,4722.0,6500
2026-05-09T00:30:00+05:30,4721.995,4725.715,4721.06,4723.855,4654
2026-05-09T01:00:00+05:30,4723.84,4726.915,4721.875,4724.09,5039
2026-05-09T01:30:00+05:30,4724.19,4724.43,4715.34,4717.5,9090
2026-05-09T02:00:00+05:30,4717.48,4719.265,4714.745,4715.715,4520
2026-05-11T03:30:00+05:30,4687.43,4696.435,4680.075,4694.465,16360
2026-05-11T04:00:00+05:30,4693.995,4694.745,4687.29,4691.76,7454
2026-05-11T04:30:00+05:30,4691.75,4697.045,4688.805,4694.795,8239
2026-05-11T05:00:00+05:30,4694.79,4698.65,4690.28,4691.89,8369
2026-05-11T05:30:00+05:30,4691.84,4691.935,4675.91,4683.58,16025
2026-05-11T06:00:00+05:30,4683.685,4693.375,4670.505,4683.44,22869
2026-05-11T06:30:00+05:30,4683.415,4705.56,4674.635,4699.01,30925
2026-05-11T07:00:00+05:30,4699.26,4701.935,4680.29,4685.97,21645
2026-05-11T07:30:00+05:30,4685.975,4693.135,4678.685,4688.5,14449
2026-05-11T08:00:00+05:30,4688.48,4700.425,4676.905,4681.985,23520
2026-05-11T08:30:00+05:30,4681.96,4690.69,4675.45,4689.635,15239
2026-05-11T09:00:00+05:30,4689.655,4690.715,4677.22,4678.75,13494
2026-05-11T09:30:00+05:30,4678.775,4680.11,4670.455,4671.87,9654
2026-05-11T10:00:00+05:30,4671.825,4676.06,4668.55,4672.16,7510
2026-05-11T10:30:00+05:30,4672.1,4676.175,4670.69,4670.78,5485
2026-05-11T11:00:00+05:30,4670.79,4680.97,4648.09,4652.53,32880
2026-05-11T11:30:00+05:30,4652.62,4670.685,4649.505,4667.405,21180
2026-05-11T12:00:00+05:30,4667.41,4680.645,4667.285,4678.565,13360
2026-05-11T12:30:00+05:30,4678.555,4680.385,4672.095,4675.705,8289
2026-05-11T13:00:00+05:30,4675.725,4677.95,4664.33,4667.86,13619
2026-05-11T13:30:00+05:30,4667.79,4678.995,4664.46,4671.61,14534
2026-05-11T14:00:00+05:30,4671.605,4675.34,4666.875,4667.895,8465
2026-05-11T14:30:00+05:30,4667.84,4670.275,4657.03,4657.66,13244
2026-05-11T15:00:00+05:30,4657.62,4665.08,4650.795,4656.895,14284
2026-05-11T15:30:00+05:30,4656.9,4665.99,4656.49,4663.49,9500
2026-05-11T16:00:00+05:30,4663.64,4667.69,4660.47,4664.14,7219
2026-05-11T16:30:00+05:30,4664.15,4672.55,4664.15,4671.975,8400
2026-05-11T17:00:00+05:30,4671.965,4677.425,4670.175,4674.625,7250
2026-05-11T17:30:00+05:30,4674.56,4695.33,4667.535,4690.585,27795
2026-05-11T18:00:00+05:30,4690.61,4701.245,4686.305,4700.035,14939
2026-05-11T18:30:00+05:30,4700.055,4735.715,4698.82,4728.5,36895
2026-05-11T19:00:00+05:30,4728.57,4748.95,4728.025,4736.135,20925
2026-05-11T19:30:00+05:30,4736.125,4738.465,4718.58,4725.315,19885
2026-05-11T20:00:00+05:30,4725.505,4734.065,4715.205,4725.625,18859
2026-05-11T20:30:00+05:30,4725.61,4738.195,4722.9,4733.035,15295
2026-05-11T21:00:00+05:30,4733.025,4734.83,4724.945,4732.36,9885
2026-05-11T21:30:00+05:30,4732.375,4733.735,4722.665,4724.16,11069
2026-05-11T22:00:00+05:30,4724.155,4726.24,4708.005,4716.485,18234
2026-05-11T22:30:00+05:30,4716.415,4721.82,4715.92,4718.245,5899
2026-05-11T23:00:00+05:30,4718.24,4724.835,4717.92,4723.895,6914
2026-05-11T23:30:00+05:30,4724.035,4727.6,4721.11,4727.31,6490
2026-05-12T00:00:00+05:30,4727.34,4729.47,4724.96,4725.085,4510
2026-05-12T00:30:00+05:30,4725.13,4728.6,4723.005,4724.38,5595
2026-05-12T01:00:00+05:30,4724.42,4736.21,4722.495,4733.655,13715
2026-05-12T01:30:00+05:30,4733.755,4737.965,4729.985,4735.36,7980
2026-05-12T02:00:00+05:30,4735.32,4738.59,4732.555,4735.455,6034
2026-05-12T03:30:00+05:30,4740.565,4744.11,4737.79,4739.97,6319
2026-05-12T04:00:00+05:30,4739.97,4755.745,4739.075,4751.09,16670
2026-05-12T04:30:00+05:30,4751.48,4754.685,4746.35,4752.915,8335
2026-05-12T05:00:00+05:30,4752.92,4769.795,4751.395,4767.67,18399
2026-05-12T05:30:00+05:30,4767.675,4773.575,4753.19,4762.53,20385
2026-05-12T06:00:00+05:30,4762.525,4763.985,4748.89,4749.56,15094
2026-05-12T06:30:00+05:30,4749.51,4755.805,4733.91,4735.41,21895
2026-05-12T07:00:00+05:30,4735.42,4739.175,4720.53,4727.4,18645
2026-05-12T07:30:00+05:30,4727.325,4734.105,4724.635,4727.34,9469
2026-05-12T08:00:00+05:30,4727.345,4733.585,4722.425,4730.02,11159
2026-05-12T08:30:00+05:30,4730.05,4733.41,4722.96,4723.985,10449
2026-05-12T09:00:00+05:30,4724.075,4728.215,4718.25,4720.33,9965
2026-05-12T09:30:00+05:30,4720.28,4730.48,4719.835,4722.55,10644
2026-05-12T10:00:00+05:30,4722.58,4726.48,4710.975,4714.255,15504
2026-05-12T10:30:00+05:30,4714.215,4718.91,4709.0,4715.39,9909
2026-05-12T11:00:00+05:30,4715.54,4722.32,4710.12,4714.595,12199
2026-05-12T11:30:00+05:30,4714.53,4714.735,4695.46,4696.32,19274
2026-05-12T12:00:00+05:30,4696.325,4705.02,4694.51,4697.09,10510
2026-05-12T12:30:00+05:30,4697.1,4699.725,4686.395,4697.98,13329
2026-05-12T13:00:00+05:30,4698.115,4703.97,4695.625,4699.985,8345
2026-05-12T13:30:00+05:30,4699.995,4706.99,4697.195,4703.245,9795
2026-05-12T14:00:00+05:30,4703.175,4706.725,4698.065,4703.415,8660
2026-05-12T14:30:00+05:30,4703.36,4703.36,4697.625,4699.74,5734
2026-05-12T15:00:00+05:30,4699.69,4705.155,4694.325,4699.455,10829
2026-05-12T15:30:00+05:30,4699.475,4708.715,4698.77,4700.315,9944
2026-05-12T16:00:00+05:30,4700.475,4700.48,4685.28,4694.47,15199
2026-05-12T16:30:00+05:30,4694.615,4700.315,4687.26,4700.24,13054
2026-05-12T17:00:00+05:30,4700.255,4709.475,4698.005,4706.49,11470
2026-05-12T17:30:00+05:30,4706.58,4708.415,4695.19,4697.59,13225
2026-05-12T18:00:00+05:30,4697.53,4711.68,4689.84,4705.74,21840
2026-05-12T18:30:00+05:30,4705.73,4709.025,4679.41,4690.995,29614
2026-05-12T19:00:00+05:30,4690.905,4701.935,4676.88,4679.225,25055
2026-05-12T19:30:00+05:30,4679.365,4695.235,4676.215,4683.495,19019
2026-05-12T20:00:00+05:30,4683.48,4688.22,4669.555,4673.0,18664
2026-05-12T20:30:00+05:30,4672.99,4676.235,4638.365,4656.07,37869
2026-05-12T21:00:00+05:30,4656.055,4670.29,4654.015,4666.285,16274
2026-05-12T21:30:00+05:30,4666.29,4675.19,4664.265,4668.45,10924
2026-05-12T22:00:00+05:30,4668.65,4674.47,4665.145,4671.375,9324
2026-05-12T22:30:00+05:30,4671.38,4682.42,4671.38,4679.43,11039
2026-05-12T23:00:00+05:30,4679.295,4680.735,4676.125,4678.84,4609
2026-05-12T23:30:00+05:30,4678.825,4687.7,4676.235,4685.33,11465
2026-05-13T00:00:00+05:30,4685.34,4698.14,4684.845,4695.94,13295
2026-05-13T00:30:00+05:30,4695.96,4704.61,4695.96,4703.5,8649
2026-05-13T01:00:00+05:30,4703.49,4715.705,4703.49,4715.595,12215
2026-05-13T01:30:00+05:30,4715.545,4719.365,4712.155,4713.38,7210
2026-05-13T02:00:00+05:30,4713.33,4715.93,4712.245,4715.495,3685
2026-05-13T03:30:00+05:30,4719.905,4720.115,4711.74,4717.17,8375
2026-05-13T04:00:00+05:30,4717.135,4722.445,4715.475,4716.965,6969
2026-05-13T04:30:00+05:30,4716.955,4723.915,4715.93,4720.33,7984
2026-05-13T05:00:00+05:30,4720.325,4723.665,4715.24,4717.175,8425
2026-05-13T05:30:00+05:30,4717.28,4727.03,4715.07,4722.88,11960
2026-05-13T06:00:00+05:30,4722.895,4725.35,4713.925,4714.955,11425
2026-05-13T06:30:00+05:30,4715.015,4717.405,4702.845,4704.465,14559
2026-05-13T07:00:00+05:30,4704.395,4710.85,4701.205,4702.615,9645
2026-05-13T07:30:00+05:30,4702.575,4707.73,4698.395,4700.585,9334
2026-05-13T08:00:00+05:30,4700.605,4700.65,4687.705,4692.01,12944
2026-05-13T08:30:00+05:30,4692.0,4700.775,4689.025,4700.575,11750
2026-05-13T09:00:00+05:30,4700.58,4705.795,4694.42,4696.1,11375
2026-05-13T09:30:00+05:30,4696.165,4703.45,4695.48,4701.43,7970
2026-05-13T10:00:00+05:30,4701.38,4703.4,4697.25,4699.57,6149
2026-05-13T10:30:00+05:30,4699.52,4707.385,4697.975,4698.32,9409
2026-05-13T11:00:00+05:30,4698.345,4705.365,4693.73,4704.32,11635
2026-05-13T11:30:00+05:30,4704.32,4715.385,4703.31,4708.715,12074
2026-05-13T12:00:00+05:30,4708.755,4713.83,4698.955,4701.735,14875
2026-05-13T12:30:00+05:30,4701.755,4708.755,4696.8,4707.52,11954
2026-05-13T13:00:00+05:30,4707.535,4707.83,4701.285,4702.78,6545
2026-05-13T13:30:00+05:30,4702.785,4704.34,4694.725,4697.185,9614
2026-05-13T14:00:00+05:30,4697.21,4702.995,4694.665,4700.605,8329
2026-05-13T14:30:00+05:30,4700.615,4702.09,4685.905,4688.97,16185
2026-05-13T15:00:00+05:30,4688.86,4701.095,4686.01,4700.85,15085
2026-05-13T15:30:00+05:30,4700.87,4710.585,4698.725,4699.565,11859
2026-05-13T16:00:00+05:30,4699.57,4699.99,4693.77,4694.19,6219
2026-05-13T16:30:00+05:30,4694.215,4700.575,4691.775,4698.405,8800
2026-05-13T17:00:00+05:30,4698.435,4705.7,4697.485,4697.485,8215
2026-05-13T17:30:00+05:30,4697.43,4701.62,4683.315,4684.805,18305
2026-05-13T18:00:00+05:30,4684.95,4687.64,4676.135,4683.84,11505
2026-05-13T18:30:00+05:30,4683.715,4694.825,4683.57,4688.73,11255
2026-05-13T19:00:00+05:30,4688.645,4690.94,4669.525,4679.415,21414
2026-05-13T19:30:00+05:30,4679.405,4685.45,4672.885,4684.22,12564
2026-05-13T20:00:00+05:30,4684.225,4691.12,4677.335,4679.75,13784
2026-05-13T20:30:00+05:30,4679.825,4691.815,4678.92,4691.195,12894
2026-05-13T21:00:00+05:30,4691.185,4700.025,4686.97,4695.715,13054
2026-05-13T21:30:00+05:30,4695.65,4709.9,4695.245,4706.875,14654
2026-05-13T22:00:00+05:30,4706.895,4707.735,4695.13,4695.865,12604
2026-05-13T22:30:00+05:30,4695.885,4701.28,4695.885,4698.435,5394
2026-05-13T23:00:00+05:30,4698.46,4698.595,4684.555,4685.6,14039
2026-05-13T23:30:00+05:30,4685.635,4694.175,4684.41,4692.165,9765
2026-05-14T00:00:00+05:30,4692.125,4692.86,4677.63,4685.11,15229
2026-05-14T00:30:00+05:30,4685.14,4690.705,4683.525,4687.355,7180
2026-05-14T01:00:00+05:30,4687.375,4689.46,4683.67,4688.38,5789
2026-05-14T01:30:00+05:30,4688.465,4693.475,4686.075,4691.23,7400
2026-05-14T02:00:00+05:30,4691.245,4692.94,4688.06,4689.14,4879
2026-05-14T03:30:00+05:30,4693.605,4697.38,4689.06,4697.16,8319
2026-05-14T04:00:00+05:30,4697.125,4700.57,4695.665,4700.035,4904
2026-05-14T04:30:00+05:30,4699.98,4702.125,4696.925,4697.49,5199
2026-05-14T05:00:00+05:30,4697.48,4697.665,4693.38,4696.62,4284
2026-05-14T05:30:00+05:30,4696.5,4705.455,4689.78,4701.14,15675
2026-05-14T06:00:00+05:30,4701.115,4706.795,4693.115,4705.065,13680
2026-05-14T06:30:00+05:30,4705.015,4707.15,4684.49,4692.79,22659
2026-05-14T07:00:00+05:30,4692.825,4695.095,4683.455,4688.95,11640
2026-05-14T07:30:00+05:30,4689.0,4694.455,4686.61,4693.635,7845
2026-05-14T08:00:00+05:30,4693.615,4699.775,4680.21,4686.48,19564
2026-05-14T08:30:00+05:30,4686.475,4693.45,4681.615,4691.35,11835
2026-05-14T09:00:00+05:30,4691.315,4691.755,4673.965,4675.285,17789
2026-05-14T09:30:00+05:30,4675.3,4707.545,4668.71,4702.315,38835
2026-05-14T10:00:00+05:30,4702.3,4712.685,4701.315,4702.355,11370
2026-05-14T10:30:00+05:30,4702.54,4704.235,4693.455,4693.78,10779
2026-05-14T11:00:00+05:30,4693.675,4703.37,4689.21,4689.955,14159
2026-05-14T11:30:00+05:30,4689.94,4695.03,4686.31,4691.325,8719
2026-05-14T12:00:00+05:30,4691.33,4702.505,4690.615,4700.515,11890
2026-05-14T12:30:00+05:30,4700.43,4706.79,4694.685,4705.43,12104
2026-05-14T13:00:00+05:30,4705.42,4718.88,4690.945,4693.35,27935
2026-05-14T13:30:00+05:30,4693.365,4705.12,4692.205,4703.16,12914
2026-05-14T14:00:00+05:30,4703.17,4706.83,4693.04,4693.485,13789
2026-05-14T14:30:00+05:30,4693.55,4698.13,4690.345,4690.7,7784
2026-05-14T15:00:00+05:30,4690.685,4702.755,4688.645,4699.73,14109
2026-05-14T15:30:00+05:30,4699.74,4705.63,4694.07,4697.47,11560
2026-05-14T16:00:00+05:30,4697.49,4698.03,4691.27,4697.09,6759
2026-05-14T16:30:00+05:30,4697.16,4698.935,4689.51,4691.995,9425
2026-05-14T17:00:00+05:30,4692.0,4704.895,4690.915,4694.205,13980
2026-05-14T17:30:00+05:30,4694.175,4707.63,4692.42,4702.29,15210
2026-05-14T18:00:00+05:30,4702.35,4710.165,4696.015,4704.95,14149
2026-05-14T18:30:00+05:30,4704.945,4707.935,4688.235,4688.36,19700
2026-05-14T19:00:00+05:30,4688.445,4691.13,4666.78,4679.775,24350
2026-05-14T19:30:00+05:30,4679.835,4700.98,4677.815,4691.515,23164
2026-05-14T20:00:00+05:30,4691.555,4692.45,4679.26,4679.53,13189
2026-05-14T20:30:00+05:30,4679.62,4689.625,4677.195,4685.91,12430
2026-05-14T21:00:00+05:30,4685.895,4689.165,4681.05,4685.765,8114
2026-05-14T21:30:00+05:30,4685.815,4687.055,4674.205,4677.395,12850
2026-05-14T22:00:00+05:30,4677.41,4679.165,4670.51,4678.66,8654
2026-05-14T22:30:00+05:30,4678.675,4683.115,4676.945,4677.35,6170
2026-05-14T23:00:00+05:30,4677.345,4681.785,4676.49,4678.33,5295
2026-05-14T23:30:00+05:30,4678.34,4678.41,4668.935,4673.725,9474
2026-05-15T00:00:00+05:30,4673.72,4675.075,4667.165,4671.8,7909
2026-05-15T00:30:00+05:30,4671.89,4672.02,4663.37,4663.515,8650
2026-05-15T01:00:00+05:30,4663.52,4665.52,4653.26,4654.37,12260
2026-05-15T01:30:00+05:30,4654.385,4657.18,4646.885,4648.17,10295
2026-05-15T02:00:00+05:30,4648.185,4653.015,4644.31,4652.27,8704
2026-05-15T03:30:00+05:30,4654.08,4659.575,4652.145,4658.84,7429
2026-05-15T04:00:00+05:30,4658.82,4662.77,4658.76,4662.515,4010
2026-05-15T04:30:00+05:30,4662.5,4664.47,4655.775,4664.16,8695
2026-05-15T05:00:00+05:30,4664.095,4665.445,4646.85,4652.15,18594
2026-05-15T05:30:00+05:30,4652.22,4658.225,4629.36,4630.25,28865
2026-05-15T06:00:00+05:30,4630.315,4630.735,4613.745,4630.465,16989
2026-05-15T06:30:00+05:30,4630.475,4631.69,4607.76,4609.06,23929
2026-05-15T07:00:00+05:30,4609.075,4624.675,4607.51,4614.23,17164
2026-05-15T07:30:00+05:30,4614.265,4619.16,4609.45,4612.785,9710
2026-05-15T08:00:00+05:30,4612.755,4623.42,4609.885,4617.945,13534
2026-05-15T08:30:00+05:30,4617.885,4622.33,4610.175,4612.94,12154
2026-05-15T09:00:00+05:30,4612.76,4617.6,4607.68,4615.605,9920
2026-05-15T09:30:00+05:30,4615.61,4621.91,4607.55,4610.865,14359
2026-05-15T10:00:00+05:30,4610.915,4615.055,4604.45,4606.19,10605
2026-05-15T10:30:00+05:30,4606.3,4606.58,4581.02,4589.165,25559
2026-05-15T11:00:00+05:30,4589.115,4590.315,4556.71,4559.04,33604
2026-05-15T11:30:00+05:30,4559.02,4578.55,4556.52,4575.15,22029
2026-05-15T12:00:00+05:30,4575.18,4580.645,4564.535,4570.22,16110
2026-05-15T12:30:00+05:30,4570.205,4588.88,4566.07,4582.075,22810
2026-05-15T13:00:00+05:30,4582.07,4582.745,4568.61,4570.975,14135
2026-05-15T13:30:00+05:30,4570.985,4572.245,4552.835,4558.545,19409
2026-05-15T14:00:00+05:30,4558.4,4563.795,4550.055,4554.62,13739
2026-05-15T14:30:00+05:30,4554.605,4564.035,4539.53,4553.675,24505
2026-05-15T15:00:00+05:30,4553.515,4555.9,4531.995,4546.095,23904
2026-05-15T15:30:00+05:30,4546.115,4563.305,4544.3,4551.835,19005
2026-05-15T16:00:00+05:30,4551.825,4572.775,4549.595,4566.135,23179
2026-05-15T16:30:00+05:30,4566.12,4570.37,4559.165,4562.58,11204
2026-05-15T17:00:00+05:30,4562.555,4562.805,4550.005,4552.18,12800
2026-05-15T17:30:00+05:30,4552.19,4558.815,4545.14,4555.235,13674
2026-05-15T18:00:00+05:30,4555.22,4555.68,4543.83,4545.96,11850
2026-05-15T18:30:00+05:30,4545.965,4557.66,4536.285,4548.965,21375
2026-05-15T19:00:00+05:30,4548.94,4551.44,4510.985,4533.685,40454
2026-05-15T19:30:00+05:30,4533.645,4562.955,4525.465,4555.705,37489
2026-05-15T20:00:00+05:30,4555.68,4566.735,4546.21,4562.85,20524
2026-05-15T20:30:00+05:30,4562.865,4563.78,4543.025,4547.39,20755
2026-05-15T21:00:00+05:30,4547.265,4550.445,4533.86,4539.95,16585
2026-05-15T21:30:00+05:30,4539.995,4542.505,4529.555,4541.175,12949
2026-05-15T22:00:00+05:30,4541.24,4548.255,4540.175,4544.4,8079
2026-05-15T22:30:00+05:30,4544.23,4564.605,4543.105,4557.84,21500
2026-05-15T23:00:00+05:30,4557.825,4563.7,4557.22,4559.65,6479
2026-05-15T23:30:00+05:30,4559.685,4563.115,4553.065,4558.275,10050
2026-05-16T00:00:00+05:30,4558.3,4562.85,4552.415,4559.25,10435
2026-05-16T00:30:00+05:30,4559.255,4560.18,4548.66,4550.285,11520
2026-05-16T01:00:00+05:30,4550.38,4555.375,4545.1,4546.005,10274
2026-05-16T01:30:00+05:30,4546.01,4546.47,4533.34,4539.44,13130
2026-05-16T02:00:00+05:30,4539.46,4544.23,4536.78,4540.645,7449
2026-05-18T03:30:00+05:30,4545.805,4554.915,4538.175,4541.145,16739
2026-05-18T04:00:00+05:30,4541.13,4554.46,4541.03,4546.05,13430
2026-05-18T04:30:00+05:30,4546.06,4548.035,4538.115,4538.275,9920
2026-05-18T05:00:00+05:30,4538.28,4544.32,4532.25,4537.21,12069
2026-05-18T05:30:00+05:30,4537.215,4542.635,4514.48,4515.99,28155
2026-05-18T06:00:00+05:30,4515.92,4519.105,4480.41,4514.795,38694
2026-05-18T06:30:00+05:30,4514.795,4516.08,4489.535,4504.01,26545
2026-05-18T07:00:00+05:30,4504.36,4535.715,4499.82,4525.67,35895
2026-05-18T07:30:00+05:30,4525.61,4540.715,4522.355,4533.685,18360
2026-05-18T08:00:00+05:30,4533.635,4542.9,4529.48,4533.815,13420
2026-05-18T08:30:00+05:30,4533.785,4538.575,4526.825,4536.075,11750
2026-05-18T09:00:00+05:30,4536.04,4548.06,4525.565,4541.215,22495
2026-05-18T09:30:00+05:30,4541.21,4549.93,4530.235,4533.015,19695
2026-05-18T10:00:00+05:30,4533.02,4545.77,4532.51,4540.825,13260
2026-05-18T10:30:00+05:30,4540.775,4550.6,4533.225,4548.735,17375
2026-05-18T11:00:00+05:30,4548.86,4552.045,4530.205,4531.245,21840
2026-05-18T11:30:00+05:30,4531.19,4548.235,4530.005,4537.815,18229
2026-05-18T12:00:00+05:30,4537.81,4547.935,4534.74,4546.855,13195
2026-05-18T12:30:00+05:30,4546.875,4551.4,4538.465,4550.65,12934
2026-05-18T13:00:00+05:30,4550.655,4560.095,4540.09,4546.295,20005
2026-05-18T13:30:00+05:30,4546.285,4551.45,4542.44,4548.355,9010
2026-05-18T14:00:00+05:30,4548.35,4557.135,4546.08,4549.97,11055
2026-05-18T14:30:00+05:30,4549.96,4552.125,4541.245,4544.99,10880
2026-05-18T15:00:00+05:30,4544.645,4546.765,4540.38,4543.205,6385
2026-05-18T15:30:00+05:30,4543.165,4545.235,4535.865,4539.89,9369
2026-05-18T16:00:00+05:30,4539.88,4547.955,4532.145,4540.495,15809
2026-05-18T16:30:00+05:30,4540.49,4542.025,4529.96,4536.115,12064
2026-05-18T17:00:00+05:30,4536.11,4567.17,4535.77,4550.925,31399
2026-05-18T17:30:00+05:30,4550.965,4556.77,4545.36,4550.655,11410
2026-05-18T18:00:00+05:30,4550.65,4575.065,4550.305,4571.425,24759
2026-05-18T18:30:00+05:30,4571.43,4576.845,4561.975,4572.1,14869
2026-05-18T19:00:00+05:30,4572.31,4584.375,4563.835,4575.75,20539
2026-05-18T19:30:00+05:30,4575.63,4575.63,4554.82,4561.655,20810
2026-05-18T20:00:00+05:30,4561.565,4563.175,4537.81,4546.53,25364
2026-05-18T20:30:00+05:30,4546.555,4548.02,4531.85,4534.715,16170
2026-05-18T21:00:00+05:30,4534.7,4547.045,4534.17,4543.71,12875
2026-05-18T21:30:00+05:30,4543.715,4550.82,4533.915,4537.235,16904
2026-05-18T22:00:00+05:30,4537.245,4554.69,4534.325,4550.21,20364
2026-05-18T22:30:00+05:30,4550.04,4558.29,4547.92,4553.99,10369
2026-05-18T23:00:00+05:30,4553.815,4554.215,4545.645,4546.935,8569
2026-05-18T23:30:00+05:30,4546.95,4547.775,4536.855,4541.965,10920
2026-05-19T00:00:00+05:30,4541.96,4543.965,4534.375,4535.855,9590
2026-05-19T00:30:00+05:30,4535.86,4565.07,4535.335,4551.79,29734
2026-05-19T01:00:00+05:30,4551.795,4562.98,4550.405,4558.55,12574
2026-05-19T01:30:00+05:30,4558.625,4566.835,4558.08,4563.25,8755
2026-05-19T02:00:00+05:30,4563.22,4566.87,4561.695,4566.16,5175
2026-05-19T03:30:00+05:30,4570.36,4574.81,4569.81,4572.96,5000
2026-05-19T04:00:00+05:30,4572.98,4578.58,4571.605,4574.115,6975
2026-05-19T04:30:00+05:30,4573.995,4589.09,4573.86,4585.845,15230
2026-05-19T05:00:00+05:30,4585.86,4588.13,4579.235,4581.995,8895
2026-05-19T05:30:00+05:30,4582.16,4589.58,4568.62,4573.7,20960
2026-05-19T06:00:00+05:30,4573.735,4576.4,4561.465,4563.21,14934
2026-05-19T06:30:00+05:30,4563.26,4569.59,4554.27,4559.33,15319
2026-05-19T07:00:00+05:30,4559.315,4572.48,4555.44,4564.065,17039
2026-05-19T07:30:00+05:30,4564.005,4564.005,4551.7,4559.86,12305
2026-05-19T08:00:00+05:30,4559.775,4560.03,4546.055,4547.29,13974
2026-05-19T08:30:00+05:30,4547.22,4553.215,4543.77,4549.22,9444
2026-05-19T09:00:00+05:30,4549.21,4555.16,4543.96,4545.19,11199
2026-05-19T09:30:00+05:30,4545.18,4545.895,4538.345,4540.435,7550
2026-05-19T10:00:00+05:30,4540.465,4543.835,4538.075,4542.605,5760
2026-05-19T10:30:00+05:30,4542.71,4546.675,4531.085,4538.525,15590
2026-05-19T11:00:00+05:30,4538.665,4544.355,4533.13,4540.915,11224
2026-05-19T11:30:00+05:30,4540.93,4553.97,4533.68,4547.645,20289
2026-05-19T12:00:00+05:30,4547.635,4553.05,4543.15,4548.33,9900
2026-05-19T12:30:00+05:30,4548.315,4555.35,4543.225,4548.455,12125
2026-05-19T13:00:00+05:30,4548.445,4559.535,4541.575,4557.28,17960
2026-05-19T13:30:00+05:30,4557.25,4559.25,4536.405,4538.495,22845
2026-05-19T14:00:00+05:30,4538.58,4548.82,4537.015,4543.05,11804
2026-05-19T14:30:00+05:30,4543.035,4546.935,4536.205,4540.705,10730
2026-05-19T15:00:00+05:30,4540.62,4544.87,4536.76,4542.035,8109
2026-05-19T15:30:00+05:30,4542.01,4542.535,4536.15,4540.1,6385
2026-05-19T16:00:00+05:30,4540.175,4544.925,4525.68,4544.925,19244
2026-05-19T16:30:00+05:30,4544.855,4548.01,4535.815,4539.35,12195
2026-05-19T17:00:00+05:30,4539.34,4543.195,4529.915,4530.89,13279
2026-05-19T17:30:00+05:30,4530.905,4546.71,4527.6,4543.145,19109
2026-05-19T18:00:00+05:30,4543.135,4547.28,4535.595,4537.305,11684
2026-05-19T18:30:00+05:30,4537.385,4537.7,4491.135,4492.295,46564
2026-05-19T19:00:00+05:30,4492.445,4511.48,4464.78,4504.175,46699
2026-05-19T19:30:00+05:30,4504.055,4514.23,4484.495,4490.21,29734
2026-05-19T20:00:00+05:30,4490.165,4498.775,4486.305,4494.165,12469
2026-05-19T20:30:00+05:30,4494.095,4505.11,4489.845,4499.005,15264
2026-05-19T21:00:00+05:30,4499.03,4509.48,4498.01,4508.63,11469
2026-05-19T21:30:00+05:30,4508.64,4512.145,4496.385,4508.965,15760
2026-05-19T22:00:00+05:30,4508.955,4512.7,4504.77,4507.9,7929
2026-05-19T22:30:00+05:30,4507.725,4511.125,4503.555,4507.13,7569
2026-05-19T23:00:00+05:30,4507.12,4508.495,4499.31,4500.9,9184
2026-05-19T23:30:00+05:30,4500.915,4503.84,4495.605,4496.22,8235
2026-05-20T00:00:00+05:30,4496.215,4500.96,4490.33,4493.65,10630
2026-05-20T00:30:00+05:30,4493.63,4497.84,4485.755,4487.215,12085
2026-05-20T01:00:00+05:30,4487.22,4490.075,4481.285,4483.5,8789
2026-05-20T01:30:00+05:30,4483.44,4488.355,4481.07,4486.35,7284
2026-05-20T02:00:00+05:30,4486.345,4486.425,4481.8,4482.115,4625
2026-05-20T03:30:00+05:30,4484.735,4485.845,4478.455,4479.555,7390
2026-05-20T04:00:00+05:30,4479.56,4485.975,4477.45,4484.73,8525
2026-05-20T04:30:00+05:30,4484.61,4488.76,4479.995,4486.21,8765
2026-05-20T05:00:00+05:30,4486.285,4496.595,4485.69,4489.485,10905
2026-05-20T05:30:00+05:30,4489.51,4502.18,4479.82,4501.905,22360
2026-05-20T06:00:00+05:30,4501.87,4508.85,4498.385,4501.185,10465
2026-05-20T06:30:00+05:30,4501.175,4506.29,4472.73,4473.625,33560
2026-05-20T07:00:00+05:30,4473.68,4488.65,4456.095,4481.485,32554
2026-05-20T07:30:00+05:30,4481.54,4487.24,4476.4,4481.645,10840
2026-05-20T08:00:00+05:30,4481.685,4483.69,4458.68,4465.395,25009
2026-05-20T08:30:00+05:30,4465.305,4467.265,4453.39,4461.11,13875
2026-05-20T09:00:00+05:30,4460.99,4466.335,4457.765,4463.96,8569
2026-05-20T09:30:00+05:30,4463.955,4470.75,4462.505,4465.34,8244
2026-05-20T10:00:00+05:30,4465.24,4465.98,4456.8,4462.14,9179
2026-05-20T10:30:00+05:30,4462.07,4475.43,4461.79,4468.535,13640
2026-05-20T11:00:00+05:30,4468.53,4479.125,4463.46,4472.855,15664
2026-05-20T11:30:00+05:30,4472.83,4478.48,4467.665,4472.18,10814
2026-05-20T12:00:00+05:30,4472.19,4478.555,4461.69,4474.47,16865
2026-05-20T12:30:00+05:30,4474.355,4485.355,4472.08,4482.88,13274
2026-05-20T13:00:00+05:30,4482.915,4486.095,4475.105,4478.545,10990
2026-05-20T13:30:00+05:30,4478.585,4486.64,4476.81,4486.64,9829
2026-05-20T14:00:00+05:30,4486.685,4490.305,4476.875,4484.065,13430
2026-05-20T14:30:00+05:30,4484.035,4486.3,4472.835,4474.315,13465
2026-05-20T15:00:00+05:30,4474.215,4491.18,4472.805,4484.925,18375
2026-05-20T15:30:00+05:30,4484.885,4492.765,4484.68,4489.16,8085
2026-05-20T16:00:00+05:30,4489.165,4497.115,4488.725,4494.85,8389
2026-05-20T16:30:00+05:30,4494.845,4501.29,4491.255,4500.23,10034
2026-05-20T17:00:00+05:30,4500.195,4500.615,4490.905,4499.16,9710
2026-05-20T17:30:00+05:30,4499.08,4501.11,4493.07,4499.805,8039
2026-05-20T18:00:00+05:30,4499.89,4505.435,4494.015,4496.245,11420
2026-05-20T18:30:00+05:30,4496.24,4506.36,4489.33,4489.475,17029
2026-05-20T19:00:00+05:30,4489.49,4493.14,4482.26,4483.265,10880
2026-05-20T19:30:00+05:30,4483.285,4510.995,4467.245,4506.865,43750
2026-05-20T20:00:00+05:30,4506.875,4537.355,4506.875,4531.295,30479
2026-05-20T20:30:00+05:30,4531.3,4553.045,4523.175,4529.51,29869
2026-05-20T21:00:00+05:30,4529.49,4539.67,4527.36,4529.21,12310
2026-05-20T21:30:00+05:30,4529.27,4535.35,4524.115,4526.165,11235
2026-05-20T22:00:00+05:30,4526.15,4535.555,4524.225,4534.465,11329
2026-05-20T22:30:00+05:30,4534.475,4538.24,4531.02,4532.61,7219
2026-05-20T23:00:00+05:30,4532.645,4536.605,4529.995,4531.445,6609
2026-05-20T23:30:00+05:30,4531.275,4536.75,4529.12,4535.18,7630
2026-05-21T00:00:00+05:30,4535.14,4545.16,4535.14,4542.515,10019
2026-05-21T00:30:00+05:30,4542.525,4546.135,4541.81,4545.26,4324
2026-05-21T01:00:00+05:30,4545.275,4550.38,4545.19,4545.675,5190
2026-05-21T01:30:00+05:30,4545.66,4550.445,4543.155,4545.635,7289
2026-05-21T02:00:00+05:30,4545.655,4546.33,4542.18,4543.705,4149
2026-05-21T03:30:00+05:30,4544.62,4546.92,4535.35,4538.81,11569
2026-05-21T04:00:00+05:30,4538.8,4544.665,4537.205,4539.9,7460
2026-05-21T04:30:00+05:30,4539.91,4543.29,4534.74,4538.7,8550
2026-05-21T05:00:00+05:30,4538.715,4547.525,4538.18,4546.74,9344
2026-05-21T05:30:00+05:30,4546.87,4553.355,4537.365,4543.68,15989
2026-05-21T06:00:00+05:30,4543.675,4548.78,4539.625,4545.16,9154
2026-05-21T06:30:00+05:30,4545.19,4567.835,4539.92,4567.305,27914
2026-05-21T07:00:00+05:30,4567.33,4570.895,4559.005,4561.01,11890
2026-05-21T07:30:00+05:30,4561.0,4564.92,4539.91,4540.605,25010
2026-05-21T08:00:00+05:30,4540.56,4542.55,4531.615,4533.24,10935
2026-05-21T08:30:00+05:30,4533.23,4540.28,4531.515,4535.745,8764
2026-05-21T09:00:00+05:30,4535.73,4537.225,4527.37,4528.4,9855
2026-05-21T09:30:00+05:30,4528.385,4540.355,4527.56,4540.065,12794
2026-05-21T10:00:00+05:30,4540.035,4540.8,4533.85,4538.63,6949
2026-05-21T10:30:00+05:30,4538.72,4540.66,4521.67,4523.225,18989
2026-05-21T11:00:00+05:30,4523.24,4530.02,4518.44,4527.975,11580
2026-05-21T11:30:00+05:30,4527.995,4539.905,4526.74,4533.06,13164
2026-05-21T12:00:00+05:30,4533.055,4535.24,4518.905,4521.525,16335
2026-05-21T12:30:00+05:30,4521.49,4524.375,4512.075,4512.865,12300
2026-05-21T13:00:00+05:30,4512.895,4523.44,4512.19,4519.785,11250
2026-05-21T13:30:00+05:30,4519.85,4537.06,4518.415,4535.94,18645
2026-05-21T14:00:00+05:30,4535.95,4535.95,4526.42,4532.715,9529
2026-05-21T14:30:00+05:30,4532.685,4542.725,4531.975,4537.07,10750
2026-05-21T15:00:00+05:30,4536.97,4543.06,4528.03,4530.855,15030
2026-05-21T15:30:00+05:30,4530.845,4535.435,4510.845,4518.27,24590
2026-05-21T16:00:00+05:30,4518.305,4518.545,4504.895,4511.77,13649
2026-05-21T16:30:00+05:30,4511.82,4521.3,4510.78,4514.175,10520
2026-05-21T17:00:00+05:30,4514.245,4517.36,4508.23,4514.08,9130
2026-05-21T17:30:00+05:30,4514.1,4519.47,4503.775,4507.39,15695
2026-05-21T18:00:00+05:30,4507.27,4518.14,4502.08,4504.25,16060
2026-05-21T18:30:00+05:30,4504.245,4512.81,4495.45,4500.915,17360
2026-05-21T19:00:00+05:30,4501.065,4521.095,4488.63,4513.455,32465
2026-05-21T19:30:00+05:30,4513.465,4515.415,4498.17,4507.56,17244
2026-05-21T20:00:00+05:30,4507.525,4511.315,4501.84,4508.795,9474
2026-05-21T20:30:00+05:30,4508.835,4515.43,4496.91,4503.48,18520
2026-05-21T21:00:00+05:30,4503.46,4512.845,4502.57,4512.045,10275
2026-05-21T21:30:00+05:30,4512.15,4520.81,4512.15,4516.5,8660
2026-05-21T22:00:00+05:30,4516.525,4520.38,4515.51,4519.465,4869
2026-05-21T22:30:00+05:30,4519.465,4546.4,4514.28,4541.65,32119
2026-05-21T23:00:00+05:30,4541.74,4559.365,4538.76,4551.435,20604
2026-05-21T23:30:00+05:30,4551.48,4556.085,4543.0,4548.535,13085
2026-05-22T00:00:00+05:30,4548.475,4549.565,4527.51,4532.035,22054
2026-05-22T00:30:00+05:30,4532.04,4542.105,4529.795,4538.91,12309
2026-05-22T01:00:00+05:30,4538.915,4543.935,4534.755,4543.085,9180
2026-05-22T01:30:00+05:30,4543.07,4544.925,4540.235,4541.35,4690
2026-05-22T02:00:00+05:30,4541.36,4543.455,4539.94,4543.425,3515
2026-05-22T03:30:00+05:30,4544.905,4544.93,4539.8,4541.185,5130
2026-05-22T04:00:00+05:30,4541.23,4543.695,4539.785,4543.465,3909
2026-05-22T04:30:00+05:30,4543.47,4545.26,4536.985,4540.535,8275
2026-05-22T05:00:00+05:30,4540.555,4540.555,4532.43,4535.425,8125
2026-05-22T05:30:00+05:30,4535.47,4537.35,4530.29,4536.26,7060
2026-05-22T06:00:00+05:30,4536.245,4541.24,4525.64,4526.71,15599
2026-05-22T06:30:00+05:30,4526.695,4536.235,4523.435,4528.98,12799
2026-05-22T07:00:00+05:30,4528.95,4531.92,4521.18,4526.38,10739
2026-05-22T07:30:00+05:30,4526.31,4529.66,4521.465,4524.73,8194
2026-05-22T08:00:00+05:30,4524.595,4527.17,4518.53,4523.335,8640
2026-05-22T08:30:00+05:30,4523.395,4525.53,4519.37,4521.94,6159
2026-05-22T09:00:00+05:30,4521.925,4530.04,4521.925,4529.54,8114
2026-05-22T09:30:00+05:30,4529.535,4532.98,4527.69,4532.275,5289
2026-05-22T10:00:00+05:30,4532.27,4532.78,4525.41,4527.135,7369
2026-05-22T10:30:00+05:30,4527.09,4529.645,4523.435,4526.14,6210
2026-05-22T11:00:00+05:30,4526.165,4534.325,4507.43,4511.7,26894
2026-05-22T11:30:00+05:30,4511.705,4526.24,4510.025,4525.5,16215
2026-05-22T12:00:00+05:30,4525.495,4528.98,4521.85,4527.02,7129
2026-05-22T12:30:00+05:30,4527.045,4527.5,4521.385,4525.9,6114
2026-05-22T13:00:00+05:30,4525.885,4525.92,4516.2,4521.87,9720
2026-05-22T13:30:00+05:30,4521.875,4531.32,4521.61,4527.055,9710
2026-05-22T14:00:00+05:30,4527.04,4527.48,4517.02,4521.835,10459
2026-05-22T14:30:00+05:30,4521.83,4525.7,4515.18,4517.935,10519
2026-05-22T15:00:00+05:30,4517.905,4535.96,4514.88,4532.255,21079
2026-05-22T15:30:00+05:30,4532.265,4536.82,4524.465,4524.715,12354
2026-05-22T16:00:00+05:30,4524.745,4525.435,4510.285,4514.705,15150
2026-05-22T16:30:00+05:30,4514.66,4517.45,4511.935,4512.18,5514
2026-05-22T17:00:00+05:30,4512.17,4525.315,4511.67,4520.635,13644
2026-05-22T17:30:00+05:30,4520.595,4535.96,4518.735,4521.89,17225
2026-05-22T18:00:00+05:30,4521.885,4528.495,4515.325,4528.24,13170
2026-05-22T18:30:00+05:30,4528.225,4534.495,4520.835,4522.23,13659
2026-05-22T19:00:00+05:30,4522.22,4527.365,4510.32,4514.02,17045
2026-05-22T19:30:00+05:30,4513.6,4513.73,4491.93,4499.12,21799
2026-05-22T20:00:00+05:30,4499.165,4507.325,4497.325,4500.615,10000
2026-05-22T20:30:00+05:30,4500.73,4519.34,4500.245,4519.33,19095
2026-05-22T21:00:00+05:30,4519.35,4522.555,4514.615,4519.975,7940
2026-05-22T21:30:00+05:30,4520.085,4524.23,4516.89,4523.785,7339
2026-05-22T22:00:00+05:30,4523.825,4526.915,4512.38,4515.05,14534
2026-05-22T22:30:00+05:30,4515.1,4526.02,4513.215,4525.51,12805
2026-05-22T23:00:00+05:30,4525.395,4527.995,4518.685,4519.255,9309
2026-05-22T23:30:00+05:30,4519.245,4519.535,4512.11,4515.405,7425
2026-05-23T00:00:00+05:30,4515.41,4520.34,4513.025,4515.27,7315
2026-05-23T00:30:00+05:30,4515.28,4516.05,4506.335,4507.33,9715
2026-05-23T01:00:00+05:30,4507.335,4510.94,4504.34,4508.45,6599
2026-05-23T01:30:00+05:30,4508.48,4510.69,4505.035,4510.415,5654
2026-05-23T02:00:00+05:30,4510.365,4510.6,4504.17,4509.69,6430
2026-05-25T03:30:00+05:30,4550.54,4557.895,4548.91,4552.39,8985
2026-05-25T04:00:00+05:30,4552.395,4565.825,4551.985,4565.33,13840
2026-05-25T04:30:00+05:30,4565.36,4578.645,4565.27,4575.12,13375
2026-05-25T05:00:00+05:30,4575.135,4580.21,4565.685,4567.08,14524
2026-05-25T05:30:00+05:30,4567.07,4575.805,4566.33,4572.335,9475
2026-05-25T06:00:00+05:30,4572.285,4579.575,4566.435,4569.72,13139
2026-05-25T06:30:00+05:30,4569.715,4576.585,4560.605,4573.5,15980
2026-05-25T07:00:00+05:30,4573.45,4574.78,4560.34,4563.08,14439
2026-05-25T07:30:00+05:30,4563.09,4568.4,4558.955,4562.95,9444
2026-05-25T08:00:00+05:30,4562.985,4570.51,4559.53,4561.43,10980
2026-05-25T08:30:00+05:30,4561.435,4564.6,4560.245,4560.8,4355
2026-05-25T09:00:00+05:30,4560.81,4564.225,4556.585,4559.78,7640
2026-05-25T09:30:00+05:30,4559.655,4565.94,4559.39,4565.17,6549
2026-05-25T10:00:00+05:30,4565.19,4565.75,4559.46,4564.88,6289
2026-05-25T10:30:00+05:30,4564.895,4566.0,4554.12,4554.28,11880
2026-05-25T11:00:00+05:30,4554.33,4561.13,4552.015,4553.43,9114
2026-05-25T11:30:00+05:30,4553.455,4557.435,4550.55,4554.33,6885
2026-05-25T12:00:00+05:30,4554.44,4563.43,4553.65,4562.69,9780
2026-05-25T12:30:00+05:30,4562.7,4564.98,4552.495,4554.69,12484
2026-05-25T13:00:00+05:30,4554.695,4565.18,4554.28,4564.79,10900
2026-05-25T13:30:00+05:30,4564.78,4565.085,4553.79,4554.9,11295
2026-05-25T14:00:00+05:30,4554.905,4558.19,4553.435,4556.01,4754
2026-05-25T14:30:00+05:30,4556.07,4559.12,4554.92,4558.94,4199
2026-05-25T15:00:00+05:30,4558.925,4569.165,4558.435,4567.62,10729
2026-05-25T15:30:00+05:30,4567.62,4573.825,4567.62,4571.13,6204
2026-05-25T16:00:00+05:30,4571.135,4573.38,4568.47,4568.6,4909
2026-05-25T16:30:00+05:30,4568.63,4575.315,4567.705,4571.805,7609
2026-05-25T17:00:00+05:30,4571.735,4577.115,4569.28,4569.46,7835
2026-05-25T17:30:00+05:30,4569.455,4569.455,4553.12,4560.725,16335
2026-05-25T18:00:00+05:30,4560.73,4570.41,4559.98,4567.795,10430
2026-05-25T18:30:00+05:30,4567.74,4571.605,4560.605,4562.07,11000
2026-05-25T19:00:00+05:30,4562.0,4565.75,4560.17,4563.125,5579
2026-05-25T19:30:00+05:30,4563.14,4570.655,4562.46,4568.035,8194
2026-05-25T20:00:00+05:30,4568.05,4569.16,4565.2,4566.985,3960
2026-05-25T20:30:00+05:30,4566.97,4574.875,4565.665,4573.495,9210
2026-05-25T21:00:00+05:30,4573.525,4573.585,4566.93,4571.06,6654
2026-05-25T21:30:00+05:30,4571.07,4571.285,4568.195,4568.235,3090
2026-05-25T22:00:00+05:30,4568.255,4574.685,4568.005,4573.63,6680
2026-05-25T22:30:00+05:30,4573.485,4578.065,4570.34,4571.34,7724
2026-05-25T23:00:00+05:30,4571.335,4571.43,4563.365,4565.11,8065
2026-05-25T23:30:00+05:30,4565.175,4572.05,4564.325,4570.315,7725
2026-05-26T03:30:00+05:30,4571.33,4575.75,4570.805,4573.32,4944
2026-05-26T04:00:00+05:30,4573.33,4576.635,4569.68,4574.935,6954
2026-05-26T04:30:00+05:30,4574.95,4580.245,4567.16,4568.41,13085
2026-05-26T05:00:00+05:30,4568.39,4568.665,4555.415,4559.77,13250
2026-05-26T05:30:00+05:30,4559.865,4560.36,4541.245,4549.44,19114
2026-05-26T06:00:00+05:30,4549.44,4553.025,4539.595,4549.9,13429
2026-05-26T06:30:00+05:30,4549.905,4550.685,4541.815,4544.02,8870
2026-05-26T07:00:00+05:30,4544.02,4544.555,4527.865,4537.3,16690
2026-05-26T07:30:00+05:30,4537.285,4539.75,4535.555,4536.96,4194
2026-05-26T08:00:00+05:30,4536.99,4538.745,4530.165,4532.445,8579
2026-05-26T08:30:00+05:30,4532.45,4543.855,4532.22,4542.3,11634
2026-05-26T09:00:00+05:30,4542.37,4545.6,4540.74,4542.4,4860
2026-05-26T09:30:00+05:30,4542.44,4543.255,4532.66,4532.68,10595
2026-05-26T10:00:00+05:30,4532.67,4533.37,4523.59,4525.65,9779
2026-05-26T10:30:00+05:30,4525.635,4531.635,4523.005,4531.4,8630
2026-05-26T11:00:00+05:30,4531.305,4535.24,4523.615,4527.37,11625
2026-05-26T11:30:00+05:30,4527.32,4536.28,4527.26,4530.38,9019
2026-05-26T12:00:00+05:30,4530.35,4534.235,4528.475,4531.135,5759
2026-05-26T12:30:00+05:30,4531.225,4533.995,4522.175,4529.78,11819
2026-05-26T13:00:00+05:30,4529.805,4539.2,4521.68,4538.365,17519
2026-05-26T13:30:00+05:30,4538.33,4539.145,4520.58,4522.365,18565
2026-05-26T14:00:00+05:30,4522.375,4527.575,4520.11,4523.88,7465
2026-05-26T14:30:00+05:30,4523.89,4526.665,4518.275,4524.985,8390
2026-05-26T15:00:00+05:30,4524.975,4525.45,4512.07,4522.775,13380
2026-05-26T15:30:00+05:30,4522.81,4535.43,4519.52,4533.415,15909
2026-05-26T16:00:00+05:30,4533.42,4540.69,4531.445,4534.46,9244
2026-05-26T16:30:00+05:30,4534.46,4536.405,4522.9,4523.73,13505
2026-05-26T17:00:00+05:30,4523.725,4523.925,4503.615,4507.46,20310
2026-05-26T17:30:00+05:30,4507.465,4516.165,4503.715,4506.265,12449
2026-05-26T18:00:00+05:30,4506.28,4523.875,4500.785,4520.59,23090
2026-05-26T18:30:00+05:30,4520.565,4527.615,4516.225,4522.515,11389
2026-05-26T19:00:00+05:30,4522.48,4531.475,4512.3,4514.15,19175
2026-05-26T19:30:00+05:30,4514.37,4520.485,4507.91,4517.835,12574
2026-05-26T20:00:00+05:30,4517.665,4525.11,4512.935,4515.425,12174
2026-05-26T20:30:00+05:30,4515.495,4515.755,4504.865,4506.195,10890
2026-05-26T21:00:00+05:30,4506.205,4510.965,4502.41,4506.64,8555
2026-05-26T21:30:00+05:30,4506.725,4508.89,4499.845,4508.19,9045
2026-05-26T22:00:00+05:30,4508.195,4511.34,4503.195,4505.155,8145
2026-05-26T22:30:00+05:30,4505.155,4507.765,4500.595,4501.53,7170
2026-05-26T23:00:00+05:30,4501.48,4501.825,4490.025,4491.19,11800
2026-05-26T23:30:00+05:30,4491.135,4496.34,4482.62,4495.355,13720
2026-05-27T00:00:00+05:30,4495.35,4499.66,4494.28,4499.425,5380
2026-05-27T00:30:00+05:30,4499.43,4504.7,4497.805,4502.155,6894
2026-05-27T01:00:00+05:30,4502.13,4510.055,4500.925,4509.05,9130
2026-05-27T01:30:00+05:30,4509.04,4511.22,4506.215,4506.655,5005
2026-05-27T02:00:00+05:30,4506.635,4510.28,4504.2,4507.57,6079
2026-05-27T03:30:00+05:30,4506.725,4510.14,4500.88,4504.305,9260
2026-05-27T04:00:00+05:30,4504.31,4512.66,4498.125,4511.13,14534
2026-05-27T04:30:00+05:30,4511.155,4513.855,4504.485,4512.35,9369
2026-05-27T05:00:00+05:30,4512.33,4528.05,4511.205,4519.68,16845
2026-05-27T05:30:00+05:30,4519.54,4526.035,4514.315,4517.915,11720
2026-05-27T06:00:00+05:30,4518.36,4522.24,4514.66,4515.06,7579
2026-05-27T06:30:00+05:30,4515.055,4521.19,4512.635,4516.27,8554
2026-05-27T07:00:00+05:30,4516.22,4517.265,4507.005,4508.165,10260
2026-05-27T07:30:00+05:30,4508.16,4509.745,4499.245,4505.63,10500
2026-05-27T08:00:00+05:30,4505.68,4507.29,4498.075,4505.96,9215
2026-05-27T08:30:00+05:30,4505.94,4512.095,4505.14,4507.24,6954
2026-05-27T09:00:00+05:30,4507.25,4507.39,4496.91,4497.325,10480
2026-05-27T09:30:00+05:30,4497.32,4503.555,4496.065,4499.535,7490
2026-05-27T10:00:00+05:30,4499.425,4517.375,4497.905,4510.28,19470
2026-05-27T10:30:00+05:30,4510.31,4513.94,4504.13,4507.4,9809
2026-05-27T11:00:00+05:30,4507.355,4508.875,4491.89,4497.685,16984
2026-05-27T11:30:00+05:30,4497.68,4499.31,4483.765,4486.295,15545
2026-05-27T12:00:00+05:30,4486.305,4490.36,4479.87,4485.17,10489
2026-05-27T12:30:00+05:30,4485.18,4489.43,4480.195,4486.335,9235
2026-05-27T13:00:00+05:30,4486.385,4488.77,4475.985,4482.265,12785
2026-05-27T13:30:00+05:30,4482.27,4492.98,4481.385,4489.23,11594
2026-05-27T14:00:00+05:30,4489.34,4498.845,4486.13,4497.93,12715
2026-05-27T14:30:00+05:30,4497.92,4497.92,4488.94,4490.345,8980
2026-05-27T15:00:00+05:30,4490.35,4493.195,4487.14,4490.165,6054
2026-05-27T15:30:00+05:30,4490.16,4490.705,4476.46,4476.915,14244
2026-05-27T16:00:00+05:30,4476.91,4477.34,4442.765,4445.99,34574
2026-05-27T16:30:00+05:30,4446.075,4453.41,4439.755,4441.065,13654
2026-05-27T17:00:00+05:30,4441.055,4444.79,4425.145,4428.795,19644
2026-05-27T17:30:00+05:30,4428.79,4466.7,4427.66,4454.705,39039
2026-05-27T18:00:00+05:30,4454.65,4460.33,4437.895,4439.01,22434
2026-05-27T18:30:00+05:30,4438.975,4439.215,4401.63,4405.045,37585
2026-05-27T19:00:00+05:30,4404.86,4434.095,4404.255,4427.425,29840
2026-05-27T19:30:00+05:30,4427.455,4455.655,4426.08,4445.54,29574
2026-05-27T20:00:00+05:30,4445.22,4449.375,4433.44,4434.105,15935
2026-05-27T20:30:00+05:30,4434.07,4438.71,4428.21,4436.03,10500
2026-05-27T21:00:00+05:30,4436.015,4441.64,4431.135,4436.55,10505
2026-05-27T21:30:00+05:30,4436.555,4447.675,4434.23,4446.955,13445
2026-05-27T22:00:00+05:30,4446.945,4453.36,4445.24,4450.8,8119
2026-05-27T22:30:00+05:30,4450.82,4451.865,4441.415,4450.005,10449
2026-05-27T23:00:00+05:30,4450.16,4454.39,4450.155,4450.495,4235
2026-05-27T23:30:00+05:30,4450.28,4458.445,4447.795,4455.56,10649
2026-05-28T00:00:00+05:30,4455.555,4456.515,4451.435,4454.435,5079
2026-05-28T00:30:00+05:30,4454.445,4454.81,4449.775,4451.135,5035
2026-05-28T01:00:00+05:30,4451.14,4454.855,4448.905,4451.01,5949
2026-05-28T01:30:00+05:30,4450.925,4458.975,4450.13,4455.04,8845
2026-05-28T02:00:00+05:30,4455.025,4456.635,4451.72,4456.12,4914
2026-05-28T03:30:00+05:30,4456.89,4462.54,4455.895,4460.025,6644
2026-05-28T04:00:00+05:30,4460.035,4462.58,4455.31,4457.55,7269
2026-05-28T04:30:00+05:30,4457.545,4457.815,4449.35,4450.73,8464
2026-05-28T05:00:00+05:30,4450.72,4454.205,4443.905,4447.11,10300
2026-05-28T05:30:00+05:30,4447.125,4454.24,4444.02,4446.385,10219
2026-05-28T06:00:00+05:30,4446.355,4458.245,4443.7,4457.15,14545
2026-05-28T06:30:00+05:30,4457.56,4459.0,4417.255,4419.3,41744
2026-05-28T07:00:00+05:30,4419.295,4426.595,4406.875,4410.105,19720
2026-05-28T07:30:00+05:30,4410.29,4412.91,4396.44,4406.265,16470
2026-05-28T08:00:00+05:30,4406.25,4410.505,4392.63,4394.37,17875
2026-05-28T08:30:00+05:30,4394.27,4397.925,4382.15,4387.58,15775
2026-05-28T09:00:00+05:30,4387.56,4387.905,4368.605,4374.89,19300
2026-05-28T09:30:00+05:30,4374.86,4382.4,4366.23,4368.585,16170
2026-05-28T10:00:00+05:30,4368.575,4375.525,4368.42,4373.1,7104
2026-05-28T10:30:00+05:30,4373.13,4380.06,4367.215,4378.905,12845
2026-05-28T11:00:00+05:30,4378.92,4395.97,4375.205,4388.115,20765
2026-05-28T11:30:00+05:30,4388.1,4390.67,4374.31,4380.415,16359
2026-05-28T12:00:00+05:30,4380.4,4385.675,4376.965,4383.795,8710
2026-05-28T12:30:00+05:30,4383.815,4396.31,4383.815,4392.745,12495
2026-05-28T13:00:00+05:30,4392.74,4393.91,4382.9,4387.745,11010
2026-05-28T13:30:00+05:30,4387.725,4395.145,4386.49,4389.86,8655
2026-05-28T14:00:00+05:30,4389.91,4395.07,4385.99,4387.055,9079
2026-05-28T14:30:00+05:30,4387.01,4399.195,4386.545,4396.425,12649
2026-05-28T15:00:00+05:30,4396.395,4396.98,4389.8,4393.605,7179
2026-05-28T15:30:00+05:30,4393.645,4404.33,4391.53,4401.21,12800
2026-05-28T16:00:00+05:30,4401.205,4402.53,4375.255,4383.17,27274
2026-05-28T16:30:00+05:30,4383.12,4390.725,4381.68,4384.945,9045
2026-05-28T17:00:00+05:30,4384.97,4390.42,4381.01,4387.925,9409
2026-05-28T17:30:00+05:30,4387.945,4393.16,4379.745,4385.97,13414
2026-05-28T18:00:00+05:30,4385.98,4433.88,4384.27,4432.24,49609
2026-05-28T18:30:00+05:30,4432.245,4439.185,4425.1,4428.5,14085
2026-05-28T19:00:00+05:30,4428.57,4434.34,4418.255,4430.46,16085
2026-05-28T19:30:00+05:30,4430.285,4473.425,4420.87,4460.91,52555
2026-05-28T20:00:00+05:30,4460.92,4480.53,4452.885,4469.97,27644
2026-05-28T20:30:00+05:30,4469.945,4482.165,4468.825,4476.87,13340
2026-05-28T21:00:00+05:30,4476.885,4484.995,4476.88,4482.505,8114
2026-05-28T21:30:00+05:30,4482.51,4503.03,4477.685,4500.57,25344
2026-05-28T22:00:00+05:30,4500.58,4511.075,4497.735,4511.015,13340
2026-05-28T22:30:00+05:30,4511.035,4514.63,4501.305,4502.165,13324
2026-05-28T23:00:00+05:30,4502.455,4510.045,4502.455,4509.065,7590
2026-05-28T23:30:00+05:30,4509.06,4516.63,4505.385,4506.31,11244
2026-05-29T00:00:00+05:30,4506.33,4506.455,4498.645,4501.385,7809
2026-05-29T00:30:00+05:30,4501.365,4503.79,4498.72,4499.835,5069
2026-05-29T01:00:00+05:30,4499.865,4501.825,4497.305,4497.995,4519
2026-05-29T01:30:00+05:30,4497.965,4500.715,4495.065,4499.285,5650
2026-05-29T02:00:00+05:30,4499.275,4500.71,4494.775,4495.825,5935
2026-05-29T03:30:00+05:30,4497.085,4498.15,4491.7,4495.965,6449
2026-05-29T04:00:00+05:30,4495.96,4496.575,4491.135,4491.22,5439
2026-05-29T04:30:00+05:30,4491.26,4497.24,4491.26,4492.56,5979
2026-05-29T05:00:00+05:30,4492.47,4496.38,4488.975,4495.08,7404
2026-05-29T05:30:00+05:30,4495.195,4500.695,4492.085,4500.105,8609
2026-05-29T06:00:00+05:30,4500.09,4500.75,4493.445,4496.22,7305
2026-05-29T06:30:00+05:30,4496.37,4520.815,4492.42,4505.375,28394
2026-05-29T07:00:00+05:30,4505.355,4508.585,4501.295,4506.52,7289
2026-05-29T07:30:00+05:30,4506.55,4511.31,4502.06,4503.345,9250
2026-05-29T08:00:00+05:30,4503.365,4508.225,4498.6,4501.785,9625
2026-05-29T08:30:00+05:30,4501.69,4502.145,4495.055,4496.95,7090
2026-05-29T09:00:00+05:30,4497.01,4501.575,4494.935,4501.38,6639
2026-05-29T09:30:00+05:30,4501.365,4511.665,4501.18,4509.135,10484
2026-05-29T10:00:00+05:30,4509.145,4515.19,4508.125,4514.105,7064
2026-05-29T10:30:00+05:30,4514.1,4515.39,4508.885,4510.0,6505
2026-05-29T11:00:00+05:30,4509.92,4515.73,4502.635,4515.165,13094
2026-05-29T11:30:00+05:30,4515.17,4522.47,4510.03,4516.645,12440
2026-05-29T12:00:00+05:30,4516.685,4524.09,4511.53,4523.605,12560
2026-05-29T12:30:00+05:30,4523.59,4524.14,4510.695,4514.18,13445
2026-05-29T13:00:00+05:30,4513.98,4526.2,4512.86,4524.82,13340
2026-05-29T13:30:00+05:30,4524.8,4524.855,4512.575,4516.975,12279
2026-05-29T14:00:00+05:30,4516.99,4518.0,4509.955,4514.95,8045
2026-05-29T14:30:00+05:30,4514.965,4532.505,4513.255,4529.14,19250
2026-05-29T15:00:00+05:30,4529.1,4539.75,4524.93,4531.315,14819
2026-05-29T15:30:00+05:30,4531.26,4531.26,4525.58,4530.57,5680
2026-05-29T16:00:00+05:30,4530.62,4543.31,4530.505,4538.825,12805
2026-05-29T16:30:00+05:30,4538.785,4540.665,4526.96,4528.015,13704
2026-05-29T17:00:00+05:30,4528.035,4538.99,4525.935,4538.58,13054
2026-05-29T17:30:00+05:30,4538.6,4538.765,4520.115,4522.275,18650
2026-05-29T18:00:00+05:30,4522.295,4524.15,4512.73,4523.215,11420
2026-05-29T18:30:00+05:30,4523.18,4529.19,4517.04,4528.25,12149
2026-05-29T19:00:00+05:30,4528.235,4540.785,4522.54,4536.725,18244
2026-05-29T19:30:00+05:30,4536.73,4552.655,4526.16,4529.915,26494
2026-05-29T20:00:00+05:30,4529.9,4570.61,4525.38,4564.135,45229
2026-05-29T20:30:00+05:30,4564.13,4595.33,4564.13,4578.68,31199
2026-05-29T21:00:00+05:30,4578.695,4583.285,4557.56,4571.25,25724
2026-05-29T21:30:00+05:30,4571.3,4572.29,4560.07,4563.195,12220
2026-05-29T22:00:00+05:30,4563.19,4573.68,4561.12,4567.03,12560
2026-05-29T22:30:00+05:30,4567.05,4568.57,4560.535,4561.98,8034
2026-05-29T23:00:00+05:30,4562.09,4562.405,4551.715,4553.51,10689
2026-05-29T23:30:00+05:30,4553.545,4560.51,4552.53,4559.435,7980
2026-05-30T00:00:00+05:30,4559.455,4561.75,4551.015,4553.245,10734
2026-05-30T00:30:00+05:30,4553.24,4560.29,4552.38,4555.275,7909
2026-05-30T01:00:00+05:30,4555.26,4556.475,4542.9,4545.685,13575
2026-05-30T01:30:00+05:30,4545.515,4549.24,4542.415,4542.97,6824
2026-05-30T02:00:00+05:30,4542.85,4544.335,4540.06,4540.53,4274
2026-06-01T03:30:00+05:30,4520.795,4536.73,4520.025,4533.4,16704
2026-06-01T04:00:00+05:30,4533.035,4540.485,4531.1,4535.37,9384
2026-06-01T04:30:00+05:30,4535.405,4545.115,4535.23,4545.05,9885
2026-06-01T05:00:00+05:30,4545.06,4545.845,4538.655,4539.665,7190
2026-06-01T05:30:00+05:30,4539.68,4546.27,4537.41,4543.25,8860
2026-06-01T06:00:00+05:30,4543.43,4545.24,4535.39,4540.765,9849
2026-06-01T06:30:00+05:30,4540.83,4541.45,4526.325,4528.87,15125
2026-06-01T07:00:00+05:30,4528.86,4533.93,4523.715,4525.47,10215
2026-06-01T07:30:00+05:30,4525.46,4534.825,4524.48,4530.455,10345
2026-06-01T08:00:00+05:30,4530.42,4531.24,4521.325,4521.595,9914
2026-06-01T08:30:00+05:30,4521.605,4525.64,4513.96,4520.705,11680
2026-06-01T09:00:00+05:30,4520.67,4524.24,4509.965,4516.555,14274
2026-06-01T09:30:00+05:30,4516.615,4519.74,4512.63,4515.945,7109
2026-06-01T10:00:00+05:30,4515.95,4517.34,4508.64,4514.64,8699
2026-06-01T10:30:00+05:30,4514.66,4523.745,4513.825,4520.66,9920
2026-06-01T11:00:00+05:30,4520.67,4525.27,4512.79,4518.32,12480
2026-06-01T11:30:00+05:30,4518.285,4518.855,4504.98,4514.65,13875
2026-06-01T12:00:00+05:30,4514.645,4514.99,4500.32,4501.61,14670
2026-06-01T12:30:00+05:30,4501.57,4510.09,4500.765,4503.95,9324
2026-06-01T13:00:00+05:30,4503.995,4507.845,4492.59,4503.345,15255
2026-06-01T13:30:00+05:30,4503.325,4504.69,4490.45,4496.135,14239
2026-06-01T14:00:00+05:30,4496.11,4502.68,4492.79,4498.275,9890
2026-06-01T14:30:00+05:30,4498.27,4506.455,4496.455,4496.455,10000
2026-06-01T15:00:00+05:30,4496.465,4499.505,4489.095,4495.945,10409
2026-06-01T15:30:00+05:30,4495.95,4503.675,4495.95,4501.1,7725
2026-06-01T16:00:00+05:30,4501.15,4511.15,4500.75,4504.125,10399
2026-06-01T16:30:00+05:30,4504.11,4513.08,4499.94,4510.7,13140
2026-06-01T17:00:00+05:30,4510.675,4512.425,4505.455,4505.895,6970
2026-06-01T17:30:00+05:30,4505.915,4509.715,4497.62,4505.675,12095
2026-06-01T18:00:00+05:30,4505.695,4510.55,4497.885,4502.215,12664
2026-06-01T18:30:00+05:30,4502.265,4503.985,4462.51,4464.87,41474
2026-06-01T19:00:00+05:30,4464.855,4478.78,4448.35,4450.745,30429
2026-06-01T19:30:00+05:30,4449.595,4464.845,4447.86,4456.275,16985
2026-06-01T20:00:00+05:30,4456.19,4461.7,4452.4,4458.81,9300
2026-06-01T20:30:00+05:30,4458.83,4470.41,4455.595,4468.42,14814
2026-06-01T21:00:00+05:30,4468.33,4479.885,4468.13,4474.29,11755
2026-06-01T21:30:00+05:30,4474.16,4478.51,4463.07,4467.995,15440
2026-06-01T22:00:00+05:30,4468.03,4482.27,4467.57,4480.17,14700
2026-06-01T22:30:00+05:30,4480.23,4482.905,4471.58,4482.87,11324
2026-06-01T23:00:00+05:30,4482.905,4495.54,4480.55,4487.46,14989
2026-06-01T23:30:00+05:30,4487.455,4490.24,4486.395,4486.725,3844
2026-06-02T00:00:00+05:30,4486.86,4488.64,4484.915,4486.73,3725
2026-06-02T00:30:00+05:30,4486.605,4488.245,4484.325,4484.695,3920
2026-06-02T01:00:00+05:30,4484.69,4485.68,4479.16,4481.265,6520
2026-06-02T01:30:00+05:30,4481.29,4484.415,4480.26,4483.25,4154
2026-06-02T02:00:00+05:30,4483.285,4485.89,4481.335,4484.725,4555
2026-06-02T03:30:00+05:30,4483.385,4485.24,4481.4,4481.485,3840
2026-06-02T04:00:00+05:30,4481.48,4486.67,4479.755,4485.765,6914
2026-06-02T04:30:00+05:30,4485.755,4488.345,4481.74,4487.205,6605
2026-06-02T05:00:00+05:30,4487.24,4487.5,4479.21,4484.475,8289
2026-06-02T05:30:00+05:30,4484.545,4493.92,4476.91,4493.835,17010
2026-06-02T06:00:00+05:30,4493.79,4497.135,4480.83,4481.545,16305
2026-06-02T06:30:00+05:30,4481.45,4492.49,4473.8,4486.595,18689
2026-06-02T07:00:00+05:30,4486.585,4489.395,4463.01,4474.03,26385
2026-06-02T07:30:00+05:30,4474.0,4484.875,4472.265,4481.785,12609
2026-06-02T08:00:00+05:30,4481.77,4486.78,4473.535,4486.065,13244
2026-06-02T08:30:00+05:30,4486.05,4497.76,4485.785,4495.27,11975
2026-06-02T09:00:00+05:30,4495.265,4499.445,4493.0,4499.425,6444
2026-06-02T09:30:00+05:30,4499.43,4510.145,4497.915,4504.67,12230
2026-06-02T10:00:00+05:30,4504.62,4518.4,4503.52,4517.45,14879
2026-06-02T10:30:00+05:30,4517.44,4521.915,4515.1,4519.89,6814
2026-06-02T11:00:00+05:30,4519.955,4528.26,4516.3,4517.195,11960
2026-06-02T11:30:00+05:30,4517.145,4534.035,4517.07,4533.12,16965
2026-06-02T12:00:00+05:30,4533.13,4538.455,4531.87,4535.945,6585
2026-06-02T12:30:00+05:30,4535.765,4541.63,4533.24,4534.11,8390
2026-06-02T13:00:00+05:30,4534.175,4535.505,4528.085,4535.14,7420
2026-06-02T13:30:00+05:30,4535.16,4539.255,4529.835,4531.215,9420
2026-06-02T14:00:00+05:30,4531.115,4533.535,4526.095,4526.845,7439
2026-06-02T14:30:00+05:30,4526.855,4535.76,4525.34,4526.82,10420
2026-06-02T15:00:00+05:30,4526.985,4531.56,4521.715,4529.95,9845
2026-06-02T15:30:00+05:30,4529.97,4531.955,4524.7,4528.465,7255
2026-06-02T16:00:00+05:30,4528.485,4534.085,4525.49,4533.28,8595
2026-06-02T16:30:00+05:30,4533.29,4534.845,4526.555,4530.16,8289
2026-06-02T17:00:00+05:30,4530.155,4530.785,4525.72,4527.635,5064
2026-06-02T17:30:00+05:30,4527.66,4534.19,4524.065,4529.515,10125
2026-06-02T18:00:00+05:30,4529.5,4533.84,4513.555,4514.79,20284
2026-06-02T18:30:00+05:30,4514.84,4524.91,4510.08,4510.87,14829
2026-06-02T19:00:00+05:30,4510.885,4514.54,4503.015,4503.08,11524
2026-06-02T19:30:00+05:30,4503.055,4507.065,4490.435,4495.745,16629
2026-06-02T20:00:00+05:30,4495.78,4506.47,4495.69,4504.27,10780
2026-06-02T20:30:00+05:30,4504.29,4508.14,4501.35,4505.425,6789
2026-06-02T21:00:00+05:30,4505.475,4508.64,4500.16,4502.18,8480
2026-06-02T21:30:00+05:30,4502.245,4502.85,4490.29,4490.335,12560
2026-06-02T22:00:00+05:30,4490.33,4492.045,4486.355,4491.965,5690
2026-06-02T22:30:00+05:30,4491.95,4493.22,4486.595,4491.23,6625
2026-06-02T23:00:00+05:30,4491.09,4491.765,4482.14,4484.615,9625
2026-06-02T23:30:00+05:30,4484.63,4491.075,4484.075,4488.575,7000
2026-06-03T00:00:00+05:30,4488.56,4490.645,4478.785,4487.365,11860
2026-06-03T00:30:00+05:30,4487.385,4489.685,4485.78,4489.64,3905
2026-06-03T01:00:00+05:30,4489.645,4490.375,4483.495,4488.205,6880
2026-06-03T01:30:00+05:30,4488.185,4491.14,4486.315,4489.75,4825
2026-06-03T02:00:00+05:30,4489.885,4491.075,4486.805,4487.955,4269
2026-06-03T03:30:00+05:30,4490.115,4493.32,4487.8,4490.205,5519
2026-06-03T04:00:00+05:30,4490.105,4492.355,4484.15,4484.94,8204
2026-06-03T04:30:00+05:30,4485.015,4488.91,4462.29,4467.635,26619
2026-06-03T05:00:00+05:30,4467.675,4475.51,4462.665,4474.465,12845
2026-06-03T05:30:00+05:30,4474.375,4483.505,4474.11,4483.305,9395
2026-06-03T06:00:00+05:30,4483.31,4496.885,4481.38,4486.19,15505
2026-06-03T06:30:00+05:30,4486.01,4487.81,4463.64,4467.305,24170
2026-06-03T07:00:00+05:30,4467.365,4477.245,4464.97,4475.86,12274
2026-06-03T07:30:00+05:30,4475.955,4481.615,4472.9,4478.93,8715
2026-06-03T08:00:00+05:30,4478.91,4485.335,4473.075,4481.895,12260
2026-06-03T08:30:00+05:30,4481.91,4487.655,4481.86,4483.525,5795
2026-06-03T09:00:00+05:30,4483.615,4486.385,4482.605,4484.475,3780
2026-06-03T09:30:00+05:30,4484.62,4488.44,4477.155,4477.155,11284
2026-06-03T10:00:00+05:30,4477.12,4477.385,4468.385,4469.485,9000
2026-06-03T10:30:00+05:30,4469.455,4474.455,4466.265,4468.655,8189
2026-06-03T11:00:00+05:30,4468.68,4469.095,4456.71,4457.165,12385
2026-06-03T11:30:00+05:30,4457.215,4471.06,4456.92,4462.785,14140
2026-06-03T12:00:00+05:30,4462.765,4465.26,4455.39,4463.2,9869
2026-06-03T12:30:00+05:30,4463.245,4472.375,4456.27,4456.27,16104
2026-06-03T13:00:00+05:30,4456.285,4464.11,4453.025,4453.46,11085
2026-06-03T13:30:00+05:30,4453.55,4459.495,4450.73,4457.505,8765
2026-06-03T14:00:00+05:30,4457.47,4459.05,4440.365,4444.11,18685
2026-06-03T14:30:00+05:30,4444.065,4459.135,4439.52,4440.115,19614
2026-06-03T15:00:00+05:30,4440.12,4448.57,4439.09,4443.315,9479
2026-06-03T15:30:00+05:30,4443.28,4467.185,4441.115,4460.145,26070
2026-06-03T16:00:00+05:30,4460.155,4463.105,4453.365,4459.045,9739
2026-06-03T16:30:00+05:30,4459.035,4468.19,4459.035,4464.72,9154
2026-06-03T17:00:00+05:30,4464.725,4467.28,4458.645,4462.56,8634
2026-06-03T17:30:00+05:30,4462.555,4464.725,4452.09,4452.93,12635
2026-06-03T18:00:00+05:30,4453.045,4467.255,4448.375,4460.365,18880
2026-06-03T18:30:00+05:30,4460.34,4466.205,4445.875,4448.705,20329
2026-06-03T19:00:00+05:30,4448.77,4453.325,4426.42,4446.875,26904
2026-06-03T19:30:00+05:30,4446.84,4458.78,4442.48,4452.115,16300
2026-06-03T20:00:00+05:30,4452.135,4459.745,4447.265,4457.24,12479
2026-06-03T20:30:00+05:30,4457.3,4458.515,4439.52,4445.185,18994
2026-06-03T21:00:00+05:30,4445.085,4445.675,4436.755,4442.405,8920
2026-06-03T21:30:00+05:30,4442.27,4444.05,4433.925,4437.73,10125
2026-06-03T22:00:00+05:30,4437.65,4442.86,4435.565,4442.0,7295
2026-06-03T22:30:00+05:30,4442.035,4448.445,4437.91,4439.115,10534
2026-06-03T23:00:00+05:30,4438.895,4442.39,4435.73,4439.2,6660
2026-06-03T23:30:00+05:30,4439.19,4440.715,4435.535,4440.135,5180
2026-06-04T00:00:00+05:30,4440.095,4443.075,4437.105,4442.235,5970
2026-06-04T00:30:00+05:30,4442.23,4452.325,4441.605,4448.125,10720
2026-06-04T01:00:00+05:30,4448.19,4449.74,4443.14,4444.03,6599
2026-06-04T01:30:00+05:30,4444.04,4445.485,4437.49,4439.11,7994
2026-06-04T02:00:00+05:30,4439.095,4439.69,4430.635,4434.715,9054
2026-06-04T03:30:00+05:30,4431.91,4436.36,4423.965,4434.3,12394
2026-06-04T04:00:00+05:30,4434.34,4453.23,4434.29,4449.285,18939
2026-06-04T04:30:00+05:30,4449.23,4451.62,4445.64,4450.89,5979
2026-06-04T05:00:00+05:30,4450.95,4464.87,4446.35,4457.54,18519
2026-06-04T05:30:00+05:30,4457.615,4465.46,4447.61,4450.76,17850
2026-06-04T06:00:00+05:30,4450.765,4453.06,4444.245,4448.57,8815
2026-06-04T06:30:00+05:30,4448.38,4473.95,4443.18,4465.905,30769
2026-06-04T07:00:00+05:30,4465.91,4470.4,4456.96,4465.91,13439
2026-06-04T07:30:00+05:30,4465.81,4467.36,4455.63,4460.595,11729
2026-06-04T08:00:00+05:30,4460.61,4476.71,4457.985,4475.23,18725
2026-06-04T08:30:00+05:30,4475.04,4477.37,4465.925,4469.52,11444
2026-06-04T09:00:00+05:30,4469.48,4470.985,4458.52,4463.865,12464
2026-06-04T09:30:00+05:30,4463.86,4476.385,4462.47,4474.77,13914
2026-06-04T10:00:00+05:30,4474.76,4484.055,4474.68,4481.135,9375
2026-06-04T10:30:00+05:30,4481.2,4482.44,4471.015,4473.51,11424
2026-06-04T11:00:00+05:30,4473.54,4475.895,4466.98,4469.34,8915
2026-06-04T11:30:00+05:30,4469.335,4477.255,4467.03,4472.34,10225
2026-06-04T12:00:00+05:30,4472.225,4476.97,4463.075,4467.865,13895
2026-06-04T12:30:00+05:30,4467.955,4470.89,4461.84,4465.365,9050
2026-06-04T13:00:00+05:30,4465.32,4468.06,4459.66,4461.795,8400
2026-06-04T13:30:00+05:30,4461.665,4468.02,4458.665,4463.68,9355
2026-06-04T14:00:00+05:30,4463.685,4469.595,4459.83,4463.57,9765
2026-06-04T14:30:00+05:30,4463.595,4469.495,4461.035,4464.67,8460
2026-06-04T15:00:00+05:30,4464.695,4475.725,4461.775,4470.595,13950
2026-06-04T15:30:00+05:30,4470.55,4472.16,4464.35,4467.79,7809
2026-06-04T16:00:00+05:30,4467.725,4474.025,4466.605,4473.88,7420
2026-06-04T16:30:00+05:30,4473.86,4491.62,4468.785,4489.695,22835
2026-06-04T17:00:00+05:30,4489.72,4514.76,4482.365,4511.62,32395
2026-06-04T17:30:00+05:30,4511.555,4513.875,4491.185,4498.71,22689
2026-06-04T18:00:00+05:30,4498.73,4511.085,4497.14,4504.185,13944
2026-06-04T18:30:00+05:30,4504.17,4510.305,4500.31,4504.92,9994
2026-06-04T19:00:00+05:30,4504.965,4515.515,4495.515,4495.865,20000
2026-06-04T19:30:00+05:30,4495.87,4500.035,4484.105,4486.26,15930
2026-06-04T20:00:00+05:30,4486.52,4486.88,4457.36,4466.11,29520
2026-06-04T20:30:00+05:30,4466.115,4474.56,4463.78,4470.965,10780
2026-06-04T21:00:00+05:30,4470.98,4479.115,4469.83,4477.45,9284
2026-06-04T21:30:00+05:30,4477.435,4485.17,4475.37,4483.56,9800
2026-06-04T22:00:00+05:30,4483.565,4484.14,4479.775,4482.855,4365
2026-06-04T22:30:00+05:30,4482.835,4482.835,4474.09,4476.86,8744
2026-06-04T23:00:00+05:30,4476.845,4481.63,4476.37,4478.16,5260
2026-06-04T23:30:00+05:30,4478.19,4481.22,4476.465,4478.31,4755
2026-06-05T00:00:00+05:30,4478.33,4479.53,4472.775,4478.28,6755
2026-06-05T00:30:00+05:30,4478.275,4483.555,4476.2,4480.14,7355
2026-06-05T01:00:00+05:30,4480.15,4482.43,4476.925,4480.77,5505
2026-06-05T01:30:00+05:30,4480.78,4481.655,4476.695,4477.81,4960
2026-06-05T02:00:00+05:30,4477.78,4477.78,4474.455,4475.29,3324
2026-06-05T03:30:00+05:30,4474.185,4481.045,4473.895,4479.11,7149
2026-06-05T04:00:00+05:30,4479.16,4481.625,4469.0,4469.87,12625
2026-06-05T04:30:00+05:30,4469.805,4474.155,4464.2,4469.255,9954
2026-06-05T05:00:00+05:30,4469.26,4469.645,4460.67,4461.915,8975
2026-06-05T05:30:00+05:30,4461.93,4465.045,4450.79,4457.64,14255
2026-06-05T06:00:00+05:30,4457.75,4467.02,4456.25,4459.55,10770
2026-06-05T06:30:00+05:30,4459.565,4470.045,4449.435,4458.815,20609
2026-06-05T07:00:00+05:30,4458.795,4459.79,4444.265,4447.02,15524
2026-06-05T07:30:00+05:30,4447.07,4455.14,4442.435,4451.335,12704
2026-06-05T08:00:00+05:30,4451.3,4451.99,4438.69,4440.575,13300
2026-06-05T08:30:00+05:30,4440.56,4444.135,4435.305,4436.855,8829
2026-06-05T09:00:00+05:30,4436.975,4443.605,4436.45,4442.615,7154
2026-06-05T09:30:00+05:30,4442.66,4445.01,4438.38,4439.725,6630
2026-06-05T10:00:00+05:30,4439.75,4446.84,4437.69,4445.065,9150
2026-06-05T10:30:00+05:30,4445.085,4450.26,4442.265,4444.845,7994
2026-06-05T11:00:00+05:30,4444.835,4448.395,4438.795,4440.085,9600
2026-06-05T11:30:00+05:30,4440.06,4446.575,4428.72,4442.505,17854
2026-06-05T12:00:00+05:30,4442.605,4456.175,4442.41,4452.95,13765
2026-06-05T12:30:00+05:30,4452.945,4467.34,4451.99,4467.165,15350
2026-06-05T13:00:00+05:30,4467.17,4467.22,4459.465,4460.955,7755
2026-06-05T13:30:00+05:30,4460.86,4467.13,4458.725,4467.115,8404
2026-06-05T14:00:00+05:30,4467.13,4468.355,4461.03,4462.795,7324
2026-06-05T14:30:00+05:30,4462.715,4469.465,4458.895,4463.15,10569
2026-06-05T15:00:00+05:30,4463.16,4469.315,4459.305,4465.025,10009
2026-06-05T15:30:00+05:30,4465.03,4468.21,4463.285,4466.115,4925
2026-06-05T16:00:00+05:30,4466.165,4467.99,4461.975,4466.61,6014
2026-06-05T16:30:00+05:30,4466.595,4467.145,4458.28,4466.09,8865
2026-06-05T17:00:00+05:30,4466.045,4475.325,4463.235,4470.22,12090
2026-06-05T17:30:00+05:30,4470.305,4475.885,4461.725,4465.22,14159
2026-06-05T18:00:00+05:30,4465.755,4466.01,4404.93,4406.605,61079
2026-06-05T18:30:00+05:30,4406.65,4421.235,4400.085,4404.63,21149
2026-06-05T19:00:00+05:30,4404.965,4409.715,4365.475,4365.755,44239
2026-06-05T19:30:00+05:30,4365.865,4379.45,4353.055,4361.175,26394
2026-06-05T20:00:00+05:30,4361.17,4370.235,4344.605,4369.81,25630
2026-06-05T20:30:00+05:30,4369.86,4372.615,4348.36,4351.67,24255
2026-06-05T21:00:00+05:30,4351.675,4354.995,4334.11,4335.645,20885
2026-06-05T21:30:00+05:30,4335.58,4339.185,4325.425,4329.775,13760
2026-06-05T22:00:00+05:30,4329.755,4345.095,4323.27,4344.68,21824
2026-06-05T22:30:00+05:30,4344.85,4347.055,4335.715,4342.63,11340
2026-06-05T23:00:00+05:30,4342.64,4347.455,4338.0,4341.965,9454
2026-06-05T23:30:00+05:30,4341.97,4342.355,4321.86,4325.935,20494
2026-06-06T00:00:00+05:30,4325.915,4327.11,4315.345,4322.485,11764
2026-06-06T00:30:00+05:30,4322.55,4324.365,4314.005,4323.94,10359
2026-06-06T01:00:00+05:30,4323.91,4325.215,4314.115,4318.73,11100
2026-06-06T01:30:00+05:30,4318.745,4326.715,4311.93,4322.95,14784
2026-06-06T02:00:00+05:30,4322.965,4330.79,4321.205,4327.885,9585
2026-06-08T03:30:00+05:30,4321.55,4330.885,4310.115,4316.965,20770
2026-06-08T04:00:00+05:30,4317.025,4329.23,4315.395,4317.53,13834
2026-06-08T04:30:00+05:30,4317.64,4334.935,4317.585,4334.345,17350
2026-06-08T05:00:00+05:30,4334.265,4347.095,4332.91,4344.16,14185
2026-06-08T05:30:00+05:30,4344.175,4353.45,4340.77,4351.425,12679
2026-06-08T06:00:00+05:30,4351.385,4352.435,4340.06,4342.45,12375
2026-06-08T06:30:00+05:30,4342.55,4346.18,4311.29,4314.815,34890
2026-06-08T07:00:00+05:30,4314.91,4330.0,4300.025,4325.83,29975
2026-06-08T07:30:00+05:30,4325.82,4330.855,4311.5,4315.0,19354
2026-06-08T08:00:00+05:30,4315.015,4320.865,4307.14,4310.82,13724
2026-06-08T08:30:00+05:30,4310.785,4314.315,4303.66,4307.33,10654
2026-06-08T09:00:00+05:30,4307.34,4317.295,4305.055,4317.145,12239
2026-06-08T09:30:00+05:30,4317.235,4322.005,4313.61,4320.12,8395
2026-06-08T10:00:00+05:30,4320.105,4320.505,4307.72,4312.98,12784
2026-06-08T10:30:00+05:30,4312.975,4316.21,4304.55,4311.91,11659
2026-06-08T11:00:00+05:30,4312.02,4313.4,4268.48,4292.19,44920
2026-06-08T11:30:00+05:30,4292.145,4311.525,4292.14,4305.91,19384
2026-06-08T12:00:00+05:30,4305.915,4306.64,4293.205,4300.16,13435
2026-06-08T12:30:00+05:30,4300.16,4316.96,4295.015,4306.145,21944
2026-06-08T13:00:00+05:30,4306.195,4311.94,4294.52,4294.59,17419
2026-06-08T13:30:00+05:30,4294.44,4297.325,4285.415,4288.44,11909
2026-06-08T14:00:00+05:30,4288.49,4293.92,4285.515,4288.82,8404
2026-06-08T14:30:00+05:30,4288.84,4292.24,4279.625,4279.9,12614
2026-06-08T15:00:00+05:30,4279.915,4302.01,4273.165,4294.455,28845
2026-06-08T15:30:00+05:30,4294.495,4297.8,4286.105,4293.965,11695
2026-06-08T16:00:00+05:30,4293.98,4305.94,4292.38,4302.19,13559
2026-06-08T16:30:00+05:30,4302.165,4331.265,4297.285,4325.335,33980
2026-06-08T17:00:00+05:30,4325.49,4333.455,4321.47,4331.425,11984
2026-06-08T17:30:00+05:30,4331.435,4334.935,4320.28,4330.2,14655
2026-06-08T18:00:00+05:30,4330.23,4339.505,4327.18,4333.34,12324
2026-06-08T18:30:00+05:30,4333.345,4336.305,4321.3,4331.475,15005
2026-06-08T19:00:00+05:30,4331.435,4346.88,4326.335,4327.185,20545
2026-06-08T19:30:00+05:30,4327.0,4330.89,4316.01,4320.215,14880
2026-06-08T20:00:00+05:30,4320.25,4331.705,4314.945,4331.01,16760
2026-06-08T20:30:00+05:30,4331.07,4336.465,4322.67,4330.79,13795
2026-06-08T21:00:00+05:30,4330.775,4345.775,4328.61,4341.84,17164
2026-06-08T21:30:00+05:30,4341.82,4344.045,4338.175,4341.105,5869
2026-06-08T22:00:00+05:30,4341.11,4346.4,4337.89,4340.775,8509
2026-06-08T22:30:00+05:30,4340.81,4342.525,4333.825,4339.12,8699
2026-06-08T23:00:00+05:30,4339.15,4339.66,4332.025,4339.2,7635
2026-06-08T23:30:00+05:30,4339.225,4346.005,4338.72,4342.685,7284
2026-06-09T00:00:00+05:30,4342.585,4344.79,4333.025,4334.79,11765
2026-06-09T00:30:00+05:30,4334.81,4338.295,4326.13,4327.83,12164
2026-06-09T01:00:00+05:30,4327.87,4330.555,4323.365,4326.63,7190
2026-06-09T01:30:00+05:30,4326.615,4329.94,4324.59,4326.685,5349
2026-06-09T02:00:00+05:30,4326.61,4330.4,4325.52,4330.065,4879
2026-06-09T03:30:00+05:30,4326.5,4328.05,4322.88,4325.13,5170
2026-06-09T04:00:00+05:30,4325.095,4328.93,4325.0,4327.91,3930
2026-06-09T04:30:00+05:30,4327.94,4328.915,4320.55,4320.645,8364
2026-06-09T05:00:00+05:30,4320.635,4322.4,4312.96,4317.88,9439
2026-06-09T05:30:00+05:30,4317.71,4323.775,4315.38,4316.845,8394
2026-06-09T06:00:00+05:30,4316.855,4323.41,4315.125,4320.045,8284
2026-06-09T06:30:00+05:30,4320.025,4338.34,4318.66,4335.54,19680
2026-06-09T07:00:00+05:30,4335.58,4338.945,4332.965,4336.465,5979
2026-06-09T07:30:00+05:30,4336.515,4337.0,4328.315,4335.52,8685
2026-06-09T08:00:00+05:30,4335.54,4341.005,4330.99,4336.275,10015
2026-06-09T08:30:00+05:30,4336.27,4342.275,4331.275,4336.74,11000
2026-06-09T09:00:00+05:30,4336.77,4341.875,4333.625,4336.565,8250
2026-06-09T09:30:00+05:30,4336.57,4339.36,4328.825,4330.575,10534
2026-06-09T10:00:00+05:30,4330.625,4333.165,4324.33,4332.585,8835
2026-06-09T10:30:00+05:30,4332.625,4337.225,4330.83,4332.64,6395
2026-06-09T11:00:00+05:30,4332.66,4351.56,4331.66,4343.67,19900
2026-06-09T11:30:00+05:30,4343.655,4348.995,4338.195,4339.015,10800
2026-06-09T12:00:00+05:30,4339.01,4340.525,4330.225,4330.725,10299
2026-06-09T12:30:00+05:30,4330.69,4334.895,4323.17,4331.15,11725
2026-06-09T13:00:00+05:30,4331.29,4331.54,4322.365,4326.83,9175
2026-06-09T13:30:00+05:30,4326.84,4336.63,4321.32,4334.645,15310
2026-06-09T14:00:00+05:30,4334.66,4337.02,4326.06,4326.695,10960
2026-06-09T14:30:00+05:30,4326.69,4336.32,4324.19,4326.76,12130
2026-06-09T15:00:00+05:30,4326.695,4333.65,4325.145,4332.225,8504
2026-06-09T15:30:00+05:30,4332.24,4336.78,4325.2,4333.83,11579
2026-06-09T16:00:00+05:30,4333.84,4340.965,4329.865,4339.275,11100
2026-06-09T16:30:00+05:30,4339.31,4340.8,4335.74,4338.895,5060
2026-06-09T17:00:00+05:30,4338.915,4343.86,4336.83,4340.02,7029
2026-06-09T17:30:00+05:30,4340.015,4344.09,4335.415,4335.925,8675
2026-06-09T18:00:00+05:30,4335.915,4344.39,4334.97,4341.555,9420
2026-06-09T18:30:00+05:30,4341.57,4345.62,4330.295,4331.115,15324
2026-06-09T19:00:00+05:30,4331.12,4363.72,4325.285,4329.075,38435
2026-06-09T19:30:00+05:30,4329.055,4336.22,4305.8,4318.435,30420
2026-06-09T20:00:00+05:30,4318.305,4321.11,4278.58,4300.535,42529
2026-06-09T20:30:00+05:30,4300.645,4302.235,4277.31,4278.92,24924
2026-06-09T21:00:00+05:30,4279.0,4286.035,4263.29,4272.46,22744
2026-06-09T21:30:00+05:30,4272.385,4281.295,4253.275,4263.61,28020
2026-06-09T22:00:00+05:30,4263.595,4267.775,4236.7,4252.165,31074
2026-06-09T22:30:00+05:30,4252.19,4268.01,4251.395,4263.135,16614
2026-06-09T23:00:00+05:30,4263.385,4268.235,4256.11,4263.13,12125
2026-06-09T23:30:00+05:30,4263.12,4274.345,4259.585,4270.89,14760
2026-06-10T00:00:00+05:30,4270.81,4274.1,4262.275,4270.105,11825
2026-06-10T00:30:00+05:30,4270.155,4271.675,4252.94,4257.47,18735
2026-06-10T01:00:00+05:30,4257.39,4260.295,4249.96,4258.815,10335
2026-06-10T01:30:00+05:30,4258.85,4261.185,4255.69,4259.13,5495
2026-06-10T02:00:00+05:30,4259.08,4262.195,4257.855,4259.965,4340
2026-06-10T03:30:00+05:30,4256.145,4256.98,4251.43,4256.575,5549
2026-06-10T04:00:00+05:30,4256.58,4257.605,4232.475,4237.52,25129
2026-06-10T04:30:00+05:30,4237.495,4247.43,4222.84,4224.185,24590
2026-06-10T05:00:00+05:30,4224.19,4229.895,4210.505,4222.155,19390
2026-06-10T05:30:00+05:30,4222.165,4228.5,4216.56,4218.05,11939
2026-06-10T06:00:00+05:30,4218.18,4221.03,4199.025,4218.42,22005
2026-06-10T06:30:00+05:30,4218.435,4219.2,4187.075,4202.135,32125
2026-06-10T07:00:00+05:30,4202.145,4207.015,4183.89,4188.7,23125
2026-06-10T07:30:00+05:30,4188.715,4191.725,4178.27,4187.91,13454
2026-06-10T08:00:00+05:30,4188.06,4192.455,4173.265,4173.98,19189
2026-06-10T08:30:00+05:30,4173.89,4181.16,4173.115,4177.425,8045
2026-06-10T09:00:00+05:30,4177.42,4186.555,4176.55,4184.92,10005
2026-06-10T09:30:00+05:30,4184.92,4187.215,4173.81,4174.655,13404
2026-06-10T10:00:00+05:30,4174.645,4176.08,4172.565,4174.855,3515
2026-06-10T10:30:00+05:30,4174.895,4187.37,4173.57,4187.25,13800
2026-06-10T11:00:00+05:30,4187.405,4209.155,4181.62,4205.25,27534
2026-06-10T11:30:00+05:30,4205.21,4222.005,4205.195,4211.635,16810
2026-06-10T12:00:00+05:30,4211.65,4213.64,4201.835,4204.005,11805
2026-06-10T12:30:00+05:30,4203.995,4208.14,4193.565,4195.01,14575
2026-06-10T13:00:00+05:30,4194.94,4197.27,4181.59,4186.085,15680
2026-06-10T13:30:00+05:30,4186.065,4187.385,4161.47,4172.34,25914
2026-06-10T14:00:00+05:30,4172.265,4179.485,4166.285,4169.135,13199
2026-06-10T14:30:00+05:30,4169.11,4175.09,4164.38,4166.255,10710
2026-06-10T15:00:00+05:30,4166.225,4179.65,4163.195,4168.75,16454
2026-06-10T15:30:00+05:30,4168.755,4171.255,4155.715,4164.98,15539
2026-06-10T16:00:00+05:30,4164.94,4178.785,4164.0,4174.81,14784
2026-06-10T16:30:00+05:30,4174.835,4176.325,4153.625,4166.65,22699
2026-06-10T17:00:00+05:30,4166.645,4168.115,4145.865,4147.79,22250
2026-06-10T17:30:00+05:30,4147.785,4152.685,4130.62,4141.46,22065
2026-06-10T18:00:00+05:30,4141.59,4173.98,4138.93,4147.235,35049
2026-06-10T18:30:00+05:30,4147.29,4158.18,4133.065,4149.22,25115
2026-06-10T19:00:00+05:30,4149.325,4186.42,4142.01,4179.605,44409
2026-06-10T19:30:00+05:30,4179.695,4181.215,4159.71,4161.115,21505
2026-06-10T20:00:00+05:30,4160.975,4163.495,4117.78,4125.0,45715
2026-06-10T20:30:00+05:30,4124.985,4137.06,4113.215,4127.86,23845
2026-06-10T21:00:00+05:30,4127.89,4131.3,4107.03,4128.92,24270
2026-06-10T21:30:00+05:30,4128.98,4135.385,4123.03,4127.62,12355
2026-06-10T22:00:00+05:30,4127.56,4132.195,4116.16,4122.13,16034
2026-06-10T22:30:00+05:30,4122.085,4135.08,4109.3,4111.115,25779
2026-06-10T23:00:00+05:30,4111.135,4113.605,4100.985,4111.72,12619
2026-06-10T23:30:00+05:30,4111.78,4120.51,4109.73,4112.44,10780
2026-06-11T00:00:00+05:30,4112.47,4112.8,4097.095,4101.67,15704
2026-06-11T00:30:00+05:30,4101.69,4102.25,4081.755,4084.825,20494
2026-06-11T01:00:00+05:30,4084.92,4092.615,4081.73,4082.775,10884
2026-06-11T01:30:00+05:30,4082.75,4083.185,4069.375,4078.425,13809
2026-06-11T02:00:00+05:30,4078.4,4078.445,4067.24,4072.015,11205
2026-06-11T03:30:00+05:30,4061.7,4063.75,4036.06,4045.015,27690
2026-06-11T04:00:00+05:30,4045.025,4069.38,4044.53,4046.485,24849
2026-06-11T04:30:00+05:30,4046.53,4064.965,4023.87,4061.665,41095
2026-06-11T05:00:00+05:30,4061.605,4064.6,4044.725,4047.445,19875
2026-06-11T05:30:00+05:30,4047.475,4072.91,4036.03,4067.775,36879
2026-06-11T06:00:00+05:30,4067.745,4078.15,4059.09,4075.92,19059
2026-06-11T06:30:00+05:30,4075.725,4108.935,4066.315,4104.835,42620
2026-06-11T07:00:00+05:30,4104.83,4118.395,4097.765,4101.91,20630
2026-06-11T07:30:00+05:30,4102.065,4102.815,4081.515,4082.32,21299
2026-06-11T08:00:00+05:30,4082.315,4085.055,4052.295,4068.03,32759
2026-06-11T08:30:00+05:30,4068.055,4078.705,4057.04,4063.325,21664
2026-06-11T09:00:00+05:30,4063.335,4075.635,4062.61,4072.675,13025
2026-06-11T09:30:00+05:30,4072.665,4085.675,4070.26,4077.605,15414
2026-06-11T10:00:00+05:30,4077.61,4086.155,4074.51,4082.93,11644
2026-06-11T10:30:00+05:30,4082.935,4083.47,4072.885,4075.365,10584
2026-06-11T11:00:00+05:30,4075.375,4106.325,4074.865,4094.355,31460
2026-06-11T11:30:00+05:30,4094.28,4094.86,4076.52,4086.84,18340
2026-06-11T12:00:00+05:30,4086.845,4097.58,4083.155,4094.485,14424
2026-06-11T12:30:00+05:30,4094.49,4110.49,4091.845,4107.695,18644
2026-06-11T13:00:00+05:30,4107.705,4110.64,4099.015,4104.925,11625
2026-06-11T13:30:00+05:30,4104.845,4112.725,4097.13,4097.255,15595
2026-06-11T14:00:00+05:30,4097.345,4099.71,4084.7,4084.715,15010
2026-06-11T14:30:00+05:30,4084.71,4089.025,4079.015,4079.665,10010
2026-06-11T15:00:00+05:30,4079.65,4096.54,4077.645,4091.745,18894
2026-06-11T15:30:00+05:30,4091.695,4094.74,4086.935,4087.85,7804
2026-06-11T16:00:00+05:30,4087.87,4093.24,4086.71,4090.07,6529
2026-06-11T16:30:00+05:30,4090.065,4093.515,4083.62,4090.54,9894
2026-06-11T17:00:00+05:30,4090.545,4096.07,4079.975,4080.395,16094
2026-06-11T17:30:00+05:30,4080.5,4087.31,4061.45,4068.81,25860
2026-06-11T18:00:00+05:30,4068.83,4085.325,4057.55,4081.97,27774
2026-06-11T18:30:00+05:30,4081.98,4086.22,4071.975,4075.415,14244
2026-06-11T19:00:00+05:30,4075.485,4092.92,4067.285,4083.235,25635
2026-06-11T19:30:00+05:30,4083.275,4085.57,4052.975,4074.875,32595
2026-06-11T20:00:00+05:30,4074.855,4083.54,4070.625,4073.41,12914
2026-06-11T20:30:00+05:30,4073.405,4089.32,4070.38,4081.665,18940
2026-06-11T21:00:00+05:30,4081.655,4095.655,4077.575,4088.905,18080
2026-06-11T21:30:00+05:30,4088.905,4107.755,4079.525,4079.755,28230
2026-06-11T22:00:00+05:30,4079.71,4087.975,4078.03,4080.375,9944
2026-06-11T22:30:00+05:30,4080.38,4102.415,4072.02,4101.68,30394
2026-06-11T23:00:00+05:30,4101.695,4170.095,4101.695,4151.895,68400
2026-06-11T23:30:00+05:30,4151.925,4163.04,4131.455,4153.16,31585
2026-06-12T00:00:00+05:30,4153.145,4171.76,4149.09,4161.87,22670
2026-06-12T00:30:00+05:30,4161.94,4198.535,4161.94,4195.815,36595
2026-06-12T01:00:00+05:30,4195.85,4220.22,4195.825,4208.91,24395
2026-06-12T01:30:00+05:30,4208.97,4218.69,4208.17,4214.125,10519
2026-06-12T02:00:00+05:30,4214.11,4216.5,4209.285,4211.195,7215
2026-06-12T03:30:00+05:30,4208.535,4215.785,4205.51,4214.86,10274
2026-06-12T04:00:00+05:30,4214.875,4246.715,4211.405,4243.515,35310
2026-06-12T04:30:00+05:30,4243.505,4246.09,4214.28,4216.69,31810
2026-06-12T05:00:00+05:30,4216.34,4224.64,4214.57,4219.915,10070
2026-06-12T05:30:00+05:30,4219.815,4230.53,4207.315,4220.43,23215
2026-06-12T06:00:00+05:30,4220.485,4228.795,4200.875,4208.435,27920
2026-06-12T06:30:00+05:30,4208.405,4210.98,4179.185,4180.955,31794
2026-06-12T07:00:00+05:30,4181.025,4191.48,4171.405,4186.71,20074
2026-06-12T07:30:00+05:30,4186.645,4200.03,4183.66,4188.565,16369
2026-06-12T08:00:00+05:30,4188.65,4193.6,4182.91,4191.475,10690
2026-06-12T08:30:00+05:30,4191.375,4203.98,4189.425,4203.745,14554
2026-06-12T09:00:00+05:30,4203.755,4204.995,4195.57,4197.17,9425
2026-06-12T09:30:00+05:30,4197.195,4201.27,4190.335,4192.655,10935
2026-06-12T10:00:00+05:30,4192.675,4198.39,4189.685,4189.92,8704
2026-06-12T10:30:00+05:30,4189.885,4193.03,4182.035,4187.365,10994
2026-06-12T11:00:00+05:30,4187.355,4187.99,4171.005,4173.47,16984
2026-06-12T11:30:00+05:30,4173.51,4185.77,4173.335,4182.085,12435
2026-06-12T12:00:00+05:30,4182.305,4184.815,4172.385,4184.12,12429
2026-06-12T12:30:00+05:30,4184.05,4185.05,4173.9,4174.14,11150
2026-06-12T13:00:00+05:30,4174.085,4194.53,4170.29,4194.53,24239
2026-06-12T13:30:00+05:30,4194.495,4220.73,4192.165,4213.395,28564
2026-06-12T14:00:00+05:30,4213.49,4226.13,4211.805,4219.545,14324
2026-06-12T14:30:00+05:30,4219.55,4226.96,4217.45,4221.175,9510
2026-06-12T15:00:00+05:30,4221.19,4228.07,4219.345,4221.995,8724
2026-06-12T15:30:00+05:30,4222.01,4225.71,4202.945,4206.935,22765
2026-06-12T16:00:00+05:30,4207.22,4218.77,4206.655,4211.055,12115
2026-06-12T16:30:00+05:30,4211.005,4212.085,4202.115,4202.645,9970
2026-06-12T17:00:00+05:30,4202.75,4215.43,4197.735,4206.915,17695
2026-06-12T17:30:00+05:30,4206.93,4215.43,4200.38,4201.15,15050
2026-06-12T18:00:00+05:30,4201.25,4201.865,4188.59,4191.76,13274
2026-06-12T18:30:00+05:30,4191.795,4206.81,4186.595,4203.025,20215
2026-06-12T19:00:00+05:30,4202.98,4210.325,4182.88,4186.575,27444
2026-06-12T19:30:00+05:30,4186.545,4199.59,4182.835,4188.64,16755
2026-06-12T20:00:00+05:30,4188.65,4208.62,4177.25,4204.07,31369
2026-06-12T20:30:00+05:30,4204.065,4235.69,4200.38,4225.79,35309
2026-06-12T21:00:00+05:30,4225.83,4228.54,4206.965,4212.12,21574
2026-06-12T21:30:00+05:30,4212.155,4233.085,4208.2,4216.94,24885
2026-06-12T22:00:00+05:30,4216.935,4220.39,4211.395,4216.155,8994
2026-06-12T22:30:00+05:30,4216.19,4226.525,4214.045,4218.925,12479
2026-06-12T23:00:00+05:30,4219.045,4225.13,4214.03,4221.515,11100
2026-06-12T23:30:00+05:30,4221.535,4235.485,4218.25,4226.58,17234
2026-06-13T00:00:00+05:30,4226.575,4230.085,4214.215,4215.625,15869
2026-06-13T00:30:00+05:30,4215.575,4219.565,4207.93,4208.585,11634
2026-06-13T01:00:00+05:30,4208.6,4211.305,4201.82,4210.8,9485
2026-06-13T01:30:00+05:30,4210.78,4217.3,4209.505,4214.53,7795
2026-06-13T02:00:00+05:30,4214.585,4219.52,4212.675,4218.56,6845
2026-06-15T03:30:00+05:30,4301.665,4309.19,4284.035,4287.07,25154
2026-06-15T04:00:00+05:30,4286.975,4291.81,4280.395,4285.675,11414
2026-06-15T04:30:00+05:30,4285.705,4288.415,4281.24,4283.425,7175
2026-06-15T05:00:00+05:30,4283.445,4295.225,4281.77,4294.04,13454
2026-06-15T05:30:00+05:30,4294.045,4308.42,4293.52,4301.05,14899
2026-06-15T06:00:00+05:30,4301.065,4305.785,4291.635,4292.545,14149
2026-06-15T06:30:00+05:30,4292.635,4306.495,4285.32,4303.445,21175
2026-06-15T07:00:00+05:30,4303.49,4319.715,4301.235,4316.94,18480
2026-06-15T07:30:00+05:30,4316.905,4331.135,4316.28,4328.31,14855
2026-06-15T08:00:00+05:30,4328.4,4335.57,4327.815,4329.65,7755
2026-06-15T08:30:00+05:30,4329.64,4331.395,4321.59,4324.135,9805
2026-06-15T09:00:00+05:30,4324.145,4327.44,4321.26,4325.1,6179
2026-06-15T09:30:00+05:30,4325.195,4327.86,4320.76,4326.955,7099
2026-06-15T10:00:00+05:30,4326.96,4330.44,4325.33,4328.345,5109
2026-06-15T10:30:00+05:30,4328.33,4333.05,4323.86,4330.18,9190
2026-06-15T11:00:00+05:30,4330.0,4332.7,4307.57,4310.135,25130
2026-06-15T11:30:00+05:30,4310.15,4313.48,4303.085,4305.185,10394
2026-06-15T12:00:00+05:30,4305.05,4309.82,4301.005,4308.125,8814
2026-06-15T12:30:00+05:30,4308.185,4318.995,4305.41,4316.7,13585
2026-06-15T13:00:00+05:30,4316.865,4325.375,4312.065,4323.24,13310
2026-06-15T13:30:00+05:30,4323.22,4332.91,4321.875,4328.715,11034
2026-06-15T14:00:00+05:30,4328.665,4345.555,4327.97,4334.14,17585
2026-06-15T14:30:00+05:30,4334.145,4343.285,4334.145,4339.16,9139
2026-06-15T15:00:00+05:30,4339.14,4341.195,4334.875,4336.78,6319
2026-06-15T15:30:00+05:30,4336.885,4340.57,4335.925,4338.645,4644
2026-06-15T16:00:00+05:30,4338.595,4341.585,4335.4,4338.31,6185
2026-06-15T16:30:00+05:30,4338.31,4341.595,4336.245,4341.12,5350
2026-06-15T17:00:00+05:30,4341.145,4347.575,4331.99,4335.505,15585
2026-06-15T17:30:00+05:30,4335.525,4338.845,4324.8,4337.4,14045
2026-06-15T18:00:00+05:30,4337.475,4349.41,4335.09,4349.15,14319
2026-06-15T18:30:00+05:30,4349.135,4356.005,4341.32,4353.35,14685
2026-06-15T19:00:00+05:30,4353.4,4369.085,4352.255,4355.215,16829
2026-06-15T19:30:00+05:30,4355.2,4369.665,4354.015,4363.625,15649
2026-06-15T20:00:00+05:30,4363.77,4365.23,4353.91,4356.89,11319
2026-06-15T20:30:00+05:30,4356.88,4359.45,4349.655,4354.17,9795
2026-06-15T21:00:00+05:30,4354.205,4360.855,4349.725,4356.345,11129
2026-06-15T21:30:00+05:30,4356.395,4358.825,4339.22,4342.935,19604
2026-06-15T22:00:00+05:30,4342.945,4343.08,4334.65,4339.19,8430
2026-06-15T22:30:00+05:30,4339.26,4339.26,4329.0,4329.89,10260
2026-06-15T23:00:00+05:30,4329.85,4329.93,4320.545,4324.955,9385
2026-06-15T23:30:00+05:30,4324.965,4328.015,4318.06,4324.795,9954
2026-06-16T00:00:00+05:30,4324.79,4327.38,4321.795,4325.75,5585
2026-06-16T00:30:00+05:30,4325.68,4326.825,4320.92,4321.525,5904
2026-06-16T01:00:00+05:30,4321.535,4323.86,4316.73,4320.71,7130
2026-06-16T01:30:00+05:30,4320.725,4322.095,4310.785,4312.81,11310
2026-06-16T02:00:00+05:30,4312.85,4313.165,4306.545,4308.85,6619
2026-06-16T03:30:00+05:30,4312.985,4315.44,4306.11,4308.58,9329
2026-06-16T04:00:00+05:30,4308.585,4314.735,4306.885,4312.215,7849
2026-06-16T04:30:00+05:30,4312.22,4316.64,4311.485,4315.52,5155
2026-06-16T05:00:00+05:30,4315.53,4319.33,4313.225,4315.705,6104
2026-06-16T05:30:00+05:30,4315.665,4318.335,4306.985,4308.595,11350
2026-06-16T06:00:00+05:30,4308.585,4320.955,4308.145,4319.295,12809
2026-06-16T06:30:00+05:30,4319.305,4326.02,4315.635,4319.275,10385
2026-06-16T07:00:00+05:30,4319.29,4320.46,4312.27,4313.6,8189
2026-06-16T07:30:00+05:30,4313.615,4314.215,4307.7,4312.725,6515
2026-06-16T08:00:00+05:30,4312.855,4321.08,4309.64,4318.855,11439
2026-06-16T08:30:00+05:30,4318.805,4322.755,4315.515,4321.325,7239
2026-06-16T09:00:00+05:30,4321.38,4333.375,4319.625,4330.475,13750
2026-06-16T09:30:00+05:30,4330.45,4332.245,4322.025,4322.87,10220
2026-06-16T10:00:00+05:30,4322.96,4325.565,4321.315,4322.63,4250
2026-06-16T10:30:00+05:30,4322.65,4329.175,4322.205,4327.4,6970
2026-06-16T11:00:00+05:30,4327.39,4331.0,4314.24,4315.84,16760
2026-06-16T11:30:00+05:30,4315.825,4319.785,4313.53,4316.615,6255
2026-06-16T12:00:00+05:30,4316.53,4324.525,4314.215,4323.835,10309
2026-06-16T12:30:00+05:30,4323.99,4329.655,4322.665,4328.865,6989
2026-06-16T13:00:00+05:30,4328.81,4335.585,4326.105,4335.105,9480
2026-06-16T13:30:00+05:30,4335.1,4343.565,4332.715,4341.22,10849
2026-06-16T14:00:00+05:30,4341.155,4348.105,4339.095,4347.02,9009
2026-06-16T14:30:00+05:30,4347.03,4348.505,4338.41,4339.955,10095
2026-06-16T15:00:00+05:30,4339.955,4348.49,4339.31,4345.205,9179
2026-06-16T15:30:00+05:30,4345.2,4346.81,4343.13,4344.34,3680
2026-06-16T16:00:00+05:30,4344.35,4349.14,4342.34,4349.14,6800
2026-06-16T16:30:00+05:30,4349.045,4349.655,4338.55,4342.16,11104
2026-06-16T17:00:00+05:30,4342.165,4342.44,4335.165,4341.005,7274
2026-06-16T17:30:00+05:30,4341.025,4345.775,4337.5,4343.79,8274
2026-06-16T18:00:00+05:30,4343.805,4354.95,4341.6,4354.66,13349
2026-06-16T18:30:00+05:30,4354.57,4354.835,4333.245,4335.095,21590
2026-06-16T19:00:00+05:30,4335.065,4340.685,4331.67,4331.855,9015
2026-06-16T19:30:00+05:30,4331.82,4338.89,4317.745,4319.71,21145
2026-06-16T20:00:00+05:30,4319.69,4328.41,4313.32,4324.19,15090
2026-06-16T20:30:00+05:30,4324.11,4328.71,4321.025,4326.045,7685
2026-06-16T21:00:00+05:30,4326.02,4343.445,4322.22,4335.35,21224
2026-06-16T21:30:00+05:30,4335.305,4347.145,4334.975,4344.63,12170
2026-06-16T22:00:00+05:30,4344.62,4346.46,4340.115,4340.6,6345
2026-06-16T22:30:00+05:30,4340.57,4341.2,4325.37,4334.84,15829
2026-06-16T23:00:00+05:30,4334.92,4340.58,4334.245,4340.215,6335
2026-06-16T23:30:00+05:30,4340.235,4342.84,4338.92,4341.345,3920
2026-06-17T00:00:00+05:30,4341.285,4342.94,4336.235,4338.58,6704
2026-06-17T00:30:00+05:30,4338.66,4342.92,4336.485,4339.6,6435
2026-06-17T01:00:00+05:30,4339.61,4340.11,4330.69,4334.105,9420
2026-06-17T01:30:00+05:30,4334.06,4334.245,4330.97,4333.02,3274
2026-06-17T02:00:00+05:30,4333.005,4335.015,4329.69,4331.28,5325
2026-06-17T03:30:00+05:30,4331.69,4333.1,4328.975,4330.16,4125
2026-06-17T04:00:00+05:30,4330.165,4336.255,4330.14,4335.45,6114
2026-06-17T04:30:00+05:30,4335.445,4338.57,4334.06,4336.22,4509
2026-06-17T05:00:00+05:30,4336.185,4336.65,4329.58,4331.025,7069
2026-06-17T05:30:00+05:30,4331.03,4341.785,4328.615,4337.505,13170
2026-06-17T06:00:00+05:30,4337.495,4339.08,4332.47,4337.06,6609
2026-06-17T06:30:00+05:30,4336.995,4349.605,4334.265,4343.395,15339
2026-06-17T07:00:00+05:30,4343.375,4344.255,4336.765,4340.955,7489
2026-06-17T07:30:00+05:30,4340.965,4344.545,4339.62,4340.65,4925
2026-06-17T08:00:00+05:30,4340.635,4343.895,4329.74,4331.73,14155
2026-06-17T08:30:00+05:30,4331.72,4334.29,4328.79,4331.79,5500
2026-06-17T09:00:00+05:30,4331.765,4333.855,4330.39,4332.305,3464
2026-06-17T09:30:00+05:30,4332.31,4334.18,4324.025,4324.655,10155
2026-06-17T10:00:00+05:30,4324.595,4326.845,4317.665,4326.845,9180
2026-06-17T10:30:00+05:30,4326.87,4327.965,4321.125,4327.16,6840
2026-06-17T11:00:00+05:30,4327.15,4334.285,4324.32,4326.685,9965
2026-06-17T11:30:00+05:30,4326.81,4330.115,4320.575,4324.445,9539
2026-06-17T12:00:00+05:30,4324.365,4331.92,4322.69,4331.82,9230
2026-06-17T12:30:00+05:30,4331.785,4332.825,4326.635,4329.24,6189
2026-06-17T13:00:00+05:30,4329.245,4331.825,4324.73,4325.275,7095
2026-06-17T13:30:00+05:30,4325.325,4328.08,4319.815,4323.6,8265
2026-06-17T14:00:00+05:30,4323.58,4325.46,4317.19,4324.72,8270
2026-06-17T14:30:00+05:30,4324.67,4333.395,4321.29,4332.05,12105
2026-06-17T15:00:00+05:30,4332.135,4335.81,4325.695,4329.64,10115
2026-06-17T15:30:00+05:30,4329.64,4331.09,4326.735,4329.075,4355
2026-06-17T16:00:00+05:30,4329.08,4335.225,4327.2,4331.49,8025
2026-06-17T16:30:00+05:30,4331.58,4332.165,4327.795,4329.04,4369
2026-06-17T17:00:00+05:30,4329.07,4329.155,4321.04,4323.285,8114
2026-06-17T17:30:00+05:30,4323.315,4327.665,4319.94,4324.68,7725
2026-06-17T18:00:00+05:30,4324.79,4335.79,4323.54,4333.68,12250
2026-06-17T18:30:00+05:30,4333.675,4338.49,4324.09,4335.375,14399
2026-06-17T19:00:00+05:30,4335.395,4345.27,4332.665,4339.705,12605
2026-06-17T19:30:00+05:30,4339.695,4362.355,4335.67,4360.255,26684
2026-06-17T20:00:00+05:30,4360.185,4364.09,4330.95,4344.7,33140
2026-06-17T20:30:00+05:30,4344.67,4360.09,4343.82,4355.45,16270
2026-06-17T21:00:00+05:30,4355.315,4364.935,4354.725,4363.575,10210
2026-06-17T21:30:00+05:30,4363.545,4366.555,4360.65,4365.275,5905
2026-06-17T22:00:00+05:30,4365.265,4365.31,4355.14,4359.515,10170
2026-06-17T22:30:00+05:30,4359.505,4364.005,4355.335,4361.35,8670
2026-06-17T23:00:00+05:30,4361.41,4382.615,4360.93,4379.55,21684
2026-06-17T23:30:00+05:30,4379.505,4379.505,4277.305,4292.86,102199
2026-06-18T00:00:00+05:30,4292.88,4332.585,4270.2,4286.52,62385
2026-06-18T00:30:00+05:30,4286.535,4295.7,4226.455,4227.055,69244
2026-06-18T01:00:00+05:30,4227.07,4247.19,4219.165,4236.055,28024
2026-06-18T01:30:00+05:30,4235.99,4269.855,4235.205,4258.275,34649
2026-06-18T02:00:00+05:30,4258.305,4265.43,4256.07,4257.65,9360
2026-06-18T03:30:00+05:30,4257.675,4271.645,4257.675,4267.185,13970
2026-06-18T04:00:00+05:30,4267.18,4271.02,4260.495,4267.02,10525
2026-06-18T04:30:00+05:30,4267.0,4283.89,4264.245,4280.185,19645
2026-06-18T05:00:00+05:30,4280.125,4282.88,4268.095,4278.08,14784
2026-06-18T05:30:00+05:30,4278.09,4301.665,4276.625,4300.59,25039
2026-06-18T06:00:00+05:30,4300.555,4315.39,4299.94,4308.39,15450
2026-06-18T06:30:00+05:30,4308.355,4328.545,4306.83,4319.25,21715
2026-06-18T07:00:00+05:30,4319.32,4326.21,4316.86,4318.045,9350
2026-06-18T07:30:00+05:30,4318.05,4329.865,4316.325,4324.43,13539
2026-06-18T08:00:00+05:30,4324.42,4325.41,4310.365,4310.96,15045
2026-06-18T08:30:00+05:30,4310.94,4317.0,4309.225,4314.905,7774
2026-06-18T09:00:00+05:30,4314.92,4322.73,4313.535,4319.635,9194
2026-06-18T09:30:00+05:30,4319.745,4324.055,4311.63,4313.59,12425
2026-06-18T10:00:00+05:30,4313.545,4318.545,4309.82,4315.68,8725
2026-06-18T10:30:00+05:30,4315.685,4323.21,4312.37,4323.04,10840
2026-06-18T11:00:00+05:30,4322.97,4324.91,4301.355,4308.105,23555
2026-06-18T11:30:00+05:30,4308.14,4310.035,4296.23,4305.225,13805
2026-06-18T12:00:00+05:30,4305.2,4307.58,4299.16,4306.66,8420
2026-06-18T12:30:00+05:30,4306.675,4309.375,4300.29,4307.945,9085
2026-06-18T13:00:00+05:30,4307.92,4307.92,4287.445,4288.645,20475
2026-06-18T13:30:00+05:30,4288.665,4293.015,4284.065,4285.11,8950
2026-06-18T14:00:00+05:30,4285.09,4290.075,4265.6,4266.965,24474
2026-06-18T14:30:00+05:30,4267.03,4273.195,4259.875,4266.485,13319
2026-06-18T15:00:00+05:30,4266.47,4273.365,4263.465,4268.64,9899
2026-06-18T15:30:00+05:30,4268.61,4272.985,4262.01,4269.735,10974
2026-06-18T16:00:00+05:30,4269.74,4270.96,4254.85,4255.66,16109
2026-06-18T16:30:00+05:30,4255.69,4255.995,4240.62,4249.21,15375
2026-06-18T17:00:00+05:30,4249.165,4250.345,4240.07,4242.04,10275
2026-06-18T17:30:00+05:30,4242.035,4269.225,4240.55,4255.935,28675
2026-06-18T18:00:00+05:30,4255.635,4258.695,4241.115,4246.79,17579
2026-06-18T18:30:00+05:30,4246.775,4263.425,4245.09,4263.155,18335
2026-06-18T19:00:00+05:30,4263.11,4276.745,4250.77,4256.755,25974
2026-06-18T19:30:00+05:30,4256.795,4257.98,4237.265,4244.28,20714
2026-06-18T20:00:00+05:30,4244.315,4254.7,4240.475,4252.345,14224
2026-06-18T20:30:00+05:30,4252.365,4254.845,4234.355,4235.745,20490
2026-06-18T21:00:00+05:30,4235.725,4236.755,4223.2,4226.69,13555
2026-06-18T21:30:00+05:30,4226.75,4233.465,4221.97,4225.115,11494
2026-06-18T22:00:00+05:30,4225.195,4229.475,4214.165,4219.65,15310
2026-06-18T22:30:00+05:30,4219.675,4231.625,4218.805,4226.275,12819
2026-06-18T23:00:00+05:30,4226.32,4233.225,4222.475,4230.29,10750
2026-06-18T23:30:00+05:30,4230.305,4233.235,4225.46,4226.35,7774
2026-06-19T00:00:00+05:30,4226.37,4226.38,4218.34,4218.605,8039
2026-06-19T00:30:00+05:30,4218.715,4219.29,4201.92,4205.235,17369
2026-06-19T01:00:00+05:30,4205.23,4218.685,4201.495,4217.205,17190
2026-06-19T01:30:00+05:30,4217.21,4219.685,4215.19,4218.965,4495
2026-06-19T02:00:00+05:30,4218.985,4218.985,4207.685,4208.995,11299
2026-06-19T03:30:00+05:30,4204.63,4210.085,4202.685,4204.065,7399
2026-06-19T04:00:00+05:30,4203.96,4210.695,4203.06,4207.54,7634
2026-06-19T04:30:00+05:30,4207.585,4208.55,4193.795,4197.375,14755
2026-06-19T05:00:00+05:30,4197.055,4199.26,4186.94,4188.445,12320
2026-06-19T05:30:00+05:30,4188.44,4198.245,4184.075,4185.105,14170
2026-06-19T06:00:00+05:30,4185.085,4192.46,4184.41,4190.62,8050
2026-06-19T06:30:00+05:30,4190.625,4194.665,4184.125,4190.91,10539
2026-06-19T07:00:00+05:30,4190.945,4190.985,4184.16,4184.995,6824
2026-06-19T07:30:00+05:30,4184.955,4186.335,4175.295,4179.505,11039
2026-06-19T08:00:00+05:30,4179.5,4183.755,4171.955,4176.425,11800
2026-06-19T08:30:00+05:30,4176.395,4177.355,4165.24,4167.355,12114
2026-06-19T09:00:00+05:30,4167.51,4167.98,4146.05,4153.68,21929
2026-06-19T09:30:00+05:30,4153.685,4155.33,4141.615,4146.785,13715
2026-06-19T10:00:00+05:30,4146.775,4147.645,4125.225,4125.685,22420
2026-06-19T10:30:00+05:30,4125.63,4134.63,4121.955,4133.78,12675
2026-06-19T11:00:00+05:30,4133.765,4141.84,4130.66,4139.77,11180
2026-06-19T11:30:00+05:30,4139.765,4148.385,4133.905,4142.14,14480
2026-06-19T12:00:00+05:30,4142.13,4150.87,4133.065,4147.775,17805
2026-06-19T12:30:00+05:30,4147.665,4160.335,4147.665,4152.525,12670
2026-06-19T13:00:00+05:30,4152.52,4163.355,4151.285,4158.215,12069
2026-06-19T13:30:00+05:30,4158.22,4177.73,4155.435,4176.255,22294
2026-06-19T14:00:00+05:30,4176.295,4178.525,4164.635,4169.325,13889
2026-06-19T14:30:00+05:30,4169.31,4171.08,4162.125,4162.85,8954
2026-06-19T15:00:00+05:30,4162.89,4167.45,4161.18,4163.025,6269
2026-06-19T15:30:00+05:30,4163.03,4163.285,4152.79,4153.855,10494
2026-06-19T16:00:00+05:30,4153.835,4155.315,4148.2,4149.835,7114
2026-06-19T16:30:00+05:30,4149.72,4150.305,4142.695,4144.38,7610
2026-06-19T17:00:00+05:30,4144.34,4155.105,4142.035,4152.71,13069
2026-06-19T17:30:00+05:30,4152.805,4160.39,4151.305,4151.885,9085
2026-06-19T18:00:00+05:30,4151.92,4180.12,4147.445,4179.07,32675
2026-06-19T18:30:00+05:30,4179.06,4183.125,4162.075,4164.125,21050
2026-06-19T19:00:00+05:30,4164.12,4168.255,4150.565,4151.54,17690
2026-06-19T19:30:00+05:30,4151.525,4154.765,4143.76,4149.275,11005
2026-06-19T20:00:00+05:30,4149.265,4151.5,4142.545,4149.485,8954
2026-06-19T20:30:00+05:30,4149.475,4154.155,4148.175,4151.465,5979
2026-06-19T21:00:00+05:30,4151.535,4153.68,4147.835,4151.25,5845
2026-06-19T21:30:00+05:30,4151.24,4151.28,4144.32,4147.13,6960
2026-06-19T22:00:00+05:30,4147.135,4157.985,4147.115,4155.405,10869
2026-06-22T03:30:00+05:30,4157.1,4160.11,4147.905,4152.245,12204
2026-06-22T04:00:00+05:30,4152.265,4157.105,4150.32,4156.44,6784
2026-06-22T04:30:00+05:30,4156.43,4164.945,4154.055,4156.945,10889
2026-06-22T05:00:00+05:30,4156.935,4156.965,4136.695,4140.385,20270
2026-06-22T05:30:00+05:30,4140.405,4170.755,4140.095,4167.585,30659
2026-06-22T06:00:00+05:30,4167.63,4201.24,4165.625,4201.185,35614
2026-06-22T06:30:00+05:30,4201.27,4221.37,4200.9,4207.215,20470
2026-06-22T07:00:00+05:30,4207.225,4207.225,4189.735,4191.225,17490
2026-06-22T07:30:00+05:30,4191.24,4195.21,4183.54,4188.985,11670
2026-06-22T08:00:00+05:30,4188.97,4200.29,4187.14,4188.575,13149
2026-06-22T08:30:00+05:30,4188.59,4190.065,4173.77,4180.325,16294
2026-06-22T09:00:00+05:30,4180.335,4180.955,4170.805,4171.635,10149
2026-06-22T09:30:00+05:30,4171.57,4179.115,4170.695,4176.59,8420
2026-06-22T10:00:00+05:30,4176.635,4182.345,4174.825,4181.945,7520
2026-06-22T10:30:00+05:30,4181.82,4194.21,4179.51,4193.99,14699
2026-06-22T11:00:00+05:30,4194.005,4198.66,4189.35,4193.96,9309
2026-06-22T11:30:00+05:30,4193.925,4200.72,4191.31,4196.505,9409
2026-06-22T12:00:00+05:30,4196.45,4207.355,4194.7,4197.59,12654
2026-06-22T12:30:00+05:30,4197.62,4201.945,4197.105,4197.665,4840
2026-06-22T13:00:00+05:30,4197.72,4199.86,4188.87,4190.49,10989
2026-06-22T13:30:00+05:30,4190.5,4195.38,4188.645,4191.705,6734
2026-06-22T14:00:00+05:30,4191.69,4197.945,4189.05,4197.455,8894
2026-06-22T14:30:00+05:30,4197.425,4209.74,4195.985,4204.08,13755
2026-06-22T15:00:00+05:30,4204.09,4210.215,4201.595,4208.23,8619
2026-06-22T15:30:00+05:30,4208.21,4214.42,4207.94,4210.06,6480
2026-06-22T16:00:00+05:30,4210.045,4211.73,4203.715,4204.795,8014
2026-06-22T16:30:00+05:30,4204.8,4215.255,4203.51,4204.015,11744
2026-06-22T17:00:00+05:30,4203.96,4208.335,4201.61,4207.555,6725
2026-06-22T17:30:00+05:30,4207.57,4212.0,4205.365,4208.56,6635
2026-06-22T18:00:00+05:30,4208.44,4208.885,4192.24,4193.295,16645
2026-06-22T18:30:00+05:30,4193.29,4197.13,4185.59,4187.06,11539
2026-06-22T19:00:00+05:30,4187.055,4205.8,4183.0,4199.875,22800
2026-06-22T19:30:00+05:30,4199.925,4210.78,4191.265,4192.01,19514
2026-06-22T20:00:00+05:30,4191.93,4206.165,4186.48,4198.385,19685
2026-06-22T20:30:00+05:30,4198.39,4201.455,4188.195,4189.135,13260
2026-06-22T21:00:00+05:30,4189.125,4190.58,4169.82,4182.805,20760
2026-06-22T21:30:00+05:30,4182.85,4184.97,4174.405,4182.69,10565
2026-06-22T22:00:00+05:30,4182.605,4193.23,4180.87,4190.13,12359
2026-06-22T22:30:00+05:30,4190.235,4191.725,4183.38,4184.18,8345
2026-06-22T23:00:00+05:30,4184.185,4184.88,4177.165,4183.235,7715
2026-06-22T23:30:00+05:30,4183.31,4189.86,4182.67,4188.07,7189
2026-06-23T00:00:00+05:30,4188.14,4192.915,4186.025,4191.34,6890
2026-06-23T00:30:00+05:30,4191.36,4193.47,4187.48,4187.48,5990
2026-06-23T01:00:00+05:30,4187.58,4191.65,4184.23,4190.755,7420
2026-06-23T01:30:00+05:30,4190.8,4193.835,4188.72,4190.41,5114
2026-06-23T02:00:00+05:30,4190.41,4193.81,4189.56,4191.69,4250
2026-06-23T03:30:00+05:30,4192.855,4193.765,4191.275,4193.05,2490
2026-06-23T04:00:00+05:30,4193.055,4194.86,4188.445,4189.975,6414
2026-06-23T04:30:00+05:30,4189.965,4192.995,4189.63,4191.08,3364
2026-06-23T05:00:00+05:30,4191.085,4195.255,4186.875,4187.615,8380
2026-06-23T05:30:00+05:30,4187.585,4192.445,4178.485,4183.94,13960
2026-06-23T06:00:00+05:30,4183.945,4194.74,4182.34,4193.49,12399
2026-06-23T06:30:00+05:30,4193.345,4198.605,4170.84,4178.245,27764
2026-06-23T07:00:00+05:30,4178.29,4178.735,4150.025,4161.305,28710
2026-06-23T07:30:00+05:30,4161.32,4163.4,4148.905,4161.83,14494
2026-06-23T08:00:00+05:30,4161.86,4162.235,4146.545,4146.99,15689
2026-06-23T08:30:00+05:30,4146.95,4149.95,4130.965,4140.98,18984
2026-06-23T09:00:00+05:30,4140.88,4145.11,4133.715,4144.195,11394
2026-06-23T09:30:00+05:30,4144.35,4147.065,4137.555,4140.26,9509
2026-06-23T10:00:00+05:30,4140.21,4140.66,4114.825,4118.325,25835
2026-06-23T10:30:00+05:30,4118.36,4137.595,4115.58,4125.06,22015
2026-06-23T11:00:00+05:30,4125.085,4133.975,4116.965,4121.245,17010
2026-06-23T11:30:00+05:30,4121.195,4127.17,4111.115,4116.49,16055
2026-06-23T12:00:00+05:30,4116.31,4121.0,4110.335,4114.49,10664
2026-06-23T12:30:00+05:30,4114.455,4124.92,4110.08,4118.42,14840
2026-06-23T13:00:00+05:30,4118.355,4119.585,4096.61,4098.98,22975
2026-06-23T13:30:00+05:30,4098.99,4100.315,4091.03,4098.21,9284
2026-06-23T14:00:00+05:30,4098.05,4111.05,4096.695,4105.34,14355
2026-06-23T14:30:00+05:30,4105.32,4117.015,4103.945,4112.67,13070
2026-06-23T15:00:00+05:30,4112.675,4122.375,4112.205,4122.375,10170
2026-06-23T15:30:00+05:30,4122.42,4133.48,4122.42,4130.37,11059
2026-06-23T16:00:00+05:30,4130.365,4132.14,4119.565,4119.68,12575
2026-06-23T16:30:00+05:30,4119.67,4132.11,4117.44,4127.35,14670
2026-06-23T17:00:00+05:30,4127.165,4128.83,4118.42,4123.405,10409
2026-06-23T17:30:00+05:30,4123.445,4127.48,4111.72,4115.33,15759
2026-06-23T18:00:00+05:30,4115.365,4122.82,4112.53,4113.305,10289
2026-06-23T18:30:00+05:30,4113.295,4119.5,4105.43,4115.895,14069
2026-06-23T19:00:00+05:30,4115.88,4140.39,4110.005,4135.39,30385
2026-06-23T19:30:00+05:30,4135.35,4145.215,4128.84,4132.65,16375
2026-06-23T20:00:00+05:30,4132.66,4133.04,4122.775,4130.08,10265
2026-06-23T20:30:00+05:30,4130.075,4135.66,4123.485,4127.15,12175
2026-06-23T21:00:00+05:30,4127.185,4141.82,4126.56,4138.71,15259
2026-06-23T21:30:00+05:30,4138.755,4140.045,4133.14,4136.385,6904
2026-06-23T22:00:00+05:30,4136.35,4143.94,4131.645,4134.385,12294
2026-06-23T22:30:00+05:30,4134.355,4139.955,4130.055,4131.02,9899
2026-06-23T23:00:00+05:30,4131.045,4133.25,4127.79,4128.1,5460
2026-06-23T23:30:00+05:30,4128.12,4131.16,4120.79,4121.265,10369
2026-06-24T00:00:00+05:30,4121.22,4122.885,4112.88,4117.88,10005
2026-06-24T00:30:00+05:30,4117.895,4126.215,4117.025,4121.925,9190
2026-06-24T01:00:00+05:30,4121.99,4124.475,4111.675,4111.795,12800
2026-06-24T01:30:00+05:30,4111.845,4113.035,4107.53,4111.03,5505
2026-06-24T02:00:00+05:30,4111.05,4111.95,4108.91,4110.745,3039
2026-06-24T03:30:00+05:30,4111.71,4115.235,4104.9,4106.02,10335
2026-06-24T04:00:00+05:30,4106.035,4109.19,4097.01,4104.275,12179
2026-06-24T04:30:00+05:30,4104.26,4104.355,4095.0,4097.71,9354
2026-06-24T05:00:00+05:30,4097.77,4100.57,4080.895,4099.25,19674
2026-06-24T05:30:00+05:30,4099.27,4112.135,4093.82,4099.85,18315
2026-06-24T06:00:00+05:30,4099.835,4100.515,4093.85,4097.5,6665
2026-06-24T06:30:00+05:30,4097.55,4101.25,4068.52,4098.375,32730
2026-06-24T07:00:00+05:30,4098.305,4102.51,4082.505,4089.075,20005
2026-06-24T07:30:00+05:30,4088.96,4096.335,4071.48,4073.605,24855
2026-06-24T08:00:00+05:30,4073.58,4076.85,4052.07,4061.275,24779
2026-06-24T08:30:00+05:30,4061.22,4065.565,4050.47,4056.625,15095
2026-06-24T09:00:00+05:30,4056.77,4070.705,4055.435,4062.835,15269
2026-06-24T09:30:00+05:30,4062.87,4067.34,4055.035,4063.295,12305
2026-06-24T10:00:00+05:30,4063.375,4067.185,4061.985,4064.635,5199
2026-06-24T10:30:00+05:30,4064.475,4074.515,4060.86,4073.54,13654
2026-06-24T11:00:00+05:30,4073.44,4086.24,4071.345,4075.85,14894
2026-06-24T11:30:00+05:30,4075.74,4097.73,4075.63,4087.72,22099
2026-06-24T12:00:00+05:30,4087.845,4094.79,4084.49,4087.135,10300
2026-06-24T12:30:00+05:30,4087.075,4090.845,4083.285,4084.48,7559
2026-06-24T13:00:00+05:30,4084.44,4086.215,4073.795,4074.925,12420
2026-06-24T13:30:00+05:30,4074.94,4080.815,4073.185,4080.625,7630
2026-06-24T14:00:00+05:30,4080.56,4087.76,4075.675,4076.385,12085
2026-06-24T14:30:00+05:30,4076.39,4079.36,4068.47,4069.395,10890
2026-06-24T15:00:00+05:30,4069.37,4072.355,4064.26,4064.655,8094
2026-06-24T15:30:00+05:30,4064.82,4066.43,4055.2,4061.08,11230
2026-06-24T16:00:00+05:30,4061.095,4066.96,4054.6,4055.805,12360
2026-06-24T16:30:00+05:30,4055.855,4058.615,4037.585,4044.42,21029
2026-06-24T17:00:00+05:30,4044.3,4056.45,4039.435,4046.78,17014
2026-06-24T17:30:00+05:30,4046.765,4048.86,4006.515,4015.525,42345
2026-06-24T18:00:00+05:30,4015.67,4020.935,3987.655,3987.93,33279
2026-06-24T18:30:00+05:30,3988.115,3995.74,3964.645,3975.695,31094
2026-06-24T19:00:00+05:30,3975.7,4042.26,3974.175,4038.365,68085
2026-06-24T19:30:00+05:30,4038.33,4041.025,4014.435,4023.925,26590
2026-06-24T20:00:00+05:30,4023.89,4034.61,4003.075,4008.05,31535
2026-06-24T20:30:00+05:30,4008.17,4014.875,3997.37,4014.79,17505
2026-06-24T21:00:00+05:30,4014.785,4016.97,4000.13,4002.635,16839
2026-06-24T21:30:00+05:30,4002.605,4017.11,3995.615,4016.175,21495
2026-06-24T22:00:00+05:30,4016.165,4022.435,4006.235,4006.845,16199
2026-06-24T22:30:00+05:30,4006.865,4011.49,3990.025,3990.51,21464
2026-06-24T23:00:00+05:30,3990.53,3991.07,3972.78,3972.9,18289
2026-06-24T23:30:00+05:30,3973.035,3992.71,3959.08,3990.31,33630
2026-06-25T00:00:00+05:30,3990.405,3994.34,3977.02,3981.535,17320
2026-06-25T00:30:00+05:30,3981.74,3985.26,3973.67,3984.14,11590
2026-06-25T01:00:00+05:30,3984.145,3990.875,3979.47,3988.055,11405
2026-06-25T01:30:00+05:30,3988.07,4003.0,3984.71,4000.025,18289
2026-06-25T02:00:00+05:30,4000.015,4001.4,3995.75,3999.5,5650
2026-06-25T03:30:00+05:30,4006.955,4007.825,4000.485,4002.115,7339
2026-06-25T04:00:00+05:30,4002.335,4006.93,3992.905,3996.475,14024
2026-06-25T04:30:00+05:30,3996.5,4000.805,3990.87,3998.345,9934
2026-06-25T05:00:00+05:30,3998.355,4018.825,3998.18,4012.5,20644
2026-06-25T05:30:00+05:30,4012.47,4016.42,3995.175,3996.265,21244
2026-06-25T06:00:00+05:30,3996.26,4001.38,3978.5,3991.775,22880
2026-06-25T06:30:00+05:30,3991.71,4005.825,3982.185,3990.675,23639
2026-06-25T07:00:00+05:30,3990.655,3996.08,3972.425,3976.92,23654
2026-06-25T07:30:00+05:30,3976.91,3991.35,3962.475,3986.54,28875
2026-06-25T08:00:00+05:30,3986.7,3988.2,3974.695,3982.83,13504
2026-06-25T08:30:00+05:30,3982.845,3989.36,3966.335,3976.46,23025
2026-06-25T09:00:00+05:30,3976.42,4001.125,3969.19,3995.365,31934
2026-06-25T09:30:00+05:30,3995.4,3997.76,3987.61,3994.505,10150
2026-06-25T10:00:00+05:30,3994.5,3997.385,3983.605,3996.225,13780
2026-06-25T10:30:00+05:30,3996.205,4000.215,3989.255,3994.41,10960
2026-06-25T11:00:00+05:30,3994.26,3997.775,3980.535,3986.73,17240
2026-06-25T11:30:00+05:30,3986.545,3989.465,3974.12,3984.37,15345
2026-06-25T12:00:00+05:30,3984.34,3985.315,3975.9,3977.655,9414
2026-06-25T12:30:00+05:30,3977.68,3989.765,3973.59,3985.215,16174
2026-06-25T13:00:00+05:30,3985.22,3989.43,3971.695,3987.835,17734
2026-06-25T13:30:00+05:30,3987.885,4001.37,3984.355,3993.72,17014
2026-06-25T14:00:00+05:30,3993.87,4002.11,3988.575,3989.17,13535
2026-06-25T14:30:00+05:30,3989.24,3996.62,3989.18,3994.08,7440
2026-06-25T15:00:00+05:30,3994.02,3997.72,3986.095,3988.245,11625
2026-06-25T15:30:00+05:30,3988.265,3989.34,3983.45,3989.34,5890
2026-06-25T16:00:00+05:30,3989.345,3989.52,3981.355,3984.39,8164
2026-06-25T16:30:00+05:30,3984.595,3986.32,3976.27,3977.315,10050
2026-06-25T17:00:00+05:30,3977.295,3987.86,3973.64,3980.14,14220
2026-06-25T17:30:00+05:30,3980.2,3986.325,3978.84,3984.085,7484
2026-06-25T18:00:00+05:30,3983.995,4019.38,3983.315,4012.67,36065
2026-06-25T18:30:00+05:30,4012.68,4034.225,4012.095,4022.18,22130
2026-06-25T19:00:00+05:30,4022.08,4028.765,4000.98,4002.365,27784
2026-06-25T19:30:00+05:30,4002.36,4028.415,3999.17,4026.73,29244
2026-06-25T20:00:00+05:30,4026.705,4028.55,4011.36,4011.925,17190
2026-06-25T20:30:00+05:30,4011.92,4040.79,4005.02,4026.955,35769
2026-06-25T21:00:00+05:30,4026.945,4042.755,4022.02,4041.525,20735
2026-06-25T21:30:00+05:30,4041.49,4044.085,4033.77,4040.41,10315
2026-06-25T22:00:00+05:30,4040.425,4040.835,4023.88,4028.73,16954
2026-06-25T22:30:00+05:30,4028.78,4035.85,4026.88,4032.725,8969
2026-06-25T23:00:00+05:30,4032.72,4036.83,4029.82,4034.725,7009
2026-06-25T23:30:00+05:30,4034.735,4044.13,4026.025,4044.12,18105
2026-06-26T00:00:00+05:30,4044.14,4044.14,4029.88,4034.8,14259
2026-06-26T00:30:00+05:30,4034.88,4043.87,4032.685,4036.2,11184
2026-06-26T01:00:00+05:30,4036.225,4037.935,4021.965,4026.83,15969
2026-06-26T01:30:00+05:30,4026.745,4035.155,4025.705,4030.805,9450
2026-06-26T02:00:00+05:30,4030.81,4030.895,4024.51,4026.92,6384
2026-06-26T03:30:00+05:30,4030.09,4030.205,4019.935,4024.9,10269
2026-06-26T04:00:00+05:30,4024.87,4036.505,4021.93,4026.44,14575
2026-06-26T04:30:00+05:30,4026.28,4030.16,4021.585,4029.885,8574
2026-06-26T05:00:00+05:30,4029.935,4030.535,4012.815,4014.555,17719
2026-06-26T05:30:00+05:30,4014.635,4023.635,4011.575,4015.485,12060
2026-06-26T06:00:00+05:30,4015.5,4024.735,4012.3,4020.495,12434
2026-06-26T06:30:00+05:30,4020.505,4030.015,4014.315,4022.61,15699
2026-06-26T07:00:00+05:30,4022.735,4025.635,4014.54,4020.915,11095
2026-06-26T07:30:00+05:30,4020.875,4023.355,4004.205,4007.67,19150
2026-06-26T08:00:00+05:30,4007.935,4009.605,3982.95,3990.61,26655
2026-06-26T08:30:00+05:30,3990.56,4000.175,3986.645,3995.575,13530
2026-06-26T09:00:00+05:30,3995.485,4006.685,3993.27,4004.52,13414
2026-06-26T09:30:00+05:30,4004.51,4012.15,3998.935,4007.54,13215
2026-06-26T10:00:00+05:30,4007.565,4015.295,4001.59,4011.705,13704
2026-06-26T10:30:00+05:30,4011.71,4019.14,4006.31,4016.575,12829
2026-06-26T11:00:00+05:30,4016.6,4021.57,4005.63,4008.19,15940
2026-06-26T11:30:00+05:30,4008.205,4025.005,4006.795,4024.36,18210
2026-06-26T12:00:00+05:30,4024.275,4033.185,4020.985,4032.115,12199
2026-06-26T12:30:00+05:30,4032.1,4039.875,4026.81,4038.105,13065
2026-06-26T13:00:00+05:30,4038.12,4038.985,4027.605,4030.565,11380
2026-06-26T13:30:00+05:30,4030.525,4035.92,4025.86,4035.605,10059
2026-06-26T14:00:00+05:30,4035.59,4037.805,4029.62,4030.94,8184
2026-06-26T14:30:00+05:30,4030.945,4050.995,4029.59,4048.405,21404
2026-06-26T15:00:00+05:30,4048.385,4054.16,4045.335,4047.185,8824
2026-06-26T15:30:00+05:30,4047.175,4052.21,4042.42,4048.345,9789
2026-06-26T16:00:00+05:30,4048.335,4054.995,4046.775,4054.705,8219
2026-06-26T16:30:00+05:30,4054.73,4055.61,4046.14,4052.79,9470
2026-06-26T17:00:00+05:30,4052.8,4055.76,4042.61,4045.965,13150
2026-06-26T17:30:00+05:30,4045.985,4051.66,4042.185,4046.82,9474
2026-06-26T18:00:00+05:30,4046.65,4061.615,4035.935,4058.99,25679
2026-06-26T18:30:00+05:30,4059.035,4066.13,4043.23,4057.05,22900
2026-06-26T19:00:00+05:30,4056.955,4078.265,4045.06,4073.77,33204
2026-06-26T19:30:00+05:30,4073.75,4093.15,4067.805,4084.5,25345
2026-06-26T20:00:00+05:30,4084.53,4091.86,4076.405,4080.585,15454
2026-06-26T20:30:00+05:30,4080.63,4084.68,4075.72,4084.44,8960
2026-06-26T21:00:00+05:30,4084.48,4095.985,4081.695,4090.625,14289
2026-06-26T21:30:00+05:30,4090.71,4093.785,4083.205,4086.84,10579
2026-06-26T22:00:00+05:30,4086.805,4093.23,4082.21,4085.2,11019
2026-06-26T22:30:00+05:30,4085.225,4088.215,4080.265,4081.62,7950
2026-06-26T23:00:00+05:30,4081.625,4083.39,4073.825,4074.85,9565
2026-06-26T23:30:00+05:30,4074.865,4079.02,4071.635,4073.655,7384
2026-06-27T00:00:00+05:30,4073.625,4075.635,4067.275,4067.46,8360
2026-06-27T00:30:00+05:30,4067.48,4070.24,4064.705,4066.655,5534
2026-06-27T01:00:00+05:30,4066.68,4074.695,4065.895,4071.815,8800
2026-06-27T01:30:00+05:30,4071.845,4073.245,4064.795,4072.34,8449
2026-06-27T02:00:00+05:30,4072.28,4091.205,4067.25,4088.385,23954
2026-06-29T03:30:00+05:30,4075.86,4083.82,4053.375,4057.38,30445
2026-06-29T04:00:00+05:30,4057.37,4069.585,4056.185,4066.425,13400
2026-06-29T04:30:00+05:30,4066.385,4070.545,4055.705,4057.3,14840
2026-06-29T05:00:00+05:30,4057.315,4066.41,4052.145,4063.115,14264
2026-06-29T05:30:00+05:30,4063.08,4064.915,4048.15,4048.185,16764
2026-06-29T06:00:00+05:30,4048.485,4074.33,4048.485,4069.41,25844
2026-06-29T06:30:00+05:30,4069.415,4074.75,4053.77,4059.42,20980
2026-06-29T07:00:00+05:30,4059.525,4066.595,4054.905,4061.6,11689
2026-06-29T07:30:00+05:30,4061.59,4070.88,4059.4,4068.715,11480
2026-06-29T08:00:00+05:30,4068.785,4071.85,4058.53,4066.24,13319
2026-06-29T08:30:00+05:30,4066.185,4076.015,4064.92,4072.555,11094
2026-06-29T09:00:00+05:30,4072.545,4073.76,4065.59,4068.895,8170
2026-06-29T09:30:00+05:30,4068.88,4069.125,4062.37,4065.25,6755
2026-06-29T10:00:00+05:30,4065.22,4065.585,4049.665,4052.335,15920
2026-06-29T10:30:00+05:30,4052.23,4057.505,4047.455,4049.24,10050
2026-06-29T11:00:00+05:30,4049.23,4056.955,4039.325,4054.475,17630
2026-06-29T11:30:00+05:30,4054.415,4064.14,4053.585,4060.925,10554
2026-06-29T12:00:00+05:30,4060.955,4064.88,4055.05,4062.365,9829
2026-06-29T12:30:00+05:30,4062.405,4066.485,4056.185,4066.225,10300
2026-06-29T13:00:00+05:30,4066.16,4068.83,4060.93,4061.72,7900
2026-06-29T13:30:00+05:30,4061.63,4066.095,4060.555,4061.325,5539
2026-06-29T14:00:00+05:30,4061.34,4066.78,4043.875,4047.28,22905
2026-06-29T14:30:00+05:30,4047.26,4055.485,4045.325,4047.625,10160
2026-06-29T15:00:00+05:30,4047.51,4050.77,4024.44,4031.66,26329
2026-06-29T15:30:00+05:30,4031.65,4039.855,4027.545,4037.59,12309
2026-06-29T16:00:00+05:30,4037.545,4038.885,4031.94,4037.015,6945
2026-06-29T16:30:00+05:30,4037.02,4038.765,4027.51,4032.225,11254
2026-06-29T17:00:00+05:30,4032.22,4042.34,4030.145,4039.285,12195
2026-06-29T17:30:00+05:30,4039.38,4052.61,4037.765,4038.305,14845
2026-06-29T18:00:00+05:30,4038.33,4047.96,4037.605,4043.75,10355
2026-06-29T18:30:00+05:30,4043.785,4051.935,4037.87,4037.87,14065
2026-06-29T19:00:00+05:30,4038.015,4044.675,4028.315,4032.265,16360
2026-06-29T19:30:00+05:30,4032.36,4035.62,4000.325,4024.925,35295
2026-06-29T20:00:00+05:30,4024.92,4030.5,4018.125,4025.745,12375
2026-06-29T20:30:00+05:30,4025.71,4027.715,4016.84,4024.235,10875
2026-06-29T21:00:00+05:30,4024.24,4030.525,4017.72,4026.96,12805
2026-06-29T21:30:00+05:30,4026.975,4028.765,4022.085,4023.785,6679
2026-06-29T22:00:00+05:30,4023.815,4028.315,4018.755,4023.975,9559
2026-06-29T22:30:00+05:30,4023.98,4032.17,4022.495,4023.975,9675
2026-06-29T23:00:00+05:30,4023.985,4024.67,4019.405,4021.055,5264
2026-06-29T23:30:00+05:30,4021.07,4025.41,4020.4,4021.27,5009
2026-06-30T00:00:00+05:30,4021.29,4021.75,4012.02,4013.58,9730
2026-06-30T00:30:00+05:30,4013.57,4017.31,4005.435,4017.215,11875
2026-06-30T01:00:00+05:30,4017.18,4019.675,4012.665,4015.955,7010
2026-06-30T01:30:00+05:30,4015.91,4018.115,4012.82,4017.88,5294
2026-06-30T02:00:00+05:30,4017.92,4018.0,4014.59,4016.955,3409
2026-06-30T03:30:00+05:30,4018.65,4022.455,4015.455,4016.09,7000
2026-06-30T04:00:00+05:30,4016.04,4017.15,4009.57,4014.235,7579
2026-06-30T04:30:00+05:30,4014.365,4022.505,4014.175,4016.76,8329
2026-06-30T05:00:00+05:30,4016.795,4022.14,4013.675,4015.1,8464
2026-06-30T05:30:00+05:30,4015.05,4015.4,4003.495,4006.4,11905
2026-06-30T06:00:00+05:30,4006.47,4006.97,3979.98,3987.34,26989
2026-06-30T06:30:00+05:30,3987.325,3987.505,3942.1,3979.085,45405
2026-06-30T07:00:00+05:30,3979.095,3979.645,3961.59,3969.76,18054
2026-06-30T07:30:00+05:30,3969.59,3973.645,3952.135,3962.01,21509
2026-06-30T08:00:00+05:30,3962.02,3970.6,3954.57,3963.13,16029
2026-06-30T08:30:00+05:30,3963.01,3971.245,3962.81,3965.88,8434
2026-06-30T09:00:00+05:30,3965.875,3971.42,3960.255,3970.06,11164
2026-06-30T09:30:00+05:30,3969.975,3983.785,3968.165,3982.975,15619
2026-06-30T10:00:00+05:30,3982.945,3998.27,3982.655,3985.585,15614
2026-06-30T10:30:00+05:30,3985.575,3991.02,3979.635,3982.99,11384
2026-06-30T11:00:00+05:30,3982.95,3985.29,3975.23,3978.05,10059
2026-06-30T11:30:00+05:30,3978.035,4013.48,3978.035,4012.125,35445
2026-06-30T12:00:00+05:30,4012.105,4034.325,4011.02,4029.625,23304
2026-06-30T12:30:00+05:30,4029.68,4034.86,4023.785,4028.525,11075
2026-06-30T13:00:00+05:30,4028.695,4033.12,4025.575,4032.28,7545
2026-06-30T13:30:00+05:30,4032.285,4037.665,4020.27,4025.945,17394
2026-06-30T14:00:00+05:30,4025.955,4026.865,4013.8,4015.725,13064
2026-06-30T14:30:00+05:30,4015.695,4022.81,4014.78,4017.37,8029
2026-06-30T15:00:00+05:30,4017.38,4023.955,4012.47,4023.955,11485
2026-06-30T15:30:00+05:30,4023.985,4028.815,4021.565,4028.67,7250
2026-06-30T16:00:00+05:30,4028.675,4031.385,4025.235,4029.895,6150
2026-06-30T16:30:00+05:30,4029.85,4034.325,4025.45,4031.93,8875
2026-06-30T17:00:00+05:30,4031.95,4037.43,4028.455,4034.05,8974
2026-06-30T17:30:00+05:30,4033.99,4034.56,4014.915,4017.045,19644
2026-06-30T18:00:00+05:30,4017.07,4022.01,4008.74,4009.97,13270
2026-06-30T18:30:00+05:30,4010.025,4033.46,4009.455,4023.92,24005
2026-06-30T19:00:00+05:30,4023.905,4032.74,4013.29,4029.375,19449
2026-06-30T19:30:00+05:30,4029.415,4063.48,4025.425,4054.12,38054
2026-06-30T20:00:00+05:30,4054.2,4058.79,4037.405,4037.405,21384
2026-06-30T20:30:00+05:30,4037.455,4039.53,4022.335,4028.66,17195
2026-06-30T21:00:00+05:30,4028.715,4034.93,4026.98,4029.365,7949
2026-06-30T21:30:00+05:30,4029.335,4031.485,4025.86,4029.72,5625
2026-06-30T22:00:00+05:30,4029.7,4034.015,4025.97,4026.175,8045
2026-06-30T22:30:00+05:30,4026.145,4028.245,4020.765,4025.53,7480
2026-06-30T23:00:00+05:30,4025.595,4032.265,4025.385,4030.885,6879
2026-06-30T23:30:00+05:30,4030.875,4033.925,4030.485,4031.44,3440
2026-07-01T00:00:00+05:30,4031.6,4032.515,4028.24,4028.55,4275
2026-07-01T00:30:00+05:30,4028.56,4029.605,4021.36,4021.36,8244
2026-07-01T01:00:00+05:30,4021.355,4023.36,4014.73,4015.97,8630
2026-07-01T01:30:00+05:30,4015.985,4021.265,4012.34,4012.86,8924
2026-07-01T02:00:00+05:30,4012.84,4013.625,4006.58,4007.525,7045
2026-07-01T03:30:00+05:30,4014.34,4017.62,4012.13,4013.87,5489
2026-07-01T04:00:00+05:30,4013.825,4018.175,4011.085,4013.245,7090
2026-07-01T04:30:00+05:30,4013.3,4018.505,4008.11,4011.205,10394
2026-07-01T05:00:00+05:30,4011.175,4012.615,4005.505,4005.835,7109
2026-07-01T05:30:00+05:30,4005.86,4009.915,4001.37,4001.85,8545
2026-07-01T06:00:00+05:30,4002.055,4005.81,3993.21,3996.72,12599
2026-07-01T06:30:00+05:30,3996.77,3999.9,3975.775,3985.91,24125
2026-07-01T07:00:00+05:30,3985.945,3988.77,3974.1,3977.995,14670
2026-07-01T07:30:00+05:30,3978.005,3982.645,3970.395,3980.985,12250
2026-07-01T08:00:00+05:30,3980.79,3986.25,3978.565,3979.395,7684
2026-07-01T08:30:00+05:30,3979.38,3987.095,3978.63,3981.51,8464
2026-07-01T09:00:00+05:30,3981.56,3982.45,3976.765,3980.58,5684
2026-07-01T09:30:00+05:30,3980.615,3981.14,3974.265,3977.745,6875
2026-07-01T10:00:00+05:30,3977.7,3982.985,3972.515,3976.7,10470
2026-07-01T10:30:00+05:30,3976.685,3977.335,3969.98,3972.98,7355
2026-07-01T11:00:00+05:30,3973.12,3979.15,3970.575,3974.13,8575
2026-07-01T11:30:00+05:30,3974.135,3977.605,3963.385,3967.53,14219
2026-07-01T12:00:00+05:30,3967.565,3973.705,3963.34,3971.99,10364
2026-07-01T12:30:00+05:30,3971.965,3973.905,3960.275,3964.32,13630
2026-07-01T13:00:00+05:30,3964.315,3978.585,3960.82,3976.065,17764
2026-07-01T13:30:00+05:30,3976.1,3984.555,3969.465,3978.875,15089
2026-07-01T14:00:00+05:30,3978.88,3979.755,3971.395,3974.665,8360
2026-07-01T14:30:00+05:30,3974.645,3980.46,3972.95,3978.865,7510
2026-07-01T15:00:00+05:30,3978.83,3986.145,3977.635,3984.545,8509
2026-07-01T15:30:00+05:30,3984.535,3989.69,3981.39,3987.27,8300
2026-07-01T16:00:00+05:30,3987.245,3998.75,3986.63,3998.41,12119
2026-07-01T16:30:00+05:30,3998.51,4028.715,3997.975,4026.83,30740
2026-07-01T17:00:00+05:30,4026.795,4035.595,4023.26,4030.475,12334
2026-07-01T17:30:00+05:30,4030.5,4034.045,4019.65,4025.925,14394
2026-07-01T18:00:00+05:30,4025.875,4033.14,4022.765,4022.905,10375
2026-07-01T18:30:00+05:30,4022.93,4047.31,4012.865,4046.72,34445
2026-07-01T19:00:00+05:30,4046.88,4108.205,4041.685,4089.65,66519
2026-07-01T19:30:00+05:30,4090.045,4106.84,4082.925,4100.69,23914
2026-07-01T20:00:00+05:30,4100.665,4115.81,4086.475,4093.46,29335
2026-07-01T20:30:00+05:30,4093.475,4094.665,4078.615,4084.015,16050
2026-07-01T21:00:00+05:30,4083.925,4088.22,4076.75,4081.16,11469
2026-07-01T21:30:00+05:30,4081.165,4088.435,4080.62,4081.465,7815
2026-07-01T22:00:00+05:30,4081.415,4083.43,4070.55,4071.285,12879
2026-07-01T22:30:00+05:30,4071.18,4073.725,4067.75,4068.085,5974
2026-07-01T23:00:00+05:30,4068.155,4073.235,4067.33,4068.21,5905
2026-07-01T23:30:00+05:30,4068.21,4070.85,4061.18,4061.24,9670
2026-07-02T00:00:00+05:30,4061.27,4066.06,4057.865,4062.19,8195
2026-07-02T00:30:00+05:30,4062.175,4068.365,4056.725,4058.975,11639
2026-07-02T01:00:00+05:30,4058.965,4059.825,4034.58,4038.88,25244
2026-07-02T01:30:00+05:30,4038.87,4039.83,4028.265,4038.835,11565
2026-07-02T02:00:00+05:30,4038.84,4039.35,4030.155,4031.705,9194
2026-07-02T03:30:00+05:30,4038.71,4041.17,4035.155,4038.47,6014
2026-07-02T04:00:00+05:30,4038.27,4045.155,4037.185,4045.035,7970
2026-07-02T04:30:00+05:30,4045.025,4045.185,4033.945,4037.315,11239
2026-07-02T05:00:00+05:30,4037.365,4040.69,4033.245,4035.325,7445
2026-07-02T05:30:00+05:30,4035.335,4048.545,4030.895,4046.51,17650
2026-07-02T06:00:00+05:30,4046.55,4052.795,4038.14,4052.095,14655
2026-07-02T06:30:00+05:30,4052.14,4068.73,4050.37,4053.4,18360
2026-07-02T07:00:00+05:30,4053.51,4056.375,4045.29,4050.32,11085
2026-07-02T07:30:00+05:30,4050.315,4055.135,4041.515,4051.72,13620
2026-07-02T08:00:00+05:30,4051.77,4061.065,4047.675,4057.085,13389
2026-07-02T08:30:00+05:30,4057.09,4067.31,4055.51,4065.35,11799
2026-07-02T09:00:00+05:30,4065.48,4074.235,4061.875,4070.03,12360
2026-07-02T09:30:00+05:30,4070.025,4073.325,4064.195,4065.76,9129
2026-07-02T10:00:00+05:30,4065.78,4066.68,4060.77,4060.87,5909
2026-07-02T10:30:00+05:30,4060.885,4062.355,4054.61,4057.615,7744
2026-07-02T11:00:00+05:30,4057.635,4067.865,4053.245,4066.275,14619
2026-07-02T11:30:00+05:30,4066.36,4079.92,4066.11,4074.255,13809
2026-07-02T12:00:00+05:30,4074.265,4076.83,4066.155,4073.275,10674
2026-07-02T12:30:00+05:30,4073.305,4074.29,4060.815,4062.425,13474
2026-07-02T13:00:00+05:30,4062.42,4075.585,4061.04,4064.375,14545
2026-07-02T13:30:00+05:30,4064.34,4078.0,4061.475,4075.06,16525
2026-07-02T14:00:00+05:30,4075.01,4080.12,4072.16,4076.19,7960
2026-07-02T14:30:00+05:30,4076.195,4077.225,4066.275,4067.82,10949
2026-07-02T15:00:00+05:30,4067.845,4072.365,4064.095,4065.275,8269
2026-07-02T15:30:00+05:30,4065.425,4067.975,4062.045,4066.195,5929
2026-07-02T16:00:00+05:30,4066.245,4068.8,4061.665,4066.365,7135
2026-07-02T16:30:00+05:30,4066.37,4067.47,4057.44,4065.65,10029
2026-07-02T17:00:00+05:30,4065.66,4072.325,4063.41,4065.33,8914
2026-07-02T17:30:00+05:30,4065.34,4073.715,4061.31,4064.48,12405
2026-07-02T18:00:00+05:30,4064.495,4140.525,4064.495,4117.58,76029
2026-07-02T18:30:00+05:30,4117.55,4129.715,4109.445,4113.3,20270
2026-07-02T19:00:00+05:30,4113.19,4144.08,4110.125,4136.79,33954
2026-07-02T19:30:00+05:30,4136.81,4138.265,4114.06,4116.375,24204
2026-07-02T20:00:00+05:30,4116.35,4129.885,4114.77,4128.655,15114
2026-07-02T20:30:00+05:30,4128.64,4131.665,4114.745,4122.575,16920
2026-07-02T21:00:00+05:30,4122.545,4131.075,4122.515,4128.54,8559
2026-07-02T21:30:00+05:30,4128.6,4130.39,4115.58,4116.555,14810
2026-07-02T22:00:00+05:30,4116.53,4120.355,4100.355,4118.185,20000
2026-07-02T22:30:00+05:30,4118.02,4120.045,4111.54,4112.6,8505
2026-07-02T23:00:00+05:30,4112.585,4114.605,4105.855,4106.89,8750
2026-07-02T23:30:00+05:30,4106.815,4123.83,4105.895,4123.22,17934
2026-07-03T00:00:00+05:30,4123.195,4127.09,4119.88,4122.75,7210
2026-07-03T00:30:00+05:30,4122.755,4124.485,4108.295,4112.755,16189
2026-07-03T01:00:00+05:30,4112.745,4124.12,4111.125,4121.425,12994
2026-07-03T01:30:00+05:30,4121.385,4125.19,4116.365,4123.715,8824
2026-07-03T02:00:00+05:30,4123.72,4125.135,4118.73,4123.605,6405
2026-07-03T03:30:00+05:30,4125.815,4128.335,4122.64,4124.295,5694
2026-07-03T04:00:00+05:30,4124.3,4126.565,4122.62,4124.745,3944
2026-07-03T04:30:00+05:30,4124.725,4130.38,4124.405,4129.835,5975
2026-07-03T05:00:00+05:30,4129.68,4135.08,4121.47,4126.105,13609
2026-07-03T05:30:00+05:30,4126.015,4141.02,4122.775,4137.395,18245
2026-07-03T06:00:00+05:30,4137.415,4151.14,4133.21,4147.115,17930
2026-07-03T06:30:00+05:30,4147.175,4194.625,4146.725,4187.67,47899
2026-07-03T07:00:00+05:30,4187.635,4195.51,4175.525,4182.51,19985
2026-07-03T07:30:00+05:30,4182.525,4184.495,4176.485,4179.11,8010
2026-07-03T08:00:00+05:30,4179.16,4186.86,4178.08,4183.425,8779
2026-07-03T08:30:00+05:30,4183.4,4184.62,4179.28,4181.46,5340
2026-07-03T09:00:00+05:30,4181.51,4183.31,4175.205,4176.07,8105
2026-07-03T09:30:00+05:30,4176.02,4183.06,4173.085,4178.515,9975
2026-07-03T10:00:00+05:30,4178.54,4179.12,4174.63,4179.065,4489
2026-07-03T10:30:00+05:30,4179.055,4181.3,4173.155,4176.31,8145
2026-07-03T11:00:00+05:30,4176.305,4182.08,4169.165,4171.335,12914
2026-07-03T11:30:00+05:30,4171.33,4171.875,4160.415,4164.795,11460
2026-07-03T12:00:00+05:30,4164.815,4174.515,4164.53,4173.11,9985
2026-07-03T12:30:00+05:30,4173.145,4181.205,4169.39,4175.45,11814
2026-07-03T13:00:00+05:30,4175.6,4181.665,4173.835,4177.535,7829
2026-07-03T13:30:00+05:30,4177.55,4185.915,4177.535,4183.165,8380
2026-07-03T14:00:00+05:30,4183.15,4186.655,4176.9,4181.14,9755
2026-07-03T14:30:00+05:30,4181.09,4182.08,4171.365,4172.01,10715
2026-07-03T15:00:00+05:30,4171.915,4175.155,4168.57,4172.115,6585
2026-07-03T15:30:00+05:30,4172.08,4181.275,4170.865,4178.475,10409
2026-07-03T16:00:00+05:30,4178.45,4179.025,4174.8,4177.16,4224
2026-07-03T16:30:00+05:30,4177.09,4186.125,4175.64,4183.145,10484
2026-07-03T17:00:00+05:30,4183.095,4186.46,4178.63,4181.025,7829
2026-07-03T17:30:00+05:30,4181.04,4183.29,4172.255,4174.81,11034
2026-07-03T18:00:00+05:30,4174.865,4177.765,4172.395,4176.775,5369
2026-07-03T18:30:00+05:30,4176.905,4179.38,4164.68,4171.745,14699
2026-07-03T19:00:00+05:30,4171.78,4171.96,4163.705,4164.76,8255
2026-07-03T19:30:00+05:30,4164.9,4167.255,4155.41,4166.315,11845
2026-07-03T20:00:00+05:30,4166.325,4171.295,4163.475,4170.0,7819
2026-07-03T20:30:00+05:30,4169.99,4174.51,4167.08,4167.6,7430
2026-07-03T21:00:00+05:30,4167.61,4169.065,4164.54,4164.825,4524
2026-07-03T21:30:00+05:30,4164.815,4167.855,4163.0,4166.965,4854
2026-07-03T22:00:00+05:30,4166.955,4176.58,4166.94,4175.695,9640
2026-07-06T03:30:00+05:30,4180.345,4186.215,4177.305,4185.32,8909
2026-07-06T04:00:00+05:30,4185.25,4191.665,4183.21,4188.315,8454
2026-07-06T04:30:00+05:30,4188.31,4202.225,4186.675,4200.455,15550
2026-07-06T05:00:00+05:30,4200.435,4201.505,4177.22,4183.285,24284
2026-07-06T05:30:00+05:30,4183.275,4185.535,4170.295,4174.64,15239
2026-07-06T06:00:00+05:30,4174.72,4189.085,4174.14,4179.715,14944
2026-07-06T06:30:00+05:30,4179.525,4192.815,4172.795,4189.635,20019
2026-07-06T07:00:00+05:30,4189.745,4202.705,4185.165,4186.07,17539
2026-07-06T07:30:00+05:30,4186.265,4187.905,4175.97,4177.885,11934
2026-07-06T08:00:00+05:30,4177.9,4178.825,4168.71,4174.29,10114
2026-07-06T08:30:00+05:30,4174.215,4176.53,4162.685,4165.86,13844
2026-07-06T09:00:00+05:30,4165.865,4169.595,4161.175,4165.375,8420
2026-07-06T09:30:00+05:30,4165.36,4166.78,4160.375,4161.375,6404
2026-07-06T10:00:00+05:30,4161.33,4162.585,4157.525,4159.87,5060
2026-07-06T10:30:00+05:30,4159.85,4161.09,4150.67,4153.0,10420
2026-07-06T11:00:00+05:30,4152.995,4160.705,4144.83,4148.135,15875
2026-07-06T11:30:00+05:30,4148.13,4156.855,4145.91,4156.59,10944
2026-07-06T12:00:00+05:30,4156.55,4159.63,4149.035,4150.475,10595
2026-07-06T12:30:00+05:30,4150.465,4155.865,4147.255,4153.035,8609
2026-07-06T13:00:00+05:30,4152.975,4166.52,4151.29,4164.58,15230
2026-07-06T13:30:00+05:30,4164.68,4166.14,4153.66,4155.58,12480
2026-07-06T14:00:00+05:30,4155.575,4156.115,4147.265,4150.52,8849
2026-07-06T14:30:00+05:30,4150.53,4151.25,4141.57,4143.66,9680
2026-07-06T15:00:00+05:30,4143.34,4144.77,4136.555,4143.24,8215
2026-07-06T15:30:00+05:30,4143.225,4150.97,4142.095,4149.035,8875
2026-07-06T16:00:00+05:30,4149.05,4155.92,4148.765,4154.93,7154
2026-07-06T16:30:00+05:30,4154.885,4159.6,4151.54,4154.975,8060
2026-07-06T17:00:00+05:30,4154.98,4158.8,4151.915,4155.265,6885
2026-07-06T17:30:00+05:30,4155.28,4158.525,4145.1,4145.765,13424
2026-07-06T18:00:00+05:30,4145.84,4146.345,4131.52,4139.65,14824
2026-07-06T18:30:00+05:30,4139.66,4148.79,4137.095,4142.415,11694
2026-07-06T19:00:00+05:30,4142.38,4150.625,4136.055,4140.835,14569
2026-07-06T19:30:00+05:30,4140.1,4147.25,4132.52,4137.295,14729
2026-07-06T20:00:00+05:30,4137.29,4141.885,4128.51,4138.25,13375
2026-07-06T20:30:00+05:30,4138.23,4151.075,4137.54,4150.735,13534
2026-07-06T21:00:00+05:30,4150.725,4152.185,4144.89,4148.43,7295
2026-07-06T21:30:00+05:30,4148.48,4148.55,4140.295,4145.725,8255
2026-07-06T22:00:00+05:30,4145.765,4156.34,4145.43,4155.14,10909
2026-07-06T22:30:00+05:30,4155.15,4159.535,4150.455,4155.63,9079
2026-07-06T23:00:00+05:30,4155.595,4161.65,4154.82,4161.26,6829
2026-07-06T23:30:00+05:30,4161.295,4163.075,4155.435,4161.795,7639
2026-07-07T00:00:00+05:30,4161.695,4167.59,4159.765,4164.08,7824
2026-07-07T00:30:00+05:30,4164.075,4165.53,4158.895,4162.97,6634
2026-07-07T01:00:00+05:30,4163.01,4165.095,4159.82,4163.81,5275
2026-07-07T01:30:00+05:30,4163.805,4164.66,4160.77,4162.98,3889
2026-07-07T02:00:00+05:30,4163.005,4165.17,4162.7,4165.115,2470
2026-07-07T03:30:00+05:30,4164.735,4167.48,4164.16,4166.105,3319
2026-07-07T04:00:00+05:30,4166.4,4168.65,4164.15,4164.275,4500
2026-07-07T04:30:00+05:30,4164.29,4165.77,4163.065,4163.31,2705
2026-07-07T05:00:00+05:30,4163.295,4165.515,4157.005,4157.425,8510
2026-07-07T05:30:00+05:30,4157.435,4160.79,4152.125,4159.85,8664
2026-07-07T06:00:00+05:30,4159.855,4162.75,4145.195,4146.13,17555
2026-07-07T06:30:00+05:30,4146.095,4148.07,4125.7,4132.865,22369
2026-07-07T07:00:00+05:30,4132.87,4146.235,4132.4,4141.91,13835
2026-07-07T07:30:00+05:30,4141.975,4145.39,4137.56,4140.715,7829
2026-07-07T08:00:00+05:30,4140.71,4144.825,4131.59,4136.815,13234
2026-07-07T08:30:00+05:30,4136.805,4140.35,4129.345,4132.28,11005
2026-07-07T09:00:00+05:30,4132.215,4135.1,4124.535,4131.3,10565
2026-07-07T09:30:00+05:30,4131.355,4141.415,4130.6,4132.425,10814
2026-07-07T10:00:00+05:30,4132.4,4132.565,4126.065,4126.835,6500
2026-07-07T10:30:00+05:30,4126.885,4131.535,4121.035,4128.52,10500
2026-07-07T11:00:00+05:30,4128.48,4128.885,4116.7,4124.15,12185
2026-07-07T11:30:00+05:30,4124.145,4129.73,4121.675,4126.79,8054
2026-07-07T12:00:00+05:30,4126.745,4133.03,4124.955,4130.54,8074
2026-07-07T12:30:00+05:30,4130.535,4132.31,4124.465,4126.715,7845
2026-07-07T13:00:00+05:30,4126.7,4133.665,4124.64,4124.815,9024
2026-07-07T13:30:00+05:30,4124.765,4139.395,4124.535,4138.615,14860
2026-07-07T14:00:00+05:30,4138.61,4139.305,4121.94,4126.08,17365
2026-07-07T14:30:00+05:30,4126.065,4131.035,4119.81,4121.66,11224
2026-07-07T15:00:00+05:30,4121.655,4133.9,4121.64,4131.235,12259
2026-07-07T15:30:00+05:30,4131.22,4138.875,4131.205,4137.48,7670
2026-07-07T16:00:00+05:30,4137.485,4137.57,4133.5,4135.83,4069
2026-07-07T16:30:00+05:30,4135.835,4145.395,4131.84,4143.145,13555
2026-07-07T17:00:00+05:30,4143.095,4158.36,4139.605,4157.175,18755
2026-07-07T17:30:00+05:30,4157.185,4175.085,4154.625,4166.045,20460
2026-07-07T18:00:00+05:30,4165.94,4172.8,4161.695,4172.4,11105
2026-07-07T18:30:00+05:30,4172.505,4178.415,4160.2,4166.69,18215
2026-07-07T19:00:00+05:30,4166.74,4180.52,4156.16,4158.71,24360
2026-07-07T19:30:00+05:30,4158.64,4163.95,4151.17,4158.235,12779
2026-07-07T20:00:00+05:30,4158.24,4159.29,4143.73,4154.32,15560
2026-07-07T20:30:00+05:30,4154.215,4155.7,4141.875,4143.22,13824
2026-07-07T21:00:00+05:30,4143.27,4148.455,4135.945,4139.055,12510
2026-07-07T21:30:00+05:30,4139.07,4147.31,4137.135,4146.04,10175
2026-07-07T22:00:00+05:30,4146.065,4146.865,4141.12,4145.235,5744
2026-07-07T22:30:00+05:30,4145.19,4147.165,4140.685,4146.22,6479
2026-07-07T23:00:00+05:30,4146.26,4148.345,4143.12,4144.575,5225
2026-07-07T23:30:00+05:30,4144.635,4145.365,4140.28,4141.84,5085
2026-07-08T00:00:00+05:30,4141.67,4142.76,4125.23,4127.105,17530
2026-07-08T00:30:00+05:30,4127.06,4127.88,4092.295,4103.745,35585
2026-07-08T01:00:00+05:30,4103.725,4117.815,4103.65,4114.215,14164
2026-07-08T01:30:00+05:30,4114.205,4115.905,4106.575,4110.9,9329
2026-07-08T02:00:00+05:30,4110.895,4111.185,4103.53,4106.12,7655
2026-07-08T03:30:00+05:30,4105.04,4106.35,4099.645,4099.715,6704
2026-07-08T04:00:00+05:30,4099.72,4102.625,4095.74,4098.375,6885
2026-07-08T04:30:00+05:30,4098.355,4108.01,4096.185,4105.06,11824
2026-07-08T05:00:00+05:30,4105.065,4105.585,4096.065,4098.775,9520
2026-07-08T05:30:00+05:30,4098.78,4108.06,4097.125,4105.605,10935
2026-07-08T06:00:00+05:30,4105.61,4126.82,4103.905,4111.74,22914
2026-07-08T06:30:00+05:30,4111.58,4117.89,4098.24,4102.685,19650
2026-07-08T07:00:00+05:30,4102.73,4113.07,4096.56,4111.23,16509
2026-07-08T07:30:00+05:30,4111.275,4125.11,4106.08,4119.03,19029
2026-07-08T08:00:00+05:30,4119.0,4121.255,4113.42,4114.57,7835
2026-07-08T08:30:00+05:30,4114.61,4130.855,4114.56,4129.94,16294
2026-07-08T09:00:00+05:30,4129.975,4131.22,4122.83,4123.55,8390
2026-07-08T09:30:00+05:30,4123.45,4128.955,4120.61,4125.96,8345
2026-07-08T10:00:00+05:30,4125.97,4128.38,4122.18,4125.295,6199
2026-07-08T10:30:00+05:30,4125.29,4133.99,4121.98,4121.98,12010
2026-07-08T11:00:00+05:30,4122.035,4131.77,4121.26,4127.925,10510
2026-07-08T11:30:00+05:30,4127.895,4133.805,4122.245,4129.7,11560
2026-07-08T12:00:00+05:30,4129.685,4130.065,4123.54,4123.67,6524
2026-07-08T12:30:00+05:30,4123.665,4125.425,4114.9,4120.31,10525
2026-07-08T13:00:00+05:30,4120.315,4127.27,4118.225,4121.36,9045
2026-07-08T13:30:00+05:30,4121.345,4121.365,4080.925,4088.735,40439
2026-07-08T14:00:00+05:30,4088.69,4092.115,4052.285,4057.005,39829
2026-07-08T14:30:00+05:30,4056.93,4061.105,4050.33,4056.65,10775
2026-07-08T15:00:00+05:30,4056.605,4058.765,4041.565,4043.515,17199
2026-07-08T15:30:00+05:30,4043.545,4056.14,4040.575,4050.89,15565
2026-07-08T16:00:00+05:30,4050.78,4058.77,4050.17,4053.165,8599
2026-07-08T16:30:00+05:30,4053.155,4057.385,4047.825,4050.24,9560
2026-07-08T17:00:00+05:30,4050.065,4072.845,4041.55,4062.335,31294
2026-07-08T17:30:00+05:30,4062.235,4077.905,4058.885,4071.02,19019
2026-07-08T18:00:00+05:30,4070.97,4086.445,4068.11,4072.325,18335
2026-07-08T18:30:00+05:30,4072.33,4083.185,4065.34,4066.825,17844
2026-07-08T19:00:00+05:30,4066.83,4080.425,4066.83,4070.895,13595
2026-07-08T19:30:00+05:30,4070.825,4071.585,4051.645,4060.205,19940
2026-07-08T20:00:00+05:30,4060.215,4061.415,4033.885,4040.915,27529
2026-07-08T20:30:00+05:30,4040.955,4043.96,4026.37,4031.02,17590
2026-07-08T21:00:00+05:30,4031.055,4038.595,4021.815,4034.46,16779
2026-07-08T21:30:00+05:30,4034.49,4045.145,4033.225,4043.48,11920
2026-07-08T22:00:00+05:30,4043.2,4064.48,4039.665,4063.87,24815
2026-07-08T22:30:00+05:30,4063.875,4073.965,4059.77,4073.175,14195
2026-07-08T23:00:00+05:30,4073.15,4076.495,4064.47,4065.53,12025
2026-07-08T23:30:00+05:30,4065.45,4075.77,4063.5,4069.635,12269
2026-07-09T00:00:00+05:30,4069.665,4091.67,4067.06,4084.285,24610
2026-07-09T00:30:00+05:30,4084.275,4091.0,4084.26,4088.325,6739
2026-07-09T01:00:00+05:30,4088.41,4091.375,4078.425,4080.055,12949
2026-07-09T01:30:00+05:30,4080.04,4083.64,4074.235,4076.9,9404
2026-07-09T02:00:00+05:30,4076.89,4079.85,4071.645,4077.12,8204
2026-07-09T03:30:00+05:30,4074.405,4079.65,4073.475,4074.335,6175
2026-07-09T04:00:00+05:30,4074.345,4079.885,4073.54,4076.57,6345
2026-07-09T04:30:00+05:30,4076.575,4077.905,4073.88,4077.63,4025
2026-07-09T05:00:00+05:30,4077.6,4077.735,4072.26,4076.285,5474
2026-07-09T05:30:00+05:30,4076.185,4090.02,4073.915,4078.055,16105
2026-07-09T06:00:00+05:30,4078.07,4081.905,4070.38,4073.97,11525
2026-07-09T06:30:00+05:30,4073.985,4078.895,4065.17,4066.785,13724
2026-07-09T07:00:00+05:30,4066.775,4076.155,4062.475,4073.09,13680
2026-07-09T07:30:00+05:30,4073.185,4082.83,4072.38,4080.465,10449
2026-07-09T08:00:00+05:30,4080.46,4081.715,4064.525,4065.195,17190
2026-07-09T08:30:00+05:30,4065.19,4067.8,4054.4,4058.495,13400
2026-07-09T09:00:00+05:30,4058.5,4064.265,4056.65,4064.25,7614
2026-07-09T09:30:00+05:30,4064.37,4064.705,4057.285,4059.04,7420
2026-07-09T10:00:00+05:30,4059.085,4064.665,4056.455,4064.405,8210
2026-07-09T10:30:00+05:30,4064.4,4075.98,4063.85,4072.385,12130
2026-07-09T11:00:00+05:30,4072.405,4084.325,4064.87,4082.02,19454
2026-07-09T11:30:00+05:30,4081.995,4103.29,4081.44,4102.38,21849
2026-07-09T12:00:00+05:30,4102.425,4108.185,4096.09,4108.04,12095
2026-07-09T12:30:00+05:30,4108.065,4110.35,4101.54,4108.86,8810
2026-07-09T13:00:00+05:30,4108.85,4111.24,4103.705,4107.95,7534
2026-07-09T13:30:00+05:30,4108.02,4118.005,4105.315,4114.985,12690
2026-07-09T14:00:00+05:30,4114.95,4116.835,4107.905,4108.34,8930
2026-07-09T14:30:00+05:30,4108.34,4112.52,4105.945,4108.41,6575
2026-07-09T15:00:00+05:30,4108.41,4110.045,4103.09,4106.355,6954
2026-07-09T15:30:00+05:30,4106.35,4110.22,4104.105,4104.385,6115
2026-07-09T16:00:00+05:30,4104.41,4105.485,4093.855,4099.23,11629
2026-07-09T16:30:00+05:30,4099.205,4107.315,4097.915,4100.705,9399
2026-07-09T17:00:00+05:30,4100.595,4110.59,4098.905,4108.61,11685
2026-07-09T17:30:00+05:30,4108.605,4120.165,4105.225,4107.275,14939
2026-07-09T18:00:00+05:30,4107.28,4122.63,4107.245,4107.69,15385
2026-07-09T18:30:00+05:30,4107.665,4127.445,4106.875,4126.045,20569
2026-07-09T19:00:00+05:30,4126.235,4129.59,4117.9,4122.085,11690
2026-07-09T19:30:00+05:30,4122.015,4136.605,4114.305,4124.83,22299
2026-07-09T20:00:00+05:30,4124.855,4128.08,4118.255,4127.84,9824
2026-07-09T20:30:00+05:30,4127.915,4130.995,4124.885,4127.955,6109
2026-07-09T21:00:00+05:30,4128.045,4132.84,4126.36,4126.885,6480
2026-07-09T21:30:00+05:30,4126.885,4133.265,4125.785,4132.765,7480
2026-07-09T22:00:00+05:30,4132.63,4138.035,4128.135,4128.155,9899
2026-07-09T22:30:00+05:30,4128.115,4132.085,4125.095,4131.715,6989
2026-07-09T23:00:00+05:30,4131.765,4138.06,4129.38,4136.24,8680
2026-07-09T23:30:00+05:30,4136.225,4136.48,4123.19,4124.06,13289
2026-07-10T00:00:00+05:30,4124.085,4125.6,4121.53,4124.59,4070
2026-07-10T00:30:00+05:30,4124.58,4127.06,4120.795,4121.02,6265
2026-07-10T01:00:00+05:30,4121.005,4123.685,4118.91,4122.56,4775
2026-07-10T01:30:00+05:30,4122.44,4124.24,4120.7,4121.24,3539
2026-07-10T02:00:00+05:30,4121.205,4125.745,4120.89,4123.79,4854
2026-07-10T03:30:00+05:30,4125.25,4127.815,4122.395,4123.295,5419
2026-07-10T04:00:00+05:30,4123.315,4124.84,4121.65,4121.9,3190
2026-07-10T04:30:00+05:30,4121.94,4125.24,4121.35,4122.225,3889
2026-07-10T05:00:00+05:30,4122.28,4124.685,4121.065,4123.535,3620
2026-07-10T05:30:00+05:30,4123.54,4125.835,4117.195,4119.615,8640
2026-07-10T06:00:00+05:30,4119.665,4128.47,4114.545,4126.51,13925
2026-07-10T06:30:00+05:30,4126.565,4131.26,4119.065,4121.7,12195
2026-07-10T07:00:00+05:30,4121.685,4123.635,4108.72,4116.895,14914
2026-07-10T07:30:00+05:30,4116.995,4128.995,4116.12,4125.99,12875
2026-07-10T08:00:00+05:30,4126.015,4129.105,4122.055,4127.77,7049
2026-07-10T08:30:00+05:30,4127.76,4134.92,4120.71,4125.35,14210
2026-07-10T09:00:00+05:30,4125.3,4127.875,4119.55,4120.355,8324
2026-07-10T09:30:00+05:30,4120.375,4121.285,4112.265,4117.79,9019
2026-07-10T10:00:00+05:30,4117.74,4119.85,4115.08,4115.32,4770
2026-07-10T10:30:00+05:30,4115.315,4117.285,4112.965,4114.365,4319
2026-07-10T11:00:00+05:30,4114.375,4117.235,4108.39,4116.89,8844
2026-07-10T11:30:00+05:30,4116.845,4120.19,4113.935,4114.595,6254
2026-07-10T12:00:00+05:30,4114.59,4116.21,4111.16,4111.785,5050
2026-07-10T12:30:00+05:30,4111.68,4115.52,4108.8,4112.55,6720
2026-07-10T13:00:00+05:30,4112.56,4114.675,4104.44,4109.07,10235
2026-07-10T13:30:00+05:30,4108.985,4109.65,4103.305,4104.47,6344
2026-07-10T14:00:00+05:30,4104.485,4105.765,4094.86,4098.03,10905
2026-07-10T14:30:00+05:30,4098.02,4103.61,4094.535,4102.775,9074
2026-07-10T15:00:00+05:30,4102.76,4105.625,4098.585,4104.5,7039
2026-07-10T15:30:00+05:30,4104.525,4112.815,4104.28,4109.505,8534
2026-07-10T16:00:00+05:30,4109.51,4110.62,4104.49,4104.67,6130
2026-07-10T16:30:00+05:30,4104.595,4108.205,4100.19,4100.26,8015
2026-07-10T17:00:00+05:30,4100.245,4108.045,4096.155,4102.415,11890
2026-07-10T17:30:00+05:30,4102.465,4117.585,4101.11,4106.15,16475
2026-07-10T18:00:00+05:30,4106.19,4107.115,4097.63,4100.765,9484
2026-07-10T18:30:00+05:30,4100.865,4106.765,4085.855,4087.6,20910
2026-07-10T19:00:00+05:30,4087.59,4105.62,4087.185,4099.995,18434
2026-07-10T19:30:00+05:30,4099.99,4109.145,4097.63,4105.445,11515
2026-07-10T20:00:00+05:30,4105.46,4107.895,4072.8,4092.94,35095
2026-07-10T20:30:00+05:30,4092.945,4107.795,4091.46,4102.265,16335
2026-07-10T21:00:00+05:30,4102.28,4113.595,4101.515,4113.115,12079
2026-07-10T21:30:00+05:30,4113.215,4114.965,4107.355,4114.56,7610
2026-07-10T22:00:00+05:30,4114.54,4115.51,4104.48,4104.525,11030
2026-07-10T22:30:00+05:30,4104.52,4106.965,4102.47,4105.7,4494
2026-07-10T23:00:00+05:30,4105.715,4107.035,4100.58,4100.785,6454
2026-07-10T23:30:00+05:30,4100.815,4105.58,4100.075,4103.06,5505
2026-07-11T00:00:00+05:30,4103.085,4103.86,4098.21,4101.375,5649
2026-07-11T00:30:00+05:30,4101.415,4103.5,4097.925,4101.925,5574
2026-07-11T01:00:00+05:30,4101.9,4109.155,4100.62,4108.465,8534
2026-07-11T01:30:00+05:30,4108.47,4115.19,4108.4,4111.475,6789
2026-07-11T02:00:00+05:30,4111.295,4121.375,4110.515,4120.67,10859
2026-07-13T03:30:00+05:30,4090.98,4094.82,4079.975,4084.7,14845
2026-07-13T04:00:00+05:30,4084.67,4086.755,4069.68,4076.745,17075
2026-07-13T04:30:00+05:30,4076.795,4076.83,4068.61,4075.01,8219
2026-07-13T05:00:00+05:30,4074.985,4084.885,4071.905,4084.7,12980
2026-07-13T05:30:00+05:30,4084.72,4091.295,4074.525,4074.895,16769
2026-07-13T06:00:00+05:30,4074.845,4077.695,4061.115,4074.105,16580
2026-07-13T06:30:00+05:30,4074.36,4082.16,4065.74,4080.095,16420
2026-07-13T07:00:00+05:30,4080.115,4089.905,4067.71,4072.59,22195
2026-07-13T07:30:00+05:30,4072.74,4075.315,4066.8,4067.51,8514
2026-07-13T08:00:00+05:30,4067.505,4077.405,4064.695,4068.735,12710
2026-07-13T08:30:00+05:30,4068.57,4069.545,4053.27,4061.985,16275
2026-07-13T09:00:00+05:30,4061.935,4062.56,4057.115,4060.66,5445
2026-07-13T09:30:00+05:30,4060.69,4060.69,4050.465,4055.64,10224
2026-07-13T10:00:00+05:30,4055.615,4059.305,4052.69,4058.95,6614
2026-07-13T10:30:00+05:30,4058.935,4073.27,4054.985,4058.445,18284
2026-07-13T11:00:00+05:30,4058.365,4065.805,4052.17,4053.76,13634
2026-07-13T11:30:00+05:30,4053.765,4061.495,4044.06,4061.2,17434
2026-07-13T12:00:00+05:30,4061.335,4063.72,4052.195,4055.655,11524
2026-07-13T12:30:00+05:30,4055.66,4061.28,4049.045,4058.955,12235
2026-07-13T13:00:00+05:30,4058.815,4065.225,4056.2,4065.055,9025
2026-07-13T13:30:00+05:30,4065.04,4080.845,4063.29,4074.085,17554
2026-07-13T14:00:00+05:30,4074.07,4078.595,4071.82,4074.585,6774
2026-07-13T14:30:00+05:30,4074.555,4076.715,4071.36,4072.61,5355
2026-07-13T15:00:00+05:30,4072.605,4073.885,4068.18,4068.43,5705
2026-07-13T15:30:00+05:30,4068.26,4070.705,4064.48,4065.27,6224
2026-07-13T16:00:00+05:30,4065.275,4068.34,4046.43,4060.815,21910
2026-07-13T16:30:00+05:30,4060.835,4068.14,4058.175,4062.98,9964
2026-07-13T17:00:00+05:30,4062.84,4068.63,4055.08,4056.525,13550
2026-07-13T17:30:00+05:30,4056.55,4063.665,4053.62,4059.135,10045
2026-07-13T18:00:00+05:30,4059.13,4067.6,4058.81,4067.56,8789
2026-07-13T18:30:00+05:30,4067.61,4067.8,4058.705,4062.37,9095
2026-07-13T19:00:00+05:30,4062.33,4064.13,4042.005,4043.425,22125
2026-07-13T19:30:00+05:30,4043.39,4047.025,4002.875,4016.915,44150
2026-07-13T20:00:00+05:30,4016.86,4017.2,4000.23,4015.415,16969
2026-07-13T20:30:00+05:30,4015.4,4020.355,4011.04,4016.61,9315
2026-07-13T21:00:00+05:30,4016.665,4017.795,4010.37,4016.09,7425
2026-07-13T21:30:00+05:30,4016.155,4018.115,4000.58,4004.03,17534
2026-07-13T22:00:00+05:30,4004.04,4004.95,3986.58,3993.5,18369
2026-07-13T22:30:00+05:30,3993.655,4002.025,3992.245,3999.065,9780
2026-07-13T23:00:00+05:30,3999.105,4001.01,3992.055,3993.27,8955
2026-07-13T23:30:00+05:30,3993.335,3996.915,3986.92,3995.31,9994
2026-07-14T00:00:00+05:30,3995.295,4005.215,3994.215,4001.51,11000
2026-07-14T00:30:00+05:30,4001.585,4004.615,3996.925,3998.33,7689
2026-07-14T01:00:00+05:30,3998.255,4002.465,3993.62,4002.07,8845
2026-07-14T01:30:00+05:30,4002.065,4006.245,3996.59,4000.04,9654
2026-07-14T02:00:00+05:30,4000.065,4002.39,3997.42,4001.185,4969
2026-07-14T03:30:00+05:30,4001.64,4005.925,4001.63,4004.555,4295
2026-07-14T04:00:00+05:30,4004.51,4005.715,4000.9,4001.075,4815
2026-07-14T04:30:00+05:30,4001.12,4003.18,3997.085,3997.565,6094
2026-07-14T05:00:00+05:30,3997.43,4002.19,3992.855,4001.26,9335
2026-07-14T05:30:00+05:30,4001.355,4004.93,3983.545,3995.425,21384
2026-07-14T06:00:00+05:30,3995.46,4007.41,3994.265,4004.285,13144
2026-07-14T06:30:00+05:30,4004.32,4005.02,3992.1,3997.845,12920
2026-07-14T07:00:00+05:30,3997.785,4012.385,3992.83,4010.58,19555
2026-07-14T07:30:00+05:30,4010.6,4019.235,4006.15,4018.045,13085
2026-07-14T08:00:00+05:30,4018.04,4019.135,4009.16,4012.515,9975
2026-07-14T08:30:00+05:30,4012.5,4019.055,4011.09,4018.16,7964
2026-07-14T09:00:00+05:30,4018.155,4019.25,4013.86,4017.13,5389
2026-07-14T09:30:00+05:30,4017.195,4018.935,4013.57,4015.8,5364
2026-07-14T10:00:00+05:30,4015.75,4023.575,4015.75,4020.26,7824
2026-07-14T10:30:00+05:30,4020.275,4024.12,4019.635,4022.845,4484
2026-07-14T11:00:00+05:30,4022.85,4034.25,4022.465,4031.42,11784
2026-07-14T11:30:00+05:30,4031.475,4033.35,4022.995,4023.105,10355
2026-07-14T12:00:00+05:30,4023.12,4026.975,4021.75,4024.06,5224
2026-07-14T12:30:00+05:30,4024.07,4029.965,4020.83,4026.445,9135
2026-07-14T13:00:00+05:30,4026.475,4029.695,4020.3,4020.83,9394
2026-07-14T13:30:00+05:30,4020.89,4023.285,4014.515,4021.875,8769
2026-07-14T14:00:00+05:30,4021.835,4024.03,4016.02,4016.065,8010
2026-07-14T14:30:00+05:30,4016.075,4024.6,4013.925,4015.915,10674
2026-07-14T15:00:00+05:30,4015.9,4023.98,4013.965,4021.745,10014
2026-07-14T15:30:00+05:30,4021.66,4022.23,4015.68,4017.9,6550
2026-07-14T16:00:00+05:30,4017.865,4023.015,4015.175,4021.875,7839
2026-07-14T16:30:00+05:30,4021.855,4028.45,4015.485,4025.025,12964
2026-07-14T17:00:00+05:30,4025.005,4031.915,4024.525,4031.185,7389
2026-07-14T17:30:00+05:30,4031.11,4035.99,4023.33,4030.35,12659
2026-07-14T18:00:00+05:30,4030.18,4104.05,4029.375,4076.225,74675
2026-07-14T18:30:00+05:30,4076.335,4086.485,4071.0,4081.665,15485
2026-07-14T19:00:00+05:30,4081.785,4088.795,4074.325,4076.63,14470
2026-07-14T19:30:00+05:30,4076.68,4085.33,4070.71,4077.1,14619
2026-07-14T20:00:00+05:30,4077.02,4090.655,4073.315,4085.16,17340
2026-07-14T20:30:00+05:30,4085.21,4100.685,4078.815,4085.08,21870
2026-07-14T21:00:00+05:30,4085.07,4087.05,4064.725,4066.415,22325
2026-07-14T21:30:00+05:30,4066.4,4067.31,4057.865,4059.42,9445
2026-07-14T22:00:00+05:30,4059.455,4062.885,4057.81,4061.625,5075
2026-07-14T22:30:00+05:30,4061.605,4064.81,4054.57,4062.87,10239
2026-07-14T23:00:00+05:30,4062.905,4065.17,4058.445,4062.885,6724
2026-07-14T23:30:00+05:30,4062.68,4063.195,4056.685,4058.535,6510
2026-07-15T00:00:00+05:30,4058.51,4059.68,4042.885,4054.35,16794
2026-07-15T00:30:00+05:30,4054.355,4057.395,4051.415,4051.695,5980
2026-07-15T01:00:00+05:30,4051.7,4056.975,4047.835,4055.84,9139
2026-07-15T01:30:00+05:30,4055.83,4056.575,4052.3,4052.99,4274
2026-07-15T02:00:00+05:30,4053.07,4053.525,4049.31,4052.775,4215
2026-07-15T03:30:00+05:30,4053.215,4053.24,4049.125,4051.805,4114
2026-07-15T04:00:00+05:30,4051.795,4052.845,4048.62,4049.05,4224
2026-07-15T04:30:00+05:30,4049.11,4054.125,4046.925,4053.83,7199
2026-07-15T05:00:00+05:30,4053.85,4056.215,4051.42,4053.035,4795
2026-07-15T05:30:00+05:30,4052.935,4058.315,4051.05,4058.315,7264
2026-07-15T06:00:00+05:30,4058.33,4060.845,4052.33,4059.295,8514
2026-07-15T06:30:00+05:30,4059.285,4062.125,4052.775,4054.455,9349
2026-07-15T07:00:00+05:30,4054.41,4054.675,4035.54,4037.43,19135
2026-07-15T07:30:00+05:30,4037.25,4042.305,4029.38,4033.34,12924
2026-07-15T08:00:00+05:30,4033.29,4041.965,4032.83,4035.335,9135
2026-07-15T08:30:00+05:30,4035.285,4040.455,4030.275,4031.01,10179
2026-07-15T09:00:00+05:30,4031.0,4035.84,4028.1,4031.4,7740
2026-07-15T09:30:00+05:30,4031.45,4035.315,4030.145,4033.845,5170
2026-07-15T10:00:00+05:30,4033.83,4035.25,4028.325,4033.245,6925
2026-07-15T10:30:00+05:30,4033.32,4036.28,4024.865,4025.285,11415
2026-07-15T11:00:00+05:30,4025.25,4037.16,4022.245,4034.84,14914
2026-07-15T11:30:00+05:30,4034.735,4035.63,4021.465,4026.595,14164
2026-07-15T12:00:00+05:30,4026.56,4033.9,4022.89,4032.1,11010
2026-07-15T12:30:00+05:30,4032.155,4034.485,4020.165,4024.13,14320
2026-07-15T13:00:00+05:30,4024.16,4027.2,4019.71,4024.615,7489
2026-07-15T13:30:00+05:30,4024.735,4026.92,4017.475,4026.765,9445
2026-07-15T14:00:00+05:30,4026.795,4033.29,4024.78,4031.35,8509
2026-07-15T14:30:00+05:30,4031.385,4034.475,4027.115,4027.54,7360
2026-07-15T15:00:00+05:30,4027.455,4030.49,4025.605,4030.31,4884
2026-07-15T15:30:00+05:30,4030.405,4036.14,4026.61,4028.97,9529
2026-07-15T16:00:00+05:30,4028.915,4034.14,4027.18,4028.27,6960
2026-07-15T16:30:00+05:30,4028.26,4033.08,4027.77,4030.82,5309
2026-07-15T17:00:00+05:30,4030.835,4040.25,4029.405,4038.435,10844
2026-07-15T17:30:00+05:30,4038.45,4042.725,4035.955,4039.625,6769
2026-07-15T18:00:00+05:30,4039.6,4071.595,4039.425,4067.85,32169
2026-07-15T18:30:00+05:30,4068.045,4074.175,4054.105,4055.715,20070
2026-07-15T19:00:00+05:30,4055.725,4066.44,4054.995,4061.69,11445
2026-07-15T19:30:00+05:30,4061.855,4066.07,4055.585,4058.595,10485
2026-07-15T20:00:00+05:30,4058.61,4064.09,4053.325,4060.61,10765
2026-07-15T20:30:00+05:30,4060.605,4063.01,4039.655,4049.11,23355
2026-07-15T21:00:00+05:30,4049.095,4050.99,4044.915,4046.985,6074
2026-07-15T21:30:00+05:30,4047.03,4048.02,4033.055,4034.73,14965
2026-07-15T22:00:00+05:30,4034.715,4038.14,4026.945,4033.83,11194
2026-07-15T22:30:00+05:30,4033.82,4048.28,4033.11,4047.645,15170
2026-07-15T23:00:00+05:30,4047.595,4066.3,4047.135,4062.36,19164
2026-07-15T23:30:00+05:30,4062.41,4075.42,4061.86,4074.305,13559
2026-07-16T00:00:00+05:30,4074.395,4081.52,4058.1,4059.29,23420
2026-07-16T00:30:00+05:30,4059.265,4063.055,4052.865,4056.15,10190
2026-07-16T01:00:00+05:30,4056.26,4057.645,4048.1,4057.12,9545
2026-07-16T01:30:00+05:30,4057.03,4062.305,4055.255,4061.475,7049
2026-07-16T02:00:00+05:30,4061.545,4063.225,4059.96,4060.695,3264
2026-07-16T03:30:00+05:30,4060.64,4064.71,4060.565,4062.195,4144
2026-07-16T04:00:00+05:30,4062.2,4062.365,4058.235,4059.68,4129
2026-07-16T04:30:00+05:30,4059.57,4062.075,4057.185,4057.905,4889
2026-07-16T05:00:00+05:30,4057.915,4061.1,4055.825,4058.02,5275
2026-07-16T05:30:00+05:30,4058.035,4060.47,4054.845,4058.545,5625
2026-07-16T06:00:00+05:30,4058.64,4061.21,4043.745,4044.605,17465
2026-07-16T06:30:00+05:30,4044.595,4050.735,4034.075,4037.055,16660
2026-07-16T07:00:00+05:30,4037.065,4046.195,4036.775,4039.14,9420
2026-07-16T07:30:00+05:30,4039.145,4040.21,4028.78,4034.7,11429
2026-07-16T08:00:00+05:30,4034.695,4035.915,4024.27,4031.525,11644
2026-07-16T08:30:00+05:30,4031.455,4034.155,4027.8,4034.08,6355
2026-07-16T09:00:00+05:30,4034.03,4037.075,4032.475,4036.385,4599
2026-07-16T09:30:00+05:30,4036.435,4038.045,4032.0,4034.08,6045
2026-07-16T10:00:00+05:30,4034.13,4035.58,4032.075,4033.305,3505
2026-07-16T10:30:00+05:30,4033.305,4034.13,4026.885,4027.855,7244
2026-07-16T11:00:00+05:30,4027.875,4033.165,4025.46,4027.445,7704
2026-07-16T11:30:00+05:30,4027.375,4036.62,4027.11,4030.495,9509
2026-07-16T12:00:00+05:30,4030.48,4031.535,4023.21,4030.705,8324
2026-07-16T12:30:00+05:30,4030.7,4030.855,4023.925,4024.69,6929
2026-07-16T13:00:00+05:30,4024.63,4031.99,4023.03,4030.805,8959
2026-07-16T13:30:00+05:30,4030.745,4034.31,4025.43,4032.46,8880
2026-07-16T14:00:00+05:30,4032.435,4036.645,4032.07,4035.29,4574
2026-07-16T14:30:00+05:30,4035.295,4037.98,4030.955,4033.31,7025
2026-07-16T15:00:00+05:30,4033.29,4036.305,4030.55,4031.755,5754
2026-07-16T15:30:00+05:30,4031.695,4034.805,4029.665,4033.295,5139
2026-07-16T16:00:00+05:30,4033.27,4034.645,4028.65,4029.565,5994
2026-07-16T16:30:00+05:30,4029.645,4030.25,4021.375,4024.61,8875
2026-07-16T17:00:00+05:30,4024.57,4042.43,4023.73,4038.465,18699
2026-07-16T17:30:00+05:30,4038.45,4043.36,4012.915,4025.175,30445
2026-07-16T18:00:00+05:30,4025.125,4029.845,3990.58,3992.54,39264
2026-07-16T18:30:00+05:30,3992.55,4006.315,3973.8,4005.64,32514
2026-07-16T19:00:00+05:30,4005.66,4008.485,3981.915,3990.265,26570
2026-07-16T19:30:00+05:30,3990.23,4000.66,3987.19,3999.335,13469
2026-07-16T20:00:00+05:30,3999.15,4006.815,3992.63,3997.92,14184
2026-07-16T20:30:00+05:30,3997.97,4017.03,3989.47,4011.555,27560
2026-07-16T21:00:00+05:30,4011.545,4016.475,4005.595,4007.125,10880
2026-07-16T21:30:00+05:30,4007.17,4007.775,3982.455,3987.635,25320
2026-07-16T22:00:00+05:30,3987.64,3997.04,3987.075,3992.05,9965
2026-07-16T22:30:00+05:30,3992.085,3992.99,3982.87,3987.84,10119
2026-07-16T23:00:00+05:30,3987.86,3988.835,3980.095,3984.71,8740
2026-07-16T23:30:00+05:30,3984.74,3990.51,3983.675,3986.5,6835
2026-07-17T00:00:00+05:30,3986.555,3986.555,3976.69,3980.36,9864
2026-07-17T00:30:00+05:30,3980.4,3986.13,3978.775,3979.05,7355
2026-07-17T01:00:00+05:30,3979.045,3982.705,3969.345,3980.085,13360
2026-07-17T01:30:00+05:30,3980.2,3980.27,3971.905,3975.01,8364
2026-07-17T02:00:00+05:30,3975.02,3976.81,3973.555,3976.58,3255
2026-07-17T03:30:00+05:30,3979.265,3979.325,3974.875,3976.63,4449
2026-07-17T04:00:00+05:30,3976.61,3978.585,3973.365,3978.445,5220
2026-07-17T04:30:00+05:30,3978.455,3980.845,3975.25,3978.69,5594
2026-07-17T05:00:00+05:30,3978.71,3986.585,3975.71,3986.105,10875
2026-07-17T05:30:00+05:30,3986.135,3990.98,3983.29,3984.995,7690
2026-07-17T06:00:00+05:30,3984.985,3992.06,3980.61,3992.0,11449
2026-07-17T06:30:00+05:30,3991.975,3996.3,3987.315,3991.265,8985
2026-07-17T07:00:00+05:30,3991.26,3995.54,3979.385,3983.44,16154
2026-07-17T07:30:00+05:30,3983.475,3987.52,3980.005,3983.345,7514
2026-07-17T08:00:00+05:30,3983.28,3984.37,3970.74,3979.19,13630
2026-07-17T08:30:00+05:30,3979.2,4008.795,3979.025,4001.18,29769
2026-07-17T09:00:00+05:30,4001.23,4001.645,3990.695,3991.435,10949
2026-07-17T09:30:00+05:30,3991.415,3991.765,3985.24,3986.475,6525
2026-07-17T10:00:00+05:30,3986.465,3988.425,3980.245,3981.97,8180
2026-07-17T10:30:00+05:30,3981.965,3983.005,3975.295,3979.985,7710
2026-07-17T11:00:00+05:30,3979.755,3991.54,3978.47,3985.2,13070
2026-07-17T11:30:00+05:30,3985.21,4006.16,3985.21,4003.905,20949
2026-07-17T12:00:00+05:30,4003.925,4007.295,3995.76,3999.475,11534
2026-07-17T12:30:00+05:30,3999.43,4002.76,3993.385,3996.48,9375
2026-07-17T13:00:00+05:30,3996.475,3998.855,3992.69,3992.775,6164
2026-07-17T13:30:00+05:30,3992.81,3999.985,3988.21,3992.47,11775
2026-07-17T14:00:00+05:30,3992.465,3999.505,3987.945,3994.265,11559
2026-07-17T14:30:00+05:30,3994.255,4002.455,3992.93,3999.035,9525
2026-07-17T15:00:00+05:30,3999.045,3999.68,3994.835,3998.055,4844
2026-07-17T15:30:00+05:30,3998.06,3999.23,3994.49,3996.3,4740
2026-07-17T16:00:00+05:30,3996.265,3997.695,3990.595,3990.995,7100
2026-07-17T16:30:00+05:30,3990.99,3996.35,3990.12,3995.77,6230
2026-07-17T17:00:00+05:30,3995.775,3998.805,3991.505,3994.225,7299
2026-07-17T17:30:00+05:30,3994.165,3995.71,3984.45,3987.565,11260
2026-07-17T18:00:00+05:30,3987.575,3988.47,3964.155,3966.32,24314
2026-07-17T18:30:00+05:30,3966.34,3975.93,3959.8,3968.465,16129
2026-07-17T19:00:00+05:30,3968.47,4003.745,3963.72,3997.37,40025
2026-07-17T19:30:00+05:30,3997.3,4004.605,3990.19,3998.62,14414
2026-07-17T20:00:00+05:30,3998.675,4001.55,3992.29,4001.365,9260
2026-07-17T20:30:00+05:30,4001.255,4014.205,3997.74,4013.515,16465
2026-07-17T21:00:00+05:30,4013.57,4021.345,4009.335,4019.2,12009
2026-07-17T21:30:00+05:30,4019.36,4023.835,4011.035,4018.695,12800
2026-07-17T22:00:00+05:30,4018.7,4020.61,4012.83,4014.98,7780
2026-07-17T22:30:00+05:30,4015.09,4019.27,4012.585,4013.96,6684
2026-07-17T23:00:00+05:30,4013.97,4014.755,4008.32,4010.14,6434
2026-07-17T23:30:00+05:30,4010.145,4016.26,4007.805,4015.465,8455
2026-07-18T00:00:00+05:30,4015.445,4016.22,4006.68,4011.385,9539
2026-07-18T00:30:00+05:30,4011.305,4011.59,4002.42,4005.455,9170
2026-07-18T01:00:00+05:30,4005.53,4016.605,4005.1,4015.475,11505
2026-07-18T01:30:00+05:30,4015.585,4015.965,4008.935,4011.09,7030
2026-07-18T02:00:00+05:30,4011.1,4019.04,4008.7,4017.315,10340
2026-07-20T03:30:00+05:30,3995.57,4002.31,3994.805,3995.18,7505
2026-07-20T04:00:00+05:30,3995.14,3999.38,3993.485,3994.725,5894
2026-07-20T04:30:00+05:30,3994.8,3995.555,3990.645,3993.3,4909
2026-07-20T05:00:00+05:30,3993.42,3996.2,3989.5,3995.515,6699
2026-07-20T05:30:00+05:30,3995.5,4005.575,3982.63,4003.98,22944
2026-07-20T06:00:00+05:30,4003.985,4010.325,3998.41,4008.695,11914
2026-07-20T06:30:00+05:30,4008.73,4021.1,3999.835,4003.34,21264
2026-07-20T07:00:00+05:30,4003.36,4005.755,3995.82,4002.215,9934
2026-07-20T07:30:00+05:30,4002.205,4009.975,4001.38,4007.02,8594
2026-07-20T08:00:00+05:30,4007.01,4028.94,4006.04,4022.015,22900
2026-07-20T08:30:00+05:30,4021.965,4026.915,4018.65,4022.4,8264
2026-07-20T09:00:00+05:30,4022.435,4028.04,4018.765,4024.175,9275
2026-07-20T09:30:00+05:30,4024.165,4026.845,4021.42,4025.425,5424
2026-07-20T10:00:00+05:30,4025.42,4025.595,4018.55,4018.935,7044
2026-07-20T10:30:00+05:30,4019.04,4021.295,4010.11,4011.005,11184
2026-07-20T11:00:00+05:30,4011.01,4014.685,4005.52,4008.72,9164
2026-07-20T11:30:00+05:30,4008.715,4011.855,4004.065,4004.955,7789
2026-07-20T12:00:00+05:30,4004.96,4007.74,4002.95,4003.775,4789
2026-07-20T12:30:00+05:30,4003.785,4008.78,4002.185,4006.765,6595
2026-07-20T13:00:00+05:30,4006.755,4021.895,4006.635,4017.34,15259
2026-07-20T13:30:00+05:30,4017.26,4030.875,4017.145,4021.95,13730
2026-07-20T14:00:00+05:30,4021.94,4025.065,4017.51,4019.03,7554
2026-07-20T14:30:00+05:30,4019.005,4022.305,4015.235,4016.51,7069
2026-07-20T15:00:00+05:30,4016.355,4023.34,4014.845,4021.315,8495
2026-07-20T15:30:00+05:30,4021.34,4023.385,4018.31,4021.98,5075
2026-07-20T16:00:00+05:30,4021.965,4025.725,4020.995,4024.225,4730
2026-07-20T16:30:00+05:30,4024.355,4027.37,4019.855,4022.33,7514
2026-07-20T17:00:00+05:30,4022.32,4040.815,4021.575,4025.315,19240
2026-07-20T17:30:00+05:30,4025.325,4025.325,4006.795,4013.08,18529
2026-07-20T18:00:00+05:30,4013.045,4015.61,4006.505,4008.165,9105
2026-07-20T18:30:00+05:30,4008.18,4013.98,4007.02,4008.79,6960
2026-07-20T19:00:00+05:30,4008.86,4017.48,4005.77,4005.825,11710
2026-07-20T19:30:00+05:30,4005.795,4008.13,3998.33,4006.89,9800
2026-07-20T20:00:00+05:30,4006.9,4013.88,4005.185,4006.3,8695
2026-07-20T20:30:00+05:30,4006.335,4019.63,4004.63,4016.43,15000
2026-07-20T21:00:00+05:30,4016.48,4016.93,4010.26,4011.855,6669
2026-07-20T21:30:00+05:30,4011.835,4018.385,4010.75,4012.59,7635
2026-07-20T22:00:00+05:30,4012.585,4012.76,4001.58,4009.775,11180
2026-07-20T22:30:00+05:30,4009.77,4013.095,4009.015,4012.19,4079
2026-07-20T23:00:00+05:30,4012.335,4013.09,4003.885,4005.38,9204
2026-07-20T23:30:00+05:30,4005.415,4011.87,4003.405,4006.775,8464
2026-07-21T00:00:00+05:30,4006.8,4008.815,4004.31,4007.34,4505
2026-07-21T00:30:00+05:30,4007.35,4013.01,4004.305,4013.01,8705
2026-07-21T01:00:00+05:30,4012.965,4018.035,4005.26,4006.995,12774
2026-07-21T01:30:00+05:30,4007.005,4009.55,4005.87,4008.405,3680
2026-07-21T02:00:00+05:30,4008.385,4009.485,4007.07,4007.585,2414
2026-07-21T03:30:00+05:30,4008.105,4011.025,4005.255,4010.055,5769
2026-07-21T04:00:00+05:30,4010.04,4010.06,3999.915,4000.555,10144
2026-07-21T04:30:00+05:30,4000.67,4010.01,4000.305,4003.665,9705
2026-07-21T05:00:00+05:30,4003.63,4010.85,4003.445,4010.055,7404
2026-07-21T05:30:00+05:30,4010.06,4018.685,4003.565,4015.045,15119
2026-07-21T06:00:00+05:30,4015.005,4027.225,4014.08,4024.8,13144
2026-07-21T06:30:00+05:30,4024.81,4036.16,4018.46,4028.195,17699
2026-07-21T07:00:00+05:30,4028.21,4031.075,4021.47,4023.34,9605
2026-07-21T07:30:00+05:30,4023.345,4030.0,4022.055,4028.78,7945
2026-07-21T08:00:00+05:30,4028.735,4045.365,4027.935,4038.145,17429
2026-07-21T08:30:00+05:30,4038.135,4051.515,4036.75,4047.62,14764
2026-07-21T09:00:00+05:30,4047.65,4049.755,4041.895,4046.96,7860
2026-07-21T09:30:00+05:30,4046.995,4051.92,4043.725,4044.77,8195
2026-07-21T10:00:00+05:30,4044.79,4049.875,4044.34,4049.67,5534
2026-07-21T10:30:00+05:30,4049.68,4056.525,4046.375,4054.43,10150
2026-07-21T11:00:00+05:30,4054.45,4068.095,4054.45,4061.6,13644
2026-07-21T11:30:00+05:30,4061.61,4074.595,4061.395,4072.605,13199
2026-07-21T12:00:00+05:30,4072.665,4084.305,4071.86,4078.605,12444
2026-07-21T12:30:00+05:30,4078.65,4080.285,4068.34,4069.52,11944
2026-07-21T13:00:00+05:30,4069.51,4075.525,4067.62,4071.255,7905
2026-07-21T13:30:00+05:30,4071.195,4072.52,4062.985,4063.645,9534
2026-07-21T14:00:00+05:30,4063.55,4065.175,4059.175,4062.875,6000
2026-07-21T14:30:00+05:30,4062.92,4068.555,4062.5,4062.75,6054
2026-07-21T15:00:00+05:30,4062.755,4069.745,4061.0,4065.975,8744
2026-07-21T15:30:00+05:30,4065.945,4069.39,4060.975,4066.86,8414
2026-07-21T16:00:00+05:30,4066.905,4070.235,4062.575,4063.06,7660
2026-07-21T16:30:00+05:30,4063.055,4063.75,4055.46,4058.16,8289
2026-07-21T17:00:00+05:30,4058.215,4061.3,4054.52,4056.175,6780
2026-07-21T17:30:00+05:30,4056.2,4065.725,4055.765,4061.625,9960
2026-07-21T18:00:00+05:30,4061.74,4063.81,4051.255,4054.0,12554
2026-07-21T18:30:00+05:30,4053.9,4061.795,4050.455,4051.015,11340
2026-07-21T19:00:00+05:30,4050.995,4057.545,4044.725,4053.245,12820
2026-07-21T19:30:00+05:30,4053.2,4069.485,4051.61,4069.42,17875
2026-07-21T20:00:00+05:30,4069.43,4074.08,4062.245,4068.64,11835
2026-07-21T20:30:00+05:30,4068.49,4079.15,4065.74,4076.875,13410
2026-07-21T21:00:00+05:30,4076.705,4083.405,4072.22,4074.255,11185
2026-07-21T21:30:00+05:30,4074.265,4079.265,4073.67,4075.68,5594
2026-07-21T22:00:00+05:30,4075.7,4076.385,4069.945,4071.555,6440
2026-07-21T22:30:00+05:30,4071.55,4072.855,4068.97,4072.31,3885
2026-07-21T23:00:00+05:30,4072.15,4072.295,4066.83,4068.75,5465
2026-07-21T23:30:00+05:30,4068.81,4087.135,4067.79,4083.78,19345
2026-07-22T00:00:00+05:30,4083.815,4085.6,4079.29,4082.23,6309
2026-07-22T00:30:00+05:30,4082.25,4085.815,4080.085,4084.07,5730
2026-07-22T01:00:00+05:30,4084.085,4085.47,4082.01,4084.485,3459
2026-07-22T01:30:00+05:30,4084.435,4086.455,4081.6,4082.81,4855
2026-07-22T02:00:00+05:30,4082.825,4085.455,4076.915,4077.325,8539
2026-07-22T03:30:00+05:30,4078.675,4083.29,4077.165,4082.875,6125
2026-07-22T04:00:00+05:30,4082.91,4085.32,4078.36,4080.59,6960
2026-07-22T04:30:00+05:30,4080.595,4082.57,4079.685,4081.22,2885
2026-07-22T05:00:00+05:30,4081.235,4083.135,4079.18,4080.71,3955
2026-07-22T05:30:00+05:30,4080.68,4098.795,4076.755,4098.245,22039
2026-07-22T06:00:00+05:30,4098.23,4102.575,4089.565,4097.58,13009
2026-07-22T06:30:00+05:30,4097.67,4121.855,4096.78,4115.63,25074
2026-07-22T07:00:00+05:30,4115.64,4123.72,4113.055,4122.265,10664
2026-07-22T07:30:00+05:30,4122.16,4126.11,4118.81,4124.3,7299
2026-07-22T08:00:00+05:30,4124.29,4131.015,4122.385,4130.66,8630
2026-07-22T08:30:00+05:30,4130.69,4141.715,4129.32,4138.295,12395
2026-07-22T09:00:00+05:30,4138.305,4138.32,4130.23,4130.875,8090
2026-07-22T09:30:00+05:30,4130.785,4131.23,4126.355,4128.855,4875
2026-07-22T10:00:00+05:30,4128.85,4129.145,4124.725,4126.995,4420
2026-07-22T10:30:00+05:30,4127.01,4130.065,4123.21,4123.74,6854
2026-07-22T11:00:00+05:30,4123.79,4134.12,4123.08,4131.26,11039
2026-07-22T11:30:00+05:30,4131.235,4135.415,4114.08,4117.72,21335
2026-07-22T12:00:00+05:30,4117.73,4120.815,4113.475,4116.58,7339
2026-07-22T12:30:00+05:30,4116.565,4122.53,4111.86,4119.615,10670
2026-07-22T13:00:00+05:30,4119.625,4123.065,4109.395,4110.78,13669
2026-07-22T13:30:00+05:30,4110.785,4117.91,4110.635,4117.525,7274
2026-07-22T14:00:00+05:30,4117.5,4120.21,4113.41,4118.28,6800
2026-07-22T14:30:00+05:30,4118.305,4122.325,4117.825,4118.72,4500
2026-07-22T15:00:00+05:30,4118.805,4121.755,4113.32,4115.0,8435
2026-07-22T15:30:00+05:30,4115.025,4121.89,4114.8,4119.345,7090
2026-07-22T16:00:00+05:30,4119.35,4120.335,4115.955,4117.59,4380
2026-07-22T16:30:00+05:30,4117.555,4123.1,4115.25,4118.795,7850
2026-07-22T17:00:00+05:30,4118.785,4123.17,4112.605,4122.695,10565
2026-07-22T17:30:00+05:30,4122.705,4133.17,4121.895,4132.62,11274
2026-07-22T18:00:00+05:30,4132.635,4134.46,4106.72,4113.16,27739
2026-07-22T18:30:00+05:30,4113.155,4135.09,4112.93,4131.815,22159
2026-07-22T19:00:00+05:30,4131.865,4155.87,4131.865,4154.525,24005
2026-07-22T19:30:00+05:30,4154.52,4163.54,4144.48,4146.505,19060
2026-07-22T20:00:00+05:30,4146.52,4152.98,4144.165,4148.58,8814
2026-07-22T20:30:00+05:30,4148.6,4161.585,4148.59,4157.25,12994
2026-07-22T21:00:00+05:30,4157.245,4166.13,4155.62,4159.475,10510
2026-07-22T21:30:00+05:30,4159.475,4159.605,4147.92,4149.185,11684
2026-07-22T22:00:00+05:30,4149.19,4151.455,4144.55,4146.84,6904
2026-07-22T22:30:00+05:30,4146.83,4147.93,4142.77,4146.12,5159
2026-07-22T23:00:00+05:30,4146.1,4147.635,4138.44,4142.47,9195
2026-07-22T23:30:00+05:30,4142.475,4142.885,4134.84,4135.295,8045
2026-07-23T00:00:00+05:30,4135.27,4138.96,4132.125,4136.125,6835
2026-07-23T00:30:00+05:30,4136.115,4137.29,4131.805,4134.48,5484
2026-07-23T01:00:00+05:30,4134.495,4136.31,4129.02,4131.905,7289
2026-07-23T01:30:00+05:30,4131.875,4137.92,4130.485,4136.725,7435
2026-07-23T02:00:00+05:30,4136.73,4137.65,4128.42,4129.76,9229
2026-07-23T03:30:00+05:30,4119.635,4129.355,4119.59,4129.01,9764
2026-07-23T04:00:00+05:30,4128.96,4130.195,4119.965,4121.525,10229
2026-07-23T04:30:00+05:30,4121.625,4124.84,4116.73,4120.11,8110
2026-07-23T05:00:00+05:30,4120.12,4134.4,4119.275,4133.495,15125
2026-07-23T05:30:00+05:30,4133.505,4134.67,4126.17,4129.315,8500
2026-07-23T06:00:00+05:30,4129.315,4133.255,4125.2,4132.15,8055
2026-07-23T06:30:00+05:30,4131.855,4141.275,4129.785,4137.71,11489
2026-07-23T07:00:00+05:30,4137.755,4139.59,4114.425,4118.11,25164
2026-07-23T07:30:00+05:30,4118.035,4119.065,4112.315,4116.37,6750
2026-07-23T08:00:00+05:30,4116.345,4129.025,4114.115,4128.14,14909
2026-07-23T08:30:00+05:30,4128.15,4133.25,4124.32,4130.67,8930
2026-07-23T09:00:00+05:30,4130.655,4131.165,4124.34,4124.87,6824
2026-07-23T09:30:00+05:30,4124.855,4130.07,4122.605,4130.015,7465
2026-07-23T10:00:00+05:30,4130.025,4130.54,4120.07,4121.265,10470
2026-07-23T10:30:00+05:30,4121.26,4125.67,4119.645,4125.655,6024
2026-07-23T11:00:00+05:30,4125.625,4130.625,4120.755,4124.165,9869
2026-07-23T11:30:00+05:30,4124.16,4128.37,4121.27,4122.235,7099
2026-07-23T12:00:00+05:30,4122.23,4124.04,4117.06,4118.67,6979
2026-07-23T12:30:00+05:30,4118.69,4119.525,4102.015,4108.64,17509
2026-07-23T13:00:00+05:30,4108.705,4109.04,4090.055,4095.47,18985
2026-07-23T13:30:00+05:30,4095.42,4097.855,4088.56,4092.07,9294
2026-07-23T14:00:00+05:30,4092.005,4094.985,4087.11,4093.52,7875
2026-07-23T14:30:00+05:30,4093.54,4099.63,4089.47,4091.695,10160
2026-07-23T15:00:00+05:30,4091.685,4094.445,4088.465,4089.96,5980
2026-07-23T15:30:00+05:30,4089.955,4092.675,4086.185,4089.935,6490
2026-07-23T16:00:00+05:30,4089.915,4095.46,4086.665,4093.405,8795
2026-07-23T16:30:00+05:30,4093.375,4094.07,4081.255,4084.555,12815
2026-07-23T17:00:00+05:30,4084.34,4089.255,4073.2,4085.765,16055
2026-07-23T17:30:00+05:30,4085.645,4086.045,4070.395,4075.47,15650
2026-07-23T18:00:00+05:30,4075.46,4075.46,4061.2,4061.85,14260
2026-07-23T18:30:00+05:30,4061.815,4063.665,4040.595,4058.84,23070
2026-07-23T19:00:00+05:30,4058.745,4067.415,4042.815,4043.45,24599
2026-07-23T19:30:00+05:30,4043.52,4057.07,4040.185,4056.48,16885
2026-07-23T20:00:00+05:30,4056.585,4061.8,4051.615,4057.98,10185
2026-07-23T20:30:00+05:30,4058.165,4059.64,4045.57,4046.97,14069
2026-07-23T21:00:00+05:30,4046.96,4053.435,4042.41,4048.815,11025
2026-07-23T21:30:00+05:30,4048.89,4051.8,4045.96,4050.14,5840
2026-07-23T22:00:00+05:30,4050.19,4051.83,4047.115,4051.535,4715
2026-07-23T22:30:00+05:30,4051.535,4054.58,4046.25,4047.325,8329
2026-07-23T23:00:00+05:30,4047.305,4049.285,4041.7,4041.88,7585
2026-07-23T23:30:00+05:30,4041.94,4045.21,4040.745,4044.575,4465
2026-07-24T00:00:00+05:30,4044.53,4048.445,4044.465,4046.175,3980
2026-07-24T00:30:00+05:30,4046.145,4049.345,4043.115,4048.365,6230
2026-07-24T01:00:00+05:30,4048.375,4051.14,4044.995,4049.935,6144
2026-07-24T01:30:00+05:30,4049.945,4051.44,4047.495,4050.355,3945
2026-07-24T02:00:00+05:30,4050.36,4050.765,4047.565,4049.78,3199
2026-07-24T03:30:00+05:30,4048.875,4050.625,4048.645,4049.965,1980
2026-07-24T04:00:00+05:30,4049.985,4050.655,4048.665,4049.785,1990
2026-07-24T04:30:00+05:30,4049.78,4050.205,4047.155,4049.245,3049
2026-07-24T05:00:00+05:30,4049.16,4050.825,4046.71,4047.29,4114
2026-07-24T05:30:00+05:30,4047.33,4050.16,4041.375,4046.815,8784
2026-07-24T06:00:00+05:30,4046.855,4051.01,4045.025,4049.88,5985
2026-07-24T06:30:00+05:30,4049.89,4050.39,4039.97,4042.915,10420
2026-07-24T07:00:00+05:30,4042.88,4050.37,4041.49,4043.68,8880
2026-07-24T07:30:00+05:30,4043.64,4048.59,4041.185,4046.59,7405
2026-07-24T08:00:00+05:30,4046.585,4048.215,4023.07,4024.54,25144
2026-07-24T08:30:00+05:30,4024.535,4033.84,4023.04,4030.47,10800
2026-07-24T09:00:00+05:30,4030.465,4033.405,4028.475,4029.54,4930
2026-07-24T09:30:00+05:30,4029.52,4030.54,4027.195,4029.885,3344
2026-07-24T10:00:00+05:30,4029.925,4030.495,4025.72,4027.12,4775
2026-07-24T10:30:00+05:30,4027.13,4032.335,4022.495,4026.33,9840
2026-07-24T11:00:00+05:30,4026.31,4031.645,4022.06,4023.135,9585
2026-07-24T11:30:00+05:30,4023.195,4039.185,4023.055,4036.72,16130
2026-07-24T12:00:00+05:30,4036.73,4038.985,4031.79,4035.845,7195
2026-07-24T12:30:00+05:30,4035.855,4051.06,4035.245,4048.945,15815
2026-07-24T13:00:00+05:30,4048.955,4053.84,4045.905,4048.415,7934
2026-07-24T13:30:00+05:30,4048.435,4052.78,4045.28,4052.775,7500
2026-07-24T14:00:00+05:30,4052.735,4058.775,4049.005,4057.65,9769
2026-07-24T14:30:00+05:30,4057.645,4060.74,4052.59,4053.125,8149
2026-07-24T15:00:00+05:30,4053.1,4059.975,4051.84,4059.885,8134
2026-07-24T15:30:00+05:30,4059.935,4063.825,4057.635,4062.18,6189
2026-07-24T16:00:00+05:30,4062.165,4064.025,4057.165,4060.205,6860
2026-07-24T16:30:00+05:30,4060.2,4063.495,4058.64,4059.28,4855
2026-07-24T17:00:00+05:30,4059.18,4061.77,4051.49,4057.795,10280
2026-07-24T17:30:00+05:30,4057.81,4060.285,4052.47,4059.855,7815
2026-07-24T18:00:00+05:30,4059.835,4059.84,4051.815,4056.095,8025
2026-07-24T18:30:00+05:30,4056.07,4058.54,4044.81,4046.525,13730
2026-07-24T19:00:00+05:30,4046.515,4068.68,4044.835,4067.865,23844
2026-07-24T19:30:00+05:30,4067.86,4069.98,4056.115,4066.26,13865
2026-07-24T20:00:00+05:30,4066.245,4068.185,4058.64,4063.35,9545
2026-07-24T20:30:00+05:30,4063.4,4082.16,4061.955,4075.245,20204
2026-07-24T21:00:00+05:30,4075.26,4079.775,4070.93,4077.535,8845
2026-07-24T21:30:00+05:30,4077.575,4078.245,4073.56,4073.74,4684
2026-07-24T22:00:00+05:30,4073.73,4074.095,4064.285,4067.175,9809
2026-07-24T22:30:00+05:30,4067.18,4069.94,4062.985,4068.455,6954
2026-07-24T23:00:00+05:30,4068.365,4069.96,4063.16,4063.505,6800
2026-07-24T23:30:00+05:30,4063.555,4064.615,4054.985,4055.46,9629
2026-07-25T00:00:00+05:30,4055.52,4057.14,4051.255,4054.47,5884
2026-07-25T00:30:00+05:30,4054.52,4056.385,4049.38,4051.625,7005
2026-07-25T01:00:00+05:30,4051.6,4058.01,4051.415,4053.895,6595
2026-07-25T01:30:00+05:30,4053.875,4055.35,4052.155,4053.775,3194
2026-07-25T02:00:00+05:30,4053.755,4056.465,4051.665,4052.845,4800
2026-07-27T03:30:00+05:30,4090.16,4091.89,4084.03,4086.85,7859
2026-07-27T04:00:00+05:30,4086.675,4093.84,4085.83,4089.575,8010
2026-07-27T04:30:00+05:30,4089.795,4091.435,4083.8,4084.905,7634
2026-07-27T05:00:00+05:30,4084.865,4096.515,4084.69,4094.11,11825
2026-07-27T05:30:00+05:30,4094.105,4116.185,4090.64,4094.74,25545
2026-07-27T06:00:00+05:30,4094.715,4109.37,4093.755,4100.815,15614
2026-07-27T06:30:00+05:30,4100.83,4112.48,4097.13,4100.2,15349
2026-07-27T07:00:00+05:30,4100.22,4110.265,4098.015,4110.255,12250
2026-07-27T07:30:00+05:30,4110.3,4111.105,4102.065,4103.305,9039
2026-07-27T08:00:00+05:30,4103.3,4103.3,4093.75,4093.765,9550
2026-07-27T08:30:00+05:30,4093.68,4095.955,4085.435,4085.685,10519
2026-07-27T09:00:00+05:30,4085.555,4091.315,4085.23,4091.045,6085
2026-07-27T09:30:00+05:30,4091.055,4092.925,4087.08,4089.15,5845
2026-07-27T10:00:00+05:30,4089.115,4092.53,4089.115,4090.39,3415
2026-07-27T10:30:00+05:30,4090.395,4094.99,4086.22,4087.235,8769
2026-07-27T11:00:00+05:30,4087.1,4093.84,4084.49,4093.365,9350
2026-07-27T11:30:00+05:30,4093.33,4096.545,4091.36,4096.285,5184
2026-07-27T12:00:00+05:30,4096.24,4099.365,4094.38,4096.02,4984
2026-07-27T12:30:00+05:30,4095.98,4106.24,4095.98,4103.24,10259
2026-07-27T13:00:00+05:30,4103.27,4103.85,4088.635,4088.885,15215
2026-07-27T13:30:00+05:30,4088.98,4093.21,4087.24,4090.93,5970
2026-07-27T14:00:00+05:30,4090.925,4096.985,4087.435,4095.28,9549
2026-07-27T14:30:00+05:30,4095.215,4098.485,4091.26,4091.71,7224
2026-07-27T15:00:00+05:30,4091.675,4100.38,4090.575,4096.14,9805
2026-07-27T15:30:00+05:30,4096.12,4096.42,4086.62,4093.09,9800
2026-07-27T16:00:00+05:30,4093.085,4102.45,4093.085,4099.625,9364
2026-07-27T16:30:00+05:30,4099.66,4104.205,4096.94,4097.115,7265
2026-07-27T17:00:00+05:30,4097.265,4100.105,4093.695,4094.015,6409
2026-07-27T17:30:00+05:30,4094.03,4097.845,4081.835,4086.795,16010
2026-07-27T18:00:00+05:30,4086.725,4089.18,4081.73,4083.82,7449
2026-07-27T18:30:00+05:30,4083.875,4088.895,4076.035,4076.275,12860
2026-07-27T19:00:00+05:30,4076.32,4089.59,4070.495,4074.445,19095
2026-07-27T19:30:00+05:30,4074.48,4079.23,4067.27,4068.345,11960
2026-07-27T20:00:00+05:30,4068.335,4077.63,4065.415,4076.335,12215
2026-07-27T20:30:00+05:30,4076.315,4079.495,4071.915,4076.66,7579
2026-07-27T21:00:00+05:30,4076.69,4080.05,4072.825,4078.62,7225
2026-07-27T21:30:00+05:30,4078.625,4088.895,4077.965,4085.235,10929
2026-07-27T22:00:00+05:30,4085.26,4094.105,4080.915,4082.56,13190
2026-07-27T22:30:00+05:30,4082.565,4082.565,4070.785,4074.855,11780
2026-07-27T23:00:00+05:30,4074.865,4077.28,4072.34,4076.505,4940
2026-07-27T23:30:00+05:30,4076.51,4079.31,4074.3,4076.945,5009
2026-07-28T00:00:00+05:30,4076.955,4079.58,4073.0,4078.005,6579
2026-07-28T00:30:00+05:30,4078.04,4088.815,4076.22,4085.765,12595
2026-07-28T01:00:00+05:30,4085.77,4089.485,4082.505,4083.5,6980
2026-07-28T01:30:00+05:30,4083.535,4084.21,4078.3,4078.755,5909
2026-07-28T02:00:00+05:30,4078.79,4079.225,4075.325,4076.425,3900
2026-07-28T03:30:00+05:30,4080.685,4081.415,4071.16,4072.545,10255
2026-07-28T04:00:00+05:30,4072.585,4075.155,4072.445,4074.32,2710
2026-07-28T04:30:00+05:30,4074.22,4075.14,4071.96,4073.32,3179
2026-07-28T05:00:00+05:30,4073.27,4073.755,4070.035,4073.385,3720
2026-07-28T05:30:00+05:30,4073.365,4074.26,4059.245,4062.08,15015
2026-07-28T06:00:00+05:30,4062.145,4066.405,4057.665,4058.245,8740
2026-07-28T06:30:00+05:30,4058.23,4060.43,4046.57,4047.57,13859
2026-07-28T07:00:00+05:30,4047.535,4050.58,4042.77,4045.23,7809
2026-07-28T07:30:00+05:30,4045.245,4049.215,4042.555,4046.26,6660
2026-07-28T08:00:00+05:30,4046.235,4048.095,4040.935,4042.115,7159
2026-07-28T08:30:00+05:30,4042.11,4049.48,4040.455,4047.83,9025
2026-07-28T09:00:00+05:30,4047.825,4051.24,4047.41,4049.615,3829
2026-07-28T09:30:00+05:30,4049.605,4049.7,4043.53,4045.725,6169
2026-07-28T10:00:00+05:30,4045.735,4048.06,4041.395,4042.305,6664
2026-07-28T10:30:00+05:30,4042.3,4044.03,4040.045,4043.195,3985
2026-07-28T11:00:00+05:30,4043.2,4046.625,4034.795,4045.2,11829
2026-07-28T11:30:00+05:30,4045.195,4049.055,4043.015,4047.87,6039
2026-07-28T12:00:00+05:30,4047.885,4052.405,4047.0,4048.425,5405
2026-07-28T12:30:00+05:30,4048.395,4052.425,4047.58,4050.275,4845
2026-07-28T13:00:00+05:30,4050.355,4051.175,4046.235,4047.395,4940
2026-07-28T13:30:00+05:30,4047.355,4055.21,4043.15,4049.54,12059
2026-07-28T14:00:00+05:30,4049.58,4049.86,4041.72,4045.56,8140
2026-07-28T14:30:00+05:30,4045.46,4045.955,4039.155,4040.415,6799
2026-07-28T15:00:00+05:30,4040.425,4040.44,4019.575,4023.42,20865
2026-07-28T15:30:00+05:30,4023.49,4027.055,4017.115,4017.705,9940
2026-07-28T16:00:00+05:30,4017.685,4028.63,4017.29,4026.67,11340
2026-07-28T16:30:00+05:30,4026.66,4032.555,4023.275,4027.585,9279
2026-07-28T17:00:00+05:30,4027.61,4031.625,4024.03,4028.19,7594
2026-07-28T17:30:00+05:30,4028.195,4034.935,4022.965,4034.585,11969
2026-07-28T18:00:00+05:30,4034.65,4038.22,4026.005,4029.69,12214
2026-07-28T18:30:00+05:30,4029.74,4036.04,4028.56,4029.07,7480
2026-07-28T19:00:00+05:30,4028.99,4032.91,4020.33,4022.11,12579
2026-07-28T19:30:00+05:30,4022.16,4033.6,4011.765,4022.465,21835
2026-07-28T20:00:00+05:30,4022.455,4029.6,4019.035,4024.375,10565
2026-07-28T20:30:00+05:30,4024.43,4040.87,4022.16,4035.405,18710
2026-07-28T21:00:00+05:30,4035.44,4047.195,4032.36,4046.13,14835
2026-07-28T21:30:00+05:30,4046.145,4046.68,4042.115,4042.285,4565
2026-07-28T22:00:00+05:30,4042.305,4043.885,4036.715,4037.605,7170
2026-07-28T22:30:00+05:30,4037.69,4041.73,4035.36,4037.835,6369
2026-07-28T23:00:00+05:30,4037.845,4037.93,4025.755,4027.935,12174
2026-07-28T23:30:00+05:30,4027.985,4030.58,4026.025,4027.215,4554
2026-07-29T00:00:00+05:30,4027.18,4027.65,4021.715,4023.15,5934
2026-07-29T00:30:00+05:30,4023.19,4025.935,4021.935,4023.45,4000
2026-07-29T01:00:00+05:30,4023.49,4028.07,4023.12,4026.465,4950
2026-07-29T01:30:00+05:30,4026.455,4027.845,4022.6,4027.41,5244
2026-07-29T02:00:00+05:30,4027.42,4030.555,4026.565,4028.67,3989
2026-07-29T03:30:00+05:30,4026.565,4028.165,4017.415,4021.0,10750
2026-07-29T04:00:00+05:30,4021.025,4021.265,4013.975,4018.44,7289
2026-07-29T04:30:00+05:30,4018.45,4023.24,4015.21,4018.72,8029
2026-07-29T05:00:00+05:30,4018.775,4026.345,4017.475,4024.945,8869
2026-07-29T05:30:00+05:30,4024.99,4029.815,4017.57,4022.625,12244
2026-07-29T06:00:00+05:30,4022.62,4027.995,4020.57,4022.08,7424
2026-07-29T06:30:00+05:30,4022.075,4022.075,4010.41,4018.635,11664
2026-07-29T07:00:00+05:30,4018.62,4030.675,4015.18,4026.16,15495
2026-07-29T07:30:00+05:30,4026.165,4035.51,4023.265,4033.17,12245
2026-07-29T08:00:00+05:30,4033.105,4038.08,4029.245,4029.435,8835
2026-07-29T08:30:00+05:30,4029.42,4032.84,4025.755,4027.26,7085
2026-07-29T09:00:00+05:30,4027.25,4029.69,4023.25,4023.73,6440
2026-07-29T09:30:00+05:30,4023.74,4025.635,4020.655,4023.71,4980
2026-07-29T10:00:00+05:30,4023.665,4027.845,4023.585,4027.4,4259
2026-07-29T10:30:00+05:30,4027.425,4031.835,4026.735,4030.6,5099
2026-07-29T11:00:00+05:30,4030.545,4040.15,4029.855,4033.135,10295
2026-07-29T11:30:00+05:30,4033.14,4043.225,4033.08,4041.065,10144
2026-07-29T12:00:00+05:30,4041.08,4044.845,4039.705,4041.25,5139
2026-07-29T12:30:00+05:30,4041.2,4047.88,4041.2,4046.11,6680
2026-07-29T13:00:00+05:30,4046.075,4047.515,4042.72,4043.825,4795
2026-07-29T13:30:00+05:30,4043.82,4044.555,4035.67,4037.235,8884
2026-07-29T14:00:00+05:30,4037.25,4040.225,4035.8,4037.64,4424
2026-07-29T14:30:00+05:30,4037.73,4038.38,4033.55,4033.915,4829
2026-07-29T15:00:00+05:30,4033.9,4036.46,4031.36,4032.695,5099
2026-07-29T15:30:00+05:30,4032.68,4034.245,4030.2,4033.21,4045
2026-07-29T16:00:00+05:30,4033.165,4034.57,4026.065,4027.535,8505
2026-07-29T16:30:00+05:30,4027.555,4033.59,4025.105,4032.935,8485
2026-07-29T17:00:00+05:30,4032.95,4036.195,4030.15,4032.845,6045
2026-07-29T17:30:00+05:30,4032.85,4033.5,4012.7,4013.29,20800
2026-07-29T18:00:00+05:30,4013.175,4023.815,4009.39,4022.65,14425
2026-07-29T18:30:00+05:30,4022.82,4026.565,4013.68,4014.725,12885
2026-07-29T19:00:00+05:30,4014.735,4018.12,4002.6,4007.445,15519
2026-07-29T19:30:00+05:30,4007.455,4010.215,3996.055,4005.665,14160
2026-07-29T20:00:00+05:30,4005.675,4009.42,3998.44,4004.875,10980
2026-07-29T20:30:00+05:30,4004.93,4011.365,4003.4,4010.72,7964
2026-07-29T21:00:00+05:30,4010.795,4013.815,4007.26,4009.975,6554
2026-07-29T21:30:00+05:30,4010.015,4017.59,4007.63,4016.595,9960
2026-07-29T22:00:00+05:30,4016.585,4032.915,4015.065,4027.46,17849
2026-07-29T22:30:00+05:30,4027.455,4050.745,4027.405,4039.245,23339
2026-07-29T23:00:00+05:30,4039.24,4048.155,4036.335,4044.285,11820
2026-07-29T23:30:00+05:30,4044.29,4086.225,4042.775,4067.93,43449
2026-07-30T00:00:00+05:30,4067.92,4110.12,4052.175,4106.75,57944
2026-07-30T00:30:00+05:30,4106.74,4116.415,4080.93,4084.265,35485
2026-07-30T01:00:00+05:30,4084.195,4088.69,4044.375,4044.74,44315
2026-07-30T01:30:00+05:30,4044.74,4057.54,4042.955,4055.895,14585
2026-07-30T02:00:00+05:30,4055.835,4070.195,4054.185,4066.34,16010
2026-07-30T03:30:00+05:30,4074.84,4077.825,4064.505,4075.0,13319
2026-07-30T04:00:00+05:30,4074.985,4090.65,4072.96,4088.58,17690
2026-07-30T04:30:00+05:30,4088.61,4100.485,4088.375,4093.59,12109
2026-07-30T05:00:00+05:30,4093.595,4094.58,4084.4,4084.59,10179
2026-07-30T05:30:00+05:30,4084.625,4086.735,4073.02,4075.355,13715
2026-07-30T06:00:00+05:30,4075.385,4077.0,4064.96,4072.27,12039
2026-07-30T06:30:00+05:30,4072.285,4092.955,4070.36,4081.27,22594
2026-07-30T07:00:00+05:30,4081.3,4091.155,4080.74,4084.59,10415
2026-07-30T07:30:00+05:30,4084.46,4090.45,4080.075,4082.725,10375
2026-07-30T08:00:00+05:30,4082.715,4082.82,4063.435,4063.71,19385
2026-07-30T08:30:00+05:30,4063.705,4070.345,4052.74,4054.01,17605
2026-07-30T09:00:00+05:30,4054.02,4059.865,4050.81,4058.88,9054
2026-07-30T09:30:00+05:30,4058.94,4060.385,4051.135,4054.105,9250
2026-07-30T10:00:00+05:30,4054.125,4054.125,4044.34,4046.045,9784
2026-07-30T10:30:00+05:30,4046.05,4047.385,4037.6,4047.005,9785
2026-07-30T11:00:00+05:30,4046.955,4051.445,4028.69,4033.82,22755
2026-07-30T11:30:00+05:30,4033.725,4039.545,4029.4,4033.215,10144
2026-07-30T12:00:00+05:30,4033.265,4040.63,4031.015,4036.54,9615
2026-07-30T12:30:00+05:30,4036.57,4051.43,4035.41,4045.965,16019
2026-07-30T13:00:00+05:30,4045.975,4047.365,4036.065,4038.935,11299
2026-07-30T13:30:00+05:30,4038.825,4068.525,4036.81,4064.54,31715
2026-07-30T14:00:00+05:30,4064.48,4073.01,4059.475,4061.49,13535
2026-07-30T14:30:00+05:30,4061.485,4072.505,4060.305,4067.53,12200
2026-07-30T15:00:00+05:30,4067.525,4073.155,4060.515,4063.405,12640
2026-07-30T15:30:00+05:30,4063.495,4077.74,4063.065,4076.52,14674
2026-07-30T16:00:00+05:30,4076.4,4083.23,4075.165,4078.155,8065
2026-07-30T16:30:00+05:30,4078.105,4082.945,4076.645,4077.89,6300
2026-07-30T17:00:00+05:30,4078.1,4080.845,4075.77,4077.815,5074
2026-07-30T17:30:00+05:30,4077.79,4082.555,4071.75,4076.81,10804
2026-07-30T18:00:00+05:30,4076.865,4086.785,4067.285,4069.03,19500
2026-07-30T18:30:00+05:30,4069.04,4084.08,4065.315,4080.01,18764
2026-07-30T19:00:00+05:30,4079.995,4112.825,4074.96,4112.34,37864
2026-07-30T19:30:00+05:30,4112.415,4120.495,4087.195,4096.315,33299
2026-07-30T20:00:00+05:30,4096.33,4113.255,4094.9,4100.01,18355
2026-07-30T20:30:00+05:30,4100.075,4100.27,4083.27,4096.11,17000
2026-07-30T21:00:00+05:30,4096.105,4110.23,4092.61,4108.25,17619
2026-07-30T21:30:00+05:30,4108.2,4119.285,4107.86,4116.0,11425
2026-07-30T22:00:00+05:30,4115.995,4116.42,4106.645,4110.78,9774
2026-07-30T22:30:00+05:30,4110.75,4111.325,4098.505,4101.65,12819
2026-07-30T23:00:00+05:30,4101.64,4108.57,4100.055,4102.765,8514
2026-07-30T23:30:00+05:30,4102.75,4106.89,4100.75,4103.49,6140
2026-07-31T00:00:00+05:30,4103.45,4107.855,4098.785,4099.74,9069
2026-07-31T00:30:00+05:30,4099.745,4114.915,4098.77,4112.915,16144
2026-07-31T01:00:00+05:30,4112.94,4115.375,4109.33,4112.065,6045
2026-07-31T01:30:00+05:30,4112.2,4117.515,4110.045,4111.935,7470
2026-07-31T02:00:00+05:30,4111.935,4112.64,4099.235,4103.27,13405
2026-07-31T03:30:00+05:30,4103.36,4108.715,4102.63,4107.905,6085
2026-07-31T04:00:00+05:30,4107.855,4111.455,4107.155,4109.385,4300
2026-07-31T04:30:00+05:30,4109.335,4112.01,4104.06,4104.41,7949
2026-07-31T05:00:00+05:30,4104.405,4110.145,4102.345,4105.985,7800
2026-07-31T05:30:00+05:30,4106.065,4107.225,4096.24,4096.58,10985
2026-07-31T06:00:00+05:30,4096.53,4097.605,4090.585,4094.855,7019
2026-07-31T06:30:00+05:30,4094.835,4101.71,4086.63,4092.03,15079
2026-07-31T07:00:00+05:30,4092.095,4092.145,4082.15,4084.325,9994
2026-07-31T07:30:00+05:30,4084.39,4090.405,4081.57,4082.21,8835
2026-07-31T08:00:00+05:30,4082.13,4084.375,4074.27,4076.275,10105
2026-07-31T08:30:00+05:30,4076.07,4076.52,4072.145,4075.48,4375
2026-07-31T09:00:00+05:30,4075.5,4079.65,4074.305,4075.14,5345
2026-07-31T09:30:00+05:30,4075.07,4080.105,4073.32,4080.075,6784
2026-07-31T10:00:00+05:30,4080.09,4081.535,4074.79,4080.16,6744
2026-07-31T10:30:00+05:30,4080.17,4083.315,4079.54,4080.975,3775
2026-07-31T11:00:00+05:30,4080.955,4081.835,4073.44,4074.43,8394
2026-07-31T11:30:00+05:30,4074.45,4087.665,4072.785,4084.965,14880
2026-07-31T12:00:00+05:30,4084.97,4085.09,4076.57,4077.765,8519
2026-07-31T12:30:00+05:30,4077.735,4079.315,4072.13,4072.725,7184
2026-07-31T13:00:00+05:30,4072.8,4074.415,4067.62,4067.81,6795
2026-07-31T13:30:00+05:30,4067.795,4067.89,4057.98,4058.615,9909
2026-07-31T14:00:00+05:30,4058.605,4064.6,4054.175,4060.98,10424
2026-07-31T14:30:00+05:30,4060.895,4064.115,4051.53,4052.565,12584
2026-07-31T15:00:00+05:30,4052.57,4057.355,4050.315,4055.25,7039
2026-07-31T15:30:00+05:30,4055.185,4058.435,4052.015,4053.315,6420
2026-07-31T16:00:00+05:30,4053.265,4057.115,4052.94,4054.565,4174
2026-07-31T16:30:00+05:30,4054.58,4061.15,4052.17,4058.97,8980
2026-07-31T17:00:00+05:30,4058.98,4058.98,4050.69,4053.84,8289
2026-07-31T17:30:00+05:30,4053.83,4059.495,4047.16,4047.415,12335
2026-07-31T18:00:00+05:30,4047.38,4051.705,4040.575,4040.765,11130
2026-07-31T18:30:00+05:30,4040.75,4047.035,4034.805,4042.665,12230
2026-07-31T19:00:00+05:30,4042.58,4043.885,4022.13,4025.51,21755
2026-07-31T19:30:00+05:30,4025.41,4040.28,4020.975,4038.925,19305
2026-07-31T20:00:00+05:30,4038.905,4050.435,4036.765,4049.315,13670
2026-07-31T20:30:00+05:30,4049.345,4052.695,4040.24,4041.295,12455
2026-07-31T21:00:00+05:30,4041.295,4046.825,4036.82,4045.58,10004
2026-07-31T21:30:00+05:30,4045.585,4048.52,4041.34,4047.55,7179
2026-07-31T22:00:00+05:30,4047.56,4049.995,4041.3,4043.415,8694
2026-07-31T22:30:00+05:30,4043.41,4053.485,4041.6,4050.525,11885
2026-07-31T23:00:00+05:30,4050.755,4054.805,4047.755,4053.66,7049
2026-07-31T23:30:00+05:30,4053.665,4055.245,4047.18,4051.145,8065
2026-08-01T00:00:00+05:30,4051.115,4051.765,4048.085,4050.82,3679
2026-08-01T00:30:00+05:30,4050.785,4052.98,4046.955,4050.61,6025
2026-08-01T01:00:00+05:30,4050.585,4055.665,4049.035,4050.935,6630
2026-08-01T01:30:00+05:30,4050.915,4051.88,4045.285,4048.205,6595
2026-08-01T02:00:00+05:30,4048.045,4053.105,4043.04,4045.165,10065
2026-08-03T03:30:00+05:30,4075.055,4078.785,4063.965,4066.03,14819
2026-08-03T04:00:00+05:30,4066.045,4068.555,4063.515,4063.755,5039
2026-08-03T04:30:00+05:30,4063.705,4072.77,4063.3,4072.19,9469
2026-08-03T05:00:00+05:30,4072.2,4075.09,4068.04,4075.065,7050
2026-08-03T05:30:00+05:30,4075.07,4079.185,4061.48,4064.435,17704
2026-08-03T06:00:00+05:30,4064.445,4070.125,4055.88,4057.35,14244
2026-08-03T06:30:00+05:30,4057.355,4063.7,4047.345,4052.86,16355
2026-08-03T07:00:00+05:30,4052.875,4057.485,4047.49,4056.77,9995
2026-08-03T07:30:00+05:30,4056.775,4061.04,4052.11,4058.23,8929
2026-08-03T08:00:00+05:30,4058.305,4067.275,4052.46,4062.605,14815
2026-08-03T08:30:00+05:30,4062.51,4068.1,4061.03,4063.925,7069
2026-08-03T09:00:00+05:30,4063.97,4066.96,4059.5,4065.115,7460
2026-08-03T09:30:00+05:30,4065.145,4071.16,4064.365,4068.295,6795
2026-08-03T10:00:00+05:30,4068.295,4072.055,4064.0,4064.045,8054
2026-08-03T10:30:00+05:30,4063.99,4065.31,4054.17,4060.5,11139
2026-08-03T11:00:00+05:30,4060.35,4070.045,4055.26,4069.035,14784
2026-08-03T11:30:00+05:30,4069.03,4072.185,4065.55,4068.605,6634
2026-08-03T12:00:00+05:30,4068.62,4068.95,4060.51,4063.94,8439
2026-08-03T12:30:00+05:30,4063.95,4065.305,4052.19,4058.17,13114
2026-08-03T13:00:00+05:30,4058.195,4063.425,4056.685,4061.155,6740
2026-08-03T13:30:00+05:30,4061.1,4062.595,4054.335,4056.24,8259
2026-08-03T14:00:00+05:30,4056.235,4061.155,4054.895,4059.42,6260
2026-08-03T14:30:00+05:30,4059.43,4062.21,4052.25,4052.62,9960
2026-08-03T15:00:00+05:30,4052.645,4058.28,4046.685,4055.355,11595
2026-08-03T15:30:00+05:30,4055.375,4057.13,4051.91,4053.495,5220
2026-08-03T16:00:00+05:30,4053.535,4053.76,4045.84,4049.495,7920
2026-08-03T16:30:00+05:30,4049.485,4052.925,4045.57,4048.505,7355
2026-08-03T17:00:00+05:30,4048.485,4063.245,4048.015,4062.505,15230
2026-08-03T17:30:00+05:30,4062.465,4064.74,4048.725,4050.985,16014
2026-08-03T18:00:00+05:30,4051.025,4053.005,4042.34,4047.85,10664
2026-08-03T18:30:00+05:30,4047.865,4053.855,4031.63,4034.35,22224
2026-08-03T19:00:00+05:30,4034.26,4035.715,4019.24,4032.35,16475
2026-08-03T19:30:00+05:30,4031.91,4036.165,4026.75,4032.685,9414
2026-08-03T20:00:00+05:30,4032.61,4039.16,4032.1,4036.375,7059
2026-08-03T20:30:00+05:30,4036.475,4038.52,4030.54,4032.805,7980
2026-08-03T21:00:00+05:30,4032.81,4041.03,4031.1,4036.135,9930
2026-08-03T21:30:00+05:30,4036.14,4038.73,4034.805,4037.075,3925
2026-08-03T22:00:00+05:30,4036.975,4039.335,4035.66,4037.03,3675
2026-08-03T22:30:00+05:30,4037.06,4037.8,4033.365,4034.42,4435
2026-08-03T23:00:00+05:30,4034.53,4037.005,4030.27,4030.57,6735
2026-08-03T23:30:00+05:30,4030.62,4039.025,4029.675,4038.005,9349
2026-08-04T00:00:00+05:30,4037.95,4045.12,4036.655,4043.535,8464
2026-08-04T00:30:00+05:30,4043.53,4054.38,4043.485,4053.025,10894
2026-08-04T01:00:00+05:30,4053.07,4055.815,4051.72,4052.08,4095
2026-08-04T01:30:00+05:30,4052.145,4055.995,4050.325,4054.495,5670
2026-08-04T02:00:00+05:30,4054.555,4058.215,4054.09,4055.33,4125
2026-08-04T03:30:00+05:30,4052.12,4052.805,4049.04,4052.285,3764
2026-08-04T04:00:00+05:30,4052.28,4053.58,4051.22,4052.765,2360
2026-08-04T04:30:00+05:30,4052.725,4055.22,4050.22,4051.805,5000
2026-08-04T05:00:00+05:30,4051.815,4054.19,4051.205,4053.96,2985
2026-08-04T05:30:00+05:30,4053.93,4069.465,4053.06,4059.145,16405
2026-08-04T06:00:00+05:30,4059.17,4060.835,4048.64,4049.425,12195
2026-08-04T06:30:00+05:30,4049.345,4052.65,4042.72,4049.36,9930
2026-08-04T07:00:00+05:30,4049.395,4061.97,4048.575,4058.82,13394
2026-08-04T07:30:00+05:30,4058.825,4061.3,4055.74,4056.88,5560
2026-08-04T08:00:00+05:30,4056.925,4065.235,4055.62,4059.08,9615
2026-08-04T08:30:00+05:30,4059.0,4061.855,4056.54,4057.815,5315
2026-08-04T09:00:00+05:30,4057.81,4058.89,4052.25,4052.56,6639
2026-08-04T09:30:00+05:30,4052.61,4061.76,4051.25,4061.52,10510
2026-08-04T10:00:00+05:30,4061.57,4066.425,4060.655,4063.765,5769
2026-08-04T10:30:00+05:30,4063.785,4064.825,4057.2,4063.36,7625
2026-08-04T11:00:00+05:30,4063.315,4067.835,4058.775,4061.975,9059
2026-08-04T11:30:00+05:30,4061.96,4066.215,4059.55,4059.89,6664
2026-08-04T12:00:00+05:30,4059.895,4063.85,4055.7,4063.515,8150
2026-08-04T12:30:00+05:30,4063.58,4065.895,4060.845,4063.015,5050
2026-08-04T13:00:00+05:30,4063.03,4066.79,4061.505,4065.535,5284
2026-08-04T13:30:00+05:30,4065.635,4072.97,4060.44,4063.505,12529
2026-08-04T14:00:00+05:30,4063.44,4064.59,4054.455,4055.19,10135
2026-08-04T14:30:00+05:30,4055.16,4055.505,4048.67,4050.44,6835
2026-08-04T15:00:00+05:30,4050.475,4051.395,4046.255,4049.93,5139
2026-08-04T15:30:00+05:30,4049.935,4050.07,4045.62,4049.13,4450
2026-08-04T16:00:00+05:30,4049.185,4060.84,4046.645,4053.99,14195
2026-08-04T16:30:00+05:30,4053.995,4061.07,4052.44,4060.97,8630
2026-08-04T17:00:00+05:30,4060.985,4084.345,4059.92,4074.995,24424
2026-08-04T17:30:00+05:30,4075.055,4076.03,4061.115,4068.235,14915
2026-08-04T18:00:00+05:30,4068.215,4084.56,4068.215,4070.945,16344
2026-08-04T18:30:00+05:30,4070.925,4091.44,4061.23,4078.65,30210
2026-08-04T19:00:00+05:30,4078.58,4093.88,4076.045,4083.955,17835
2026-08-04T19:30:00+05:30,4083.995,4092.075,4080.75,4083.85,11324
2026-08-04T20:00:00+05:30,4083.835,4086.785,4074.55,4083.64,12234
2026-08-04T20:30:00+05:30,4083.645,4085.695,4074.735,4078.52,10960
2026-08-04T21:00:00+05:30,4078.465,4088.885,4076.605,4087.35,12280
2026-08-04T21:30:00+05:30,4087.44,4089.95,4083.195,4087.665,6754
2026-08-04T22:00:00+05:30,4087.73,4093.685,4084.985,4093.41,8699
2026-08-04T22:30:00+05:30,4093.36,4106.475,4092.59,4094.8,13885
2026-08-04T23:00:00+05:30,4094.795,4096.495,4086.205,4086.21,10289
2026-08-04T23:30:00+05:30,4086.18,4089.06,4084.53,4084.725,4529
2026-08-05T00:00:00+05:30,4084.765,4085.905,4075.285,4079.945,10620
2026-08-05T00:30:00+05:30,4079.995,4084.86,4078.86,4080.33,6000
2026-08-05T01:00:00+05:30,4080.315,4082.58,4076.39,4078.615,6190
2026-08-05T01:30:00+05:30,4078.61,4080.295,4074.69,4075.625,5605
2026-08-05T02:00:00+05:30,4075.6,4078.645,4075.44,4077.055,3204
2026-08-05T03:30:00+05:30,4078.39,4080.07,4075.755,4079.875,4315
2026-08-05T04:00:00+05:30,4079.965,4085.87,4075.735,4075.805,10134
2026-08-05T04:30:00+05:30,4075.89,4077.205,4065.33,4067.23,11875
2026-08-05T05:00:00+05:30,4067.235,4073.77,4066.095,4072.605,7675
2026-08-05T05:30:00+05:30,4072.6,4078.95,4070.505,4078.605,8444
2026-08-05T06:00:00+05:30,4078.61,4083.63,4077.845,4082.55,5785
2026-08-05T06:30:00+05:30,4082.57,4088.635,4077.725,4084.555,10910
2026-08-05T07:00:00+05:30,4084.605,4102.58,4080.33,4101.43,22250
2026-08-05T07:30:00+05:30,4101.44,4108.66,4095.42,4103.51,13239
2026-08-05T08:00:00+05:30,4103.725,4135.435,4101.53,4129.195,33905
2026-08-05T08:30:00+05:30,4129.2,4136.69,4126.92,4130.565,9769
2026-08-05T09:00:00+05:30,4130.56,4130.935,4127.51,4128.33,3425
2026-08-05T09:30:00+05:30,4128.335,4141.505,4128.26,4138.585,13244
2026-08-05T10:00:00+05:30,4138.735,4138.775,4132.355,4135.595,6420
2026-08-05T10:30:00+05:30,4135.575,4142.215,4134.885,4139.63,7329
2026-08-05T11:00:00+05:30,4139.71,4173.1,4139.71,4161.545,33390
2026-08-05T11:30:00+05:30,4161.535,4174.45,4160.3,4168.85,14149
2026-08-05T12:00:00+05:30,4168.845,4178.565,4167.145,4177.565,11419
2026-08-05T12:30:00+05:30,4177.645,4179.555,4163.09,4164.3,16465
2026-08-05T13:00:00+05:30,4164.345,4172.13,4162.225,4170.81,9904
2026-08-05T13:30:00+05:30,4170.8,4172.68,4162.18,4164.46,10500
2026-08-05T14:00:00+05:30,4164.47,4167.24,4159.045,4160.515,8194
2026-08-05T14:30:00+05:30,4160.64,4167.17,4155.275,4157.69,11895
2026-08-05T15:00:00+05:30,4157.75,4159.26,4153.145,4157.98,6114
2026-08-05T15:30:00+05:30,4157.97,4158.645,4150.28,4156.85,8365
2026-08-05T16:00:00+05:30,4156.865,4161.495,4153.875,4161.42,7619
2026-08-05T16:30:00+05:30,4161.455,4180.82,4160.85,4176.07,19969
2026-08-05T17:00:00+05:30,4176.08,4192.625,4174.155,4188.93,18470
2026-08-05T17:30:00+05:30,4188.945,4213.54,4188.91,4205.335,24630
2026-08-05T18:00:00+05:30,4205.4,4209.035,4183.305,4183.985,25729
2026-08-05T18:30:00+05:30,4183.965,4198.245,4183.795,4197.125,14449
2026-08-05T19:00:00+05:30,4197.15,4206.845,4189.59,4206.17,17255
2026-08-05T19:30:00+05:30,4206.11,4240.58,4203.67,4236.865,36909
2026-08-05T20:00:00+05:30,4236.88,4247.64,4228.805,4244.26,18835
2026-08-05T20:30:00+05:30,4244.3,4265.29,4242.795,4257.715,22494
2026-08-05T21:00:00+05:30,4257.695,4259.835,4232.375,4233.025,27460
2026-08-05T21:30:00+05:30,4233.03,4241.755,4224.89,4241.34,16864
2026-08-05T22:00:00+05:30,4241.395,4247.48,4238.445,4242.26,9034
2026-08-05T22:30:00+05:30,4242.33,4246.68,4237.0,4244.915,9680
2026-08-05T23:00:00+05:30,4244.92,4252.555,4241.03,4250.36,11525
2026-08-05T23:30:00+05:30,4249.95,4268.09,4249.26,4263.0,18829
2026-08-06T00:00:00+05:30,4263.02,4263.86,4254.66,4260.985,9199
2026-08-06T00:30:00+05:30,4261.0,4262.27,4250.58,4252.975,11690
2026-08-06T01:00:00+05:30,4253.085,4254.265,4246.405,4247.13,7860
2026-08-06T01:30:00+05:30,4247.08,4249.76,4245.55,4246.305,4210
2026-08-06T02:00:00+05:30,4246.26,4249.6,4243.06,4247.275,6539
2026-08-06T03:30:00+05:30,4249.5,4249.715,4245.825,4248.05,3890
2026-08-06T04:00:00+05:30,4247.955,4250.385,4247.635,4250.045,2750
2026-08-06T04:30:00+05:30,4250.055,4264.3,4249.12,4263.62,15180
2026-08-06T05:00:00+05:30,4263.64,4282.05,4261.305,4278.305,20744
2026-08-06T05:30:00+05:30,4278.315,4284.755,4264.64,4274.185,20114
2026-08-06T06:00:00+05:30,4274.15,4300.39,4273.98,4294.985,26410
2026-08-06T06:30:00+05:30,4294.99,4302.74,4272.98,4276.2,29760
2026-08-06T07:00:00+05:30,4276.21,4297.415,4275.84,4286.64,21574
2026-08-06T07:30:00+05:30,4286.405,4304.31,4283.515,4292.285,20795
2026-08-06T08:00:00+05:30,4292.275,4292.49,4274.93,4278.71,17559
2026-08-06T08:30:00+05:30,4278.735,4280.95,4260.92,4266.26,20029
2026-08-06T09:00:00+05:30,4266.245,4267.01,4260.48,4265.795,6530
2026-08-06T09:30:00+05:30,4265.78,4267.27,4253.045,4255.51,14225
2026-08-06T10:00:00+05:30,4255.5,4263.065,4255.445,4262.265,7619
2026-08-06T10:30:00+05:30,4262.1,4265.44,4253.215,4254.03,12224
2026-08-06T11:00:00+05:30,4254.08,4268.675,4247.24,4267.345,21435
2026-08-06T11:30:00+05:30,4267.325,4268.64,4254.745,4257.66,13895
2026-08-06T12:00:00+05:30,4257.605,4258.335,4249.39,4256.225,8944
2026-08-06T12:30:00+05:30,4256.22,4265.47,4253.335,4261.93,12135
2026-08-06T13:00:00+05:30,4261.925,4262.97,4252.6,4262.79,10369
2026-08-06T13:30:00+05:30,4262.96,4270.605,4260.345,4267.965,10259
2026-08-06T14:00:00+05:30,4267.975,4278.915,4266.69,4278.33,12225
2026-08-06T14:30:00+05:30,4278.405,4284.885,4276.09,4283.5,8795
2026-08-06T15:00:00+05:30,4283.465,4284.385,4271.27,4273.16,13114
2026-08-06T15:30:00+05:30,4273.11,4273.7,4267.3,4269.39,6399
2026-08-06T16:00:00+05:30,4269.485,4271.635,4264.545,4270.915,7090
2026-08-06T16:30:00+05:30,4270.91,4273.405,4260.355,4264.39,13050
2026-08-06T17:00:00+05:30,4264.415,4267.09,4254.26,4263.3,12829
2026-08-06T17:30:00+05:30,4263.305,4265.755,4253.315,4261.62,12440
2026-08-06T18:00:00+05:30,4261.97,4271.115,4249.145,4250.27,21969
2026-08-06T18:30:00+05:30,4250.235,4255.93,4230.46,4247.835,25470
2026-08-06T19:00:00+05:30,4247.855,4274.29,4245.905,4267.025,28385
2026-08-06T19:30:00+05:30,4267.025,4275.44,4260.255,4265.35,15184
2026-08-06T20:00:00+05:30,4265.355,4275.37,4262.78,4273.055,12590
2026-08-06T20:30:00+05:30,4273.065,4274.39,4250.725,4254.995,23664
2026-08-06T21:00:00+05:30,4255.025,4255.73,4229.505,4233.82,26224
2026-08-06T21:30:00+05:30,4233.815,4243.18,4223.505,4230.23,19675
2026-08-06T22:00:00+05:30,4230.185,4242.615,4230.15,4241.525,12465
2026-08-06T22:30:00+05:30,4241.51,4244.615,4238.545,4241.76,6069
2026-08-06T23:00:00+05:30,4241.785,4248.2,4238.605,4247.27,9595
2026-08-06T23:30:00+05:30,4247.345,4249.74,4244.18,4246.84,5559
2026-08-07T00:00:00+05:30,4246.785,4247.93,4240.755,4243.535,7175
2026-08-07T00:30:00+05:30,4243.56,4251.385,4235.245,4237.465,16140
2026-08-07T01:00:00+05:30,4237.48,4250.845,4233.12,4248.95,17725
2026-08-07T01:30:00+05:30,4248.81,4250.215,4240.005,4241.9,10210
2026-08-07T02:00:00+05:30,4241.935,4242.5,4234.78,4240.75,7720
2026-08-07T03:30:00+05:30,4236.61,4243.5,4236.605,4242.39,6895
2026-08-07T04:00:00+05:30,4242.395,4243.445,4238.885,4240.83,4559
2026-08-07T04:30:00+05:30,4240.555,4246.265,4240.36,4245.405,5905
2026-08-07T05:00:00+05:30,4245.415,4253.245,4244.95,4252.425,8295
2026-08-07T05:30:00+05:30,4252.42,4253.015,4239.255,4244.025,13760
2026-08-07T06:00:00+05:30,4244.02,4244.03,4229.875,4232.9,14154
2026-08-07T06:30:00+05:30,4232.925,4250.32,4231.59,4243.48,18729
2026-08-07T07:00:00+05:30,4243.485,4259.365,4239.335,4256.97,20029
2026-08-07T07:30:00+05:30,4256.955,4261.785,4256.245,4260.92,5539
2026-08-07T08:00:00+05:30,4261.0,4261.73,4247.21,4250.36,14519
2026-08-07T08:30:00+05:30,4250.39,4259.505,4249.57,4258.775,9935
2026-08-07T09:00:00+05:30,4258.765,4266.545,4257.725,4266.265,8819
2026-08-07T09:30:00+05:30,4266.245,4269.215,4261.945,4265.11,7270
2026-08-07T10:00:00+05:30,4264.99,4268.635,4260.81,4265.045,7824
2026-08-07T10:30:00+05:30,4264.995,4271.55,4262.1,4266.76,9449
2026-08-07T11:00:00+05:30,4266.8,4280.635,4266.09,4278.815,14545
2026-08-07T11:30:00+05:30,4278.875,4291.52,4278.535,4283.435,12985
2026-08-07T12:00:00+05:30,4283.445,4298.945,4280.24,4297.275,18704
2026-08-07T12:30:00+05:30,4297.3,4298.095,4284.72,4285.475,13375
2026-08-07T13:00:00+05:30,4285.47,4291.325,4282.99,4290.18,8335
2026-08-07T13:30:00+05:30,4290.17,4300.805,4289.13,4295.12,11675
2026-08-07T14:00:00+05:30,4295.155,4316.735,4294.14,4306.245,22594
2026-08-07T14:30:00+05:30,4306.25,4311.1,4304.655,4306.96,6445
2026-08-07T15:00:00+05:30,4307.005,4320.865,4302.29,4316.08,18574
2026-08-07T15:30:00+05:30,4316.075,4319.385,4308.09,4313.785,11295
2026-08-07T16:00:00+05:30,4313.815,4320.695,4313.2,4316.97,7494
2026-08-07T16:30:00+05:30,4316.965,4327.405,4316.9,4325.07,10505
2026-08-07T17:00:00+05:30,4325.14,4327.745,4320.825,4321.245,6920
2026-08-07T17:30:00+05:30,4321.24,4325.55,4301.015,4309.88,24534
2026-08-07T18:00:00+05:30,4309.94,4371.84,4309.905,4361.425,61935
2026-08-07T18:30:00+05:30,4361.415,4364.365,4338.98,4356.4,25385
2026-08-07T19:00:00+05:30,4356.395,4368.01,4342.37,4348.255,25640
2026-08-07T19:30:00+05:30,4348.265,4353.025,4327.455,4348.865,25569
2026-08-07T20:00:00+05:30,4348.875,4350.68,4340.335,4341.605,10345
2026-08-07T20:30:00+05:30,4341.615,4358.545,4340.385,4351.495,18159
2026-08-07T21:00:00+05:30,4351.51,4353.985,4339.895,4341.13,14089
2026-08-07T21:30:00+05:30,4341.185,4349.745,4334.42,4337.655,15324
2026-08-07T22:00:00+05:30,4337.645,4342.31,4329.28,4329.305,13030
2026-08-07T22:30:00+05:30,4329.3,4342.255,4327.865,4339.735,14390
2026-08-07T23:00:00+05:30,4339.71,4343.15,4329.845,4340.275,13304
2026-08-07T23:30:00+05:30,4340.325,4343.03,4332.255,4334.535,10774
2026-08-08T00:00:00+05:30,4334.565,4339.08,4333.22,4335.695,5859
2026-08-08T00:30:00+05:30,4335.7,4350.41,4335.565,4348.63,14845
2026-08-08T01:00:00+05:30,4348.6,4349.535,4340.09,4344.08,9444
2026-08-08T01:30:00+05:30,4344.12,4345.38,4337.21,4337.855,8170
2026-08-08T02:00:00+05:30,4337.82,4343.46,4336.015,4341.935,7444
2026-08-10T03:30:00+05:30,4340.28,4346.235,4334.605,4343.76,11630
2026-08-10T04:00:00+05:30,4343.765,4345.265,4340.06,4341.59,5204
2026-08-10T04:30:00+05:30,4341.605,4349.11,4341.15,4346.385,7960
2026-08-10T05:00:00+05:30,4346.31,4347.375,4332.32,4333.115,15055
2026-08-10T05:30:00+05:30,4333.075,4347.215,4332.81,4337.78,14404
2026-08-10T06:00:00+05:30,4337.7,4339.43,4330.84,4332.21,8590
2026-08-10T06:30:00+05:30,4332.27,4340.655,4316.47,4316.515,24184
2026-08-10T07:00:00+05:30,4316.48,4324.27,4313.43,4322.67,10840
2026-08-10T07:30:00+05:30,4322.695,4332.405,4318.79,4330.94,13614
2026-08-10T08:00:00+05:30,4330.93,4332.345,4318.81,4319.735,13534
2026-08-10T08:30:00+05:30,4319.72,4328.445,4317.805,4327.355,10639
2026-08-10T09:00:00+05:30,4327.34,4330.025,4324.2,4326.735,5824
2026-08-10T09:30:00+05:30,4326.79,4337.745,4323.21,4334.875,14534
2026-08-10T10:00:00+05:30,4334.825,4339.64,4329.99,4339.535,9650
2026-08-10T10:30:00+05:30,4339.475,4339.85,4332.88,4333.97,6970
2026-08-10T11:00:00+05:30,4333.925,4352.41,4331.74,4347.405,20670
2026-08-10T11:30:00+05:30,4347.475,4350.295,4341.97,4348.43,8324
2026-08-10T12:00:00+05:30,4348.42,4359.935,4346.12,4358.31,13815
2026-08-10T12:30:00+05:30,4358.22,4359.03,4350.23,4355.145,8800
2026-08-10T13:00:00+05:30,4355.095,4362.06,4352.61,4355.46,9450
2026-08-10T13:30:00+05:30,4355.445,4356.465,4351.645,4355.715,4819
2026-08-10T14:00:00+05:30,4355.675,4356.76,4343.905,4346.65,12855
2026-08-10T14:30:00+05:30,4346.715,4350.07,4344.8,4346.985,5269
2026-08-10T15:00:00+05:30,4346.945,4346.945,4340.395,4341.29,6549
2026-08-10T15:30:00+05:30,4341.34,4344.275,4339.295,4343.66,4979
2026-08-10T16:00:00+05:30,4343.665,4344.18,4335.45,4335.75,8730
2026-08-10T16:30:00+05:30,4335.78,4336.825,4329.045,4334.7,7779
2026-08-10T17:00:00+05:30,4334.69,4339.535,4332.12,4335.12,7414
2026-08-10T17:30:00+05:30,4335.095,4337.635,4324.125,4327.82,13510
2026-08-10T18:00:00+05:30,4327.745,4335.68,4326.43,4332.625,9250
2026-08-10T18:30:00+05:30,4332.66,4337.935,4326.045,4335.115,11890
2026-08-10T19:00:00+05:30,4335.19,4340.165,4316.675,4317.985,23489
2026-08-10T19:30:00+05:30,4317.98,4348.185,4317.965,4345.62,30220
2026-08-10T20:00:00+05:30,4345.645,4352.04,4342.655,4345.435,9385
2026-08-10T20:30:00+05:30,4345.6,4352.435,4343.325,4349.245,9110
2026-08-10T21:00:00+05:30,4349.26,4359.545,4347.895,4358.51,11649
2026-08-10T21:30:00+05:30,4358.53,4364.8,4356.835,4362.695,7965
2026-08-10T22:00:00+05:30,4362.7,4363.005,4349.19,4356.845,13815
2026-08-10T22:30:00+05:30,4356.855,4361.27,4351.75,4361.14,9520
2026-08-10T23:00:00+05:30,4361.085,4365.315,4357.655,4360.23,7659
2026-08-10T23:30:00+05:30,4360.3,4367.22,4359.84,4365.9,7380
2026-08-11T00:00:00+05:30,4365.935,4383.05,4365.17,4378.49,17880
2026-08-11T00:30:00+05:30,4378.495,4391.665,4378.495,4390.81,13170
2026-08-11T01:00:00+05:30,4390.845,4395.385,4384.42,4388.555,10965
2026-08-11T01:30:00+05:30,4388.55,4392.06,4386.005,4391.09,6055
2026-08-11T02:00:00+05:30,4391.1,4392.135,4388.765,4390.235,3369
2026-08-11T03:30:00+05:30,4389.775,4393.58,4389.34,4392.09,4239
2026-08-11T04:00:00+05:30,4392.14,4401.065,4392.085,4399.895,8979
2026-08-11T04:30:00+05:30,4399.935,4402.25,4394.7,4395.47,7550
2026-08-11T05:00:00+05:30,4395.465,4402.715,4395.305,4402.355,7409
2026-08-11T05:30:00+05:30,4402.41,4416.36,4396.44,4414.08,19920
2026-08-11T06:00:00+05:30,4414.1,4419.335,4407.615,4409.495,11720
2026-08-11T06:30:00+05:30,4409.49,4420.38,4393.78,4419.425,26600
2026-08-11T07:00:00+05:30,4419.43,4434.265,4414.7,4429.815,19565
2026-08-11T07:30:00+05:30,4429.705,4435.245,4421.79,4428.63,13454
2026-08-11T08:00:00+05:30,4428.635,4429.305,4408.09,4410.975,21215
2026-08-11T08:30:00+05:30,4410.96,4420.86,4409.835,4420.48,11024
2026-08-11T09:00:00+05:30,4420.38,4421.675,4414.225,4416.9,7449
2026-08-11T09:30:00+05:30,4416.895,4419.685,4409.975,4415.39,9710
2026-08-11T10:00:00+05:30,4415.385,4420.5,4403.49,4409.005,17010
2026-08-11T10:30:00+05:30,4408.995,4409.15,4390.875,4392.42,18274
2026-08-11T11:00:00+05:30,4392.05,4392.235,4367.52,4375.47,24714
2026-08-11T11:30:00+05:30,4375.47,4382.7,4362.09,4363.58,20609
2026-08-11T12:00:00+05:30,4363.59,4369.45,4359.675,4366.315,9774
2026-08-11T12:30:00+05:30,4366.335,4367.97,4357.51,4363.045,10460
2026-08-11T13:00:00+05:30,4363.115,4364.89,4356.7,4357.655,8190
2026-08-11T13:30:00+05:30,4357.635,4369.91,4357.0,4369.38,12909
2026-08-11T14:00:00+05:30,4369.265,4376.765,4368.89,4369.29,7875
2026-08-11T14:30:00+05:30,4369.245,4375.655,4367.675,4372.045,7979
2026-08-11T15:00:00+05:30,4372.02,4375.16,4370.17,4372.505,4989
2026-08-11T15:30:00+05:30,4372.57,4381.955,4371.37,4378.46,10585
2026-08-11T16:00:00+05:30,4378.425,4382.77,4377.025,4382.56,5745
2026-08-11T16:30:00+05:30,4382.485,4393.11,4380.565,4387.48,12545
2026-08-11T17:00:00+05:30,4387.51,4390.055,4383.19,4387.8,6865
2026-08-11T17:30:00+05:30,4387.8,4399.8,4383.875,4391.36,15925
2026-08-11T18:00:00+05:30,4391.425,4400.185,4388.905,4392.53,11280
2026-08-11T18:30:00+05:30,4392.52,4400.98,4389.63,4397.91,11349
2026-08-11T19:00:00+05:30,4397.92,4404.29,4384.645,4389.5,19644
2026-08-11T19:30:00+05:30,4389.35,4390.265,4381.29,4384.0,8975
2026-08-11T20:00:00+05:30,4384.055,4397.99,4384.055,4394.125,13934
2026-08-11T20:30:00+05:30,4394.175,4398.83,4382.02,4386.87,16809
2026-08-11T21:00:00+05:30,4386.895,4387.1,4369.15,4383.905,17950
2026-08-11T21:30:00+05:30,4383.92,4384.95,4378.52,4383.105,6429
2026-08-11T22:00:00+05:30,4383.1,4385.9,4379.335,4383.46,6564
2026-08-11T22:30:00+05:30,4383.5,4385.765,4379.035,4381.485,6730
2026-08-11T23:00:00+05:30,4381.565,4382.095,4368.935,4369.19,13159
2026-08-11T23:30:00+05:30,4369.225,4369.405,4360.295,4361.415,9109
2026-08-12T00:00:00+05:30,4361.4,4372.69,4361.225,4371.59,11464
2026-08-12T00:30:00+05:30,4371.655,4372.29,4361.265,4370.465,11024
2026-08-12T01:00:00+05:30,4370.47,4374.28,4366.325,4370.745,7954
2026-08-12T01:30:00+05:30,4370.78,4371.225,4367.75,4370.2,3475
2026-08-12T02:00:00+05:30,4370.27,4370.47,4367.18,4368.245,3289
2026-08-12T03:30:00+05:30,4372.355,4377.215,4372.115,4376.72,5100
2026-08-12T04:00:00+05:30,4376.71,4378.52,4367.28,4369.2,11240
2026-08-12T04:30:00+05:30,4369.19,4374.77,4362.655,4373.06,12115
2026-08-12T05:00:00+05:30,4373.01,4373.055,4366.76,4371.645,6295
2026-08-12T05:30:00+05:30,4371.65,4381.205,4366.54,4380.675,14664
2026-08-12T06:00:00+05:30,4380.66,4383.8,4377.595,4380.5,6204
2026-08-12T06:30:00+05:30,4380.585,4394.165,4378.445,4390.65,15720
2026-08-12T07:00:00+05:30,4390.63,4397.42,4385.225,4396.5,12194
2026-08-12T07:30:00+05:30,4396.505,4404.7,4394.21,4402.105,10489
2026-08-12T08:00:00+05:30,4402.11,4414.5,4397.655,4411.32,16845
2026-08-12T08:30:00+05:30,4411.355,4416.25,4404.53,4407.41,11720
2026-08-12T09:00:00+05:30,4407.34,4408.675,4401.065,4402.36,7610
2026-08-12T09:30:00+05:30,4402.365,4403.425,4395.61,4399.175,7815
2026-08-12T10:00:00+05:30,4399.18,4402.44,4395.44,4401.175,7000
2026-08-12T10:30:00+05:30,4401.125,4404.88,4392.58,4392.79,12300
2026-08-12T11:00:00+05:30,4392.555,4397.21,4384.02,4391.025,13189
2026-08-12T11:30:00+05:30,4391.01,4393.1,4385.235,4389.875,7865
2026-08-12T12:00:00+05:30,4389.865,4406.445,4388.54,4403.545,17904
2026-08-12T12:30:00+05:30,4403.535,4406.165,4398.345,4402.555,7819
2026-08-12T13:00:00+05:30,4402.535,4410.145,4401.555,4406.355,8590
2026-08-12T13:30:00+05:30,4406.355,4410.545,4405.745,4407.115,4800
2026-08-12T14:00:00+05:30,4407.105,4407.675,4401.8,4401.895,5875
2026-08-12T14:30:00+05:30,4401.95,4424.46,4401.925,4413.315,22534
2026-08-12T15:00:00+05:30,4413.215,4417.24,4410.945,4416.055,6295
2026-08-12T15:30:00+05:30,4416.09,4421.025,4414.68,4419.795,6344
2026-08-12T16:00:00+05:30,4419.63,4420.035,4407.575,4412.88,12460
2026-08-12T16:30:00+05:30,4412.885,4416.805,4407.995,4415.105,8810
2026-08-12T17:00:00+05:30,4415.06,4415.925,4410.305,4412.935,5619
2026-08-12T17:30:00+05:30,4412.955,4427.625,4404.855,4427.49,22770
2026-08-12T18:00:00+05:30,4427.57,4438.305,4382.485,4437.37,55820
2026-08-12T18:30:00+05:30,4437.37,4441.315,4414.595,4418.575,26719
2026-08-12T19:00:00+05:30,4418.585,4434.035,4408.65,4427.53,25385
2026-08-12T19:30:00+05:30,4427.535,4439.75,4421.08,4431.63,18670
2026-08-12T20:00:00+05:30,4431.64,4436.255,4416.545,4422.16,19710
2026-08-12T20:30:00+05:30,4422.245,4430.14,4415.045,4421.69,15095
2026-08-12T21:00:00+05:30,4421.71,4425.565,4411.145,4421.17,14419
2026-08-12T21:30:00+05:30,4421.145,4426.57,4416.84,4423.25,9729
2026-08-12T22:00:00+05:30,4423.23,4423.92,4396.575,4401.68,27345
2026-08-12T22:30:00+05:30,4401.685,4409.885,4400.05,4406.655,9835
2026-08-12T23:00:00+05:30,4406.72,4411.575,4399.135,4399.62,12439
2026-08-12T23:30:00+05:30,4399.625,4411.33,4396.575,4408.655,14755
2026-08-13T00:00:00+05:30,4408.64,4418.005,4408.06,4413.165,9944
2026-08-13T00:30:00+05:30,4413.185,4418.475,4412.97,4416.865,5505
2026-08-13T01:00:00+05:30,4416.895,4416.925,4408.335,4414.08,8590
2026-08-13T01:30:00+05:30,4413.99,4414.37,4406.725,4407.925,7644
2026-08-13T02:00:00+05:30,4407.885,4409.035,4406.755,4408.525,2279
2026-08-13T03:30:00+05:30,4405.785,4405.8,4398.43,4399.485,7369
2026-08-13T04:00:00+05:30,4399.48,4403.135,4398.865,4401.835,4270
2026-08-13T04:30:00+05:30,4401.925,4410.03,4401.875,4408.425,8154
2026-08-13T05:00:00+05:30,4408.46,4414.62,4407.285,4414.515,7335
2026-08-13T05:30:00+05:30,4414.565,4437.545,4413.06,4428.43,24484
2026-08-13T06:00:00+05:30,4428.37,4449.83,4424.175,4427.76,25654
2026-08-13T06:30:00+05:30,4427.71,4435.44,4419.105,4419.425,16335
2026-08-13T07:00:00+05:30,4419.395,4430.34,4406.33,4408.55,24010
2026-08-13T07:30:00+05:30,4408.5,4414.245,4405.56,4406.68,8684
2026-08-13T08:00:00+05:30,4406.58,4410.74,4399.135,4407.215,11604
2026-08-13T08:30:00+05:30,4407.145,4412.29,4404.04,4409.26,8250
2026-08-13T09:00:00+05:30,4409.34,4410.56,4398.78,4400.3,11780
2026-08-13T09:30:00+05:30,4400.235,4400.525,4391.615,4398.23,8909
2026-08-13T10:00:00+05:30,4398.275,4399.59,4395.2,4397.825,4390
2026-08-13T10:30:00+05:30,4397.85,4407.31,4393.075,4406.31,14235
2026-08-13T11:00:00+05:30,4406.48,4407.12,4380.63,4383.06,26489
2026-08-13T11:30:00+05:30,4383.12,4385.68,4374.28,4376.12,11400
2026-08-13T12:00:00+05:30,4375.955,4381.69,4369.035,4381.06,12654
2026-08-13T12:30:00+05:30,4380.955,4381.84,4373.77,4376.59,8069
2026-08-13T13:00:00+05:30,4376.575,4378.87,4369.405,4369.93,9465
2026-08-13T13:30:00+05:30,4369.935,4373.665,4364.17,4372.915,9494
2026-08-13T14:00:00+05:30,4372.925,4379.355,4372.07,4376.025,7284
2026-08-13T14:30:00+05:30,4375.995,4382.315,4372.605,4379.88,9710
2026-08-13T15:00:00+05:30,4379.865,4384.92,4378.505,4384.635,6414
2026-08-13T15:30:00+05:30,4384.66,4387.67,4381.51,4387.195,6159
2026-08-13T16:00:00+05:30,4387.135,4393.86,4384.57,4392.245,9289
2026-08-13T16:30:00+05:30,4392.215,4396.715,4388.14,4388.165,8574
2026-08-13T17:00:00+05:30,4388.255,4390.02,4382.99,4387.865,7030
2026-08-13T17:30:00+05:30,4387.8,4392.99,4384.165,4391.145,8824
2026-08-13T18:00:00+05:30,4391.135,4401.9,4380.88,4401.82,21019
2026-08-13T18:30:00+05:30,4401.745,4402.215,4383.98,4385.185,18235
2026-08-13T19:00:00+05:30,4385.22,4389.92,4370.84,4373.045,19079
2026-08-13T19:30:00+05:30,4373.055,4378.965,4366.76,4367.875,12204
2026-08-13T20:00:00+05:30,4367.795,4387.19,4357.395,4383.705,29794
2026-08-13T20:30:00+05:30,4383.725,4385.73,4363.695,4365.385,22034
2026-08-13T21:00:00+05:30,4365.39,4371.625,4357.755,4365.145,13869
2026-08-13T21:30:00+05:30,4365.13,4367.515,4351.355,4362.59,16160
2026-08-13T22:00:00+05:30,4362.575,4368.5,4362.57,4367.0,5930
2026-08-13T22:30:00+05:30,4367.055,4373.435,4362.48,4363.23,10955
2026-08-13T23:00:00+05:30,4363.255,4364.485,4355.81,4356.06,8674
2026-08-13T23:30:00+05:30,4356.05,4363.73,4354.935,4357.67,8794
2026-08-14T00:00:00+05:30,4357.63,4360.635,4354.75,4357.045,5885
2026-08-14T00:30:00+05:30,4357.125,4358.97,4343.65,4351.745,15320
2026-08-14T01:00:00+05:30,4351.685,4354.31,4347.685,4350.255,6625
2026-08-14T01:30:00+05:30,4350.235,4352.28,4346.985,4351.775,5295
2026-08-14T02:00:00+05:30,4351.77,4351.895,4348.13,4351.27,3765
2026-08-14T03:30:00+05:30,4353.405,4358.005,4353.015,4357.37,4989
2026-08-14T04:00:00+05:30,4357.335,4362.945,4353.415,4354.91,9529
2026-08-14T04:30:00+05:30,4354.92,4363.22,4349.315,4363.185,13905
2026-08-14T05:00:00+05:30,4363.17,4364.45,4356.475,4356.475,7974
2026-08-14T05:30:00+05:30,4356.46,4362.045,4339.48,4339.515,22565
2026-08-14T06:00:00+05:30,4339.515,4347.005,4329.42,4341.095,17585
2026-08-14T06:30:00+05:30,4341.085,4341.325,4315.01,4319.715,26314
2026-08-14T07:00:00+05:30,4319.81,4323.43,4312.22,4318.255,11210
2026-08-14T07:30:00+05:30,4318.26,4322.94,4311.27,4313.135,11669
2026-08-14T08:00:00+05:30,4313.07,4322.635,4311.645,4315.84,10989
2026-08-14T08:30:00+05:30,4315.76,4326.295,4313.835,4325.825,12460
2026-08-14T09:00:00+05:30,4325.775,4328.465,4323.61,4323.66,4855
2026-08-14T09:30:00+05:30,4323.67,4328.225,4322.855,4325.27,5370
2026-08-14T10:00:00+05:30,4325.295,4327.02,4323.48,4327.015,3540
2026-08-14T10:30:00+05:30,4327.055,4327.135,4317.215,4318.48,9920
2026-08-14T11:00:00+05:30,4318.405,4333.67,4311.04,4333.67,22630
2026-08-14T11:30:00+05:30,4333.62,4336.82,4328.365,4329.26,8454
2026-08-14T12:00:00+05:30,4329.27,4335.95,4328.05,4335.785,7899
2026-08-14T12:30:00+05:30,4335.76,4337.51,4329.81,4332.04,7699
2026-08-14T13:00:00+05:30,4332.06,4345.385,4331.61,4343.83,13775
2026-08-14T13:30:00+05:30,4343.855,4349.345,4341.935,4345.735,7409
2026-08-14T14:00:00+05:30,4345.785,4349.845,4342.88,4348.605,6965
2026-08-14T14:30:00+05:30,4348.555,4354.3,4346.14,4351.77,8159
2026-08-14T15:00:00+05:30,4351.8,4357.525,4350.065,4357.17,7460
2026-08-14T15:30:00+05:30,4357.175,4358.76,4350.16,4351.395,8600
2026-08-14T16:00:00+05:30,4351.55,4353.675,4348.095,4349.425,5579
2026-08-14T16:30:00+05:30,4349.47,4357.105,4348.63,4356.755,8474
2026-08-14T17:00:00+05:30,4356.76,4369.46,4356.505,4369.195,12954
2026-08-14T17:30:00+05:30,4369.19,4380.745,4365.79,4379.9,14954
2026-08-14T18:00:00+05:30,4379.87,4386.965,4370.96,4373.725,16005
2026-08-14T18:30:00+05:30,4373.785,4386.66,4370.32,4384.68,16340
2026-08-14T19:00:00+05:30,4384.745,4397.06,4382.99,4384.68,14070
2026-08-14T19:30:00+05:30,4384.62,4394.745,4384.275,4390.72,10470
2026-08-14T20:00:00+05:30,4390.705,4391.665,4378.885,4381.445,12779
2026-08-14T20:30:00+05:30,4381.47,4394.205,4379.075,4384.95,15130
2026-08-14T21:00:00+05:30,4384.955,4394.785,4384.04,4391.695,10744
2026-08-14T21:30:00+05:30,4391.7,4396.845,4387.025,4387.635,9820
2026-08-14T22:00:00+05:30,4387.61,4389.12,4380.415,4386.015,8704
2026-08-14T22:30:00+05:30,4386.105,4386.53,4379.365,4379.54,7164
2026-08-14T23:00:00+05:30,4379.41,4382.835,4376.47,4378.59,6364
2026-08-14T23:30:00+05:30,4378.585,4381.8,4376.585,4379.42,5215
2026-08-15T00:00:00+05:30,4379.48,4382.84,4371.005,4373.6,11835
2026-08-15T00:30:00+05:30,4373.525,4377.98,4372.115,4377.395,5864
2026-08-15T01:00:00+05:30,4377.365,4379.99,4373.55,4376.23,6439
2026-08-15T01:30:00+05:30,4376.22,4376.22,4371.495,4374.86,4725
2026-08-15T02:00:00+05:30,4374.8,4377.005,4373.815,4376.82,3190
2026-08-17T03:30:00+05:30,4372.68,4378.94,4372.31,4374.655,6629
2026-08-17T04:00:00+05:30,4374.68,4386.86,4374.68,4386.04,12179
2026-08-17T04:30:00+05:30,4386.0,4386.345,4372.685,4374.87,13659
2026-08-17T05:00:00+05:30,4374.92,4375.425,4367.29,4370.235,8135
2026-08-17T05:30:00+05:30,4370.315,4391.08,4368.1,4389.89,22979
2026-08-17T06:00:00+05:30,4389.87,4402.015,4387.61,4401.005,14405
2026-08-17T06:30:00+05:30,4400.995,4416.55,4399.135,4407.265,17414
2026-08-17T07:00:00+05:30,4407.32,4408.18,4392.055,4395.755,16125
2026-08-17T07:30:00+05:30,4395.75,4398.315,4389.87,4395.48,8444
2026-08-17T08:00:00+05:30,4395.525,4398.225,4388.455,4393.255,9770
2026-08-17T08:30:00+05:30,4393.25,4394.885,4388.285,4393.08,6600
2026-08-17T09:00:00+05:30,4393.125,4397.69,4391.15,4397.045,6539
2026-08-17T09:30:00+05:30,4397.035,4399.635,4390.235,4391.045,9400
2026-08-17T10:00:00+05:30,4391.055,4397.935,4389.015,4390.86,8920
2026-08-17T10:30:00+05:30,4390.78,4399.53,4386.94,4399.485,12590
2026-08-17T11:00:00+05:30,4399.455,4401.475,4392.125,4394.86,9350
2026-08-17T11:30:00+05:30,4394.855,4400.22,4392.815,4398.555,7405
2026-08-17T12:00:00+05:30,4398.48,4404.71,4393.66,4403.17,11050
2026-08-17T12:30:00+05:30,4403.085,4405.295,4396.08,4405.055,9215
2026-08-17T13:00:00+05:30,4405.12,4411.32,4403.5,4405.19,7819
2026-08-17T13:30:00+05:30,4405.195,4405.195,4397.575,4401.88,7619
2026-08-17T14:00:00+05:30,4401.915,4402.255,4392.69,4395.18,9565
2026-08-17T14:30:00+05:30,4395.19,4400.625,4393.43,4396.99,7194
2026-08-17T15:00:00+05:30,4397.005,4397.62,4392.55,4395.62,5069
2026-08-17T15:30:00+05:30,4395.655,4405.6,4392.03,4405.145,13570
2026-08-17T16:00:00+05:30,4405.06,4405.97,4395.355,4399.08,10615
2026-08-17T16:30:00+05:30,4399.115,4404.7,4397.14,4403.53,7559
2026-08-17T17:00:00+05:30,4403.65,4404.98,4395.46,4396.75,9519
2026-08-17T17:30:00+05:30,4396.755,4398.82,4381.995,4385.985,16824
2026-08-17T18:00:00+05:30,4385.755,4390.47,4377.355,4384.935,13115
2026-08-17T18:30:00+05:30,4385.015,4389.645,4381.94,4386.28,7705
2026-08-17T19:00:00+05:30,4386.27,4416.31,4384.68,4408.645,31630
2026-08-17T19:30:00+05:30,4408.695,4427.6,4403.805,4418.2,23795
2026-08-17T20:00:00+05:30,4418.235,4424.71,4413.97,4417.48,10739
2026-08-17T20:30:00+05:30,4417.485,4426.08,4415.335,4425.635,10744
2026-08-17T21:00:00+05:30,4425.7,4427.85,4417.835,4427.615,10015
2026-08-17T21:30:00+05:30,4427.63,4428.89,4423.05,4424.9,5840
2026-08-17T22:00:00+05:30,4424.95,4427.13,4422.675,4424.245,4454
2026-08-17T22:30:00+05:30,4424.255,4426.23,4413.45,4416.76,12779
2026-08-17T23:00:00+05:30,4416.62,4420.625,4411.205,4413.765,9420
2026-08-17T23:30:00+05:30,4413.765,4416.255,4404.895,4406.39,11359
2026-08-18T00:00:00+05:30,4406.405,4407.67,4398.205,4406.77,9465
2026-08-18T00:30:00+05:30,4406.68,4417.525,4400.405,4414.565,17119
2026-08-18T01:00:00+05:30,4414.545,4421.055,4414.215,4419.965,6840
2026-08-18T01:30:00+05:30,4419.935,4421.47,4414.92,4415.11,6550
2026-08-18T02:00:00+05:30,4415.095,4416.72,4414.61,4416.68,2110
2026-08-18T03:30:00+05:30,4416.205,4417.28,4412.0,4412.5,5279
2026-08-18T04:00:00+05:30,4412.42,4416.355,4410.49,4411.87,5864
2026-08-18T04:30:00+05:30,4411.92,4421.87,4409.89,4420.38,11979
2026-08-18T05:00:00+05:30,4420.315,4426.305,4420.065,4426.12,6240
2026-08-18T05:30:00+05:30,4426.095,4431.585,4419.06,4431.15,12524
2026-08-18T06:00:00+05:30,4431.185,4434.88,4428.285,4434.435,6595
2026-08-18T06:30:00+05:30,4434.455,4436.23,4420.285,4425.025,15944
2026-08-18T07:00:00+05:30,4425.08,4426.305,4404.32,4408.185,21985
2026-08-18T07:30:00+05:30,4408.01,4408.39,4398.48,4402.35,9910
2026-08-18T08:00:00+05:30,4402.4,4402.755,4394.175,4399.985,8579
2026-08-18T08:30:00+05:30,4400.0,4404.175,4394.48,4397.27,9695
2026-08-18T09:00:00+05:30,4397.275,4397.355,4390.63,4391.965,6724
2026-08-18T09:30:00+05:30,4391.98,4393.76,4389.91,4392.51,3850
2026-08-18T10:00:00+05:30,4392.505,4395.58,4389.02,4393.69,6559
2026-08-18T10:30:00+05:30,4393.66,4396.08,4391.095,4391.475,4984
2026-08-18T11:00:00+05:30,4391.455,4397.66,4386.185,4394.465,11474
2026-08-18T11:30:00+05:30,4394.43,4400.0,4387.755,4399.65,12244
2026-08-18T12:00:00+05:30,4399.665,4400.395,4395.3,4398.93,5095
2026-08-18T12:30:00+05:30,4398.92,4403.55,4396.85,4403.255,6699
2026-08-18T13:00:00+05:30,4403.26,4403.735,4395.495,4395.71,8239
2026-08-18T13:30:00+05:30,4395.825,4396.33,4386.91,4389.625,9420
2026-08-18T14:00:00+05:30,4389.635,4398.775,4389.415,4393.44,9359
2026-08-18T14:30:00+05:30,4393.385,4394.01,4388.69,4389.37,5320
2026-08-18T15:00:00+05:30,4389.305,4395.08,4387.03,4393.32,8050
2026-08-18T15:30:00+05:30,4393.375,4396.33,4389.8,4392.025,6529
2026-08-18T16:00:00+05:30,4392.02,4399.68,4391.685,4397.63,7994
2026-08-18T16:30:00+05:30,4397.705,4399.055,4389.71,4390.145,9345
2026-08-18T17:00:00+05:30,4390.135,4396.885,4388.675,4396.07,8210
2026-08-18T17:30:00+05:30,4396.21,4400.85,4389.67,4395.305,11180
2026-08-18T18:00:00+05:30,4395.355,4398.035,4390.83,4394.225,7204
2026-08-18T18:30:00+05:30,4394.23,4397.49,4388.315,4389.035,9175
2026-08-18T19:00:00+05:30,4389.025,4406.9,4376.195,4394.695,30704
2026-08-18T19:30:00+05:30,4394.705,4406.48,4391.285,4394.225,15194
2026-08-18T20:00:00+05:30,4394.22,4396.395,4363.775,4366.685,32620
2026-08-18T20:30:00+05:30,4366.725,4377.795,4351.765,4355.105,26029
2026-08-18T21:00:00+05:30,4355.09,4366.765,4354.655,4364.925,12110
2026-08-18T21:30:00+05:30,4364.92,4371.73,4363.58,4364.205,8149
2026-08-18T22:00:00+05:30,4364.275,4368.895,4363.125,4363.83,5770
2026-08-18T22:30:00+05:30,4363.805,4368.355,4363.21,4365.405,5144
2026-08-18T23:00:00+05:30,4365.405,4366.345,4356.85,4357.725,9494
2026-08-18T23:30:00+05:30,4357.755,4361.12,4352.705,4360.35,8414
2026-08-19T00:00:00+05:30,4360.37,4360.715,4352.905,4354.43,7810
2026-08-19T00:30:00+05:30,4354.43,4358.76,4352.54,4354.865,6220
2026-08-19T01:00:00+05:30,4354.97,4357.84,4338.395,4345.785,19444
2026-08-19T01:30:00+05:30,4345.705,4346.665,4333.585,4337.93,13079
2026-08-19T02:00:00+05:30,4337.975,4339.765,4329.265,4334.575,10500
2026-08-19T03:30:00+05:30,4341.965,4343.83,4333.935,4336.35,9894
2026-08-19T04:00:00+05:30,4336.38,4336.595,4332.77,4333.83,3824
2026-08-19T04:30:00+05:30,4334.045,4338.45,4330.085,4330.555,8364
2026-08-19T05:00:00+05:30,4330.535,4334.415,4327.27,4333.105,7144
2026-08-19T05:30:00+05:30,4333.14,4346.495,4331.635,4343.065,14859
2026-08-19T06:00:00+05:30,4343.075,4347.42,4337.11,4338.155,10310
2026-08-19T06:30:00+05:30,4338.015,4346.415,4324.68,4342.28,21734
2026-08-19T07:00:00+05:30,4342.38,4357.765,4342.31,4356.63,15454
2026-08-19T07:30:00+05:30,4356.72,4362.165,4351.805,4359.735,10359
2026-08-19T08:00:00+05:30,4359.725,4360.32,4351.545,4355.085,8774
2026-08-19T08:30:00+05:30,4355.055,4358.015,4351.96,4357.15,6055
2026-08-19T09:00:00+05:30,4357.175,4360.51,4354.82,4355.06,5690
2026-08-19T09:30:00+05:30,4355.15,4356.29,4350.185,4351.28,6104
2026-08-19T10:00:00+05:30,4351.32,4352.19,4344.005,4348.555,8184
2026-08-19T10:30:00+05:30,4348.53,4350.865,4336.795,4345.365,14069
2026-08-19T11:00:00+05:30,4345.5,4345.56,4335.175,4335.695,10385
2026-08-19T11:30:00+05:30,4335.635,4348.47,4335.415,4343.365,13055
2026-08-19T12:00:00+05:30,4343.3,4349.465,4337.28,4349.15,12185
2026-08-19T12:30:00+05:30,4349.095,4357.155,4347.54,4356.905,9614
2026-08-19T13:00:00+05:30,4356.91,4363.34,4352.845,4354.905,10494
2026-08-19T13:30:00+05:30,4354.805,4362.985,4351.105,4361.085,11880
2026-08-19T14:00:00+05:30,4361.1,4363.2,4354.875,4355.735,8324
2026-08-19T14:30:00+05:30,4355.66,4359.995,4353.45,4356.645,6545
2026-08-19T15:00:00+05:30,4356.615,4362.095,4355.435,4362.025,6659
2026-08-19T15:30:00+05:30,4362.045,4369.2,4359.755,4368.785,9444
2026-08-19T16:00:00+05:30,4368.86,4369.585,4365.9,4367.41,3685
2026-08-19T16:30:00+05:30,4367.435,4374.19,4367.435,4371.035,6754
2026-08-19T17:00:00+05:30,4371.04,4371.765,4363.305,4364.655,8460
2026-08-19T17:30:00+05:30,4364.65,4373.6,4362.115,4369.385,11485
2026-08-19T18:00:00+05:30,4369.39,4442.47,4368.745,4438.87,73725
2026-08-19T18:30:00+05:30,4438.875,4464.25,4424.285,4458.17,39965
2026-08-19T19:00:00+05:30,4458.14,4466.29,4442.33,4459.6,23960
2026-08-19T19:30:00+05:30,4459.59,4488.08,4455.22,4486.065,32859
2026-08-19T20:00:00+05:30,4486.1,4498.73,4478.155,4488.245,20574
2026-08-19T20:30:00+05:30,4488.215,4488.49,4478.355,4483.94,10135
2026-08-19T21:00:00+05:30,4483.875,4494.465,4480.36,4493.87,14105
2026-08-19T21:30:00+05:30,4493.9,4499.425,4490.655,4491.2,8770
2026-08-19T22:00:00+05:30,4491.265,4497.98,4490.72,4493.395,7259
2026-08-19T22:30:00+05:30,4493.52,4499.1,4486.24,4488.03,12860
2026-08-19T23:00:00+05:30,4488.045,4491.695,4484.425,4486.965,7269
2026-08-19T23:30:00+05:30,4486.96,4496.745,4472.915,4475.555,23829
2026-08-20T00:00:00+05:30,4475.605,4497.215,4472.18,4495.185,25034
2026-08-20T00:30:00+05:30,4495.15,4507.78,4494.49,4507.09,13289
2026-08-20T01:00:00+05:30,4507.08,4512.27,4502.185,4511.31,10085
2026-08-20T01:30:00+05:30,4511.265,4522.19,4505.165,4518.58,17024
2026-08-20T02:00:00+05:30,4518.5,4524.34,4518.065,4523.05,6275
2026-08-20T03:30:00+05:30,4521.405,4523.72,4518.995,4520.86,4725
2026-08-20T04:00:00+05:30,4520.895,4522.045,4516.415,4518.915,5630
2026-08-20T04:30:00+05:30,4518.98,4523.86,4515.345,4517.685,8514
2026-08-20T05:00:00+05:30,4517.705,4518.2,4511.36,4511.74,6840
2026-08-20T05:30:00+05:30,4511.69,4521.44,4508.505,4510.445,12934
2026-08-20T06:00:00+05:30,4510.425,4513.395,4503.835,4504.68,9560
2026-08-20T06:30:00+05:30,4504.705,4510.22,4491.765,4500.475,18454
2026-08-20T07:00:00+05:30,4500.485,4501.33,4484.48,4489.88,16850
2026-08-20T07:30:00+05:30,4489.89,4499.76,4488.68,4493.075,11079
2026-08-20T08:00:00+05:30,4493.09,4494.96,4488.86,4490.825,6100
2026-08-20T08:30:00+05:30,4490.83,4497.0,4488.05,4493.57,8949
2026-08-20T09:00:00+05:30,4493.565,4501.255,4492.325,4498.925,8930
2026-08-20T09:30:00+05:30,4498.95,4499.345,4489.825,4489.965,9520
2026-08-20T10:00:00+05:30,4489.995,4491.63,4486.395,4488.63,5234
2026-08-20T10:30:00+05:30,4488.64,4494.135,4482.94,4483.395,11195
2026-08-20T11:00:00+05:30,4483.38,4486.195,4478.075,4481.425,8119
2026-08-20T11:30:00+05:30,4481.35,4496.065,4480.17,4494.17,15894
2026-08-20T12:00:00+05:30,4494.165,4495.475,4491.34,4493.935,4135
2026-08-20T12:30:00+05:30,4493.89,4494.01,4483.765,4484.17,10244
2026-08-20T13:00:00+05:30,4484.185,4494.145,4483.645,4491.105,10500
2026-08-20T13:30:00+05:30,4491.105,4498.78,4490.16,4491.56,8619
2026-08-20T14:00:00+05:30,4491.555,4495.475,4487.34,4489.35,8135
2026-08-20T14:30:00+05:30,4489.39,4494.295,4488.245,4490.05,6050
2026-08-20T15:00:00+05:30,4490.1,4490.715,4482.005,4482.735,8710
2026-08-20T15:30:00+05:30,4482.75,4494.375,4480.865,4494.025,13510
2026-08-20T16:00:00+05:30,4493.985,4495.145,4487.54,4490.18,7605
2026-08-20T16:30:00+05:30,4490.21,4491.34,4481.315,4484.315,10025
2026-08-20T17:00:00+05:30,4484.36,4486.985,4465.57,4467.175,21414
2026-08-20T17:30:00+05:30,4467.18,4467.945,4450.745,4459.86,17199
2026-08-20T18:00:00+05:30,4460.375,4477.1,4451.205,4474.855,25895
2026-08-20T18:30:00+05:30,4474.875,4484.62,4470.285,4471.87,14335
2026-08-20T19:00:00+05:30,4471.91,4489.335,4469.35,4481.715,19984
2026-08-20T19:30:00+05:30,4481.705,4494.055,4480.87,4491.8,13185
2026-08-20T20:00:00+05:30,4491.81,4516.315,4491.81,4516.06,24504
2026-08-20T20:30:00+05:30,4516.145,4541.045,4515.135,4532.5,25909
2026-08-20T21:00:00+05:30,4532.48,4533.89,4508.76,4521.735,25130
2026-08-20T21:30:00+05:30,4521.755,4524.885,4505.49,4509.42,19395
2026-08-20T22:00:00+05:30,4509.425,4513.75,4502.825,4510.07,10925
2026-08-20T22:30:00+05:30,4510.1,4516.71,4507.79,4513.05,8920
2026-08-20T23:00:00+05:30,4513.06,4520.485,4510.965,4520.025,9519
2026-08-20T23:30:00+05:30,4520.06,4522.615,4508.395,4519.075,14219
2026-08-21T00:00:00+05:30,4518.885,4525.365,4517.99,4522.08,7375
2026-08-21T00:30:00+05:30,4522.065,4529.445,4518.19,4522.885,11255
2026-08-21T01:00:00+05:30,4522.875,4532.235,4522.1,4528.745,10134
2026-08-21T01:30:00+05:30,4528.755,4529.205,4520.455,4520.97,8750
2026-08-21T02:00:00+05:30,4521.025,4521.37,4516.835,4518.955,4534
2026-08-21T03:30:00+05:30,4519.545,4520.945,4517.04,4519.73,3904
2026-08-21T04:00:00+05:30,4519.74,4524.42,4518.38,4524.225,6039
2026-08-21T04:30:00+05:30,4524.215,4533.05,4522.585,4527.14,10465
2026-08-21T05:00:00+05:30,4527.27,4528.79,4520.99,4526.405,7800
2026-08-21T05:30:00+05:30,4526.39,4527.555,4513.79,4514.785,13765
2026-08-21T06:00:00+05:30,4514.74,4517.125,4509.8,4510.765,7324
2026-08-21T06:30:00+05:30,4510.755,4530.76,4508.995,4529.33,21765
2026-08-21T07:00:00+05:30,4529.39,4544.01,4523.78,4530.785,20230
2026-08-21T07:30:00+05:30,4530.82,4531.4,4518.505,4527.305,12894
2026-08-21T08:00:00+05:30,4527.335,4542.96,4525.345,4533.9,17614
2026-08-21T08:30:00+05:30,4533.845,4538.81,4529.65,4529.74,9160
2026-08-21T09:00:00+05:30,4529.775,4535.98,4526.795,4535.57,9184
2026-08-21T09:30:00+05:30,4535.61,4547.475,4535.515,4546.91,11960
2026-08-21T10:00:00+05:30,4546.89,4548.215,4540.205,4540.7,8010
2026-08-21T10:30:00+05:30,4540.75,4540.845,4530.66,4530.66,10185
2026-08-21T11:00:00+05:30,4530.435,4556.46,4529.115,4553.735,27345
2026-08-21T11:30:00+05:30,4553.82,4558.33,4545.6,4555.455,12729
2026-08-21T12:00:00+05:30,4555.425,4567.785,4554.57,4560.955,13215
2026-08-21T12:30:00+05:30,4560.95,4567.965,4558.565,4561.875,9400
2026-08-21T13:00:00+05:30,4561.62,4568.13,4560.18,4564.42,7949
2026-08-21T13:30:00+05:30,4564.535,4581.895,4559.155,4579.39,22740
2026-08-21T14:00:00+05:30,4579.45,4585.13,4576.61,4584.255,8520
2026-08-21T14:30:00+05:30,4584.285,4602.27,4581.365,4582.29,20905
2026-08-21T15:00:00+05:30,4582.435,4586.86,4580.545,4582.725,6314
2026-08-21T15:30:00+05:30,4582.62,4589.405,4577.93,4588.615,11474
2026-08-21T16:00:00+05:30,4588.66,4594.22,4585.73,4588.57,8490
2026-08-21T16:30:00+05:30,4588.64,4600.93,4587.255,4598.63,13675
2026-08-21T17:00:00+05:30,4598.625,4604.61,4593.485,4597.045,11125
2026-08-21T17:30:00+05:30,4597.125,4601.655,4582.115,4584.875,19539
2026-08-21T18:00:00+05:30,4584.88,4584.88,4563.57,4578.08,21310
2026-08-21T18:30:00+05:30,4578.025,4587.815,4575.885,4584.12,11929
2026-08-21T19:00:00+05:30,4584.07,4593.135,4573.4,4581.095,19735
2026-08-21T19:30:00+05:30,4581.02,4603.17,4579.845,4603.085,23324
2026-08-21T20:00:00+05:30,4603.1,4603.625,4580.595,4591.57,23029
2026-08-21T20:30:00+05:30,4591.575,4607.64,4587.28,4602.955,20360
2026-08-21T21:00:00+05:30,4603.015,4615.45,4599.625,4614.625,15824
2026-08-21T21:30:00+05:30,4614.645,4620.895,4609.11,4614.03,11785
2026-08-21T22:00:00+05:30,4614.04,4629.165,4612.32,4628.88,16845
2026-08-21T22:30:00+05:30,4628.92,4632.145,4615.32,4622.1,16825
2026-08-21T23:00:00+05:30,4622.105,4624.825,4616.965,4620.67,7859
2026-08-21T23:30:00+05:30,4620.68,4627.845,4620.4,4625.16,7445
2026-08-22T00:00:00+05:30,4625.235,4626.23,4619.555,4624.515,6674
2026-08-22T00:30:00+05:30,4624.555,4625.66,4617.94,4618.13,7720
2026-08-22T01:00:00+05:30,4618.19,4623.79,4615.645,4617.03,8144
2026-08-22T01:30:00+05:30,4617.06,4617.815,4610.305,4610.95,7509
2026-08-22T02:00:00+05:30,4611.005,4612.04,4602.67,4602.99,9369
