datetime,open,high,low,close,volume
2026-08-05T14:15:00+05:30,4166.225,4166.34,4159.98,4162.1,6360
2026-08-05T14:20:00+05:30,4162.115,4162.57,4160.145,4161.52,2424
2026-08-05T14:25:00+05:30,4161.54,4161.87,4159.045,4160.515,2824
2026-08-05T14:30:00+05:30,4160.64,4164.92,4160.51,4164.305,4409
2026-08-05T14:35:00+05:30,4164.38,4167.17,4164.195,4164.5,2975
2026-08-05T14:40:00+05:30,4164.495,4165.535,4162.145,4162.955,3389
2026-08-05T14:45:00+05:30,4162.935,4162.955,4159.41,4160.21,3545
2026-08-05T14:50:00+05:30,4160.23,4161.34,4155.275,4157.42,6065
2026-08-05T14:55:00+05:30,4157.495,4158.535,4156.19,4157.69,2345
2026-08-05T15:00:00+05:30,4157.75,4158.645,4154.445,4156.86,4200
2026-08-05T15:05:00+05:30,4156.85,4159.2,4154.495,4157.7,4704
2026-08-05T15:10:00+05:30,4157.685,4158.4,4155.245,4158.28,3154
2026-08-05T15:15:00+05:30,4158.275,4158.865,4156.53,4157.775,2335
2026-08-05T15:20:00+05:30,4157.725,4158.26,4156.35,4157.72,1909
2026-08-05T15:25:00+05:30,4157.71,4159.26,4153.145,4157.98,6114
2026-08-05T15:30:00+05:30,4157.97,4158.01,4152.04,4152.365,5970
2026-08-05T15:35:00+05:30,4152.36,4153.84,4152.245,4153.36,1595
2026-08-05T15:40:00+05:30,4153.335,4153.45,4150.42,4151.19,3029
2026-08-05T15:45:00+05:30,4151.225,4156.07,4150.28,4156.03,5789
2026-08-05T15:50:00+05:30,4155.975,4158.14,4155.47,4156.24,2670
2026-08-05T15:55:00+05:30,4156.23,4158.645,4155.235,4156.85,3410
2026-08-05T16:00:00+05:30,4156.865,4157.895,4155.005,4155.26,2890
2026-08-05T16:05:00+05:30,4155.265,4156.265,4153.875,4155.3,2390
2026-08-05T16:10:00+05:30,4155.31,4156.965,4154.095,4155.155,2869
2026-08-05T16:15:00+05:30,4155.225,4156.665,4154.11,4155.52,2555
2026-08-05T16:20:00+05:30,4155.495,4156.39,4154.05,4156.23,2340
2026-08-05T16:25:00+05:30,4156.22,4161.495,4155.88,4161.42,5614
2026-08-05T16:30:00+05:30,4161.455,4164.215,4160.85,4164.13,3364
2026-08-05T16:35:00+05:30,4164.1,4166.645,4163.105,4166.645,3540
2026-08-05T16:40:00+05:30,4166.65,4171.045,4166.225,4170.995,4819
2026-08-05T16:45:00+05:30,4170.985,4173.925,4170.03,4171.425,3895
2026-08-05T16:50:00+05:30,4171.415,4173.26,4169.735,4170.55,3525
2026-08-05T16:55:00+05:30,4170.53,4180.82,4169.48,4176.07,11340
2026-08-05T17:00:00+05:30,4176.08,4181.625,4174.155,4180.855,7470
2026-08-05T17:05:00+05:30,4180.84,4187.735,4180.79,4185.06,6944
2026-08-05T17:10:00+05:30,4185.105,4188.59,4182.685,4184.785,5904
2026-08-05T17:15:00+05:30,4184.815,4187.38,4182.995,4185.915,4385
2026-08-05T17:20:00+05:30,4185.825,4189.33,4185.585,4189.155,3744
2026-08-05T17:25:00+05:30,4189.145,4192.625,4188.195,4188.93,4430
2026-08-05T17:30:00+05:30,4188.945,4195.325,4188.91,4194.895,6414
2026-08-05T17:35:00+05:30,4194.825,4199.32,4194.13,4197.915,5189
2026-08-05T17:40:00+05:30,4197.96,4199.945,4196.945,4197.675,3000
2026-08-05T17:45:00+05:30,4197.73,4208.94,4197.675,4205.32,11264
2026-08-05T17:50:00+05:30,4205.265,4213.54,4205.265,4211.32,8274
2026-08-05T17:55:00+05:30,4211.26,4211.8,4205.045,4205.335,6755
2026-08-05T18:00:00+05:30,4205.4,4209.035,4197.825,4199.675,11210
2026-08-05T18:05:00+05:30,4199.68,4204.245,4198.445,4200.275,5800
2026-08-05T18:10:00+05:30,4200.28,4200.65,4192.82,4194.64,7829
2026-08-05T18:15:00+05:30,4194.655,4195.7,4191.055,4193.715,4644
2026-08-05T18:20:00+05:30,4193.72,4193.955,4186.495,4187.3,7460
2026-08-05T18:25:00+05:30,4187.38,4188.735,4183.305,4183.985,5429
2026-08-05T18:30:00+05:30,4183.965,4195.24,4183.795,4194.07,11444
2026-08-05T18:35:00+05:30,4194.035,4197.27,4191.29,4194.29,5980
2026-08-05T18:40:00+05:30,4194.28,4195.605,4187.02,4188.075,8584
2026-08-05T18:45:00+05:30,4188.05,4190.82,4185.77,4190.53,5049
2026-08-05T18:50:00+05:30,4190.505,4197.755,4190.16,4194.675,7595
2026-08-05T18:55:00+05:30,4194.65,4198.245,4193.485,4197.125,4760
2026-08-05T19:00:00+05:30,4197.15,4203.92,4194.835,4202.285,9085
2026-08-05T19:05:00+05:30,4202.265,4204.76,4192.67,4201.065,12090
2026-08-05T19:10:00+05:30,4201.085,4204.275,4197.415,4197.53,6859
2026-08-05T19:15:00+05:30,4197.545,4199.455,4190.805,4193.455,8649
2026-08-05T19:20:00+05:30,4193.47,4201.135,4189.59,4201.0,11545
2026-08-05T19:25:00+05:30,4201.035,4206.845,4200.155,4206.17,6690
2026-08-05T19:30:00+05:30,4206.11,4210.88,4203.67,4210.665,7210
2026-08-05T19:35:00+05:30,4210.67,4228.51,4210.48,4227.71,18030
2026-08-05T19:40:00+05:30,4227.705,4234.915,4225.835,4229.655,9079
2026-08-05T19:45:00+05:30,4229.65,4238.895,4226.68,4236.48,12215
2026-08-05T19:50:00+05:30,4236.485,4238.41,4230.695,4232.035,7715
2026-08-05T19:55:00+05:30,4232.015,4240.58,4231.815,4236.865,8765
2026-08-05T20:00:00+05:30,4236.88,4242.365,4229.36,4230.89,13005
2026-08-05T20:05:00+05:30,4230.86,4234.115,4228.805,4231.655,5309
2026-08-05T20:10:00+05:30,4231.665,4243.705,4229.885,4243.34,13819
2026-08-05T20:15:00+05:30,4243.43,4247.64,4241.295,4247.41,6345
2026-08-05T20:20:00+05:30,4247.395,4247.555,4233.345,4237.84,14210
2026-08-05T20:25:00+05:30,4237.885,4245.965,4236.055,4244.26,9909
2026-08-05T20:30:00+05:30,4244.3,4259.87,4242.795,4255.62,17074
2026-08-05T20:35:00+05:30,4255.68,4259.395,4251.835,4256.575,7560
2026-08-05T20:40:00+05:30,4256.505,4261.06,4255.76,4258.195,5300
2026-08-05T20:45:00+05:30,4258.145,4258.635,4250.275,4257.48,8360
2026-08-05T20:50:00+05:30,4257.505,4262.07,4256.235,4260.01,5835
2026-08-05T20:55:00+05:30,4260.03,4265.29,4257.36,4257.715,7930
2026-08-05T21:00:00+05:30,4257.695,4259.455,4254.75,4255.105,4704
2026-08-05T21:05:00+05:30,4255.095,4259.835,4254.36,4257.78,5475
2026-08-05T21:10:00+05:30,4257.775,4257.845,4252.58,4255.96,5265
2026-08-05T21:15:00+05:30,4255.94,4255.97,4249.365,4250.06,6605
2026-08-05T21:20:00+05:30,4250.05,4250.415,4241.175,4243.515,9239
2026-08-05T21:25:00+05:30,4243.475,4243.64,4232.375,4233.025,11265
2026-08-05T21:30:00+05:30,4233.03,4234.555,4225.535,4225.96,9020
2026-08-05T21:35:00+05:30,4225.985,4235.75,4224.89,4235.535,10859
2026-08-05T21:40:00+05:30,4235.5,4236.455,4231.92,4234.48,4534
2026-08-05T21:45:00+05:30,4234.445,4236.995,4232.84,4233.8,4154
2026-08-05T21:50:00+05:30,4233.785,4240.74,4233.735,4238.85,7005
2026-08-05T21:55:00+05:30,4238.86,4241.755,4238.66,4241.34,3095
2026-08-05T22:00:00+05:30,4241.395,4243.64,4239.13,4240.94,4510
2026-08-05T22:05:00+05:30,4240.945,4245.825,4240.355,4244.01,5470
2026-08-05T22:10:00+05:30,4244.025,4247.075,4243.445,4244.745,3630
2026-08-05T22:15:00+05:30,4244.785,4245.67,4241.135,4242.6,4534
2026-08-05T22:20:00+05:30,4242.535,4247.48,4242.535,4244.65,4944
2026-08-05T22:25:00+05:30,4244.645,4244.7,4238.445,4242.26,6255
2026-08-05T22:30:00+05:30,4242.33,4243.62,4239.32,4243.615,4300
2026-08-05T22:35:00+05:30,4243.565,4244.495,4241.13,4241.67,3364
2026-08-05T22:40:00+05:30,4241.62,4244.24,4241.235,4242.15,3005
2026-08-05T22:45:00+05:30,4242.08,4242.08,4238.115,4238.745,3965
2026-08-05T22:50:00+05:30,4238.685,4240.545,4237.0,4240.25,3545
2026-08-05T22:55:00+05:30,4240.2,4246.68,4237.55,4244.915,9130
2026-08-05T23:00:00+05:30,4244.92,4248.37,4241.03,4248.275,7340
2026-08-05T23:05:00+05:30,4248.28,4250.68,4246.08,4250.195,4600
2026-08-05T23:10:00+05:30,4250.155,4250.99,4247.885,4248.355,3104
2026-08-05T23:15:00+05:30,4248.315,4250.95,4247.575,4249.1,3375
2026-08-05T23:20:00+05:30,4249.115,4250.415,4248.56,4249.45,1854
2026-08-05T23:25:00+05:30,4249.455,4252.555,4249.43,4250.36,3125
2026-08-05T23:30:00+05:30,4249.95,4254.48,4249.26,4253.1,5219
2026-08-05T23:35:00+05:30,4253.06,4257.485,4252.895,4255.775,4589
2026-08-05T23:40:00+05:30,4255.765,4257.615,4253.14,4253.265,4474
2026-08-05T23:45:00+05:30,4253.275,4257.525,4253.035,4257.035,4489
2026-08-05T23:50:00+05:30,4257.01,4268.09,4256.89,4263.635,11199
2026-08-05T23:55:00+05:30,4263.565,4265.57,4262.195,4263.0,3375
2026-08-06T00:00:00+05:30,4263.02,4263.86,4254.66,4255.4,9199
2026-08-06T00:05:00+05:30,4255.385,4258.39,4255.3,4257.605,3090
2026-08-06T00:10:00+05:30,4257.525,4260.53,4257.155,4259.455,3375
2026-08-06T00:15:00+05:30,4259.46,4261.68,4258.175,4259.12,3505
2026-08-06T00:20:00+05:30,4259.115,4262.775,4258.76,4262.205,4014
2026-08-06T00:25:00+05:30,4262.2,4263.71,4260.69,4260.985,3020
2026-08-06T00:30:00+05:30,4261.0,4262.27,4259.4,4262.055,2870
2026-08-06T00:35:00+05:30,4262.065,4262.205,4257.61,4257.955,4595
2026-08-06T00:40:00+05:30,4257.95,4259.115,4256.235,4258.21,2880
2026-08-06T00:45:00+05:30,4258.245,4258.38,4250.835,4251.925,7545
2026-08-06T00:50:00+05:30,4251.94,4255.66,4250.58,4255.445,5079
2026-08-06T00:55:00+05:30,4255.365,4256.145,4252.87,4252.975,3275
2026-08-06T01:00:00+05:30,4253.085,4254.265,4249.67,4249.775,4595
2026-08-06T01:05:00+05:30,4249.835,4251.065,4248.455,4250.445,2609
2026-08-06T01:10:00+05:30,4250.475,4253.645,4250.405,4253.25,3240
2026-08-06T01:15:00+05:30,4253.105,4253.62,4248.235,4248.73,5385
2026-08-06T01:20:00+05:30,4248.74,4249.845,4247.205,4248.95,2640
2026-08-06T01:25:00+05:30,4248.91,4249.355,4246.405,4247.13,2949
2026-08-06T01:30:00+05:30,4247.08,4249.645,4246.79,4248.66,2855
2026-08-06T01:35:00+05:30,4248.625,4249.045,4247.015,4247.8,2029
2026-08-06T01:40:00+05:30,4247.825,4249.695,4247.635,4249.23,2059
2026-08-06T01:45:00+05:30,4249.35,4249.76,4245.605,4246.165,4155
2026-08-06T01:50:00+05:30,4246.16,4247.32,4245.55,4247.115,1769
2026-08-06T01:55:00+05:30,4247.17,4247.17,4245.655,4246.305,1515
2026-08-06T02:00:00+05:30,4246.26,4249.6,4245.925,4249.325,3675
2026-08-06T02:05:00+05:30,4249.33,4249.4,4246.71,4246.865,2689
2026-08-06T02:10:00+05:30,4246.77,4247.535,4245.23,4245.545,2305
2026-08-06T02:15:00+05:30,4245.48,4245.655,4243.79,4244.265,1864
2026-08-06T02:20:00+05:30,4244.2,4245.5,4243.945,4244.25,1555
2026-08-06T02:25:00+05:30,4244.245,4247.335,4243.06,4247.275,4274
2026-08-06T03:30:00+05:30,4249.5,4249.615,4249.43,4249.53,184
2026-08-06T03:35:00+05:30,4249.45,4249.715,4245.825,4246.775,3890
2026-08-06T03:40:00+05:30,4246.94,4248.515,4246.495,4247.795,2020
2026-08-06T03:45:00+05:30,4247.79,4248.555,4247.225,4247.745,1329
2026-08-06T03:50:00+05:30,4247.74,4248.965,4246.99,4248.285,1975
2026-08-06T03:55:00+05:30,4248.305,4248.825,4247.345,4248.05,1479
2026-08-06T04:00:00+05:30,4247.955,4250.105,4247.635,4249.505,2469
2026-08-06T04:05:00+05:30,4249.55,4250.37,4249.155,4249.58,1215
2026-08-06T04:10:00+05:30,4249.575,4250.035,4248.085,4248.345,1949
2026-08-06T04:15:00+05:30,4248.325,4249.25,4247.82,4248.775,1430
2026-08-06T04:20:00+05:30,4248.75,4249.35,4248.195,4248.365,1155
2026-08-06T04:25:00+05:30,4248.37,4250.385,4248.085,4250.045,2300
2026-08-06T04:30:00+05:30,4250.055,4252.79,4249.12,4252.75,3670
2026-08-06T04:35:00+05:30,4252.8,4254.61,4251.625,4252.165,2984
2026-08-06T04:40:00+05:30,4252.145,4258.37,4252.065,4256.31,6305
2026-08-06T04:45:00+05:30,4256.26,4260.98,4256.075,4259.76,4904
2026-08-06T04:50:00+05:30,4259.71,4262.88,4257.955,4262.285,4925
2026-08-06T04:55:00+05:30,4262.34,4264.3,4260.51,4263.62,3789
2026-08-06T05:00:00+05:30,4263.64,4265.35,4261.305,4265.105,4045
2026-08-06T05:05:00+05:30,4265.13,4279.945,4265.12,4278.175,14824
2026-08-06T05:10:00+05:30,4278.18,4282.05,4276.505,4280.73,5545
2026-08-06T05:15:00+05:30,4280.705,4280.915,4272.155,4274.92,8760
2026-08-06T05:20:00+05:30,4274.985,4277.11,4272.645,4275.78,4464
2026-08-06T05:25:00+05:30,4275.815,4279.93,4274.33,4278.305,5600
2026-08-06T05:30:00+05:30,4278.315,4278.315,4264.895,4268.43,13419
2026-08-06T05:35:00+05:30,4268.435,4277.36,4266.24,4271.68,11119
2026-08-06T05:40:00+05:30,4271.48,4273.35,4264.64,4270.915,8710
2026-08-06T05:45:00+05:30,4270.995,4277.05,4270.995,4274.54,6055
2026-08-06T05:50:00+05:30,4274.535,4283.945,4273.645,4282.29,10299
2026-08-06T05:55:00+05:30,4282.35,4284.755,4272.215,4274.185,12539
2026-08-06T06:00:00+05:30,4274.15,4287.265,4273.98,4286.17,13285
2026-08-06T06:05:00+05:30,4286.155,4291.02,4282.925,4285.525,8095
2026-08-06T06:10:00+05:30,4285.515,4289.42,4284.4,4286.375,5020
2026-08-06T06:15:00+05:30,4286.395,4295.615,4286.395,4287.595,9219
2026-08-06T06:20:00+05:30,4287.58,4297.005,4286.22,4296.72,10784
2026-08-06T06:25:00+05:30,4296.71,4300.39,4293.9,4294.985,6490
2026-08-06T06:30:00+05:30,4294.99,4302.74,4291.31,4292.965,11429
2026-08-06T06:35:00+05:30,4292.96,4298.49,4286.92,4296.825,11569
2026-08-06T06:40:00+05:30,4296.815,4298.635,4280.365,4284.915,18270
2026-08-06T06:45:00+05:30,4284.92,4288.045,4283.325,4283.89,4720
2026-08-06T06:50:00+05:30,4283.94,4285.125,4272.98,4283.39,12145
2026-08-06T06:55:00+05:30,4283.36,4286.075,4273.73,4276.2,12345
2026-08-06T07:00:00+05:30,4276.21,4286.55,4275.84,4284.115,10710
2026-08-06T07:05:00+05:30,4284.355,4297.39,4281.535,4293.005,15855
2026-08-06T07:10:00+05:30,4293.015,4293.025,4287.64,4287.68,5384
2026-08-06T07:15:00+05:30,4287.635,4295.515,4282.945,4293.375,12570
2026-08-06T07:20:00+05:30,4293.125,4297.415,4287.56,4287.635,9854
2026-08-06T07:25:00+05:30,4287.71,4288.955,4285.025,4286.64,3930
2026-08-06T07:30:00+05:30,4286.405,4297.245,4283.515,4296.935,13729
2026-08-06T07:35:00+05:30,4297.04,4304.31,4297.04,4301.32,7270
2026-08-06T07:40:00+05:30,4301.295,4302.84,4292.545,4295.205,10295
2026-08-06T07:45:00+05:30,4295.22,4300.23,4292.72,4293.99,7509
2026-08-06T07:50:00+05:30,4293.895,4295.265,4292.495,4293.59,2770
2026-08-06T07:55:00+05:30,4293.575,4295.245,4291.915,4292.285,3329
2026-08-06T08:00:00+05:30,4292.275,4292.49,4282.535,4286.165,9954
2026-08-06T08:05:00+05:30,4286.17,4288.505,4284.17,4285.425,4335
2026-08-06T08:10:00+05:30,4285.56,4286.005,4281.12,4285.91,4885
2026-08-06T08:15:00+05:30,4285.92,4287.33,4274.93,4276.615,12399
2026-08-06T08:20:00+05:30,4276.645,4280.835,4275.99,4278.32,4845
2026-08-06T08:25:00+05:30,4278.29,4280.195,4276.845,4278.71,3349
2026-08-06T08:30:00+05:30,4278.735,4278.735,4275.435,4276.475,3299
2026-08-06T08:35:00+05:30,4276.47,4280.95,4276.335,4279.155,4614
2026-08-06T08:40:00+05:30,4279.07,4280.235,4273.92,4274.05,6314
2026-08-06T08:45:00+05:30,4274.035,4274.035,4264.5,4267.345,9534
2026-08-06T08:50:00+05:30,4267.41,4267.6,4263.895,4264.16,3704
2026-08-06T08:55:00+05:30,4264.155,4266.275,4260.92,4266.26,5354
2026-08-06T09:00:00+05:30,4266.245,4266.75,4263.34,4266.605,3409
2026-08-06T09:05:00+05:30,4266.62,4267.01,4263.4,4263.825,3610
2026-08-06T09:10:00+05:30,4263.82,4264.575,4261.575,4262.9,3000
2026-08-06T09:15:00+05:30,4262.905,4263.65,4260.48,4263.085,3170
2026-08-06T09:20:00+05:30,4263.015,4264.415,4261.4,4263.715,3015
2026-08-06T09:25:00+05:30,4263.765,4265.86,4262.76,4265.795,3099
2026-08-06T09:30:00+05:30,4265.78,4266.735,4262.3,4265.405,4434
2026-08-06T09:35:00+05:30,4265.395,4267.27,4263.21,4265.995,4060
2026-08-06T09:40:00+05:30,4265.97,4266.945,4262.72,4263.425,4224
2026-08-06T09:45:00+05:30,4263.44,4263.905,4261.68,4261.795,2224
2026-08-06T09:50:00+05:30,4261.835,4263.455,4260.735,4260.82,2720
2026-08-06T09:55:00+05:30,4260.89,4262.315,4253.045,4255.51,9269
2026-08-06T10:00:00+05:30,4255.5,4259.22,4255.445,4258.345,3775
2026-08-06T10:05:00+05:30,4258.415,4261.185,4257.105,4259.725,4080
2026-08-06T10:10:00+05:30,4259.71,4261.3,4257.885,4259.25,3414
2026-08-06T10:15:00+05:30,4259.285,4260.705,4258.88,4260.41,1824
2026-08-06T10:20:00+05:30,4260.385,4263.065,4258.265,4262.085,4799
2026-08-06T10:25:00+05:30,4262.02,4262.765,4260.84,4262.265,1925
2026-08-06T10:30:00+05:30,4262.1,4265.44,4259.545,4260.66,5894
2026-08-06T10:35:00+05:30,4260.67,4260.83,4258.965,4259.925,1864
2026-08-06T10:40:00+05:30,4259.92,4260.65,4256.56,4259.58,4089
2026-08-06T10:45:00+05:30,4259.605,4259.635,4256.11,4256.815,3525
2026-08-06T10:50:00+05:30,4256.875,4257.52,4253.83,4255.27,3690
2026-08-06T10:55:00+05:30,4255.25,4255.64,4253.215,4254.03,2425
2026-08-06T11:00:00+05:30,4254.08,4257.97,4247.24,4257.645,10730
2026-08-06T11:05:00+05:30,4257.54,4262.3,4256.99,4262.015,5310
2026-08-06T11:10:00+05:30,4262.1,4266.09,4261.34,4263.745,4750
2026-08-06T11:15:00+05:30,4263.725,4266.76,4262.31,4262.51,4449
2026-08-06T11:20:00+05:30,4262.505,4268.675,4262.21,4266.905,6465
2026-08-06T11:25:00+05:30,4266.88,4267.91,4264.28,4267.345,3630
2026-08-06T11:30:00+05:30,4267.325,4268.64,4265.415,4267.465,3225
2026-08-06T11:35:00+05:30,4267.47,4268.145,4261.935,4262.785,6210
2026-08-06T11:40:00+05:30,4262.79,4262.94,4256.76,4260.48,6179
2026-08-06T11:45:00+05:30,4260.485,4261.37,4254.745,4260.015,6625
2026-08-06T11:50:00+05:30,4260.03,4260.145,4255.43,4257.71,4715
2026-08-06T11:55:00+05:30,4257.635,4258.105,4255.76,4257.66,2344
2026-08-06T12:00:00+05:30,4257.605,4258.095,4254.435,4255.01,3659
2026-08-06T12:05:00+05:30,4255.005,4255.85,4253.01,4253.59,2840
2026-08-06T12:10:00+05:30,4253.45,4256.885,4249.39,4256.85,7494
2026-08-06T12:15:00+05:30,4256.805,4258.335,4254.04,4254.785,4295
2026-08-06T12:20:00+05:30,4254.795,4255.955,4251.18,4252.51,4774
2026-08-06T12:25:00+05:30,4252.495,4256.505,4252.245,4256.225,4260
2026-08-06T12:30:00+05:30,4256.22,4256.825,4253.335,4256.38,3489
2026-08-06T12:35:00+05:30,4256.425,4260.255,4255.865,4259.58,4390
2026-08-06T12:40:00+05:30,4259.525,4263.89,4259.525,4263.34,4365
2026-08-06T12:45:00+05:30,4263.375,4265.47,4261.495,4264.49,3975
2026-08-06T12:50:00+05:30,4264.425,4264.99,4258.385,4261.76,6604
2026-08-06T12:55:00+05:30,4261.77,4263.84,4261.32,4261.93,2520
2026-08-06T13:00:00+05:30,4261.925,4262.085,4259.96,4259.97,2125
2026-08-06T13:05:00+05:30,4259.965,4260.14,4256.72,4256.94,3420
2026-08-06T13:10:00+05:30,4256.935,4258.37,4254.79,4255.025,3579
2026-08-06T13:15:00+05:30,4255.085,4257.33,4253.185,4254.25,4144
2026-08-06T13:20:00+05:30,4254.24,4259.78,4252.6,4259.735,7179
2026-08-06T13:25:00+05:30,4259.67,4262.97,4258.49,4262.79,4480
2026-08-06T13:30:00+05:30,4262.96,4265.845,4260.345,4261.46,5500
2026-08-06T13:35:00+05:30,4261.6,4264.98,4260.575,4264.685,4404
2026-08-06T13:40:00+05:30,4264.675,4269.49,4264.675,4269.025,4814
2026-08-06T13:45:00+05:30,4269.0,4270.605,4267.725,4269.33,2879
2026-08-06T13:50:00+05:30,4269.45,4269.46,4264.01,4265.79,5449
2026-08-06T13:55:00+05:30,4265.75,4269.45,4263.73,4267.965,5720
2026-08-06T14:00:00+05:30,4267.975,4274.405,4266.69,4273.69,7715
2026-08-06T14:05:00+05:30,4273.695,4275.08,4270.945,4271.48,4135
2026-08-06T14:10:00+05:30,4271.53,4274.285,4270.775,4273.37,3510
2026-08-06T14:15:00+05:30,4273.415,4275.6,4270.615,4273.88,4985
2026-08-06T14:20:00+05:30,4273.85,4277.45,4272.85,4275.285,4599
2026-08-06T14:25:00+05:30,4275.31,4278.915,4274.575,4278.33,4340
2026-08-06T14:30:00+05:30,4278.405,4283.745,4277.49,4280.365,6255
2026-08-06T14:35:00+05:30,4280.395,4280.795,4276.09,4276.76,4704
2026-08-06T14:40:00+05:30,4276.76,4279.96,4276.57,4279.96,3390
2026-08-06T14:45:00+05:30,4280.11,4283.45,4279.825,4282.715,3625
2026-08-06T14:50:00+05:30,4282.72,4284.885,4280.7,4283.715,4185
2026-08-06T14:55:00+05:30,4283.695,4283.695,4278.665,4283.5,5029
2026-08-06T15:00:00+05:30,4283.465,4284.385,4277.86,4278.99,6525
2026-08-06T15:05:00+05:30,4278.97,4279.605,4276.25,4278.9,3354
2026-08-06T15:10:00+05:30,4278.905,4279.15,4271.905,4271.935,7244
2026-08-06T15:15:00+05:30,4272.005,4276.315,4271.96,4276.07,4354
2026-08-06T15:20:00+05:30,4276.01,4276.02,4271.27,4271.605,4750
2026-08-06T15:25:00+05:30,4271.65,4273.37,4271.41,4273.16,1960
2026-08-06T15:30:00+05:30,4273.11,4273.7,4270.92,4271.645,2779
2026-08-06T15:35:00+05:30,4271.64,4272.205,4269.485,4270.805,2720
2026-08-06T15:40:00+05:30,4270.795,4271.12,4268.63,4269.655,2489
2026-08-06T15:45:00+05:30,4269.63,4269.63,4267.3,4269.085,2329
2026-08-06T15:50:00+05:30,4269.075,4270.99,4267.85,4270.95,3139
2026-08-06T15:55:00+05:30,4270.9,4271.05,4267.89,4269.39,3159
2026-08-06T16:00:00+05:30,4269.485,4269.885,4266.635,4268.13,3250
2026-08-06T16:05:00+05:30,4268.085,4269.18,4267.435,4268.78,1744
2026-08-06T16:10:00+05:30,4268.77,4269.7,4264.545,4265.475,5154
2026-08-06T16:15:00+05:30,4265.525,4270.41,4264.82,4270.33,5590
2026-08-06T16:20:00+05:30,4270.335,4271.635,4269.035,4270.62,2600
2026-08-06T16:25:00+05:30,4270.51,4271.62,4269.365,4270.915,2255
2026-08-06T16:30:00+05:30,4270.91,4273.405,4268.12,4268.7,5284
2026-08-06T16:35:00+05:30,4268.65,4270.145,4266.68,4267.22,3465
2026-08-06T16:40:00+05:30,4267.21,4269.235,4266.915,4269.125,2319
2026-08-06T16:45:00+05:30,4269.19,4271.635,4264.115,4265.935,7520
2026-08-06T16:50:00+05:30,4265.94,4266.525,4260.355,4261.55,6170
2026-08-06T16:55:00+05:30,4261.545,4264.39,4260.785,4264.39,3605
2026-08-06T17:00:00+05:30,4264.415,4267.055,4263.355,4264.74,3700
2026-08-06T17:05:00+05:30,4264.775,4267.09,4261.28,4262.13,5810
2026-08-06T17:10:00+05:30,4262.07,4262.62,4259.935,4260.74,2684
2026-08-06T17:15:00+05:30,4260.76,4260.965,4255.475,4256.615,5489
2026-08-06T17:20:00+05:30,4256.62,4258.83,4254.26,4256.76,4569
2026-08-06T17:25:00+05:30,4256.815,4263.775,4255.525,4263.3,8250
2026-08-06T17:30:00+05:30,4263.305,4265.755,4260.775,4264.16,4980
2026-08-06T17:35:00+05:30,4264.165,4264.175,4257.09,4257.885,7085
2026-08-06T17:40:00+05:30,4257.985,4259.475,4255.675,4256.405,3800
2026-08-06T17:45:00+05:30,4256.42,4257.51,4253.315,4257.18,4195
2026-08-06T17:50:00+05:30,4257.17,4263.11,4256.16,4260.92,6949
2026-08-06T17:55:00+05:30,4260.935,4261.67,4256.805,4261.62,4864
2026-08-06T18:00:00+05:30,4261.97,4270.265,4258.245,4267.835,12020
2026-08-06T18:05:00+05:30,4267.935,4271.115,4267.26,4270.49,3854
2026-08-06T18:10:00+05:30,4270.375,4270.875,4266.33,4266.985,4545
2026-08-06T18:15:00+05:30,4267.055,4267.625,4254.49,4255.56,13135
2026-08-06T18:20:00+05:30,4255.555,4256.515,4251.195,4251.23,5320
2026-08-06T18:25:00+05:30,4251.25,4254.825,4249.145,4250.27,5679
2026-08-06T18:30:00+05:30,4250.235,4255.93,4249.885,4252.46,6045
2026-08-06T18:35:00+05:30,4252.475,4252.99,4230.96,4231.835,22029
2026-08-06T18:40:00+05:30,4231.84,4239.765,4230.46,4238.605,9305
2026-08-06T18:45:00+05:30,4238.555,4244.52,4236.01,4244.445,8510
2026-08-06T18:50:00+05:30,4244.345,4248.26,4241.04,4242.765,7220
2026-08-06T18:55:00+05:30,4242.755,4248.325,4240.43,4247.835,7894
2026-08-06T19:00:00+05:30,4247.855,4252.375,4245.905,4250.77,6470
2026-08-06T19:05:00+05:30,4250.705,4265.31,4250.26,4258.895,15050
2026-08-06T19:10:00+05:30,4258.915,4274.29,4258.705,4270.16,15585
2026-08-06T19:15:00+05:30,4270.13,4270.325,4262.845,4263.86,7479
2026-08-06T19:20:00+05:30,4263.895,4268.055,4262.43,4266.43,5625
2026-08-06T19:25:00+05:30,4266.515,4269.65,4265.58,4267.025,4069
2026-08-06T19:30:00+05:30,4267.025,4271.59,4265.26,4266.81,6329
2026-08-06T19:35:00+05:30,4266.86,4271.53,4264.12,4265.2,7409
2026-08-06T19:40:00+05:30,4265.205,4275.44,4264.995,4268.26,10444
2026-08-06T19:45:00+05:30,4268.27,4268.635,4260.465,4265.725,8170
2026-08-06T19:50:00+05:30,4265.755,4267.44,4261.38,4262.225,6059
2026-08-06T19:55:00+05:30,4262.285,4269.01,4260.255,4265.35,8755
2026-08-06T20:00:00+05:30,4265.355,4274.81,4265.355,4272.09,9455
2026-08-06T20:05:00+05:30,4272.085,4274.74,4270.0,4270.255,4739
2026-08-06T20:10:00+05:30,4270.31,4274.945,4269.8,4273.635,5144
2026-08-06T20:15:00+05:30,4273.63,4275.37,4265.125,4265.29,10244
2026-08-06T20:20:00+05:30,4265.285,4271.13,4262.78,4270.87,8350
2026-08-06T20:25:00+05:30,4270.89,4273.27,4267.425,4273.055,5845
2026-08-06T20:30:00+05:30,4273.065,4274.39,4268.8,4270.47,5590
2026-08-06T20:35:00+05:30,4270.57,4271.76,4265.29,4266.485,6470
2026-08-06T20:40:00+05:30,4266.48,4268.49,4261.975,4263.885,6514
2026-08-06T20:45:00+05:30,4263.965,4263.965,4256.425,4256.71,7539
2026-08-06T20:50:00+05:30,4256.75,4258.33,4250.725,4254.96,7604
2026-08-06T20:55:00+05:30,4254.845,4259.49,4253.58,4254.995,5909
2026-08-06T21:00:00+05:30,4255.025,4255.73,4249.335,4249.335,6394
2026-08-06T21:05:00+05:30,4249.33,4252.875,4246.07,4252.135,6805
2026-08-06T21:10:00+05:30,4252.14,4253.24,4248.26,4251.595,4979
2026-08-06T21:15:00+05:30,4251.645,4251.8,4247.91,4248.165,3890
2026-08-06T21:20:00+05:30,4248.15,4250.11,4234.46,4235.0,15649
2026-08-06T21:25:00+05:30,4234.965,4237.91,4229.505,4233.82,8404
2026-08-06T21:30:00+05:30,4233.815,4238.47,4232.475,4238.27,5994
2026-08-06T21:35:00+05:30,4238.24,4243.18,4236.755,4241.935,6425
2026-08-06T21:40:00+05:30,4241.95,4242.595,4230.84,4232.97,11755
2026-08-06T21:45:00+05:30,4232.945,4233.03,4224.835,4227.135,8194
2026-08-06T21:50:00+05:30,4227.36,4228.185,4223.65,4224.565,4535
2026-08-06T21:55:00+05:30,4224.73,4230.585,4223.505,4230.23,7079
2026-08-06T22:00:00+05:30,4230.185,4233.97,4230.15,4232.29,3820
2026-08-06T22:05:00+05:30,4232.35,4236.225,4231.965,4235.285,4260
2026-08-06T22:10:00+05:30,4235.275,4235.545,4232.275,4233.71,3270
2026-08-06T22:15:00+05:30,4233.715,4236.72,4231.9,4236.625,4820
2026-08-06T22:20:00+05:30,4236.63,4238.2,4235.365,4237.225,2835
2026-08-06T22:25:00+05:30,4237.245,4242.615,4237.19,4241.525,5425
2026-08-06T22:30:00+05:30,4241.51,4243.305,4239.54,4241.7,3765
2026-08-06T22:35:00+05:30,4241.695,4243.41,4240.455,4242.935,2954
2026-08-06T22:40:00+05:30,4243.02,4244.615,4240.87,4240.945,3744
2026-08-06T22:45:00+05:30,4240.98,4241.78,4239.235,4241.385,2545
2026-08-06T22:50:00+05:30,4241.375,4242.47,4238.545,4239.88,3925
2026-08-06T22:55:00+05:30,4239.935,4242.745,4239.435,4241.76,3309
2026-08-06T23:00:00+05:30,4241.785,4242.045,4239.105,4240.78,2940
2026-08-06T23:05:00+05:30,4240.84,4243.58,4238.605,4242.16,4975
2026-08-06T23:10:00+05:30,4242.155,4243.33,4241.425,4242.04,1904
2026-08-06T23:15:00+05:30,4242.095,4242.815,4240.455,4241.88,2359
2026-08-06T23:20:00+05:30,4241.89,4248.155,4241.89,4247.135,6264
2026-08-06T23:25:00+05:30,4247.005,4248.2,4245.69,4247.27,2510
2026-08-06T23:30:00+05:30,4247.345,4247.595,4244.18,4245.825,3414
2026-08-06T23:35:00+05:30,4245.82,4249.165,4245.76,4248.355,3404
2026-08-06T23:40:00+05:30,4248.445,4248.84,4246.465,4246.92,2375
2026-08-06T23:45:00+05:30,4246.975,4249.21,4246.195,4247.855,3015
2026-08-06T23:50:00+05:30,4247.845,4249.74,4246.995,4248.06,2744
2026-08-06T23:55:00+05:30,4248.05,4248.34,4246.38,4246.84,1960
2026-08-07T00:00:00+05:30,4246.785,4247.93,4243.69,4244.14,4240
2026-08-07T00:05:00+05:30,4244.19,4244.93,4242.695,4243.405,2235
2026-08-07T00:10:00+05:30,4243.375,4243.82,4240.755,4241.855,3064
2026-08-07T00:15:00+05:30,4241.86,4245.045,4241.64,4244.93,3404
2026-08-07T00:20:00+05:30,4244.935,4245.745,4241.67,4241.745,4074
2026-08-07T00:25:00+05:30,4241.885,4243.58,4240.815,4243.535,2765
2026-08-07T00:30:00+05:30,4243.56,4249.075,4243.1,4248.48,5974
2026-08-07T00:35:00+05:30,4248.47,4249.165,4247.04,4249.16,2125
2026-08-07T00:40:00+05:30,4249.21,4251.385,4247.31,4247.57,4074
2026-08-07T00:45:00+05:30,4247.47,4248.6,4245.305,4245.545,3295
2026-08-07T00:50:00+05:30,4245.595,4247.27,4239.865,4240.285,7405
2026-08-07T00:55:00+05:30,4240.255,4241.99,4235.245,4237.465,6744
2026-08-07T01:00:00+05:30,4237.48,4238.655,4235.605,4238.25,3050
2026-08-07T01:05:00+05:30,4238.265,4239.79,4236.255,4236.595,3534
2026-08-07T01:10:00+05:30,4236.565,4237.09,4233.12,4234.77,3970
2026-08-07T01:15:00+05:30,4234.76,4239.295,4234.76,4237.81,4534
2026-08-07T01:20:00+05:30,4237.615,4250.845,4237.615,4247.115,13230
2026-08-07T01:25:00+05:30,4247.095,4249.255,4243.985,4248.95,5270
2026-08-07T01:30:00+05:30,4248.81,4250.215,4246.09,4247.08,4125
2026-08-07T01:35:00+05:30,4247.16,4247.55,4245.425,4245.865,2125
2026-08-07T01:40:00+05:30,4245.88,4246.765,4242.835,4244.555,3930
2026-08-07T01:45:00+05:30,4244.55,4245.61,4243.775,4244.26,1835
2026-08-07T01:50:00+05:30,4244.25,4244.855,4242.105,4242.425,2750
2026-08-07T01:55:00+05:30,4242.445,4243.16,4240.005,4241.9,3154
2026-08-07T02:00:00+05:30,4241.935,4241.935,4240.895,4241.29,1039
2026-08-07T02:05:00+05:30,4241.335,4242.5,4239.73,4240.285,2770
2026-08-07T02:10:00+05:30,4240.235,4240.245,4235.105,4235.365,5140
2026-08-07T02:15:00+05:30,4235.155,4239.0,4234.78,4236.64,4220
2026-08-07T02:20:00+05:30,4236.58,4242.065,4235.97,4241.645,6094
2026-08-07T02:25:00+05:30,4241.57,4241.61,4240.125,4240.75,1484
2026-08-07T03:30:00+05:30,4236.61,4236.715,4236.61,4236.715,105
2026-08-07T03:35:00+05:30,4236.715,4238.68,4236.605,4238.11,2075
2026-08-07T03:40:00+05:30,4238.035,4239.195,4236.85,4239.195,2344
2026-08-07T03:45:00+05:30,4239.2,4241.71,4239.12,4241.235,2590
2026-08-07T03:50:00+05:30,4241.275,4242.69,4239.77,4242.145,2919
2026-08-07T03:55:00+05:30,4241.98,4243.5,4241.23,4242.39,2270
2026-08-07T04:00:00+05:30,4242.395,4243.445,4241.26,4241.55,2184
2026-08-07T04:05:00+05:30,4241.545,4241.87,4240.05,4240.37,1819
2026-08-07T04:10:00+05:30,4240.365,4241.43,4239.03,4239.37,2400
2026-08-07T04:15:00+05:30,4239.36,4241.975,4238.885,4241.75,3090
2026-08-07T04:20:00+05:30,4241.735,4242.885,4241.03,4242.12,1855
2026-08-07T04:25:00+05:30,4242.095,4242.095,4240.825,4240.83,1270
2026-08-07T04:30:00+05:30,4240.555,4243.06,4240.36,4242.32,2700
2026-08-07T04:35:00+05:30,4242.435,4245.785,4242.435,4244.035,3349
2026-08-07T04:40:00+05:30,4244.02,4245.395,4243.775,4245.37,1620
2026-08-07T04:45:00+05:30,4245.34,4246.215,4244.79,4245.74,1425
2026-08-07T04:50:00+05:30,4245.64,4246.225,4245.63,4246.105,595
2026-08-07T04:55:00+05:30,4246.125,4246.265,4243.19,4245.405,3075
2026-08-07T05:00:00+05:30,4245.415,4248.84,4245.265,4247.24,3574
2026-08-07T05:05:00+05:30,4247.15,4247.77,4246.085,4246.105,1685
2026-08-07T05:10:00+05:30,4246.355,4247.955,4244.95,4246.725,3005
2026-08-07T05:15:00+05:30,4246.735,4249.15,4245.88,4248.645,3269
2026-08-07T05:20:00+05:30,4248.65,4252.31,4248.65,4251.905,3660
2026-08-07T05:25:00+05:30,4251.85,4253.245,4250.665,4252.425,2579
2026-08-07T05:30:00+05:30,4252.42,4253.015,4247.55,4249.74,5465
2026-08-07T05:35:00+05:30,4249.785,4251.125,4249.02,4249.46,2104
2026-08-07T05:40:00+05:30,4249.475,4249.475,4243.525,4245.0,5950
2026-08-07T05:45:00+05:30,4244.98,4246.35,4241.425,4242.48,4925
2026-08-07T05:50:00+05:30,4242.475,4245.625,4239.75,4240.01,5875
2026-08-07T05:55:00+05:30,4240.015,4244.22,4239.255,4244.025,4965
2026-08-07T06:00:00+05:30,4244.02,4244.03,4240.545,4241.64,3484
2026-08-07T06:05:00+05:30,4241.71,4242.725,4235.46,4235.73,7265
2026-08-07T06:10:00+05:30,4235.745,4235.98,4230.395,4234.89,5584
2026-08-07T06:15:00+05:30,4234.87,4237.06,4231.455,4231.47,5605
2026-08-07T06:20:00+05:30,4231.465,4235.23,4231.395,4233.97,3834
2026-08-07T06:25:00+05:30,4233.98,4234.265,4229.875,4232.9,4390
2026-08-07T06:30:00+05:30,4232.925,4243.305,4231.59,4241.9,11715
2026-08-07T06:35:00+05:30,4241.87,4246.87,4240.22,4242.585,6649
2026-08-07T06:40:00+05:30,4242.635,4245.275,4240.645,4244.34,4629
2026-08-07T06:45:00+05:30,4244.405,4246.42,4243.53,4244.585,2890
2026-08-07T06:50:00+05:30,4244.6,4250.32,4241.055,4241.65,9264
2026-08-07T06:55:00+05:30,4241.715,4246.045,4240.245,4243.48,5800
2026-08-07T07:00:00+05:30,4243.485,4245.415,4239.335,4242.97,6079
2026-08-07T07:05:00+05:30,4242.995,4246.625,4241.775,4246.58,4850
2026-08-07T07:10:00+05:30,4246.595,4258.905,4246.045,4256.905,12859
2026-08-07T07:15:00+05:30,4256.9,4258.815,4252.605,4254.275,6210
2026-08-07T07:20:00+05:30,4254.265,4255.38,4251.965,4254.55,3414
2026-08-07T07:25:00+05:30,4254.54,4259.365,4253.97,4256.97,5394
2026-08-07T07:30:00+05:30,4256.955,4261.785,4256.245,4261.315,5539
2026-08-07T07:35:00+05:30,4261.305,4261.365,4258.06,4259.255,3304
2026-08-07T07:40:00+05:30,4259.28,4259.8,4257.445,4258.8,2355
2026-08-07T07:45:00+05:30,4258.79,4261.15,4257.745,4258.29,3404
2026-08-07T07:50:00+05:30,4258.275,4260.97,4257.56,4260.61,3409
2026-08-07T07:55:00+05:30,4260.595,4261.355,4259.495,4260.92,1859
2026-08-07T08:00:00+05:30,4261.0,4261.73,4256.61,4256.97,5119
2026-08-07T08:05:00+05:30,4257.015,4257.41,4252.055,4253.085,5354
2026-08-07T08:10:00+05:30,4253.135,4255.245,4249.805,4249.805,5439
2026-08-07T08:15:00+05:30,4249.81,4252.5,4247.21,4251.155,5289
2026-08-07T08:20:00+05:30,4251.135,4255.775,4251.12,4254.645,4654
2026-08-07T08:25:00+05:30,4254.635,4256.185,4249.89,4250.36,6295
2026-08-07T08:30:00+05:30,4250.39,4259.505,4249.57,4258.515,9935
2026-08-07T08:35:00+05:30,4258.49,4258.555,4256.22,4256.81,2335
2026-08-07T08:40:00+05:30,4256.86,4257.46,4252.895,4254.82,4564
2026-08-07T08:45:00+05:30,4254.75,4255.875,4252.94,4254.09,2935
2026-08-07T08:50:00+05:30,4253.875,4256.435,4251.935,4254.945,4500
2026-08-07T08:55:00+05:30,4254.995,4258.885,4254.565,4258.775,4320
2026-08-07T09:00:00+05:30,4258.765,4261.4,4258.61,4259.15,2789
2026-08-07T09:05:00+05:30,4259.14,4261.04,4257.725,4260.62,3314
2026-08-07T09:10:00+05:30,4260.65,4261.19,4259.89,4260.8,1299
2026-08-07T09:15:00+05:30,4260.785,4261.64,4259.4,4260.91,2240
2026-08-07T09:20:00+05:30,4260.905,4261.155,4259.285,4260.595,1869
2026-08-07T09:25:00+05:30,4260.54,4266.545,4260.365,4266.265,6180
2026-08-07T09:30:00+05:30,4266.245,4269.215,4262.24,4265.155,6975
2026-08-07T09:35:00+05:30,4265.055,4267.9,4264.65,4266.59,3250
2026-08-07T09:40:00+05:30,4266.595,4267.725,4263.98,4266.125,3745
2026-08-07T09:45:00+05:30,4266.12,4267.515,4262.285,4262.42,5230
2026-08-07T09:50:00+05:30,4262.43,4268.455,4261.945,4265.545,6510
2026-08-07T09:55:00+05:30,4265.53,4267.14,4264.035,4265.11,3105
2026-08-07T10:00:00+05:30,4264.99,4268.635,4263.76,4268.03,4875
2026-08-07T10:05:00+05:30,4267.93,4268.37,4264.265,4264.75,4104
2026-08-07T10:10:00+05:30,4264.535,4266.235,4260.81,4264.055,5424
2026-08-07T10:15:00+05:30,4264.09,4264.8,4262.385,4264.39,2414
2026-08-07T10:20:00+05:30,4264.385,4267.19,4264.335,4267.17,2854
2026-08-07T10:25:00+05:30,4267.16,4267.385,4264.905,4265.045,2480
2026-08-07T10:30:00+05:30,4264.995,4266.585,4263.505,4265.945,3079
2026-08-07T10:35:00+05:30,4265.845,4267.215,4262.1,4267.21,5114
2026-08-07T10:40:00+05:30,4267.215,4271.55,4266.275,4269.31,5275
2026-08-07T10:45:00+05:30,4269.28,4270.6,4268.07,4268.445,2530
2026-08-07T10:50:00+05:30,4268.455,4270.78,4265.77,4266.76,5009
2026-08-07T10:55:00+05:30,4266.69,4267.885,4264.795,4266.76,3090
2026-08-07T11:00:00+05:30,4266.8,4276.71,4266.09,4275.2,10619
2026-08-07T11:05:00+05:30,4275.21,4277.545,4273.065,4273.55,4480
2026-08-07T11:10:00+05:30,4273.495,4273.89,4270.725,4271.56,3164
2026-08-07T11:15:00+05:30,4271.545,4277.08,4271.545,4276.42,5534
2026-08-07T11:20:00+05:30,4276.365,4279.745,4273.76,4274.81,5984
2026-08-07T11:25:00+05:30,4274.91,4280.635,4274.91,4278.815,5725
2026-08-07T11:30:00+05:30,4278.875,4282.98,4278.535,4282.675,4444
2026-08-07T11:35:00+05:30,4282.67,4284.455,4281.41,4282.345,3045
2026-08-07T11:40:00+05:30,4282.27,4291.52,4281.77,4286.775,9750
2026-08-07T11:45:00+05:30,4286.755,4290.495,4284.095,4288.29,6399
2026-08-07T11:50:00+05:30,4288.195,4291.49,4287.015,4287.68,4474
2026-08-07T11:55:00+05:30,4287.645,4287.645,4283.26,4283.435,4385
2026-08-07T12:00:00+05:30,4283.445,4287.66,4280.24,4286.34,7420
2026-08-07T12:05:00+05:30,4286.36,4293.805,4286.305,4291.91,7500
2026-08-07T12:10:00+05:30,4291.96,4294.93,4291.58,4292.2,3350
2026-08-07T12:15:00+05:30,4292.205,4294.66,4289.59,4289.59,5069
2026-08-07T12:20:00+05:30,4289.605,4295.245,4288.915,4293.725,6329
2026-08-07T12:25:00+05:30,4293.74,4298.945,4293.485,4297.275,5460
2026-08-07T12:30:00+05:30,4297.3,4298.095,4292.985,4294.92,5110
2026-08-07T12:35:00+05:30,4294.93,4295.025,4290.46,4291.405,4564
2026-08-07T12:40:00+05:30,4291.415,4293.275,4290.365,4291.31,2909
2026-08-07T12:45:00+05:30,4291.325,4292.51,4289.17,4291.66,3340
2026-08-07T12:50:00+05:30,4291.665,4292.84,4287.94,4288.02,4900
2026-08-07T12:55:00+05:30,4288.085,4288.305,4284.72,4285.475,3585
2026-08-07T13:00:00+05:30,4285.47,4287.835,4283.92,4287.47,3914
2026-08-07T13:05:00+05:30,4287.455,4288.88,4285.505,4285.6,3375
2026-08-07T13:10:00+05:30,4285.59,4288.13,4284.435,4285.295,3694
2026-08-07T13:15:00+05:30,4285.245,4287.08,4282.99,4285.375,4090
2026-08-07T13:20:00+05:30,4285.37,4287.02,4284.435,4286.965,2585
2026-08-07T13:25:00+05:30,4287.04,4291.325,4286.625,4290.18,4699
2026-08-07T13:30:00+05:30,4290.17,4293.635,4289.13,4292.36,4505
2026-08-07T13:35:00+05:30,4292.355,4296.49,4292.355,4294.745,4135
2026-08-07T13:40:00+05:30,4294.68,4300.605,4294.635,4299.805,5969
2026-08-07T13:45:00+05:30,4299.81,4300.805,4297.035,4298.095,3770
2026-08-07T13:50:00+05:30,4298.16,4298.42,4293.87,4294.38,4550
2026-08-07T13:55:00+05:30,4294.37,4295.825,4293.435,4295.12,2389
2026-08-07T14:00:00+05:30,4295.155,4314.895,4294.14,4314.03,20755
2026-08-07T14:05:00+05:30,4314.015,4316.735,4301.145,4304.52,15589
2026-08-07T14:10:00+05:30,4304.555,4310.19,4304.555,4309.25,5634
2026-08-07T14:15:00+05:30,4309.36,4311.67,4306.925,4307.225,4744
2026-08-07T14:20:00+05:30,4307.235,4307.865,4303.445,4304.415,4420
2026-08-07T14:25:00+05:30,4304.44,4308.08,4303.34,4306.245,4739
2026-08-07T14:30:00+05:30,4306.25,4307.455,4304.655,4305.575,2800
2026-08-07T14:35:00+05:30,4305.69,4307.39,4304.8,4306.03,2590
2026-08-07T14:40:00+05:30,4305.985,4307.36,4304.89,4306.065,2469
2026-08-07T14:45:00+05:30,4306.055,4308.11,4304.855,4306.815,3255
2026-08-07T14:50:00+05:30,4306.805,4311.1,4306.36,4310.66,4740
2026-08-07T14:55:00+05:30,4310.7,4310.9,4305.64,4306.96,5259
2026-08-07T15:00:00+05:30,4307.005,4308.3,4302.29,4304.29,6010
2026-08-07T15:05:00+05:30,4304.345,4309.22,4302.72,4308.925,6500
2026-08-07T15:10:00+05:30,4308.915,4318.48,4308.88,4317.525,9599
2026-08-07T15:15:00+05:30,4317.605,4320.865,4315.19,4316.665,5675
2026-08-07T15:20:00+05:30,4316.655,4319.905,4316.245,4317.83,3659
2026-08-07T15:25:00+05:30,4317.825,4319.51,4314.425,4316.08,5085
2026-08-07T15:30:00+05:30,4316.075,4319.385,4314.895,4317.55,4489
2026-08-07T15:35:00+05:30,4317.54,4317.91,4312.095,4312.5,5814
2026-08-07T15:40:00+05:30,4312.505,4313.915,4308.09,4308.29,5824
2026-08-07T15:45:00+05:30,4308.28,4314.11,4308.205,4313.475,5904
2026-08-07T15:50:00+05:30,4313.495,4313.495,4310.88,4312.61,2614
2026-08-07T15:55:00+05:30,4312.595,4314.48,4312.33,4313.785,2149
2026-08-07T16:00:00+05:30,4313.815,4316.79,4313.2,4315.72,3590
2026-08-07T16:05:00+05:30,4315.725,4318.315,4314.235,4317.325,4079
2026-08-07T16:10:00+05:30,4317.305,4318.285,4315.43,4316.875,2854
2026-08-07T16:15:00+05:30,4316.885,4320.02,4316.58,4318.635,3440
2026-08-07T16:20:00+05:30,4318.625,4320.695,4317.245,4317.315,3449
2026-08-07T16:25:00+05:30,4317.275,4317.93,4316.46,4316.97,1470
2026-08-07T16:30:00+05:30,4316.965,4324.44,4316.9,4323.615,7539
2026-08-07T16:35:00+05:30,4323.61,4326.405,4321.77,4324.93,4634
2026-08-07T16:40:00+05:30,4324.86,4325.585,4319.715,4320.39,5869
2026-08-07T16:45:00+05:30,4320.385,4320.98,4317.29,4320.565,3689
2026-08-07T16:50:00+05:30,4320.555,4325.51,4320.325,4324.275,5185
2026-08-07T16:55:00+05:30,4324.495,4327.405,4324.095,4325.07,3309
2026-08-07T17:00:00+05:30,4325.14,4327.745,4324.455,4324.49,3289
2026-08-07T17:05:00+05:30,4324.48,4324.965,4320.825,4323.465,4140
2026-08-07T17:10:00+05:30,4323.44,4325.63,4322.145,4322.885,3484
2026-08-07T17:15:00+05:30,4322.805,4325.765,4322.385,4323.935,3380
2026-08-07T17:20:00+05:30,4323.955,4326.945,4320.89,4325.85,6054
2026-08-07T17:25:00+05:30,4325.855,4327.025,4320.87,4321.245,6154
2026-08-07T17:30:00+05:30,4321.24,4325.55,4319.085,4319.72,6465
2026-08-07T17:35:00+05:30,4319.725,4320.445,4315.42,4319.13,5024
2026-08-07T17:40:00+05:30,4319.12,4322.9,4314.975,4315.16,7924
2026-08-07T17:45:00+05:30,4315.14,4316.995,4312.07,4314.505,4925
2026-08-07T17:50:00+05:30,4314.495,4317.44,4310.495,4310.95,6944
2026-08-07T17:55:00+05:30,4310.955,4315.505,4301.015,4309.88,14489
2026-08-07T18:00:00+05:30,4309.94,4364.745,4309.905,4360.03,54840
2026-08-07T18:05:00+05:30,4359.805,4366.545,4351.84,4364.89,14704
2026-08-07T18:10:00+05:30,4364.835,4370.8,4361.165,4367.055,9635
2026-08-07T18:15:00+05:30,4367.1,4371.82,4366.71,4368.7,5109
2026-08-07T18:20:00+05:30,4368.685,4371.84,4363.545,4364.635,8295
2026-08-07T18:25:00+05:30,4364.685,4365.525,4355.655,4361.425,9869
2026-08-07T18:30:00+05:30,4361.415,4364.365,4347.395,4347.395,16969
2026-08-07T18:35:00+05:30,4347.36,4352.765,4346.125,4350.585,6640
2026-08-07T18:40:00+05:30,4350.6,4351.26,4346.59,4347.99,4670
2026-08-07T18:45:00+05:30,4348.005,4349.61,4338.98,4347.315,10630
2026-08-07T18:50:00+05:30,4347.345,4353.615,4347.345,4350.515,6269
2026-08-07T18:55:00+05:30,4350.525,4358.115,4348.6,4356.4,9514
2026-08-07T19:00:00+05:30,4356.395,4359.785,4350.8,4353.39,8984
2026-08-07T19:05:00+05:30,4353.385,4366.215,4350.97,4364.835,15244
2026-08-07T19:10:00+05:30,4364.855,4368.01,4358.215,4358.55,9795
2026-08-07T19:15:00+05:30,4358.545,4360.035,4352.11,4353.715,7925
2026-08-07T19:20:00+05:30,4353.77,4358.575,4352.395,4354.89,6179
2026-08-07T19:25:00+05:30,4354.905,4357.2,4342.37,4348.255,14829
2026-08-07T19:30:00+05:30,4348.265,4349.065,4333.635,4333.66,15429
2026-08-07T19:35:00+05:30,4333.68,4338.45,4330.765,4337.82,7684
2026-08-07T19:40:00+05:30,4337.88,4342.005,4327.455,4334.595,14550
2026-08-07T19:45:00+05:30,4334.6,4347.085,4330.515,4346.01,16569
2026-08-07T19:50:00+05:30,4346.035,4352.175,4343.735,4351.525,8440
2026-08-07T19:55:00+05:30,4351.555,4353.025,4348.055,4348.865,4969
2026-08-07T20:00:00+05:30,4348.875,4350.68,4343.945,4347.725,6735
2026-08-07T20:05:00+05:30,4347.74,4349.545,4342.91,4343.43,6635
2026-08-07T20:10:00+05:30,4343.45,4350.275,4342.22,4344.185,8054
2026-08-07T20:15:00+05:30,4344.235,4347.085,4340.335,4343.05,6750
2026-08-07T20:20:00+05:30,4343.055,4349.015,4343.035,4345.41,5980
2026-08-07T20:25:00+05:30,4345.495,4346.52,4340.51,4341.605,6010
2026-08-07T20:30:00+05:30,4341.615,4349.115,4340.385,4345.19,8729
2026-08-07T20:35:00+05:30,4345.195,4353.465,4344.615,4348.5,8850
2026-08-07T20:40:00+05:30,4348.615,4356.08,4346.61,4355.53,9470
2026-08-07T20:45:00+05:30,4355.53,4357.155,4352.48,4354.59,4675
2026-08-07T20:50:00+05:30,4354.57,4358.545,4354.465,4357.095,4079
2026-08-07T20:55:00+05:30,4357.09,4358.265,4351.22,4351.495,7045
2026-08-07T21:00:00+05:30,4351.51,4353.295,4347.235,4349.535,6060
2026-08-07T21:05:00+05:30,4349.56,4353.985,4348.885,4352.265,5099
2026-08-07T21:10:00+05:30,4352.26,4353.19,4348.69,4349.6,4500
2026-08-07T21:15:00+05:30,4349.64,4351.865,4348.615,4349.175,3250
2026-08-07T21:20:00+05:30,4349.18,4350.44,4339.895,4343.015,10544
2026-08-07T21:25:00+05:30,4343.01,4345.265,4340.62,4341.13,4645
2026-08-07T21:30:00+05:30,4341.185,4343.625,4338.735,4343.16,4890
2026-08-07T21:35:00+05:30,4343.15,4349.72,4343.15,4346.965,6570
2026-08-07T21:40:00+05:30,4346.95,4348.415,4343.6,4347.46,4814
2026-08-07T21:45:00+05:30,4347.45,4348.12,4342.32,4342.32,5800
2026-08-07T21:50:00+05:30,4342.305,4349.745,4337.82,4338.095,11925
2026-08-07T21:55:00+05:30,4338.075,4338.505,4334.42,4337.655,4085
2026-08-07T22:00:00+05:30,4337.645,4339.245,4332.74,4339.15,6505
2026-08-07T22:05:00+05:30,4339.155,4342.13,4336.48,4339.965,5650
2026-08-07T22:10:00+05:30,4339.93,4341.125,4336.965,4338.735,4159
2026-08-07T22:15:00+05:30,4338.73,4342.31,4335.825,4338.47,6485
2026-08-07T22:20:00+05:30,4338.465,4338.875,4332.7,4333.905,6175
2026-08-07T22:25:00+05:30,4333.935,4334.615,4329.28,4329.305,5335
2026-08-07T22:30:00+05:30,4329.3,4335.555,4327.865,4335.065,7690
2026-08-07T22:35:00+05:30,4335.07,4338.585,4334.88,4335.61,3704
2026-08-07T22:40:00+05:30,4335.585,4337.715,4335.055,4335.75,2659
2026-08-07T22:45:00+05:30,4335.675,4336.485,4333.905,4335.375,2579
2026-08-07T22:50:00+05:30,4335.37,4339.53,4334.25,4338.69,5279
2026-08-07T22:55:00+05:30,4338.685,4342.255,4337.055,4339.735,5199
2026-08-07T23:00:00+05:30,4339.71,4340.205,4334.235,4336.745,5970
2026-08-07T23:05:00+05:30,4336.71,4336.865,4329.845,4334.99,7019
2026-08-07T23:10:00+05:30,4335.015,4338.355,4334.95,4336.275,3404
2026-08-07T23:15:00+05:30,4336.27,4337.62,4335.035,4336.78,2585
2026-08-07T23:20:00+05:30,4336.8,4341.62,4336.8,4341.265,4819
2026-08-07T23:25:00+05:30,4341.285,4343.15,4339.905,4340.275,3244
2026-08-07T23:30:00+05:30,4340.325,4341.145,4339.095,4340.095,2050
2026-08-07T23:35:00+05:30,4340.105,4343.03,4339.895,4341.93,3134
2026-08-07T23:40:00+05:30,4341.935,4342.665,4334.905,4335.06,7760
2026-08-07T23:45:00+05:30,4335.08,4338.035,4335.055,4335.525,2979
2026-08-07T23:50:00+05:30,4335.535,4335.955,4332.255,4333.675,3699
2026-08-07T23:55:00+05:30,4333.655,4335.73,4332.39,4334.535,3339
2026-08-08T00:00:00+05:30,4334.565,4337.935,4333.875,4337.13,4060
2026-08-08T00:05:00+05:30,4337.15,4339.08,4336.895,4337.19,2184
2026-08-08T00:10:00+05:30,4337.215,4337.665,4333.43,4334.355,4234
2026-08-08T00:15:00+05:30,4334.315,4337.555,4334.045,4336.75,3510
2026-08-08T00:20:00+05:30,4336.765,4337.6,4334.065,4335.33,3535
2026-08-08T00:25:00+05:30,4335.345,4335.755,4333.22,4335.695,2534
2026-08-08T00:30:00+05:30,4335.7,4344.89,4335.565,4340.41,9325
2026-08-08T00:35:00+05:30,4340.395,4345.15,4340.11,4344.77,5039
2026-08-08T00:40:00+05:30,4344.755,4345.795,4343.39,4343.57,2404
2026-08-08T00:45:00+05:30,4343.585,4350.12,4342.995,4347.145,7125
2026-08-08T00:50:00+05:30,4347.135,4350.41,4347.035,4348.86,3375
2026-08-08T00:55:00+05:30,4348.82,4349.015,4347.07,4348.63,1945
2026-08-08T01:00:00+05:30,4348.6,4348.875,4345.085,4345.725,3789
2026-08-08T01:05:00+05:30,4345.72,4347.125,4344.355,4346.075,2770
2026-08-08T01:10:00+05:30,4346.1,4348.45,4344.69,4347.96,3760
2026-08-08T01:15:00+05:30,4347.95,4349.535,4347.16,4347.6,2375
2026-08-08T01:20:00+05:30,4347.51,4349.425,4342.32,4343.19,7105
2026-08-08T01:25:00+05:30,4343.15,4345.705,4340.09,4344.08,5614
2026-08-08T01:30:00+05:30,4344.12,4345.38,4342.825,4343.715,2555
2026-08-08T01:35:00+05:30,4343.775,4344.66,4341.665,4341.665,2994
2026-08-08T01:40:00+05:30,4341.615,4342.705,4338.14,4342.54,4564
2026-08-08T01:45:00+05:30,4342.525,4343.035,4339.47,4339.67,3564
2026-08-08T01:50:00+05:30,4339.625,4339.99,4338.835,4339.405,1154
2026-08-08T01:55:00+05:30,4339.4,4340.08,4337.21,4337.855,2869
2026-08-08T02:00:00+05:30,4337.82,4337.86,4336.015,4337.635,1844
2026-08-08T02:05:00+05:30,4337.68,4341.4,4337.545,4341.035,3854
2026-08-08T02:10:00+05:30,4340.98,4342.38,4340.395,4341.525,1984
2026-08-08T02:15:00+05:30,4341.39,4341.71,4339.085,4340.055,2625
2026-08-08T02:20:00+05:30,4340.015,4341.43,4339.76,4341.395,1670
2026-08-08T02:25:00+05:30,4341.365,4343.46,4340.08,4341.935,3380
2026-08-10T03:30:00+05:30,4340.28,4340.56,4340.28,4340.33,280
2026-08-10T03:35:00+05:30,4340.21,4340.21,4334.605,4339.325,5605
2026-08-10T03:40:00+05:30,4339.425,4346.235,4338.67,4343.645,7564
2026-08-10T03:45:00+05:30,4343.6,4344.755,4339.685,4339.97,5069
2026-08-10T03:50:00+05:30,4339.96,4340.85,4338.425,4339.39,2425
2026-08-10T03:55:00+05:30,4339.37,4344.0,4339.355,4343.76,4645
2026-08-10T04:00:00+05:30,4343.765,4345.265,4340.855,4342.39,4410
2026-08-10T04:05:00+05:30,4342.38,4343.025,4340.085,4341.26,2939
2026-08-10T04:10:00+05:30,4341.255,4342.505,4340.325,4340.33,2180
2026-08-10T04:15:00+05:30,4340.315,4344.11,4340.06,4343.575,4049
2026-08-10T04:20:00+05:30,4343.565,4343.935,4342.015,4342.655,1920
2026-08-10T04:25:00+05:30,4342.645,4342.65,4341.425,4341.59,1224
2026-08-10T04:30:00+05:30,4341.605,4347.665,4341.15,4347.14,6515
2026-08-10T04:35:00+05:30,4347.125,4347.68,4345.105,4346.265,2575
2026-08-10T04:40:00+05:30,4346.285,4347.555,4345.67,4346.45,1885
2026-08-10T04:45:00+05:30,4346.465,4347.245,4344.12,4346.035,3125
2026-08-10T04:50:00+05:30,4346.015,4348.975,4345.43,4348.06,3545
2026-08-10T04:55:00+05:30,4348.05,4349.11,4346.03,4346.385,3079
2026-08-10T05:00:00+05:30,4346.31,4347.375,4340.28,4341.61,7095
2026-08-10T05:05:00+05:30,4341.69,4343.135,4340.175,4343.065,2960
2026-08-10T05:10:00+05:30,4343.005,4343.23,4341.45,4342.35,1779
2026-08-10T05:15:00+05:30,4342.365,4343.55,4341.48,4342.2,2070
2026-08-10T05:20:00+05:30,4342.175,4343.045,4340.385,4340.405,2659
2026-08-10T05:25:00+05:30,4340.385,4340.76,4332.32,4333.115,8440
2026-08-10T05:30:00+05:30,4333.075,4340.96,4332.81,4340.74,8149
2026-08-10T05:35:00+05:30,4340.76,4343.775,4339.86,4341.835,3914
2026-08-10T05:40:00+05:30,4341.825,4347.215,4339.805,4344.4,7409
2026-08-10T05:45:00+05:30,4344.51,4345.955,4339.295,4344.08,6659
2026-08-10T05:50:00+05:30,4344.07,4344.245,4339.48,4340.22,4765
2026-08-10T05:55:00+05:30,4340.23,4340.655,4337.36,4337.78,3295
2026-08-10T06:00:00+05:30,4337.7,4339.43,4335.54,4336.38,3890
2026-08-10T06:05:00+05:30,4336.44,4337.265,4333.74,4336.94,3525
2026-08-10T06:10:00+05:30,4336.915,4338.355,4333.82,4334.47,4534
2026-08-10T06:15:00+05:30,4334.5,4336.345,4333.54,4335.83,2805
2026-08-10T06:20:00+05:30,4335.825,4337.515,4333.605,4333.955,3910
2026-08-10T06:25:00+05:30,4333.95,4334.865,4330.84,4332.21,4024
2026-08-10T06:30:00+05:30,4332.27,4340.655,4327.165,4327.325,13489
2026-08-10T06:35:00+05:30,4327.31,4328.39,4322.515,4323.7,5875
2026-08-10T06:40:00+05:30,4323.73,4325.325,4322.055,4322.975,3269
2026-08-10T06:45:00+05:30,4322.965,4326.38,4321.68,4324.305,4699
2026-08-10T06:50:00+05:30,4324.275,4328.22,4321.52,4327.82,6699
2026-08-10T06:55:00+05:30,4327.835,4328.3,4316.47,4316.515,11829
2026-08-10T07:00:00+05:30,4316.48,4321.24,4313.96,4320.22,7279
2026-08-10T07:05:00+05:30,4320.275,4320.315,4315.965,4316.855,4349
2026-08-10T07:10:00+05:30,4316.875,4318.02,4313.43,4317.465,4590
2026-08-10T07:15:00+05:30,4317.455,4321.595,4316.1,4320.44,5494
2026-08-10T07:20:00+05:30,4320.425,4323.62,4319.045,4320.14,4574
2026-08-10T07:25:00+05:30,4320.165,4324.27,4317.8,4322.67,6470
2026-08-10T07:30:00+05:30,4322.695,4323.395,4319.965,4321.57,3430
2026-08-10T07:35:00+05:30,4321.575,4324.16,4318.79,4323.49,5369
2026-08-10T07:40:00+05:30,4323.495,4325.935,4321.49,4324.68,4445
2026-08-10T07:45:00+05:30,4324.685,4326.22,4323.595,4325.06,2625
2026-08-10T07:50:00+05:30,4325.065,4327.995,4324.21,4327.28,3784
2026-08-10T07:55:00+05:30,4327.275,4332.405,4326.59,4330.94,5814
2026-08-10T08:00:00+05:30,4330.93,4332.345,4324.725,4327.96,7619
2026-08-10T08:05:00+05:30,4327.98,4329.76,4324.885,4325.695,4875
2026-08-10T08:10:00+05:30,4325.725,4330.105,4323.28,4326.51,6824
2026-08-10T08:15:00+05:30,4326.58,4327.325,4321.54,4323.715,5784
2026-08-10T08:20:00+05:30,4323.665,4325.01,4319.59,4320.14,5420
2026-08-10T08:25:00+05:30,4320.155,4322.335,4318.81,4319.735,3524
2026-08-10T08:30:00+05:30,4319.72,4321.395,4318.175,4319.295,3220
2026-08-10T08:35:00+05:30,4319.245,4319.925,4317.805,4318.065,2119
2026-08-10T08:40:00+05:30,4318.035,4320.375,4317.865,4320.165,2510
2026-08-10T08:45:00+05:30,4320.18,4324.31,4319.695,4324.095,4615
2026-08-10T08:50:00+05:30,4324.035,4326.655,4323.48,4323.59,3175
2026-08-10T08:55:00+05:30,4323.645,4328.445,4323.645,4327.355,4799
2026-08-10T09:00:00+05:30,4327.34,4328.445,4325.82,4328.165,2625
2026-08-10T09:05:00+05:30,4328.185,4330.025,4325.87,4326.285,4154
2026-08-10T09:10:00+05:30,4326.315,4326.805,4324.9,4325.28,1905
2026-08-10T09:15:00+05:30,4325.23,4327.57,4324.2,4326.91,3369
2026-08-10T09:20:00+05:30,4326.97,4328.04,4326.41,4327.45,1630
2026-08-10T09:25:00+05:30,4327.46,4328.035,4326.265,4326.735,1769
2026-08-10T09:30:00+05:30,4326.79,4328.425,4323.21,4326.07,5215
2026-08-10T09:35:00+05:30,4326.065,4327.915,4323.56,4327.79,4354
2026-08-10T09:40:00+05:30,4327.825,4332.86,4327.825,4332.45,5034
2026-08-10T09:45:00+05:30,4332.49,4334.07,4330.895,4333.905,3174
2026-08-10T09:50:00+05:30,4333.835,4337.59,4333.425,4336.975,4164
2026-08-10T09:55:00+05:30,4336.98,4337.745,4334.04,4334.875,3704
2026-08-10T10:00:00+05:30,4334.825,4336.325,4333.195,4334.645,3130
2026-08-10T10:05:00+05:30,4334.505,4336.305,4333.685,4333.94,2619
2026-08-10T10:10:00+05:30,4333.9,4333.91,4329.99,4332.41,3920
2026-08-10T10:15:00+05:30,4332.405,4335.75,4332.145,4333.92,3604
2026-08-10T10:20:00+05:30,4333.93,4337.395,4333.465,4336.18,3930
2026-08-10T10:25:00+05:30,4336.065,4339.64,4335.83,4339.535,3810
2026-08-10T10:30:00+05:30,4339.475,4339.85,4335.105,4337.23,4745
2026-08-10T10:35:00+05:30,4337.28,4339.14,4336.31,4336.31,2829
2026-08-10T10:40:00+05:30,4336.385,4336.52,4333.485,4335.07,3035
2026-08-10T10:45:00+05:30,4335.095,4336.47,4332.88,4333.39,3590
2026-08-10T10:50:00+05:30,4333.385,4336.53,4333.305,4335.16,3224
2026-08-10T10:55:00+05:30,4335.145,4335.26,4333.495,4333.97,1765
2026-08-10T11:00:00+05:30,4333.925,4341.195,4331.74,4340.425,9454
2026-08-10T11:05:00+05:30,4340.385,4341.98,4338.615,4341.41,3364
2026-08-10T11:10:00+05:30,4341.345,4344.425,4338.605,4343.73,5820
2026-08-10T11:15:00+05:30,4343.725,4347.35,4340.75,4345.79,6600
2026-08-10T11:20:00+05:30,4345.95,4352.41,4345.36,4348.535,7050
2026-08-10T11:25:00+05:30,4348.55,4349.605,4345.245,4347.405,4359
2026-08-10T11:30:00+05:30,4347.475,4347.595,4341.97,4342.74,5625
2026-08-10T11:35:00+05:30,4342.69,4346.865,4342.205,4346.365,4659
2026-08-10T11:40:00+05:30,4346.305,4350.295,4346.2,4347.34,4095
2026-08-10T11:45:00+05:30,4347.31,4349.81,4342.715,4343.24,7095
2026-08-10T11:50:00+05:30,4343.205,4345.68,4342.705,4345.605,2975
2026-08-10T11:55:00+05:30,4345.59,4348.515,4343.99,4348.43,4525
2026-08-10T12:00:00+05:30,4348.42,4349.55,4346.72,4347.99,2829
2026-08-10T12:05:00+05:30,4347.975,4349.99,4346.12,4348.765,3869
2026-08-10T12:10:00+05:30,4348.77,4356.1,4347.165,4355.37,8935
2026-08-10T12:15:00+05:30,4355.375,4358.505,4355.185,4356.92,3319
2026-08-10T12:20:00+05:30,4356.88,4357.7,4355.69,4357.655,2010
2026-08-10T12:25:00+05:30,4357.67,4359.935,4356.83,4358.31,3105
2026-08-10T12:30:00+05:30,4358.22,4358.965,4353.765,4354.715,5199
2026-08-10T12:35:00+05:30,4354.745,4357.23,4353.83,4354.085,3399
2026-08-10T12:40:00+05:30,4354.045,4354.675,4350.23,4351.29,4445
2026-08-10T12:45:00+05:30,4351.295,4357.1,4350.645,4354.69,6454
2026-08-10T12:50:00+05:30,4354.645,4359.03,4352.15,4358.225,6880
2026-08-10T12:55:00+05:30,4358.205,4358.855,4352.24,4355.145,6614
2026-08-10T13:00:00+05:30,4355.095,4355.17,4352.61,4353.4,2560
2026-08-10T13:05:00+05:30,4353.37,4360.1,4353.065,4358.82,7035
2026-08-10T13:10:00+05:30,4358.695,4360.05,4356.425,4359.475,3625
2026-08-10T13:15:00+05:30,4359.46,4362.06,4356.935,4357.325,5125
2026-08-10T13:20:00+05:30,4357.305,4358.57,4355.185,4355.435,3384
2026-08-10T13:25:00+05:30,4355.42,4356.43,4354.775,4355.46,1655
2026-08-10T13:30:00+05:30,4355.445,4356.465,4354.145,4355.57,2319
2026-08-10T13:35:00+05:30,4355.52,4356.095,4351.645,4352.56,4449
2026-08-10T13:40:00+05:30,4352.46,4354.69,4352.105,4354.635,2585
2026-08-10T13:45:00+05:30,4354.7,4355.73,4353.465,4355.075,2264
2026-08-10T13:50:00+05:30,4355.085,4355.25,4352.76,4352.905,2489
2026-08-10T13:55:00+05:30,4352.895,4356.44,4352.37,4355.715,4069
2026-08-10T14:00:00+05:30,4355.675,4356.76,4349.12,4350.465,7640
2026-08-10T14:05:00+05:30,4350.45,4351.53,4348.27,4348.37,3259
2026-08-10T14:10:00+05:30,4348.405,4349.905,4345.8,4346.315,4104
2026-08-10T14:15:00+05:30,4346.31,4349.13,4345.67,4346.325,3460
2026-08-10T14:20:00+05:30,4346.33,4348.375,4344.955,4346.165,3420
2026-08-10T14:25:00+05:30,4346.18,4348.475,4343.905,4346.65,4570
2026-08-10T14:30:00+05:30,4346.715,4348.895,4345.75,4348.38,3145
2026-08-10T14:35:00+05:30,4348.345,4349.125,4345.875,4347.94,3250
2026-08-10T14:40:00+05:30,4347.91,4350.07,4347.075,4349.835,2994
2026-08-10T14:45:00+05:30,4349.845,4349.92,4346.175,4347.48,3744
2026-08-10T14:50:00+05:30,4347.325,4348.7,4346.98,4348.195,1720
2026-08-10T14:55:00+05:30,4348.155,4348.9,4344.8,4346.985,4099
2026-08-10T15:00:00+05:30,4346.945,4346.945,4341.925,4343.935,5019
2026-08-10T15:05:00+05:30,4343.915,4344.215,4340.395,4341.985,3819
2026-08-10T15:10:00+05:30,4342.005,4344.38,4341.88,4344.275,2500
2026-08-10T15:15:00+05:30,4344.16,4345.44,4341.81,4342.51,3629
2026-08-10T15:20:00+05:30,4342.4,4342.825,4340.915,4342.345,1909
2026-08-10T15:25:00+05:30,4342.39,4343.395,4341.195,4341.29,2200
2026-08-10T15:30:00+05:30,4341.34,4341.34,4339.295,4340.505,2045
2026-08-10T15:35:00+05:30,4340.5,4341.635,4339.97,4340.295,1664
2026-08-10T15:40:00+05:30,4340.29,4340.895,4339.6,4340.735,1295
2026-08-10T15:45:00+05:30,4340.715,4341.615,4339.41,4341.485,2204
2026-08-10T15:50:00+05:30,4341.505,4344.275,4341.0,4343.32,3274
2026-08-10T15:55:00+05:30,4343.33,4343.795,4341.915,4343.66,1880
2026-08-10T16:00:00+05:30,4343.665,4344.18,4340.455,4342.215,3725
2026-08-10T16:05:00+05:30,4342.24,4342.385,4338.455,4339.755,3930
2026-08-10T16:10:00+05:30,4339.805,4340.175,4337.805,4337.94,2369
2026-08-10T16:15:00+05:30,4337.91,4339.485,4337.57,4338.195,1914
2026-08-10T16:20:00+05:30,4338.14,4340.68,4337.73,4338.285,2950
2026-08-10T16:25:00+05:30,4338.335,4339.465,4335.45,4335.75,4015
2026-08-10T16:30:00+05:30,4335.78,4336.825,4334.47,4334.665,2354
2026-08-10T16:35:00+05:30,4334.58,4335.74,4333.3,4334.13,2439
2026-08-10T16:40:00+05:30,4334.11,4334.165,4329.43,4331.655,4734
2026-08-10T16:45:00+05:30,4331.45,4331.54,4329.05,4329.875,2489
2026-08-10T16:50:00+05:30,4329.85,4333.845,4329.045,4333.325,4800
2026-08-10T16:55:00+05:30,4333.28,4336.45,4333.19,4334.7,3260
2026-08-10T17:00:00+05:30,4334.69,4339.145,4334.595,4337.78,4550
2026-08-10T17:05:00+05:30,4337.76,4339.535,4335.625,4339.335,3909
2026-08-10T17:10:00+05:30,4339.235,4339.47,4336.53,4337.4,2940
2026-08-10T17:15:00+05:30,4337.45,4338.02,4332.12,4332.925,5900
2026-08-10T17:20:00+05:30,4332.915,4336.18,4332.38,4335.24,3800
2026-08-10T17:25:00+05:30,4335.25,4336.265,4333.615,4335.12,2650
2026-08-10T17:30:00+05:30,4335.095,4335.18,4332.655,4334.005,2525
2026-08-10T17:35:00+05:30,4333.98,4337.635,4332.3,4335.33,5335
2026-08-10T17:40:00+05:30,4335.335,4335.66,4331.215,4331.925,4444
2026-08-10T17:45:00+05:30,4331.98,4332.735,4328.525,4328.8,4210
2026-08-10T17:50:00+05:30,4328.825,4331.175,4326.35,4327.54,4824
2026-08-10T17:55:00+05:30,4327.455,4328.12,4324.125,4327.82,3994
2026-08-10T18:00:00+05:30,4327.745,4331.54,4326.43,4327.7,5109
2026-08-10T18:05:00+05:30,4327.68,4332.47,4326.645,4331.235,5824
2026-08-10T18:10:00+05:30,4331.245,4332.71,4329.1,4329.22,3609
2026-08-10T18:15:00+05:30,4329.225,4333.345,4328.815,4331.985,4530
2026-08-10T18:20:00+05:30,4331.9,4333.07,4329.745,4331.795,3324
2026-08-10T18:25:00+05:30,4331.785,4335.68,4330.52,4332.625,5159
2026-08-10T18:30:00+05:30,4332.66,4334.65,4326.045,4329.335,8604
2026-08-10T18:35:00+05:30,4329.325,4334.605,4328.435,4334.505,6169
2026-08-10T18:40:00+05:30,4334.51,4337.935,4333.85,4337.345,4085
2026-08-10T18:45:00+05:30,4337.355,4337.715,4334.375,4335.245,3340
2026-08-10T18:50:00+05:30,4335.0,4336.655,4329.08,4330.9,7574
2026-08-10T18:55:00+05:30,4330.885,4335.425,4330.36,4335.115,5065
2026-08-10T19:00:00+05:30,4335.19,4338.805,4332.14,4337.11,6664
2026-08-10T19:05:00+05:30,4337.085,4340.165,4336.395,4338.32,3769
2026-08-10T19:10:00+05:30,4338.33,4338.69,4330.105,4331.035,8585
2026-08-10T19:15:00+05:30,4331.04,4332.08,4325.015,4327.725,7064
2026-08-10T19:20:00+05:30,4327.74,4328.525,4321.2,4323.27,7324
2026-08-10T19:25:00+05:30,4323.265,4324.935,4316.675,4317.985,8260
2026-08-10T19:30:00+05:30,4317.98,4325.64,4317.965,4323.4,7675
2026-08-10T19:35:00+05:30,4323.48,4326.37,4321.735,4324.38,4635
2026-08-10T19:40:00+05:30,4324.385,4331.13,4324.385,4330.195,6744
2026-08-10T19:45:00+05:30,4330.205,4336.415,4328.565,4334.14,7850
2026-08-10T19:50:00+05:30,4334.22,4340.19,4332.39,4338.395,7799
2026-08-10T19:55:00+05:30,4338.415,4348.185,4338.32,4345.62,9865
2026-08-10T20:00:00+05:30,4345.645,4352.04,4345.325,4347.565,6715
2026-08-10T20:05:00+05:30,4347.57,4349.08,4344.725,4346.58,4354
2026-08-10T20:10:00+05:30,4346.52,4350.185,4346.095,4349.48,4090
2026-08-10T20:15:00+05:30,4349.49,4350.715,4346.14,4347.48,4574
2026-08-10T20:20:00+05:30,4347.47,4347.5,4342.655,4343.025,4845
2026-08-10T20:25:00+05:30,4343.015,4345.685,4342.77,4345.435,2914
2026-08-10T20:30:00+05:30,4345.6,4349.425,4343.53,4347.445,5895
2026-08-10T20:35:00+05:30,4347.39,4352.09,4343.325,4345.18,8765
2026-08-10T20:40:00+05:30,4345.2,4347.745,4343.545,4346.985,4199
2026-08-10T20:45:00+05:30,4346.97,4352.025,4345.905,4349.565,6119
2026-08-10T20:50:00+05:30,4349.53,4352.435,4349.065,4349.415,3370
2026-08-10T20:55:00+05:30,4349.425,4351.305,4347.305,4349.245,4000
2026-08-10T21:00:00+05:30,4349.26,4351.545,4347.895,4348.11,3649
2026-08-10T21:05:00+05:30,4348.06,4351.945,4348.06,4350.34,3884
2026-08-10T21:10:00+05:30,4350.365,4351.595,4349.57,4350.315,2025
2026-08-10T21:15:00+05:30,4350.295,4353.33,4348.645,4352.27,4684
2026-08-10T21:20:00+05:30,4352.25,4357.515,4352.175,4357.16,5340
2026-08-10T21:25:00+05:30,4357.18,4359.545,4356.425,4358.51,3119
2026-08-10T21:30:00+05:30,4358.53,4364.1,4357.915,4358.185,6185
2026-08-10T21:35:00+05:30,4358.155,4363.505,4356.835,4363.365,6670
2026-08-10T21:40:00+05:30,4363.335,4364.8,4361.21,4361.425,3590
2026-08-10T21:45:00+05:30,4361.44,4363.205,4360.93,4361.45,2274
2026-08-10T21:50:00+05:30,4361.475,4364.235,4361.46,4363.205,2774
2026-08-10T21:55:00+05:30,4363.22,4364.59,4361.64,4362.695,2949
2026-08-10T22:00:00+05:30,4362.7,4363.005,4349.19,4356.44,13815
2026-08-10T22:05:00+05:30,4356.455,4359.16,4354.82,4355.34,4340
2026-08-10T22:10:00+05:30,4355.335,4356.71,4351.095,4351.785,5614
2026-08-10T22:15:00+05:30,4351.835,4355.165,4351.705,4353.405,3460
2026-08-10T22:20:00+05:30,4353.395,4354.11,4352.165,4353.8,1944
2026-08-10T22:25:00+05:30,4353.785,4357.025,4352.135,4356.845,4889
2026-08-10T22:30:00+05:30,4356.855,4357.69,4354.355,4354.455,3335
2026-08-10T22:35:00+05:30,4354.435,4357.315,4351.75,4355.885,5564
2026-08-10T22:40:00+05:30,4355.895,4358.28,4355.25,4357.115,3029
2026-08-10T22:45:00+05:30,4356.99,4358.27,4356.455,4357.33,1815
2026-08-10T22:50:00+05:30,4357.335,4360.41,4357.28,4360.14,3130
2026-08-10T22:55:00+05:30,4360.115,4361.27,4358.725,4361.14,2545
2026-08-10T23:00:00+05:30,4361.085,4362.86,4359.66,4362.215,3199
2026-08-10T23:05:00+05:30,4362.26,4365.315,4362.125,4363.92,3189
2026-08-10T23:10:00+05:30,4363.905,4364.04,4359.565,4360.38,4475
2026-08-10T23:15:00+05:30,4360.375,4360.91,4357.83,4360.58,3079
2026-08-10T23:20:00+05:30,4360.53,4361.3,4358.8,4358.86,2500
2026-08-10T23:25:00+05:30,4358.875,4360.31,4357.655,4360.23,2655
2026-08-10T23:30:00+05:30,4360.3,4364.085,4359.84,4363.74,4244
2026-08-10T23:35:00+05:30,4363.765,4365.315,4363.355,4363.685,1960
2026-08-10T23:40:00+05:30,4363.665,4364.625,4363.07,4363.195,1555
2026-08-10T23:45:00+05:30,4363.22,4364.315,4361.505,4363.13,2809
2026-08-10T23:50:00+05:30,4363.12,4364.89,4362.405,4364.48,2485
2026-08-10T23:55:00+05:30,4364.595,4367.22,4364.52,4365.9,2699
2026-08-11T00:00:00+05:30,4365.935,4380.695,4365.17,4379.55,15524
2026-08-11T00:05:00+05:30,4379.545,4381.73,4377.385,4381.32,4344
2026-08-11T00:10:00+05:30,4381.355,4383.05,4379.55,4379.72,3500
2026-08-11T00:15:00+05:30,4379.745,4379.875,4373.46,4376.855,6414
2026-08-11T00:20:00+05:30,4376.86,4379.225,4375.07,4377.025,4155
2026-08-11T00:25:00+05:30,4377.01,4379.17,4376.515,4378.49,2654
2026-08-11T00:30:00+05:30,4378.495,4381.355,4378.495,4380.21,2859
2026-08-11T00:35:00+05:30,4380.205,4382.96,4380.015,4381.96,2944
2026-08-11T00:40:00+05:30,4381.975,4382.855,4380.69,4382.115,2164
2026-08-11T00:45:00+05:30,4382.12,4383.09,4381.37,4382.895,1720
2026-08-11T00:50:00+05:30,4382.89,4388.21,4382.69,4386.795,5520
2026-08-11T00:55:00+05:30,4386.79,4391.665,4386.245,4390.81,5420
2026-08-11T01:00:00+05:30,4390.845,4394.115,4386.205,4387.28,7909
2026-08-11T01:05:00+05:30,4387.275,4388.815,4384.42,4388.0,4394
2026-08-11T01:10:00+05:30,4387.995,4390.88,4387.135,4388.265,3744
2026-08-11T01:15:00+05:30,4388.275,4395.05,4387.36,4394.1,7690
2026-08-11T01:20:00+05:30,4394.155,4395.385,4391.37,4392.605,4015
2026-08-11T01:25:00+05:30,4392.565,4392.805,4387.49,4388.555,5315
2026-08-11T01:30:00+05:30,4388.55,4390.57,4388.035,4388.555,2534
2026-08-11T01:35:00+05:30,4388.565,4388.685,4386.01,4386.015,2675
2026-08-11T01:40:00+05:30,4386.005,4390.75,4386.005,4389.275,4744
2026-08-11T01:45:00+05:30,4389.31,4391.4,4389.31,4390.115,2089
2026-08-11T01:50:00+05:30,4390.105,4390.155,4386.63,4388.585,3524
2026-08-11T01:55:00+05:30,4388.58,4392.06,4388.405,4391.09,3655
2026-08-11T02:00:00+05:30,4391.1,4392.135,4390.615,4390.98,1520
2026-08-11T02:05:00+05:30,4390.995,4391.555,4390.115,4390.42,1440
2026-08-11T02:10:00+05:30,4390.415,4391.44,4389.95,4389.95,1489
2026-08-11T02:15:00+05:30,4389.92,4390.77,4388.915,4388.985,1855
2026-08-11T02:20:00+05:30,4389.005,4390.705,4388.87,4389.39,1835
2026-08-11T02:25:00+05:30,4389.47,4390.4,4388.765,4390.235,1634
2026-08-11T03:30:00+05:30,4389.775,4389.78,4389.775,4389.78,5
2026-08-11T03:35:00+05:30,4389.77,4391.77,4389.34,4391.295,2430
2026-08-11T03:40:00+05:30,4391.33,4392.95,4390.585,4391.37,2364
2026-08-11T03:45:00+05:30,4391.35,4392.64,4390.925,4392.3,1715
2026-08-11T03:50:00+05:30,4392.29,4393.405,4391.66,4392.965,1744
2026-08-11T03:55:00+05:30,4393.02,4393.58,4391.77,4392.09,1809
2026-08-11T04:00:00+05:30,4392.14,4393.715,4392.085,4393.625,1630
2026-08-11T04:05:00+05:30,4393.61,4394.19,4393.045,4393.825,1144
2026-08-11T04:10:00+05:30,4393.875,4396.225,4393.575,4395.36,2650
2026-08-11T04:15:00+05:30,4395.355,4398.48,4395.3,4397.685,3179
2026-08-11T04:20:00+05:30,4397.68,4399.81,4397.29,4399.7,2520
2026-08-11T04:25:00+05:30,4399.66,4401.065,4398.78,4399.895,2284
2026-08-11T04:30:00+05:30,4399.935,4402.0,4397.725,4398.805,4274
2026-08-11T04:35:00+05:30,4398.8,4402.25,4395.945,4396.58,6305
2026-08-11T04:40:00+05:30,4396.66,4397.54,4395.77,4397.46,1769
2026-08-11T04:45:00+05:30,4397.425,4397.485,4394.7,4395.255,2784
2026-08-11T04:50:00+05:30,4395.275,4396.185,4394.855,4394.995,1330
2026-08-11T04:55:00+05:30,4394.99,4396.02,4394.75,4395.47,1270
2026-08-11T05:00:00+05:30,4395.465,4396.28,4395.305,4395.625,974
2026-08-11T05:05:00+05:30,4395.615,4398.925,4395.5,4398.825,3425
2026-08-11T05:10:00+05:30,4398.82,4398.97,4397.72,4398.79,1250
2026-08-11T05:15:00+05:30,4398.775,4399.24,4396.92,4397.805,2319
2026-08-11T05:20:00+05:30,4397.845,4399.04,4396.465,4398.805,2574
2026-08-11T05:25:00+05:30,4398.795,4402.715,4398.55,4402.355,4164
2026-08-11T05:30:00+05:30,4402.41,4404.905,4396.44,4404.485,8465
2026-08-11T05:35:00+05:30,4404.47,4406.69,4402.96,4406.315,3729
2026-08-11T05:40:00+05:30,4406.33,4409.125,4404.03,4405.695,5095
2026-08-11T05:45:00+05:30,4405.67,4408.16,4404.735,4406.275,3425
2026-08-11T05:50:00+05:30,4406.225,4412.4,4405.99,4412.365,6409
2026-08-11T05:55:00+05:30,4412.355,4416.36,4411.735,4414.08,4625
2026-08-11T06:00:00+05:30,4414.1,4414.155,4411.37,4412.79,2784
2026-08-11T06:05:00+05:30,4412.81,4413.59,4408.785,4411.635,4805
2026-08-11T06:10:00+05:30,4411.63,4414.285,4407.615,4414.265,6670
2026-08-11T06:15:00+05:30,4414.28,4419.335,4410.095,4413.045,9239
2026-08-11T06:20:00+05:30,4413.01,4413.335,4409.765,4409.86,3569
2026-08-11T06:25:00+05:30,4409.885,4412.0,4408.435,4409.495,3564
2026-08-11T06:30:00+05:30,4409.49,4410.06,4393.78,4400.705,16280
2026-08-11T06:35:00+05:30,4400.66,4409.61,4399.015,4408.735,10594
2026-08-11T06:40:00+05:30,4408.72,4415.435,4408.705,4414.77,6730
2026-08-11T06:45:00+05:30,4414.78,4419.85,4412.845,4414.76,7005
2026-08-11T06:50:00+05:30,4414.735,4420.38,4413.865,4414.695,6515
2026-08-11T06:55:00+05:30,4414.72,4419.57,4413.71,4419.425,5859
2026-08-11T07:00:00+05:30,4419.43,4421.51,4418.36,4419.59,3150
2026-08-11T07:05:00+05:30,4419.595,4420.69,4416.505,4419.485,4184
2026-08-11T07:10:00+05:30,4419.495,4422.365,4415.185,4415.305,7179
2026-08-11T07:15:00+05:30,4415.425,4427.59,4414.7,4426.705,12890
2026-08-11T07:20:00+05:30,4426.715,4431.77,4425.25,4431.765,6520
2026-08-11T07:25:00+05:30,4431.735,4434.265,4429.12,4429.815,5145
2026-08-11T07:30:00+05:30,4429.705,4429.915,4423.605,4426.995,6310
2026-08-11T07:35:00+05:30,4426.92,4429.665,4421.79,4423.615,7875
2026-08-11T07:40:00+05:30,4423.71,4434.59,4423.245,4433.995,11345
2026-08-11T07:45:00+05:30,4434.02,4435.245,4431.835,4431.86,3409
2026-08-11T07:50:00+05:30,4431.865,4432.055,4426.25,4426.425,5805
2026-08-11T07:55:00+05:30,4426.215,4430.415,4426.205,4428.63,4210
2026-08-11T08:00:00+05:30,4428.635,4429.305,4424.275,4426.75,5030
2026-08-11T08:05:00+05:30,4426.825,4426.91,4414.02,4416.18,12889
2026-08-11T08:10:00+05:30,4416.235,4421.375,4416.075,4418.615,5300
2026-08-11T08:15:00+05:30,4418.63,4419.2,4415.07,4415.25,4130
2026-08-11T08:20:00+05:30,4415.345,4415.345,4409.335,4411.53,6010
2026-08-11T08:25:00+05:30,4411.505,4413.015,4408.09,4410.975,4925
2026-08-11T08:30:00+05:30,4410.96,4414.45,4410.34,4413.595,4109
2026-08-11T08:35:00+05:30,4413.51,4415.115,4409.835,4413.99,5279
2026-08-11T08:40:00+05:30,4413.94,4415.46,4412.445,4413.57,3015
2026-08-11T08:45:00+05:30,4413.61,4417.485,4413.005,4417.11,4479
2026-08-11T08:50:00+05:30,4417.035,4418.365,4414.495,4415.665,3869
2026-08-11T08:55:00+05:30,4415.615,4420.86,4415.455,4420.48,5404
2026-08-11T09:00:00+05:30,4420.38,4421.675,4418.575,4419.655,3100
2026-08-11T09:05:00+05:30,4419.665,4420.2,4418.42,4418.74,1779
2026-08-11T09:10:00+05:30,4418.735,4419.89,4415.7,4416.135,4190
2026-08-11T09:15:00+05:30,4416.13,4418.615,4414.225,4414.915,4389
2026-08-11T09:20:00+05:30,4414.95,4419.0,4414.275,4416.845,4725
2026-08-11T09:25:00+05:30,4416.955,4417.96,4416.295,4416.9,1664
2026-08-11T09:30:00+05:30,4416.895,4419.685,4416.56,4417.71,3125
2026-08-11T09:35:00+05:30,4417.81,4418.455,4413.81,4413.89,4644
2026-08-11T09:40:00+05:30,4413.84,4414.31,4412.19,4414.03,2120
2026-08-11T09:45:00+05:30,4414.045,4415.865,4412.665,4413.32,3199
2026-08-11T09:50:00+05:30,4413.305,4414.055,4409.975,4413.165,4079
2026-08-11T09:55:00+05:30,4413.15,4415.63,4410.985,4415.39,4645
2026-08-11T10:00:00+05:30,4415.385,4420.5,4411.125,4415.81,9375
2026-08-11T10:05:00+05:30,4415.815,4416.0,4410.465,4413.78,5534
2026-08-11T10:10:00+05:30,4413.81,4414.775,4408.345,4410.22,6429
2026-08-11T10:15:00+05:30,4410.225,4411.595,4407.4,4407.825,4195
2026-08-11T10:20:00+05:30,4407.785,4408.265,4405.7,4406.955,2565
2026-08-11T10:25:00+05:30,4407.05,4409.455,4403.49,4409.005,5965
2026-08-11T10:30:00+05:30,4408.995,4409.15,4404.825,4405.535,4324
2026-08-11T10:35:00+05:30,4405.48,4406.57,4402.7,4406.055,3869
2026-08-11T10:40:00+05:30,4406.075,4406.215,4399.345,4402.26,6869
2026-08-11T10:45:00+05:30,4402.16,4402.265,4398.06,4399.21,4204
2026-08-11T10:50:00+05:30,4399.145,4399.855,4396.425,4397.885,3429
2026-08-11T10:55:00+05:30,4397.88,4398.11,4390.875,4392.42,7234
2026-08-11T11:00:00+05:30,4392.05,4392.235,4372.695,4384.4,19539
2026-08-11T11:05:00+05:30,4384.37,4385.915,4377.265,4379.665,8649
2026-08-11T11:10:00+05:30,4379.72,4380.165,4373.48,4377.28,6685
2026-08-11T11:15:00+05:30,4377.295,4378.34,4372.215,4372.505,6125
2026-08-11T11:20:00+05:30,4372.43,4373.585,4368.21,4370.135,5375
2026-08-11T11:25:00+05:30,4370.18,4375.585,4367.52,4375.47,8064
2026-08-11T11:30:00+05:30,4375.47,4380.995,4371.83,4379.6,9164
2026-08-11T11:35:00+05:30,4379.595,4382.7,4378.31,4382.545,4389
2026-08-11T11:40:00+05:30,4382.52,4382.53,4372.795,4372.885,9734
2026-08-11T11:45:00+05:30,4372.875,4376.235,4369.655,4370.0,6579
2026-08-11T11:50:00+05:30,4370.02,4374.605,4367.605,4373.81,7000
2026-08-11T11:55:00+05:30,4373.815,4374.015,4362.09,4363.58,11925
2026-08-11T12:00:00+05:30,4363.59,4367.965,4359.865,4362.76,8100
2026-08-11T12:05:00+05:30,4362.7,4368.425,4360.725,4368.24,7699
2026-08-11T12:10:00+05:30,4368.13,4369.45,4363.2,4363.67,6250
2026-08-11T12:15:00+05:30,4363.815,4367.46,4362.69,4366.915,4770
2026-08-11T12:20:00+05:30,4366.93,4367.68,4360.665,4361.555,7015
2026-08-11T12:25:00+05:30,4361.675,4366.405,4359.675,4366.315,6729
2026-08-11T12:30:00+05:30,4366.335,4367.97,4361.915,4363.0,6055
2026-08-11T12:35:00+05:30,4363.025,4365.145,4361.29,4361.73,3855
2026-08-11T12:40:00+05:30,4361.7,4364.885,4361.305,4363.28,3579
2026-08-11T12:45:00+05:30,4363.275,4363.6,4358.025,4359.995,5575
2026-08-11T12:50:00+05:30,4360.055,4362.08,4357.51,4360.065,4569
2026-08-11T12:55:00+05:30,4360.06,4366.015,4359.455,4363.045,6560
2026-08-11T13:00:00+05:30,4363.115,4364.89,4358.725,4361.15,6164
2026-08-11T13:05:00+05:30,4361.14,4363.62,4359.065,4359.065,4555
2026-08-11T13:10:00+05:30,4359.055,4359.13,4356.845,4358.725,2284
2026-08-11T13:15:00+05:30,4358.825,4359.85,4357.635,4359.315,2215
2026-08-11T13:20:00+05:30,4359.275,4361.635,4357.89,4359.855,3744
2026-08-11T13:25:00+05:30,4359.865,4359.935,4356.7,4357.655,3235
2026-08-11T13:30:00+05:30,4357.635,4364.295,4357.0,4363.215,7295
2026-08-11T13:35:00+05:30,4363.2,4366.755,4362.555,4365.645,4199
2026-08-11T13:40:00+05:30,4365.605,4366.74,4364.055,4365.175,2684
2026-08-11T13:45:00+05:30,4365.18,4365.765,4360.215,4362.32,5550
2026-08-11T13:50:00+05:30,4362.185,4364.76,4359.14,4364.71,5619
2026-08-11T13:55:00+05:30,4364.7,4369.91,4364.045,4369.38,5864
2026-08-11T14:00:00+05:30,4369.265,4372.545,4368.89,4371.41,3654
2026-08-11T14:05:00+05:30,4371.4,4375.27,4370.94,4374.875,4330
2026-08-11T14:10:00+05:30,4374.805,4376.075,4374.25,4374.91,1824
2026-08-11T14:15:00+05:30,4374.935,4375.64,4372.595,4374.195,3045
2026-08-11T14:20:00+05:30,4374.19,4376.765,4371.285,4371.39,5480
2026-08-11T14:25:00+05:30,4371.38,4372.685,4369.27,4369.29,3414
2026-08-11T14:30:00+05:30,4369.245,4372.03,4367.675,4371.275,4354
2026-08-11T14:35:00+05:30,4371.455,4372.625,4370.42,4370.49,2204
2026-08-11T14:40:00+05:30,4370.5,4373.175,4370.47,4372.61,2704
2026-08-11T14:45:00+05:30,4372.62,4374.21,4371.275,4374.045,2935
2026-08-11T14:50:00+05:30,4374.055,4375.655,4370.795,4372.91,4859
2026-08-11T14:55:00+05:30,4372.93,4375.645,4370.805,4372.045,4840
2026-08-11T15:00:00+05:30,4372.02,4375.16,4370.17,4373.825,4989
2026-08-11T15:05:00+05:30,4373.785,4374.895,4372.055,4373.495,2840
2026-08-11T15:10:00+05:30,4373.525,4374.33,4370.58,4370.58,3750
2026-08-11T15:15:00+05:30,4370.585,4374.845,4370.51,4373.805,4335
2026-08-11T15:20:00+05:30,4373.79,4373.88,4371.2,4371.87,2680
2026-08-11T15:25:00+05:30,4371.88,4373.085,4371.225,4372.505,1859
2026-08-11T15:30:00+05:30,4372.57,4374.35,4371.37,4372.535,2980
2026-08-11T15:35:00+05:30,4372.53,4374.945,4371.69,4373.77,3255
2026-08-11T15:40:00+05:30,4373.765,4376.18,4373.215,4373.265,2965
2026-08-11T15:45:00+05:30,4373.38,4375.135,4372.525,4372.525,2610
2026-08-11T15:50:00+05:30,4372.515,4378.095,4372.425,4377.92,5670
2026-08-11T15:55:00+05:30,4377.89,4381.955,4376.64,4378.46,5314
2026-08-11T16:00:00+05:30,4378.425,4381.05,4378.245,4379.245,2805
2026-08-11T16:05:00+05:30,4379.24,4380.04,4377.79,4378.145,2250
2026-08-11T16:10:00+05:30,4378.155,4378.7,4377.025,4377.835,1675
2026-08-11T16:15:00+05:30,4377.81,4381.305,4377.72,4381.305,3585
2026-08-11T16:20:00+05:30,4381.3,4382.015,4380.445,4380.795,1570
2026-08-11T16:25:00+05:30,4380.785,4382.77,4379.145,4382.56,3625
2026-08-11T16:30:00+05:30,4382.485,4393.11,4380.565,4391.345,12545
2026-08-11T16:35:00+05:30,4391.405,4392.62,4388.905,4390.675,3715
2026-08-11T16:40:00+05:30,4390.67,4392.665,4388.075,4391.62,4590
2026-08-11T16:45:00+05:30,4391.725,4392.56,4388.35,4390.14,4210
2026-08-11T16:50:00+05:30,4390.17,4391.405,4385.605,4386.16,5800
2026-08-11T16:55:00+05:30,4386.135,4388.62,4385.29,4387.48,3329
2026-08-11T17:00:00+05:30,4387.51,4388.27,4385.485,4386.435,2785
2026-08-11T17:05:00+05:30,4386.42,4387.255,4383.565,4384.65,3690
2026-08-11T17:10:00+05:30,4384.705,4386.48,4383.19,4386.24,3289
2026-08-11T17:15:00+05:30,4386.215,4389.23,4385.71,4387.64,3519
2026-08-11T17:20:00+05:30,4387.66,4390.055,4384.995,4387.72,5060
2026-08-11T17:25:00+05:30,4387.645,4388.745,4385.84,4387.8,2904
2026-08-11T17:30:00+05:30,4387.8,4387.945,4383.875,4385.275,4069
2026-08-11T17:35:00+05:30,4385.3,4395.48,4385.085,4393.765,10394
2026-08-11T17:40:00+05:30,4393.75,4397.63,4391.735,4397.025,5895
2026-08-11T17:45:00+05:30,4397.07,4397.87,4392.845,4396.075,5024
2026-08-11T17:50:00+05:30,4396.045,4399.8,4387.91,4389.13,11890
2026-08-11T17:55:00+05:30,4389.125,4393.295,4387.645,4391.36,5649
2026-08-11T18:00:00+05:30,4391.425,4395.4,4388.905,4390.2,6494
2026-08-11T18:05:00+05:30,4390.19,4392.31,4389.045,4389.97,3265
2026-08-11T18:10:00+05:30,4389.975,4398.73,4389.91,4398.725,8819
2026-08-11T18:15:00+05:30,4398.74,4400.185,4395.47,4397.455,4715
2026-08-11T18:20:00+05:30,4397.415,4398.1,4393.06,4393.75,5039
2026-08-11T18:25:00+05:30,4393.765,4394.87,4392.19,4392.53,2680
2026-08-11T18:30:00+05:30,4392.52,4399.425,4391.965,4392.84,7460
2026-08-11T18:35:00+05:30,4392.835,4399.19,4392.75,4399.075,6439
2026-08-11T18:40:00+05:30,4399.07,4400.98,4393.79,4393.84,7189
2026-08-11T18:45:00+05:30,4393.835,4395.57,4389.63,4394.34,5939
2026-08-11T18:50:00+05:30,4394.355,4400.875,4394.31,4397.83,6564
2026-08-11T18:55:00+05:30,4397.875,4400.22,4395.78,4397.91,4440
2026-08-11T19:00:00+05:30,4397.92,4400.15,4390.025,4392.245,10125
2026-08-11T19:05:00+05:30,4392.265,4399.935,4388.99,4399.73,10945
2026-08-11T19:10:00+05:30,4399.745,4401.84,4398.275,4399.78,3565
2026-08-11T19:15:00+05:30,4399.915,4404.29,4392.725,4394.9,11564
2026-08-11T19:20:00+05:30,4394.98,4396.57,4384.645,4387.47,11924
2026-08-11T19:25:00+05:30,4387.46,4394.615,4387.0,4389.5,7614
2026-08-11T19:30:00+05:30,4389.35,4390.11,4381.29,4384.985,8819
2026-08-11T19:35:00+05:30,4384.99,4387.085,4382.725,4384.61,4359
2026-08-11T19:40:00+05:30,4384.59,4387.18,4382.215,4387.005,4965
2026-08-11T19:45:00+05:30,4386.985,4390.265,4382.79,4385.55,7475
2026-08-11T19:50:00+05:30,4385.505,4389.46,4381.645,4384.41,7814
2026-08-11T19:55:00+05:30,4384.405,4387.76,4382.015,4384.0,5744
2026-08-11T20:00:00+05:30,4384.055,4390.95,4384.055,4390.705,6894
2026-08-11T20:05:00+05:30,4390.715,4393.06,4389.375,4391.72,3685
2026-08-11T20:10:00+05:30,4391.705,4395.32,4390.74,4393.5,4579
2026-08-11T20:15:00+05:30,4393.525,4396.045,4392.745,4393.605,3300
2026-08-11T20:20:00+05:30,4393.64,4395.535,4391.87,4395.215,3664
2026-08-11T20:25:00+05:30,4395.26,4397.99,4392.88,4394.125,5109
2026-08-11T20:30:00+05:30,4394.175,4398.83,4392.985,4396.935,5845
2026-08-11T20:35:00+05:30,4396.95,4397.33,4390.0,4391.17,7329
2026-08-11T20:40:00+05:30,4391.18,4396.02,4389.285,4392.365,6735
2026-08-11T20:45:00+05:30,4392.37,4392.37,4382.265,4386.365,10104
2026-08-11T20:50:00+05:30,4386.325,4389.685,4383.465,4384.07,6220
2026-08-11T20:55:00+05:30,4384.065,4387.735,4382.02,4386.87,5714
2026-08-11T21:00:00+05:30,4386.895,4387.1,4376.71,4377.98,10390
2026-08-11T21:05:00+05:30,4377.92,4379.42,4371.65,4371.675,7770
2026-08-11T21:10:00+05:30,4371.615,4376.31,4369.15,4375.925,7160
2026-08-11T21:15:00+05:30,4375.915,4378.15,4375.035,4376.39,3114
2026-08-11T21:20:00+05:30,4376.36,4380.6,4375.545,4380.6,5055
2026-08-11T21:25:00+05:30,4380.595,4383.95,4379.79,4383.905,4159
2026-08-11T21:30:00+05:30,4383.92,4384.95,4380.565,4380.84,4385
2026-08-11T21:35:00+05:30,4380.86,4381.675,4378.78,4380.195,2895
2026-08-11T21:40:00+05:30,4380.185,4381.685,4378.765,4379.535,2920
2026-08-11T21:45:00+05:30,4379.64,4381.475,4378.545,4378.805,2930
2026-08-11T21:50:00+05:30,4378.775,4383.065,4378.52,4381.595,4544
2026-08-11T21:55:00+05:30,4381.595,4383.49,4380.635,4383.105,2854
2026-08-11T22:00:00+05:30,4383.1,4383.16,4379.335,4382.465,3824
2026-08-11T22:05:00+05:30,4382.46,4384.94,4382.35,4383.94,2589
2026-08-11T22:10:00+05:30,4383.935,4385.9,4383.065,4384.81,2835
2026-08-11T22:15:00+05:30,4384.815,4385.62,4382.185,4382.895,3434
2026-08-11T22:20:00+05:30,4382.9,4383.23,4381.115,4382.39,2114
2026-08-11T22:25:00+05:30,4382.34,4385.22,4381.84,4383.46,3380
2026-08-11T22:30:00+05:30,4383.5,4385.515,4382.515,4383.585,3000
2026-08-11T22:35:00+05:30,4383.56,4385.765,4381.77,4384.645,3994
2026-08-11T22:40:00+05:30,4384.635,4384.65,4381.165,4381.165,3484
2026-08-11T22:45:00+05:30,4381.245,4383.92,4380.21,4383.46,3710
2026-08-11T22:50:00+05:30,4383.43,4384.51,4379.94,4381.15,4570
2026-08-11T22:55:00+05:30,4381.16,4383.395,4379.035,4381.485,4360
2026-08-11T23:00:00+05:30,4381.565,4382.095,4376.075,4376.73,6020
2026-08-11T23:05:00+05:30,4376.725,4377.38,4374.39,4377.1,2989
2026-08-11T23:10:00+05:30,4377.11,4378.32,4376.23,4376.32,2090
2026-08-11T23:15:00+05:30,4376.285,4377.72,4375.065,4376.58,2655
2026-08-11T23:20:00+05:30,4376.605,4376.915,4373.0,4373.0,3914
2026-08-11T23:25:00+05:30,4372.98,4373.53,4368.935,4369.19,4594
2026-08-11T23:30:00+05:30,4369.225,4369.405,4363.71,4365.23,5694
2026-08-11T23:35:00+05:30,4365.245,4367.045,4361.12,4361.555,5925
2026-08-11T23:40:00+05:30,4361.53,4364.215,4360.295,4363.825,3920
2026-08-11T23:45:00+05:30,4363.765,4367.39,4363.655,4366.815,3735
2026-08-11T23:50:00+05:30,4366.825,4366.9,4362.225,4364.445,4674
2026-08-11T23:55:00+05:30,4364.475,4365.64,4360.495,4361.415,5145
2026-08-12T00:00:00+05:30,4361.4,4368.075,4361.225,4367.735,6849
2026-08-12T00:05:00+05:30,4367.745,4371.225,4367.555,4370.6,3670
2026-08-12T00:10:00+05:30,4370.575,4371.785,4368.805,4371.09,2979
2026-08-12T00:15:00+05:30,4371.1,4372.69,4370.82,4371.445,1869
2026-08-12T00:20:00+05:30,4371.44,4372.475,4371.415,4371.795,1060
2026-08-12T00:25:00+05:30,4371.695,4372.025,4370.115,4371.59,1909
2026-08-12T00:30:00+05:30,4371.655,4372.29,4367.08,4367.105,5210
2026-08-12T00:35:00+05:30,4367.115,4367.18,4363.59,4364.785,3590
2026-08-12T00:40:00+05:30,4364.74,4367.495,4363.5,4363.945,3994
2026-08-12T00:45:00+05:30,4363.95,4364.775,4361.265,4362.925,3509
2026-08-12T00:50:00+05:30,4362.935,4369.31,4362.23,4368.845,7080
2026-08-12T00:55:00+05:30,4368.865,4370.995,4367.105,4370.465,3890
2026-08-12T01:00:00+05:30,4370.47,4374.28,4370.465,4371.415,3814
2026-08-12T01:05:00+05:30,4371.395,4371.68,4368.445,4370.66,3235
2026-08-12T01:10:00+05:30,4370.65,4370.66,4366.48,4367.645,4180
2026-08-12T01:15:00+05:30,4367.685,4370.505,4366.66,4370.075,3845
2026-08-12T01:20:00+05:30,4370.13,4370.85,4366.325,4369.405,4525
2026-08-12T01:25:00+05:30,4369.375,4373.41,4369.205,4370.745,4204
2026-08-12T01:30:00+05:30,4370.78,4371.145,4368.56,4369.84,2585
2026-08-12T01:35:00+05:30,4369.85,4371.0,4368.995,4370.62,2005
2026-08-12T01:40:00+05:30,4370.615,4371.225,4370.245,4370.42,980
2026-08-12T01:45:00+05:30,4370.445,4370.49,4367.93,4368.295,2559
2026-08-12T01:50:00+05:30,4368.28,4369.955,4367.75,4369.955,2204
2026-08-12T01:55:00+05:30,4370.015,4371.115,4369.14,4370.2,1974
2026-08-12T02:00:00+05:30,4370.27,4370.47,4369.35,4369.715,1119
2026-08-12T02:05:00+05:30,4369.755,4369.85,4368.8,4369.36,1050
2026-08-12T02:10:00+05:30,4369.42,4369.42,4367.48,4367.525,1940
2026-08-12T02:15:00+05:30,4367.47,4367.855,4367.25,4367.47,604
2026-08-12T02:20:00+05:30,4367.485,4368.01,4367.18,4367.91,829
2026-08-12T02:25:00+05:30,4367.97,4368.925,4367.665,4368.245,1260
2026-08-12T03:30:00+05:30,4372.355,4373.285,4372.355,4372.75,930
2026-08-12T03:35:00+05:30,4372.74,4374.64,4372.115,4374.36,2525
2026-08-12T03:40:00+05:30,4374.385,4375.49,4373.9,4373.995,1590
2026-08-12T03:45:00+05:30,4374.035,4375.54,4373.46,4374.905,2079
2026-08-12T03:50:00+05:30,4374.885,4376.925,4374.83,4376.3,2095
2026-08-12T03:55:00+05:30,4376.265,4377.215,4375.91,4376.72,1305
2026-08-12T04:00:00+05:30,4376.71,4378.145,4376.46,4377.065,1685
2026-08-12T04:05:00+05:30,4377.06,4377.625,4376.105,4376.575,1520
2026-08-12T04:10:00+05:30,4376.59,4376.765,4374.88,4376.35,1885
2026-08-12T04:15:00+05:30,4376.38,4378.52,4374.2,4375.095,4320
2026-08-12T04:20:00+05:30,4375.11,4375.635,4371.09,4374.26,4545
2026-08-12T04:25:00+05:30,4374.205,4374.925,4367.28,4369.2,7645
2026-08-12T04:30:00+05:30,4369.19,4369.825,4363.36,4364.815,6465
2026-08-12T04:35:00+05:30,4364.96,4369.815,4362.655,4364.81,7159
2026-08-12T04:40:00+05:30,4364.8,4369.895,4364.715,4366.58,5180
2026-08-12T04:45:00+05:30,4366.425,4372.2,4365.265,4371.085,6934
2026-08-12T04:50:00+05:30,4371.075,4374.77,4371.045,4372.91,3725
2026-08-12T04:55:00+05:30,4372.92,4374.14,4368.385,4373.06,5755
2026-08-12T05:00:00+05:30,4373.01,4373.055,4366.76,4368.64,6295
2026-08-12T05:05:00+05:30,4368.62,4368.78,4367.36,4367.795,1420
2026-08-12T05:10:00+05:30,4367.84,4368.435,4367.635,4367.975,800
2026-08-12T05:15:00+05:30,4367.995,4370.645,4367.995,4368.92,2650
2026-08-12T05:20:00+05:30,4368.79,4370.005,4368.435,4370.005,1569
2026-08-12T05:25:00+05:30,4370.01,4372.075,4369.89,4371.645,2184
2026-08-12T05:30:00+05:30,4371.65,4371.685,4366.54,4368.925,5145
2026-08-12T05:35:00+05:30,4368.905,4371.165,4367.91,4370.94,3255
2026-08-12T05:40:00+05:30,4370.945,4379.495,4370.42,4378.17,9074
2026-08-12T05:45:00+05:30,4378.105,4380.175,4374.25,4380.085,5925
2026-08-12T05:50:00+05:30,4379.93,4380.805,4377.685,4378.68,3119
2026-08-12T05:55:00+05:30,4378.725,4381.205,4377.885,4380.675,3319
2026-08-12T06:00:00+05:30,4380.66,4383.405,4379.32,4381.355,4085
2026-08-12T06:05:00+05:30,4381.345,4383.8,4380.785,4381.43,3015
2026-08-12T06:10:00+05:30,4381.415,4383.265,4381.125,4382.955,2140
2026-08-12T06:15:00+05:30,4382.94,4383.28,4380.925,4381.26,2354
2026-08-12T06:20:00+05:30,4381.265,4382.085,4378.01,4378.04,4074
2026-08-12T06:25:00+05:30,4378.075,4381.595,4377.595,4380.5,4000
2026-08-12T06:30:00+05:30,4380.585,4385.495,4378.445,4384.87,7050
2026-08-12T06:35:00+05:30,4384.865,4387.71,4382.635,4387.14,5074
2026-08-12T06:40:00+05:30,4387.075,4390.775,4386.68,4390.405,4094
2026-08-12T06:45:00+05:30,4390.54,4391.98,4386.73,4391.505,5250
2026-08-12T06:50:00+05:30,4391.58,4394.165,4389.425,4390.895,4739
2026-08-12T06:55:00+05:30,4390.885,4391.875,4389.775,4390.65,2100
2026-08-12T07:00:00+05:30,4390.63,4391.455,4386.055,4386.975,5399
2026-08-12T07:05:00+05:30,4387.135,4391.385,4385.225,4387.845,6159
2026-08-12T07:10:00+05:30,4387.835,4393.315,4387.1,4393.15,6214
2026-08-12T07:15:00+05:30,4393.18,4396.52,4391.22,4395.185,5300
2026-08-12T07:20:00+05:30,4395.2,4397.42,4395.01,4395.165,2409
2026-08-12T07:25:00+05:30,4395.255,4397.35,4393.355,4396.5,3995
2026-08-12T07:30:00+05:30,4396.505,4397.0,4394.21,4396.64,2789
2026-08-12T07:35:00+05:30,4396.665,4398.17,4395.335,4397.42,2835
2026-08-12T07:40:00+05:30,4397.37,4404.7,4397.24,4401.84,7460
2026-08-12T07:45:00+05:30,4401.825,4403.235,4399.54,4401.85,3694
2026-08-12T07:50:00+05:30,4401.86,4403.82,4400.795,4402.295,3024
2026-08-12T07:55:00+05:30,4402.275,4403.28,4401.025,4402.105,2255
2026-08-12T08:00:00+05:30,4402.11,4403.425,4398.305,4398.59,5119
2026-08-12T08:05:00+05:30,4398.585,4399.98,4397.655,4399.465,2324
2026-08-12T08:10:00+05:30,4399.475,4408.315,4399.185,4405.46,9129
2026-08-12T08:15:00+05:30,4405.45,4411.16,4405.235,4409.86,5925
2026-08-12T08:20:00+05:30,4409.82,4414.5,4409.59,4413.6,4909
2026-08-12T08:25:00+05:30,4413.605,4413.82,4411.11,4411.32,2710
2026-08-12T08:30:00+05:30,4411.355,4414.345,4408.68,4409.665,5664
2026-08-12T08:35:00+05:30,4409.66,4416.25,4408.585,4413.635,7664
2026-08-12T08:40:00+05:30,4413.68,4414.625,4410.605,4410.895,4020
2026-08-12T08:45:00+05:30,4410.85,4410.9,4406.415,4407.305,4484
2026-08-12T08:50:00+05:30,4407.31,4407.87,4404.53,4406.76,3340
2026-08-12T08:55:00+05:30,4406.74,4408.19,4406.085,4407.41,2104
2026-08-12T09:00:00+05:30,4407.34,4408.675,4404.865,4405.48,3810
2026-08-12T09:05:00+05:30,4405.445,4406.71,4403.78,4404.04,2930
2026-08-12T09:10:00+05:30,4404.08,4404.315,4401.285,4401.375,3029
2026-08-12T09:15:00+05:30,4401.38,4403.345,4401.22,4402.64,2125
2026-08-12T09:20:00+05:30,4402.645,4403.955,4401.065,4402.335,2890
2026-08-12T09:25:00+05:30,4402.32,4402.93,4401.185,4402.36,1744
2026-08-12T09:30:00+05:30,4402.365,4403.425,4401.48,4403.33,1945
2026-08-12T09:35:00+05:30,4403.295,4403.3,4399.65,4399.98,3650
2026-08-12T09:40:00+05:30,4399.99,4400.125,4396.7,4397.54,3425
2026-08-12T09:45:00+05:30,4397.53,4397.53,4395.61,4396.495,1920
2026-08-12T09:50:00+05:30,4396.49,4398.675,4396.415,4397.79,2260
2026-08-12T09:55:00+05:30,4397.83,4399.53,4397.655,4399.175,1875
2026-08-12T10:00:00+05:30,4399.18,4399.51,4397.33,4399.095,2180
2026-08-12T10:05:00+05:30,4399.04,4399.92,4398.06,4399.02,1859
2026-08-12T10:10:00+05:30,4399.07,4400.295,4395.44,4400.26,4855
2026-08-12T10:15:00+05:30,4400.27,4402.44,4399.7,4401.44,2739
2026-08-12T10:20:00+05:30,4401.34,4401.98,4399.68,4399.8,2299
2026-08-12T10:25:00+05:30,4399.73,4401.33,4399.25,4401.175,2079
2026-08-12T10:30:00+05:30,4401.125,4402.455,4400.32,4401.6,2135
2026-08-12T10:35:00+05:30,4401.715,4404.705,4400.895,4404.57,3809
2026-08-12T10:40:00+05:30,4404.54,4404.88,4401.03,4401.03,3850
2026-08-12T10:45:00+05:30,4401.02,4401.085,4397.23,4398.875,3855
2026-08-12T10:50:00+05:30,4398.87,4399.385,4392.58,4394.28,6805
2026-08-12T10:55:00+05:30,4394.275,4396.06,4392.79,4392.79,3270
2026-08-12T11:00:00+05:30,4392.555,4397.21,4389.335,4392.625,7875
2026-08-12T11:05:00+05:30,4392.51,4395.175,4390.85,4393.87,4324
2026-08-12T11:10:00+05:30,4393.96,4394.53,4388.095,4388.105,6434
2026-08-12T11:15:00+05:30,4388.09,4389.4,4385.13,4385.18,4269
2026-08-12T11:20:00+05:30,4385.195,4389.27,4384.02,4388.86,5250
2026-08-12T11:25:00+05:30,4388.905,4394.16,4388.355,4391.025,5805
2026-08-12T11:30:00+05:30,4391.01,4393.1,4387.62,4388.26,5480
2026-08-12T11:35:00+05:30,4388.2,4388.865,4385.33,4386.655,3534
2026-08-12T11:40:00+05:30,4386.635,4388.555,4385.235,4387.26,3320
2026-08-12T11:45:00+05:30,4387.235,4390.39,4385.85,4389.26,4539
2026-08-12T11:50:00+05:30,4389.305,4390.585,4387.93,4389.145,2654
2026-08-12T11:55:00+05:30,4389.16,4390.22,4387.215,4389.875,3005
2026-08-12T12:00:00+05:30,4389.865,4390.545,4388.54,4389.505,2005
2026-08-12T12:05:00+05:30,4389.695,4395.065,4388.775,4393.915,6289
2026-08-12T12:10:00+05:30,4393.915,4397.485,4393.475,4394.67,4009
2026-08-12T12:15:00+05:30,4394.68,4400.895,4394.675,4400.13,6220
2026-08-12T12:20:00+05:30,4400.185,4403.335,4399.74,4401.32,3595
2026-08-12T12:25:00+05:30,4401.34,4406.445,4401.25,4403.545,5194
2026-08-12T12:30:00+05:30,4403.535,4406.165,4401.125,4401.26,5039
2026-08-12T12:35:00+05:30,4401.255,4403.3,4400.985,4402.395,2315
2026-08-12T12:40:00+05:30,4402.405,4406.16,4401.455,4401.585,4704
2026-08-12T12:45:00+05:30,4401.61,4401.695,4398.665,4399.365,3029
2026-08-12T12:50:00+05:30,4399.335,4400.65,4398.345,4400.145,2304
2026-08-12T12:55:00+05:30,4400.14,4402.895,4399.81,4402.555,3085
2026-08-12T13:00:00+05:30,4402.535,4405.72,4401.555,4404.075,4164
2026-08-12T13:05:00+05:30,4404.065,4407.555,4403.525,4407.505,4030
2026-08-12T13:10:00+05:30,4407.6,4408.54,4405.91,4407.85,2630
2026-08-12T13:15:00+05:30,4407.845,4409.89,4406.205,4408.76,3685
2026-08-12T13:20:00+05:30,4408.675,4410.145,4407.74,4408.875,2405
2026-08-12T13:25:00+05:30,4408.87,4409.085,4404.87,4406.355,4215
2026-08-12T13:30:00+05:30,4406.355,4410.325,4405.995,4408.815,4329
2026-08-12T13:35:00+05:30,4408.805,4410.545,4407.385,4407.47,3159
2026-08-12T13:40:00+05:30,4407.45,4409.55,4407.395,4408.675,2154
2026-08-12T13:45:00+05:30,4408.605,4408.71,4406.63,4407.44,2079
2026-08-12T13:50:00+05:30,4407.42,4409.525,4407.42,4408.4,2104
2026-08-12T13:55:00+05:30,4408.38,4408.705,4405.745,4407.115,2960
2026-08-12T14:00:00+05:30,4407.105,4407.675,4405.045,4405.745,2630
2026-08-12T14:05:00+05:30,4405.75,4406.71,4404.82,4406.075,1890
2026-08-12T14:10:00+05:30,4406.05,4406.45,4404.56,4406.24,1889
2026-08-12T14:15:00+05:30,4406.23,4406.235,4402.935,4404.365,3299
2026-08-12T14:20:00+05:30,4404.365,4405.2,4403.305,4403.315,1894
2026-08-12T14:25:00+05:30,4403.32,4403.585,4401.8,4401.895,1784
2026-08-12T14:30:00+05:30,4401.95,4408.095,4401.925,4407.435,6170
2026-08-12T14:35:00+05:30,4407.465,4408.975,4406.82,4408.85,2155
2026-08-12T14:40:00+05:30,4408.88,4413.215,4408.035,4413.045,5180
2026-08-12T14:45:00+05:30,4413.13,4417.985,4412.58,4415.55,5404
2026-08-12T14:50:00+05:30,4415.66,4424.46,4413.545,4423.8,10914
2026-08-12T14:55:00+05:30,4423.79,4423.79,4413.125,4413.315,10664
2026-08-12T15:00:00+05:30,4413.215,4415.96,4412.06,4414.24,3899
2026-08-12T15:05:00+05:30,4414.36,4416.535,4412.72,4416.2,3814
2026-08-12T15:10:00+05:30,4416.15,4417.24,4413.24,4413.795,4000
2026-08-12T15:15:00+05:30,4413.86,4414.41,4412.515,4412.96,1894
2026-08-12T15:20:00+05:30,4412.995,4416.785,4410.945,4411.905,5840
2026-08-12T15:25:00+05:30,4411.955,4416.62,4411.61,4416.055,5010
2026-08-12T15:30:00+05:30,4416.09,4416.41,4414.68,4415.065,1729
2026-08-12T15:35:00+05:30,4415.06,4419.12,4415.06,4418.005,4059
2026-08-12T15:40:00+05:30,4418.0,4419.36,4417.255,4417.905,2104
2026-08-12T15:45:00+05:30,4417.975,4419.875,4417.5,4419.6,2375
2026-08-12T15:50:00+05:30,4419.565,4420.375,4418.795,4419.135,1579
2026-08-12T15:55:00+05:30,4419.205,4421.025,4418.1,4419.795,2924
2026-08-12T16:00:00+05:30,4419.63,4420.035,4416.935,4417.06,3099
2026-08-12T16:05:00+05:30,4417.055,4417.175,4412.89,4413.9,4284
2026-08-12T16:10:00+05:30,4413.955,4415.285,4413.405,4414.835,1880
2026-08-12T16:15:00+05:30,4414.745,4415.8,4407.575,4409.46,8225
2026-08-12T16:20:00+05:30,4409.385,4411.185,4408.335,4410.81,2850
2026-08-12T16:25:00+05:30,4410.92,4412.945,4410.035,4412.88,2909
2026-08-12T16:30:00+05:30,4412.885,4415.415,4410.94,4411.135,4475
2026-08-12T16:35:00+05:30,4411.25,4411.73,4409.465,4410.655,2264
2026-08-12T16:40:00+05:30,4410.63,4411.48,4407.995,4408.1,3484
2026-08-12T16:45:00+05:30,4408.15,4410.36,4408.085,4410.36,2274
2026-08-12T16:50:00+05:30,4410.365,4411.72,4409.97,4411.05,1750
2026-08-12T16:55:00+05:30,4411.045,4416.805,4410.385,4415.105,6420
2026-08-12T17:00:00+05:30,4415.06,4415.925,4413.02,4413.455,2904
2026-08-12T17:05:00+05:30,4413.405,4413.88,4410.305,4411.71,3574
2026-08-12T17:10:00+05:30,4411.715,4414.01,4411.65,4413.305,2360
2026-08-12T17:15:00+05:30,4413.285,4414.295,4412.775,4413.62,1520
2026-08-12T17:20:00+05:30,4413.63,4414.57,4412.775,4414.395,1795
2026-08-12T17:25:00+05:30,4414.42,4415.635,4412.73,4412.935,2905
2026-08-12T17:30:00+05:30,4412.955,4413.235,4407.95,4408.765,5284
2026-08-12T17:35:00+05:30,4408.715,4409.48,4406.975,4407.52,2504
2026-08-12T17:40:00+05:30,4407.43,4409.56,4406.485,4408.87,3075
2026-08-12T17:45:00+05:30,4408.745,4409.22,4406.875,4408.535,2345
2026-08-12T17:50:00+05:30,4408.525,4409.855,4405.18,4406.905,4674
2026-08-12T17:55:00+05:30,4406.91,4427.625,4404.855,4427.49,22770
2026-08-12T18:00:00+05:30,4427.57,4432.58,4382.485,4425.29,50095
2026-08-12T18:05:00+05:30,4425.325,4430.07,4415.525,4429.26,14545
2026-08-12T18:10:00+05:30,4429.25,4438.305,4423.935,4428.425,14369
2026-08-12T18:15:00+05:30,4428.405,4428.415,4416.75,4421.965,11664
2026-08-12T18:20:00+05:30,4421.97,4429.025,4421.28,4427.845,7744
2026-08-12T18:25:00+05:30,4427.84,4438.115,4426.47,4437.37,11644
2026-08-12T18:30:00+05:30,4437.37,4441.315,4426.75,4432.305,14564
2026-08-12T18:35:00+05:30,4432.335,4434.51,4427.77,4430.22,6739
2026-08-12T18:40:00+05:30,4430.275,4431.01,4420.835,4421.95,10175
2026-08-12T18:45:00+05:30,4422.015,4429.1,4421.1,4424.455,8000
2026-08-12T18:50:00+05:30,4424.52,4427.645,4416.965,4417.125,10680
2026-08-12T18:55:00+05:30,4417.07,4419.46,4414.595,4418.575,4864
2026-08-12T19:00:00+05:30,4418.585,4421.08,4412.6,4413.985,8479
2026-08-12T19:05:00+05:30,4413.975,4419.96,4410.445,4411.91,9515
2026-08-12T19:10:00+05:30,4411.88,4420.285,4408.65,4416.57,11635
2026-08-12T19:15:00+05:30,4416.565,4428.275,4415.465,4428.07,12809
2026-08-12T19:20:00+05:30,4428.065,4434.035,4426.275,4432.535,7760
2026-08-12T19:25:00+05:30,4432.525,4433.045,4426.995,4427.53,6050
2026-08-12T19:30:00+05:30,4427.535,4429.16,4421.08,4426.62,8079
2026-08-12T19:35:00+05:30,4426.665,4430.14,4426.205,4429.76,3935
2026-08-12T19:40:00+05:30,4429.635,4434.87,4429.335,4431.84,5534
2026-08-12T19:45:00+05:30,4431.835,4437.6,4429.975,4436.395,7625
2026-08-12T19:50:00+05:30,4436.425,4439.75,4433.985,4436.415,5765
2026-08-12T19:55:00+05:30,4436.47,4437.285,4430.39,4431.63,6894
2026-08-12T20:00:00+05:30,4431.64,4436.255,4419.43,4420.81,16824
2026-08-12T20:05:00+05:30,4420.815,4423.32,4416.545,4418.36,6774
2026-08-12T20:10:00+05:30,4418.33,4425.56,4417.22,4425.13,8340
2026-08-12T20:15:00+05:30,4425.16,4432.525,4420.355,4422.3,12170
2026-08-12T20:20:00+05:30,4422.295,4424.635,4416.62,4422.775,8015
2026-08-12T20:25:00+05:30,4422.78,4424.195,4419.16,4422.16,5034
2026-08-12T20:30:00+05:30,4422.245,4423.525,4415.465,4416.305,8059
2026-08-12T20:35:00+05:30,4416.32,4423.245,4415.045,4421.515,8199
2026-08-12T20:40:00+05:30,4421.58,4430.14,4421.34,4426.645,8800
2026-08-12T20:45:00+05:30,4426.67,4427.1,4422.31,4424.475,4789
2026-08-12T20:50:00+05:30,4424.495,4428.17,4424.21,4426.33,3960
2026-08-12T20:55:00+05:30,4426.42,4426.525,4419.76,4421.69,6764
2026-08-12T21:00:00+05:30,4421.71,4425.565,4418.59,4419.17,6974
2026-08-12T21:05:00+05:30,4419.14,4421.205,4416.945,4420.865,4260
2026-08-12T21:10:00+05:30,4420.86,4422.0,4417.08,4418.185,4920
2026-08-12T21:15:00+05:30,4418.18,4418.55,4414.355,4415.9,4195
2026-08-12T21:20:00+05:30,4415.845,4416.925,4411.145,4416.83,5779
2026-08-12T21:25:00+05:30,4416.755,4422.52,4416.5,4421.17,6020
2026-08-12T21:30:00+05:30,4421.145,4425.85,4418.355,4420.595,7495
2026-08-12T21:35:00+05:30,4420.615,4422.27,4418.19,4419.545,4080
2026-08-12T21:40:00+05:30,4419.555,4424.325,4416.84,4423.56,7484
2026-08-12T21:45:00+05:30,4423.54,4426.3,4422.75,4425.365,3550
2026-08-12T21:50:00+05:30,4425.43,4426.57,4423.83,4426.245,2739
2026-08-12T21:55:00+05:30,4426.225,4426.45,4422.44,4423.25,4010
2026-08-12T22:00:00+05:30,4423.23,4423.92,4413.35,4413.38,10569
2026-08-12T22:05:00+05:30,4413.37,4416.14,4411.57,4414.05,4570
2026-08-12T22:10:00+05:30,4414.045,4415.86,4409.435,4411.08,6424
2026-08-12T22:15:00+05:30,4411.07,4411.43,4402.105,4402.54,9325
2026-08-12T22:20:00+05:30,4402.535,4406.35,4402.05,4405.375,4300
2026-08-12T22:25:00+05:30,4405.395,4405.445,4396.575,4401.68,8869
2026-08-12T22:30:00+05:30,4401.685,4405.555,4400.05,4403.165,5505
2026-08-12T22:35:00+05:30,4403.2,4407.705,4402.39,4406.635,5314
2026-08-12T22:40:00+05:30,4406.61,4406.835,4403.365,4403.815,3470
2026-08-12T22:45:00+05:30,4403.82,4404.43,4402.14,4403.375,2289
2026-08-12T22:50:00+05:30,4403.39,4409.885,4402.93,4407.71,6954
2026-08-12T22:55:00+05:30,4407.705,4409.08,4405.425,4406.655,3654
2026-08-12T23:00:00+05:30,4406.72,4410.775,4406.095,4410.52,4679
2026-08-12T23:05:00+05:30,4410.51,4411.575,4405.015,4405.83,6559
2026-08-12T23:10:00+05:30,4405.835,4405.895,4401.435,4402.05,4460
2026-08-12T23:15:00+05:30,4402.055,4404.125,4401.7,4403.33,2425
2026-08-12T23:20:00+05:30,4403.21,4405.68,4399.89,4400.335,5789
2026-08-12T23:25:00+05:30,4400.365,4401.905,4399.135,4399.62,2769
2026-08-12T23:30:00+05:30,4399.625,4399.64,4396.575,4399.205,3065
2026-08-12T23:35:00+05:30,4399.215,4404.3,4398.685,4404.28,5614
2026-08-12T23:40:00+05:30,4404.26,4406.77,4404.235,4405.92,2535
2026-08-12T23:45:00+05:30,4405.99,4408.415,4404.73,4408.205,3685
2026-08-12T23:50:00+05:30,4408.185,4410.865,4407.475,4410.795,3389
2026-08-12T23:55:00+05:30,4410.685,4411.33,4407.475,4408.655,3854
2026-08-13T00:00:00+05:30,4408.64,4413.2,4408.06,4412.43,5139
2026-08-13T00:05:00+05:30,4412.42,4413.09,4410.585,4411.19,2505
2026-08-13T00:10:00+05:30,4411.15,4413.84,4410.54,4413.775,3300
2026-08-13T00:15:00+05:30,4413.745,4418.005,4413.465,4417.45,4539
2026-08-13T00:20:00+05:30,4417.32,4417.445,4413.6,4413.915,3844
2026-08-13T00:25:00+05:30,4413.885,4414.32,4412.905,4413.165,1414
2026-08-13T00:30:00+05:30,4413.185,4417.18,4412.97,4416.78,4210
2026-08-13T00:35:00+05:30,4416.775,4418.475,4415.09,4416.065,3385
2026-08-13T00:40:00+05:30,4416.015,4416.915,4415.65,4416.49,1265
2026-08-13T00:45:00+05:30,4416.45,4418.115,4416.07,4417.54,2045
2026-08-13T00:50:00+05:30,4417.485,4417.725,4416.2,4416.54,1525
2026-08-13T00:55:00+05:30,4416.535,4417.47,4415.79,4416.865,1680
2026-08-13T01:00:00+05:30,4416.895,4416.925,4413.43,4413.855,3494
2026-08-13T01:05:00+05:30,4413.765,4414.385,4411.435,4411.86,2949
2026-08-13T01:10:00+05:30,4411.87,4413.535,4411.44,4413.335,2095
2026-08-13T01:15:00+05:30,4413.285,4413.675,4408.335,4409.765,5340
2026-08-13T01:20:00+05:30,4409.725,4413.285,4409.725,4411.505,3559
2026-08-13T01:25:00+05:30,4411.495,4414.23,4411.115,4414.08,3114
2026-08-13T01:30:00+05:30,4413.99,4414.37,4411.19,4411.24,3180
2026-08-13T01:35:00+05:30,4411.245,4412.21,4410.18,4410.745,2029
2026-08-13T01:40:00+05:30,4410.76,4411.03,4408.83,4409.08,2199
2026-08-13T01:45:00+05:30,4409.095,4410.02,4407.19,4407.22,2830
2026-08-13T01:50:00+05:30,4407.26,4408.2,4406.725,4408.115,1474
2026-08-13T01:55:00+05:30,4407.995,4408.84,4407.245,4407.925,1595
2026-08-13T02:00:00+05:30,4407.885,4407.92,4406.975,4407.29,944
2026-08-13T02:05:00+05:30,4407.34,4408.895,4406.88,4408.26,2015
2026-08-13T02:10:00+05:30,4408.255,4408.77,4407.43,4408.05,1340
2026-08-13T02:15:00+05:30,4408.13,4408.78,4407.05,4408.37,1729
2026-08-13T02:20:00+05:30,4408.435,4408.89,4406.755,4407.54,2135
2026-08-13T02:25:00+05:30,4407.52,4409.035,4407.49,4408.525,1545
2026-08-13T03:30:00+05:30,4405.785,4405.785,4405.455,4405.53,329
2026-08-13T03:35:00+05:30,4405.5,4405.8,4402.835,4404.105,2965
2026-08-13T03:40:00+05:30,4404.1,4404.19,4402.565,4403.27,1625
2026-08-13T03:45:00+05:30,4403.235,4403.29,4401.65,4402.35,1640
2026-08-13T03:50:00+05:30,4402.38,4403.02,4401.835,4402.44,1185
2026-08-13T03:55:00+05:30,4402.43,4402.955,4398.43,4399.485,4524
2026-08-13T04:00:00+05:30,4399.48,4402.01,4399.08,4400.48,2930
2026-08-13T04:05:00+05:30,4400.495,4401.275,4398.865,4399.7,2409
2026-08-13T04:10:00+05:30,4399.69,4400.62,4399.5,4400.11,1119
2026-08-13T04:15:00+05:30,4400.29,4401.41,4399.885,4400.615,1524
2026-08-13T04:20:00+05:30,4400.625,4402.17,4400.625,4402.09,1545
2026-08-13T04:25:00+05:30,4402.14,4403.135,4401.795,4401.835,1340
2026-08-13T04:30:00+05:30,4401.925,4404.53,4401.875,4403.88,2654
2026-08-13T04:35:00+05:30,4403.83,4405.64,4403.18,4405.64,2460
2026-08-13T04:40:00+05:30,4405.6,4406.105,4405.21,4405.74,894
2026-08-13T04:45:00+05:30,4405.755,4408.08,4405.705,4407.435,2375
2026-08-13T04:50:00+05:30,4407.495,4408.535,4407.485,4408.375,1050
2026-08-13T04:55:00+05:30,4408.38,4410.03,4407.57,4408.425,2460
2026-08-13T05:00:00+05:30,4408.46,4410.54,4408.325,4408.945,2215
2026-08-13T05:05:00+05:30,4408.935,4409.625,4407.965,4408.255,1659
2026-08-13T05:10:00+05:30,4408.36,4409.19,4407.285,4408.655,1904
2026-08-13T05:15:00+05:30,4408.745,4410.1,4408.405,4408.7,1695
2026-08-13T05:20:00+05:30,4408.645,4411.22,4408.03,4411.06,3190
2026-08-13T05:25:00+05:30,4411.14,4414.62,4410.695,4414.515,3925
2026-08-13T05:30:00+05:30,4414.565,4419.525,4413.06,4416.235,6464
2026-08-13T05:35:00+05:30,4416.23,4422.37,4415.31,4420.95,7059
2026-08-13T05:40:00+05:30,4420.965,4421.35,4418.835,4419.26,2515
2026-08-13T05:45:00+05:30,4419.395,4429.36,4419.36,4428.44,10000
2026-08-13T05:50:00+05:30,4428.41,4437.545,4428.2,4434.14,9345
2026-08-13T05:55:00+05:30,4434.125,4434.4,4427.22,4428.43,7179
2026-08-13T06:00:00+05:30,4428.37,4449.83,4424.6,4444.405,25229
2026-08-13T06:05:00+05:30,4444.41,4445.585,4437.03,4437.505,8555
2026-08-13T06:10:00+05:30,4437.425,4440.735,4437.205,4440.225,3529
2026-08-13T06:15:00+05:30,4440.205,4440.335,4429.505,4429.775,10829
2026-08-13T06:20:00+05:30,4429.82,4432.795,4428.83,4431.675,3965
2026-08-13T06:25:00+05:30,4431.67,4431.915,4424.175,4427.76,7739
2026-08-13T06:30:00+05:30,4427.71,4434.17,4422.835,4433.71,11335
2026-08-13T06:35:00+05:30,4433.64,4435.44,4430.91,4434.975,4529
2026-08-13T06:40:00+05:30,4434.925,4435.04,4428.815,4430.035,6225
2026-08-13T06:45:00+05:30,4430.075,4435.35,4426.775,4427.105,8575
2026-08-13T06:50:00+05:30,4427.085,4427.77,4419.105,4421.35,8665
2026-08-13T06:55:00+05:30,4421.345,4423.805,4419.245,4419.425,4560
2026-08-13T07:00:00+05:30,4419.395,4429.125,4419.045,4428.39,10079
2026-08-13T07:05:00+05:30,4428.415,4430.34,4424.265,4424.37,6074
2026-08-13T07:10:00+05:30,4424.21,4424.21,4417.865,4419.335,6345
2026-08-13T07:15:00+05:30,4419.28,4419.28,4410.495,4412.79,8784
2026-08-13T07:20:00+05:30,4412.78,4415.625,4409.485,4415.56,6140
2026-08-13T07:25:00+05:30,4415.555,4416.165,4406.33,4408.55,9835
2026-08-13T07:30:00+05:30,4408.5,4410.345,4405.81,4408.375,4534
2026-08-13T07:35:00+05:30,4408.42,4413.545,4405.56,4413.26,7984
2026-08-13T07:40:00+05:30,4413.255,4414.245,4410.26,4410.875,3984
2026-08-13T07:45:00+05:30,4410.86,4412.185,4410.155,4411.85,2030
2026-08-13T07:50:00+05:30,4411.865,4412.62,4405.87,4406.625,6750
2026-08-13T07:55:00+05:30,4406.605,4408.975,4406.45,4406.68,2525
2026-08-13T08:00:00+05:30,4406.58,4406.58,4400.44,4402.66,6140
2026-08-13T08:05:00+05:30,4402.72,4409.135,4399.135,4408.84,10000
2026-08-13T08:10:00+05:30,4408.89,4410.285,4406.26,4410.285,4024
2026-08-13T08:15:00+05:30,4410.29,4410.575,4407.285,4410.19,3289
2026-08-13T08:20:00+05:30,4410.175,4410.74,4405.56,4405.585,5179
2026-08-13T08:25:00+05:30,4405.605,4408.35,4405.605,4407.215,2745
2026-08-13T08:30:00+05:30,4407.145,4411.67,4406.86,4411.005,4810
2026-08-13T08:35:00+05:30,4411.035,4412.29,4407.85,4408.19,4439
2026-08-13T08:40:00+05:30,4408.155,4409.645,4404.04,4407.11,5605
2026-08-13T08:45:00+05:30,4407.095,4410.275,4405.51,4408.93,4764
2026-08-13T08:50:00+05:30,4408.94,4409.64,4406.955,4409.31,2685
2026-08-13T08:55:00+05:30,4409.24,4410.225,4407.78,4409.26,2445
2026-08-13T09:00:00+05:30,4409.34,4410.525,4409.06,4410.01,1464
2026-08-13T09:05:00+05:30,4410.02,4410.56,4408.91,4409.265,1650
2026-08-13T09:10:00+05:30,4409.255,4409.3,4405.525,4406.015,3775
2026-08-13T09:15:00+05:30,4406.0,4407.68,4405.075,4405.53,2605
2026-08-13T09:20:00+05:30,4405.52,4406.1,4402.335,4403.51,3765
2026-08-13T09:25:00+05:30,4403.395,4403.42,4398.78,4400.3,4640
2026-08-13T09:30:00+05:30,4400.235,4400.525,4394.76,4396.2,5764
2026-08-13T09:35:00+05:30,4396.195,4397.445,4395.09,4395.89,2354
2026-08-13T09:40:00+05:30,4395.92,4395.99,4391.615,4394.59,4375
2026-08-13T09:45:00+05:30,4394.595,4395.97,4393.415,4394.8,2555
2026-08-13T09:50:00+05:30,4394.795,4397.935,4392.56,4397.6,5375
2026-08-13T09:55:00+05:30,4397.605,4399.265,4397.01,4398.23,2255
2026-08-13T10:00:00+05:30,4398.275,4399.59,4397.67,4398.885,1920
2026-08-13T10:05:00+05:30,4398.89,4399.485,4397.315,4397.765,2170
2026-08-13T10:10:00+05:30,4397.775,4399.455,4395.2,4395.945,4255
2026-08-13T10:15:00+05:30,4395.9,4398.95,4395.78,4395.825,3170
2026-08-13T10:20:00+05:30,4395.84,4397.785,4395.325,4396.665,2460
2026-08-13T10:25:00+05:30,4396.78,4398.62,4396.28,4397.825,2340
2026-08-13T10:30:00+05:30,4397.85,4397.98,4393.075,4394.715,4904
2026-08-13T10:35:00+05:30,4394.725,4397.81,4394.505,4396.985,3305
2026-08-13T10:40:00+05:30,4396.99,4404.735,4395.34,4404.61,9394
2026-08-13T10:45:00+05:30,4404.63,4405.75,4400.795,4401.5,4954
2026-08-13T10:50:00+05:30,4401.51,4403.75,4401.09,4403.03,2659
2026-08-13T10:55:00+05:30,4403.025,4407.31,4402.615,4406.31,4695
2026-08-13T11:00:00+05:30,4406.48,4407.12,4393.505,4397.545,13614
2026-08-13T11:05:00+05:30,4397.54,4399.95,4396.985,4399.695,2965
2026-08-13T11:10:00+05:30,4399.685,4401.01,4386.39,4387.745,14619
2026-08-13T11:15:00+05:30,4387.67,4389.515,4383.225,4387.29,6289
2026-08-13T11:20:00+05:30,4387.435,4389.305,4384.385,4384.575,4920
2026-08-13T11:25:00+05:30,4384.59,4386.485,4380.63,4383.06,5854
2026-08-13T11:30:00+05:30,4383.12,4385.68,4376.36,4378.125,9320
2026-08-13T11:35:00+05:30,4378.16,4379.865,4375.53,4379.305,4335
2026-08-13T11:40:00+05:30,4379.28,4380.785,4375.1,4375.97,5684
2026-08-13T11:45:00+05:30,4375.975,4378.545,4375.21,4375.545,3335
2026-08-13T11:50:00+05:30,4375.415,4378.72,4374.28,4378.67,4440
2026-08-13T11:55:00+05:30,4378.68,4378.855,4374.46,4376.12,4394
2026-08-13T12:00:00+05:30,4375.955,4378.64,4370.06,4372.195,8579
2026-08-13T12:05:00+05:30,4372.2,4372.835,4369.035,4371.75,3800
2026-08-13T12:10:00+05:30,4371.74,4374.74,4371.61,4374.3,3130
2026-08-13T12:15:00+05:30,4374.285,4379.385,4374.18,4378.765,5204
2026-08-13T12:20:00+05:30,4378.715,4380.535,4378.485,4380.29,2050
2026-08-13T12:25:00+05:30,4380.27,4381.69,4379.615,4381.06,2074
2026-08-13T12:30:00+05:30,4380.955,4381.84,4378.295,4379.71,3545
2026-08-13T12:35:00+05:30,4379.705,4380.645,4377.45,4378.365,3195
2026-08-13T12:40:00+05:30,4378.36,4379.055,4375.095,4376.965,3960
2026-08-13T12:45:00+05:30,4377.03,4377.805,4373.885,4374.055,3920
2026-08-13T12:50:00+05:30,4374.0,4376.92,4373.77,4376.69,3149
2026-08-13T12:55:00+05:30,4376.76,4377.42,4374.765,4376.59,2654
2026-08-13T13:00:00+05:30,4376.575,4377.42,4372.24,4373.475,5180
2026-08-13T13:05:00+05:30,4373.54,4376.76,4372.585,4374.625,4175
2026-08-13T13:10:00+05:30,4374.635,4378.79,4373.94,4378.66,4850
2026-08-13T13:15:00+05:30,4378.655,4378.87,4371.335,4372.015,7534
2026-08-13T13:20:00+05:30,4372.06,4373.79,4370.035,4373.135,3755
2026-08-13T13:25:00+05:30,4373.14,4373.28,4369.405,4369.93,3875
2026-08-13T13:30:00+05:30,4369.935,4370.715,4365.63,4367.19,5085
2026-08-13T13:35:00+05:30,4367.205,4369.865,4365.975,4365.99,3889
2026-08-13T13:40:00+05:30,4365.95,4368.07,4364.17,4366.165,3899
2026-08-13T13:45:00+05:30,4366.075,4368.09,4365.425,4365.55,2664
2026-08-13T13:50:00+05:30,4365.56,4370.75,4365.005,4370.105,5744
2026-08-13T13:55:00+05:30,4370.145,4373.665,4369.725,4372.915,3939
2026-08-13T14:00:00+05:30,4372.925,4375.895,4372.07,4374.725,3825
2026-08-13T14:05:00+05:30,4374.735,4375.78,4373.615,4373.75,2164
2026-08-13T14:10:00+05:30,4373.71,4375.455,4373.53,4373.735,1925
2026-08-13T14:15:00+05:30,4373.755,4379.28,4373.515,4378.68,5764
2026-08-13T14:20:00+05:30,4378.665,4379.355,4375.0,4376.22,4354
2026-08-13T14:25:00+05:30,4376.225,4377.23,4375.14,4376.025,2089
2026-08-13T14:30:00+05:30,4375.995,4377.0,4373.575,4374.3,3425
2026-08-13T14:35:00+05:30,4374.315,4378.205,4372.605,4377.16,5600
2026-08-13T14:40:00+05:30,4377.165,4378.48,4376.51,4376.965,1969
2026-08-13T14:45:00+05:30,4376.935,4381.015,4376.34,4380.585,4675
2026-08-13T14:50:00+05:30,4380.58,4382.18,4378.09,4378.585,4090
2026-08-13T14:55:00+05:30,4378.61,4382.315,4378.61,4379.88,3704
2026-08-13T15:00:00+05:30,4379.865,4381.425,4379.655,4380.975,1770
2026-08-13T15:05:00+05:30,4380.97,4381.705,4380.24,4381.09,1465
2026-08-13T15:10:00+05:30,4381.145,4381.755,4378.8,4380.045,2954
2026-08-13T15:15:00+05:30,4379.96,4380.72,4378.505,4379.57,2215
2026-08-13T15:20:00+05:30,4379.6,4381.305,4379.0,4380.31,2305
2026-08-13T15:25:00+05:30,4380.335,4384.92,4379.985,4384.635,4935
2026-08-13T15:30:00+05:30,4384.66,4385.38,4383.555,4384.605,1824
2026-08-13T15:35:00+05:30,4384.6,4385.43,4383.78,4384.125,1650
2026-08-13T15:40:00+05:30,4384.12,4384.81,4381.51,4381.63,3300
2026-08-13T15:45:00+05:30,4381.64,4385.925,4381.64,4385.26,4284
2026-08-13T15:50:00+05:30,4385.165,4386.485,4383.845,4384.75,2639
2026-08-13T15:55:00+05:30,4384.745,4387.67,4384.68,4387.195,2989
2026-08-13T16:00:00+05:30,4387.135,4387.87,4384.57,4385.3,3300
2026-08-13T16:05:00+05:30,4385.305,4389.185,4385.295,4388.73,3890
2026-08-13T16:10:00+05:30,4388.72,4390.61,4388.015,4390.555,2594
2026-08-13T16:15:00+05:30,4390.585,4390.585,4388.25,4390.335,2335
2026-08-13T16:20:00+05:30,4390.39,4393.86,4390.245,4392.625,3614
2026-08-13T16:25:00+05:30,4392.63,4393.005,4391.19,4392.245,1815
2026-08-13T16:30:00+05:30,4392.215,4392.995,4388.47,4389.245,4524
2026-08-13T16:35:00+05:30,4389.235,4391.73,4389.035,4390.725,2694
2026-08-13T16:40:00+05:30,4390.67,4394.49,4390.28,4394.38,4210
2026-08-13T16:45:00+05:30,4394.395,4396.715,4392.765,4393.325,3949
2026-08-13T16:50:00+05:30,4393.305,4394.3,4391.295,4392.505,3005
2026-08-13T16:55:00+05:30,4392.51,4393.095,4388.14,4388.165,4954
2026-08-13T17:00:00+05:30,4388.255,4389.44,4386.92,4388.66,2519
2026-08-13T17:05:00+05:30,4388.665,4390.02,4388.07,4389.17,1950
2026-08-13T17:10:00+05:30,4389.12,4389.12,4383.83,4384.07,5289
2026-08-13T17:15:00+05:30,4383.975,4385.835,4383.2,4384.855,2635
2026-08-13T17:20:00+05:30,4384.87,4385.41,4382.99,4384.645,2420
2026-08-13T17:25:00+05:30,4384.455,4388.24,4383.235,4387.865,5005
2026-08-13T17:30:00+05:30,4387.8,4388.27,4385.81,4387.15,2460
2026-08-13T17:35:00+05:30,4387.175,4391.775,4386.11,4390.905,5664
2026-08-13T17:40:00+05:30,4390.77,4390.95,4388.135,4389.16,2814
2026-08-13T17:45:00+05:30,4389.19,4389.71,4384.865,4386.595,4845
2026-08-13T17:50:00+05:30,4386.62,4390.0,4384.535,4385.7,5465
2026-08-13T17:55:00+05:30,4385.74,4392.99,4384.165,4391.145,8824
2026-08-13T18:00:00+05:30,4391.135,4401.47,4380.88,4392.0,20590
2026-08-13T18:05:00+05:30,4392.09,4392.77,4386.445,4390.39,6325
2026-08-13T18:10:00+05:30,4390.195,4394.4,4385.805,4392.085,8594
2026-08-13T18:15:00+05:30,4392.14,4397.355,4391.69,4394.82,5664
2026-08-13T18:20:00+05:30,4394.825,4397.135,4392.84,4394.85,4295
2026-08-13T18:25:00+05:30,4394.9,4401.9,4393.035,4401.82,8864
2026-08-13T18:30:00+05:30,4401.745,4402.215,4391.62,4393.995,10595
2026-08-13T18:35:00+05:30,4394.0,4398.175,4392.065,4393.39,6110
2026-08-13T18:40:00+05:30,4393.42,4394.775,4391.12,4394.07,3654
2026-08-13T18:45:00+05:30,4394.085,4395.445,4390.76,4392.445,4684
2026-08-13T18:50:00+05:30,4392.38,4395.39,4388.45,4388.45,6940
2026-08-13T18:55:00+05:30,4388.375,4390.1,4383.98,4385.185,6120
2026-08-13T19:00:00+05:30,4385.22,4389.92,4377.14,4378.81,12779
2026-08-13T19:05:00+05:30,4378.785,4382.795,4375.43,4382.47,7364
2026-08-13T19:10:00+05:30,4382.475,4384.11,4376.555,4379.425,7554
2026-08-13T19:15:00+05:30,4379.435,4383.06,4375.895,4377.65,7164
2026-08-13T19:20:00+05:30,4377.655,4378.455,4370.84,4376.495,7614
2026-08-13T19:25:00+05:30,4376.49,4378.475,4372.305,4373.045,6170
2026-08-13T19:30:00+05:30,4373.055,4378.965,4370.075,4373.39,8890
2026-08-13T19:35:00+05:30,4373.44,4378.765,4368.345,4369.515,10420
2026-08-13T19:40:00+05:30,4369.505,4372.165,4366.76,4371.035,5404
2026-08-13T19:45:00+05:30,4371.06,4378.21,4369.285,4375.715,8925
2026-08-13T19:50:00+05:30,4375.695,4378.155,4370.76,4374.49,7394
2026-08-13T19:55:00+05:30,4374.48,4376.375,4367.765,4367.875,8609
2026-08-13T20:00:00+05:30,4367.795,4376.445,4357.395,4374.845,19049
2026-08-13T20:05:00+05:30,4374.765,4378.16,4372.125,4377.58,6034
2026-08-13T20:10:00+05:30,4377.63,4381.89,4376.835,4381.29,5055
2026-08-13T20:15:00+05:30,4381.365,4387.19,4381.105,4384.865,6085
2026-08-13T20:20:00+05:30,4384.75,4387.02,4382.585,4384.0,4435
2026-08-13T20:25:00+05:30,4383.975,4386.93,4383.25,4383.705,3680
2026-08-13T20:30:00+05:30,4383.725,4385.73,4377.925,4378.02,7804
2026-08-13T20:35:00+05:30,4378.04,4378.44,4369.14,4371.25,9299
2026-08-13T20:40:00+05:30,4371.18,4372.09,4368.415,4369.835,3675
2026-08-13T20:45:00+05:30,4369.77,4370.67,4363.695,4368.07,6975
2026-08-13T20:50:00+05:30,4367.995,4372.285,4366.655,4371.56,5630
2026-08-13T20:55:00+05:30,4371.55,4374.135,4363.7,4365.385,10435
2026-08-13T21:00:00+05:30,4365.39,4365.485,4357.755,4360.73,7729
2026-08-13T21:05:00+05:30,4360.76,4371.625,4360.48,4369.065,11145
2026-08-13T21:10:00+05:30,4369.085,4371.565,4368.04,4368.425,3524
2026-08-13T21:15:00+05:30,4368.455,4370.885,4368.26,4369.295,2625
2026-08-13T21:20:00+05:30,4369.225,4370.225,4365.62,4365.98,4605
2026-08-13T21:25:00+05:30,4365.99,4368.245,4363.38,4365.145,4864
2026-08-13T21:30:00+05:30,4365.13,4367.515,4362.65,4363.35,4865
2026-08-13T21:35:00+05:30,4363.345,4363.525,4358.565,4358.58,4960
2026-08-13T21:40:00+05:30,4358.575,4360.38,4354.13,4355.27,6250
2026-08-13T21:45:00+05:30,4355.33,4355.795,4351.51,4351.59,4284
2026-08-13T21:50:00+05:30,4351.66,4358.425,4351.355,4358.415,7070
2026-08-13T21:55:00+05:30,4358.42,4362.89,4356.7,4362.59,6190
2026-08-13T22:00:00+05:30,4362.575,4366.615,4362.57,4366.615,4045
2026-08-13T22:05:00+05:30,4366.62,4366.835,4363.075,4363.885,3760
2026-08-13T22:10:00+05:30,4363.87,4367.245,4363.385,4365.74,3859
2026-08-13T22:15:00+05:30,4365.77,4367.625,4365.735,4366.185,1890
2026-08-13T22:20:00+05:30,4366.285,4366.76,4364.125,4365.445,2635
2026-08-13T22:25:00+05:30,4365.47,4368.5,4365.35,4367.0,3149
2026-08-13T22:30:00+05:30,4367.055,4369.345,4365.05,4366.33,4295
2026-08-13T22:35:00+05:30,4366.335,4372.62,4366.33,4372.115,6289
2026-08-13T22:40:00+05:30,4372.105,4373.435,4371.17,4371.535,2265
2026-08-13T22:45:00+05:30,4371.595,4371.935,4366.205,4367.63,5730
2026-08-13T22:50:00+05:30,4367.68,4369.395,4367.06,4368.095,2335
2026-08-13T22:55:00+05:30,4368.055,4369.21,4362.48,4363.23,6730
2026-08-13T23:00:00+05:30,4363.255,4364.485,4360.03,4361.14,4454
2026-08-13T23:05:00+05:30,4361.205,4362.475,4359.95,4361.615,2525
2026-08-13T23:10:00+05:30,4361.61,4362.28,4355.81,4357.315,6469
2026-08-13T23:15:00+05:30,4357.345,4359.935,4357.215,4359.44,2720
2026-08-13T23:20:00+05:30,4359.41,4360.18,4357.38,4357.965,2800
2026-08-13T23:25:00+05:30,4357.96,4358.37,4355.835,4356.06,2534
2026-08-13T23:30:00+05:30,4356.05,4360.175,4355.925,4358.725,4250
2026-08-13T23:35:00+05:30,4358.73,4360.135,4357.415,4359.575,2720
2026-08-13T23:40:00+05:30,4359.55,4362.875,4358.125,4361.985,4750
2026-08-13T23:45:00+05:30,4361.99,4363.73,4360.9,4363.17,2829
2026-08-13T23:50:00+05:30,4363.205,4363.255,4356.185,4357.375,7069
2026-08-13T23:55:00+05:30,4357.355,4358.38,4354.935,4357.67,3444
2026-08-14T00:00:00+05:30,4357.63,4359.685,4356.435,4358.71,3250
2026-08-14T00:05:00+05:30,4358.715,4360.135,4357.86,4359.615,2275
2026-08-14T00:10:00+05:30,4359.61,4360.635,4357.46,4358.04,3175
2026-08-14T00:15:00+05:30,4358.035,4358.37,4356.585,4357.2,1784
2026-08-14T00:20:00+05:30,4357.255,4357.66,4354.75,4357.045,2909
2026-08-14T00:25:00+05:30,4357.14,4357.895,4356.685,4357.045,1210
2026-08-14T00:30:00+05:30,4357.125,4358.97,4356.16,4358.21,2810
2026-08-14T00:35:00+05:30,4358.225,4358.385,4353.185,4353.605,5199
2026-08-14T00:40:00+05:30,4353.675,4353.845,4346.24,4346.8,7605
2026-08-14T00:45:00+05:30,4346.785,4348.63,4343.65,4347.94,4980
2026-08-14T00:50:00+05:30,4347.955,4349.33,4346.41,4348.845,2920
2026-08-14T00:55:00+05:30,4348.895,4351.79,4348.69,4351.745,3100
2026-08-14T01:00:00+05:30,4351.685,4352.16,4349.76,4351.07,2399
2026-08-14T01:05:00+05:30,4351.065,4354.31,4350.73,4353.31,3580
2026-08-14T01:10:00+05:30,4353.275,4353.385,4350.795,4351.445,2590
2026-08-14T01:15:00+05:30,4351.465,4351.545,4347.685,4349.315,3859
2026-08-14T01:20:00+05:30,4349.27,4350.885,4348.645,4350.395,2239
2026-08-14T01:25:00+05:30,4350.39,4350.635,4348.08,4350.255,2555
2026-08-14T01:30:00+05:30,4350.235,4350.7,4346.985,4348.14,3715
2026-08-14T01:35:00+05:30,4348.165,4350.27,4347.99,4350.125,2280
2026-08-14T01:40:00+05:30,4350.11,4350.62,4349.41,4350.45,1210
2026-08-14T01:45:00+05:30,4350.495,4351.5,4350.075,4350.465,1425
2026-08-14T01:50:00+05:30,4350.46,4350.545,4349.34,4349.635,1204
2026-08-14T01:55:00+05:30,4349.66,4352.28,4349.46,4351.775,2819
2026-08-14T02:00:00+05:30,4351.77,4351.895,4348.13,4349.22,3765
2026-08-14T02:05:00+05:30,4349.12,4350.035,4348.51,4349.52,1524
2026-08-14T02:10:00+05:30,4349.42,4350.66,4348.43,4349.64,2229
2026-08-14T02:15:00+05:30,4349.535,4350.32,4349.4,4349.93,920
2026-08-14T02:20:00+05:30,4350.065,4350.89,4348.825,4349.02,2065
2026-08-14T02:25:00+05:30,4349.025,4351.27,4348.78,4351.27,2490
2026-08-14T03:30:00+05:30,4353.405,4353.49,4353.365,4353.49,125
2026-08-14T03:35:00+05:30,4353.48,4357.07,4353.09,4356.99,3979
2026-08-14T03:40:00+05:30,4357.04,4357.09,4353.805,4354.325,3284
2026-08-14T03:45:00+05:30,4354.35,4354.705,4353.015,4353.495,1689
2026-08-14T03:50:00+05:30,4353.48,4356.725,4353.425,4356.705,3300
2026-08-14T03:55:00+05:30,4356.7,4358.005,4356.345,4357.37,1659
2026-08-14T04:00:00+05:30,4357.335,4358.11,4355.965,4357.515,2144
2026-08-14T04:05:00+05:30,4357.52,4362.625,4357.47,4361.845,5154
2026-08-14T04:10:00+05:30,4361.82,4362.945,4359.765,4360.54,3179
2026-08-14T04:15:00+05:30,4360.545,4361.26,4355.05,4355.59,6210
2026-08-14T04:20:00+05:30,4355.6,4357.72,4354.525,4356.13,3195
2026-08-14T04:25:00+05:30,4356.115,4356.66,4353.415,4354.91,3244
2026-08-14T04:30:00+05:30,4354.92,4355.52,4349.315,4349.735,6205
2026-08-14T04:35:00+05:30,4349.74,4359.825,4349.715,4359.47,10109
2026-08-14T04:40:00+05:30,4359.545,4360.765,4354.555,4360.755,6210
2026-08-14T04:45:00+05:30,4360.75,4361.4,4356.985,4358.52,4414
2026-08-14T04:50:00+05:30,4358.48,4361.24,4357.16,4360.545,4079
2026-08-14T04:55:00+05:30,4360.585,4363.22,4359.76,4363.185,3460
2026-08-14T05:00:00+05:30,4363.17,4363.69,4361.025,4361.625,2664
2026-08-14T05:05:00+05:30,4361.605,4361.805,4360.095,4361.805,1710
2026-08-14T05:10:00+05:30,4361.675,4362.23,4358.715,4360.465,3514
2026-08-14T05:15:00+05:30,4360.545,4364.45,4359.515,4361.665,4934
2026-08-14T05:20:00+05:30,4361.745,4361.785,4357.19,4357.835,4595
2026-08-14T05:25:00+05:30,4357.83,4359.555,4356.475,4356.475,3079
2026-08-14T05:30:00+05:30,4356.46,4362.045,4355.695,4360.145,6350
2026-08-14T05:35:00+05:30,4360.155,4360.355,4354.1,4358.03,6254
2026-08-14T05:40:00+05:30,4357.98,4358.315,4350.595,4352.22,7719
2026-08-14T05:45:00+05:30,4352.315,4352.33,4348.035,4349.65,4295
2026-08-14T05:50:00+05:30,4349.645,4349.845,4345.585,4347.35,4260
2026-08-14T05:55:00+05:30,4347.34,4347.395,4339.48,4339.515,7915
2026-08-14T06:00:00+05:30,4339.515,4347.005,4337.31,4346.015,9694
2026-08-14T06:05:00+05:30,4345.93,4346.72,4334.69,4335.67,12030
2026-08-14T06:10:00+05:30,4335.65,4340.485,4334.61,4339.86,5875
2026-08-14T06:15:00+05:30,4339.835,4342.93,4329.42,4334.025,13510
2026-08-14T06:20:00+05:30,4334.04,4340.235,4333.535,4339.825,6699
2026-08-14T06:25:00+05:30,4339.86,4342.195,4338.005,4341.095,4189
2026-08-14T06:30:00+05:30,4341.085,4341.325,4329.44,4329.725,11885
2026-08-14T06:35:00+05:30,4329.805,4334.0,4328.115,4328.865,5885
2026-08-14T06:40:00+05:30,4328.675,4328.765,4322.14,4324.275,6625
2026-08-14T06:45:00+05:30,4324.34,4326.11,4317.735,4322.955,8375
2026-08-14T06:50:00+05:30,4322.95,4325.875,4315.92,4316.645,9954
2026-08-14T06:55:00+05:30,4316.64,4322.015,4315.01,4319.715,7005
2026-08-14T07:00:00+05:30,4319.81,4319.825,4313.25,4313.645,6574
2026-08-14T07:05:00+05:30,4313.64,4320.07,4313.0,4319.325,7069
2026-08-14T07:10:00+05:30,4319.465,4321.63,4318.605,4319.72,3025
2026-08-14T07:15:00+05:30,4319.7,4323.43,4314.255,4315.77,9175
2026-08-14T07:20:00+05:30,4315.81,4319.465,4312.22,4317.79,7244
2026-08-14T07:25:00+05:30,4317.785,4321.68,4316.6,4318.255,5079
2026-08-14T07:30:00+05:30,4318.26,4322.94,4315.975,4317.14,6964
2026-08-14T07:35:00+05:30,4317.19,4319.74,4316.15,4317.44,3590
2026-08-14T07:40:00+05:30,4317.315,4317.695,4311.27,4312.54,6424
2026-08-14T07:45:00+05:30,4312.545,4317.45,4312.52,4316.0,4929
2026-08-14T07:50:00+05:30,4315.94,4317.75,4315.005,4316.52,2744
2026-08-14T07:55:00+05:30,4316.515,4318.415,4312.87,4313.135,5545
2026-08-14T08:00:00+05:30,4313.07,4321.72,4311.645,4320.795,10074
2026-08-14T08:05:00+05:30,4320.725,4322.635,4318.205,4320.965,4430
2026-08-14T08:10:00+05:30,4320.94,4322.355,4318.17,4321.25,4184
2026-08-14T08:15:00+05:30,4321.175,4322.08,4314.1,4316.84,7979
2026-08-14T08:20:00+05:30,4316.88,4318.455,4315.25,4316.375,3204
2026-08-14T08:25:00+05:30,4316.37,4316.56,4312.93,4315.84,3630
2026-08-14T08:30:00+05:30,4315.76,4319.38,4313.835,4318.805,5545
2026-08-14T08:35:00+05:30,4318.81,4323.405,4318.805,4319.81,4599
2026-08-14T08:40:00+05:30,4319.79,4323.88,4318.755,4320.17,5125
2026-08-14T08:45:00+05:30,4320.22,4323.06,4319.915,4322.75,3145
2026-08-14T08:50:00+05:30,4322.865,4326.13,4322.5,4325.25,3630
2026-08-14T08:55:00+05:30,4325.255,4326.295,4324.535,4325.825,1760
2026-08-14T09:00:00+05:30,4325.775,4328.015,4325.125,4327.375,2890
2026-08-14T09:05:00+05:30,4327.395,4328.465,4325.585,4326.745,2880
2026-08-14T09:10:00+05:30,4326.75,4326.795,4325.39,4325.76,1404
2026-08-14T09:15:00+05:30,4325.77,4326.87,4325.695,4326.53,1175
2026-08-14T09:20:00+05:30,4326.58,4326.92,4324.29,4324.405,2630
2026-08-14T09:25:00+05:30,4324.425,4324.91,4323.61,4323.66,1300
2026-08-14T09:30:00+05:30,4323.67,4324.9,4322.855,4323.09,2045
2026-08-14T09:35:00+05:30,4323.075,4325.0,4322.925,4323.98,2074
2026-08-14T09:40:00+05:30,4324.005,4327.44,4323.45,4326.095,3989
2026-08-14T09:45:00+05:30,4326.08,4327.765,4325.585,4326.815,2180
2026-08-14T09:50:00+05:30,4326.81,4328.225,4326.245,4327.075,1980
2026-08-14T09:55:00+05:30,4327.045,4327.43,4325.21,4325.27,2220
2026-08-14T10:00:00+05:30,4325.295,4325.885,4323.48,4324.91,2405
2026-08-14T10:05:00+05:30,4324.9,4325.825,4324.29,4325.33,1534
2026-08-14T10:10:00+05:30,4325.325,4326.625,4324.985,4325.355,1640
2026-08-14T10:15:00+05:30,4325.295,4325.325,4324.16,4324.59,1164
2026-08-14T10:20:00+05:30,4324.605,4325.565,4323.89,4324.955,1674
2026-08-14T10:25:00+05:30,4324.935,4327.02,4324.55,4327.015,2470
2026-08-14T10:30:00+05:30,4327.055,4327.135,4323.82,4325.225,3315
2026-08-14T10:35:00+05:30,4325.27,4325.735,4320.07,4320.07,5664
2026-08-14T10:40:00+05:30,4320.14,4322.455,4319.47,4320.37,2984
2026-08-14T10:45:00+05:30,4320.375,4320.6,4318.155,4319.135,2445
2026-08-14T10:50:00+05:30,4319.15,4319.56,4317.215,4318.48,2345
2026-08-14T10:55:00+05:30,4318.425,4319.65,4317.6,4318.48,2049
2026-08-14T11:00:00+05:30,4318.405,4318.58,4311.04,4316.94,7539
2026-08-14T11:05:00+05:30,4316.91,4325.03,4316.86,4322.5,8170
2026-08-14T11:10:00+05:30,4322.44,4324.61,4317.625,4317.82,6984
2026-08-14T11:15:00+05:30,4317.875,4324.4,4317.595,4324.25,6804
2026-08-14T11:20:00+05:30,4324.23,4329.995,4323.92,4329.555,6074
2026-08-14T11:25:00+05:30,4329.57,4333.67,4329.15,4333.67,4520
2026-08-14T11:30:00+05:30,4333.62,4336.15,4331.88,4335.915,4269
2026-08-14T11:35:00+05:30,4335.84,4336.82,4329.865,4330.57,6954
2026-08-14T11:40:00+05:30,4330.62,4334.155,4329.63,4332.57,4524
2026-08-14T11:45:00+05:30,4332.55,4333.685,4331.34,4331.835,2345
2026-08-14T11:50:00+05:30,4331.82,4332.45,4328.365,4331.74,4085
2026-08-14T11:55:00+05:30,4331.76,4332.515,4329.23,4329.26,3285
2026-08-14T12:00:00+05:30,4329.27,4330.52,4328.445,4329.175,2075
2026-08-14T12:05:00+05:30,4329.2,4330.57,4328.215,4329.975,2354
2026-08-14T12:10:00+05:30,4329.985,4333.225,4328.05,4333.225,5175
2026-08-14T12:15:00+05:30,4333.235,4335.65,4332.78,4335.085,2869
2026-08-14T12:20:00+05:30,4335.09,4335.36,4333.565,4334.08,1795
2026-08-14T12:25:00+05:30,4334.045,4335.95,4333.695,4335.785,2255
2026-08-14T12:30:00+05:30,4335.76,4337.51,4333.02,4335.22,4489
2026-08-14T12:35:00+05:30,4335.215,4335.345,4333.37,4334.675,1975
2026-08-14T12:40:00+05:30,4334.745,4335.015,4331.245,4331.31,3770
2026-08-14T12:45:00+05:30,4331.39,4333.595,4331.29,4332.565,2305
2026-08-14T12:50:00+05:30,4332.57,4336.64,4329.81,4336.535,6829
2026-08-14T12:55:00+05:30,4336.54,4336.66,4331.915,4332.04,4744
2026-08-14T13:00:00+05:30,4332.06,4334.24,4331.61,4333.76,2630
2026-08-14T13:05:00+05:30,4333.7,4336.755,4333.625,4336.465,3130
2026-08-14T13:10:00+05:30,4336.46,4340.31,4336.315,4339.835,3995
2026-08-14T13:15:00+05:30,4339.72,4343.425,4339.435,4342.545,3989
2026-08-14T13:20:00+05:30,4342.58,4343.645,4341.57,4343.31,2075
2026-08-14T13:25:00+05:30,4343.345,4345.385,4341.81,4343.83,3574
2026-08-14T13:30:00+05:30,4343.855,4348.13,4342.245,4342.745,5885
2026-08-14T13:35:00+05:30,4342.71,4346.18,4341.935,4345.36,4244
2026-08-14T13:40:00+05:30,4345.33,4347.97,4344.325,4347.8,3645
2026-08-14T13:45:00+05:30,4347.76,4349.345,4346.02,4346.695,3324
2026-08-14T13:50:00+05:30,4346.66,4347.12,4343.57,4344.16,3550
2026-08-14T13:55:00+05:30,4344.18,4345.82,4343.865,4345.735,1954
2026-08-14T14:00:00+05:30,4345.785,4346.7,4344.355,4344.395,2345
2026-08-14T14:05:00+05:30,4344.4,4349.25,4344.395,4348.295,4854
2026-08-14T14:10:00+05:30,4348.3,4349.375,4343.64,4343.77,5734
2026-08-14T14:15:00+05:30,4343.785,4344.9,4342.88,4344.52,2019
2026-08-14T14:20:00+05:30,4344.47,4347.735,4344.04,4346.98,3694
2026-08-14T14:25:00+05:30,4346.985,4349.845,4346.915,4348.605,2930
2026-08-14T14:30:00+05:30,4348.555,4348.935,4347.415,4347.605,1520
2026-08-14T14:35:00+05:30,4347.55,4349.475,4346.14,4349.095,3335
2026-08-14T14:40:00+05:30,4349.1,4350.985,4348.015,4350.845,2969
2026-08-14T14:45:00+05:30,4350.91,4352.09,4349.31,4349.6,2779
2026-08-14T14:50:00+05:30,4349.605,4352.575,4348.855,4352.5,3720
2026-08-14T14:55:00+05:30,4352.515,4354.3,4350.005,4351.77,4295
2026-08-14T15:00:00+05:30,4351.8,4354.31,4350.065,4352.635,4245
2026-08-14T15:05:00+05:30,4352.66,4354.54,4352.235,4352.68,2305
2026-08-14T15:10:00+05:30,4352.67,4353.545,4351.93,4353.545,1614
2026-08-14T15:15:00+05:30,4353.55,4354.78,4352.755,4353.87,2024
2026-08-14T15:20:00+05:30,4353.835,4355.49,4353.21,4354.87,2279
2026-08-14T15:25:00+05:30,4354.845,4357.525,4353.875,4357.17,3649
2026-08-14T15:30:00+05:30,4357.175,4357.52,4355.905,4356.94,1615
2026-08-14T15:35:00+05:30,4356.84,4358.76,4355.8,4356.145,2960
2026-08-14T15:40:00+05:30,4356.15,4357.015,4354.065,4354.575,2950
2026-08-14T15:45:00+05:30,4354.67,4355.415,4351.955,4353.61,3460
2026-08-14T15:50:00+05:30,4353.6,4354.44,4352.54,4353.995,1899
2026-08-14T15:55:00+05:30,4354.035,4354.26,4350.16,4351.395,4100
2026-08-14T16:00:00+05:30,4351.55,4351.595,4348.31,4349.535,3284
2026-08-14T16:05:00+05:30,4349.545,4350.235,4348.73,4348.99,1505
2026-08-14T16:10:00+05:30,4348.985,4352.035,4348.67,4352.025,3364
2026-08-14T16:15:00+05:30,4351.98,4352.65,4351.375,4351.465,1274
2026-08-14T16:20:00+05:30,4351.495,4353.675,4350.95,4351.125,2725
2026-08-14T16:25:00+05:30,4351.12,4351.135,4348.095,4349.425,3039
2026-08-14T16:30:00+05:30,4349.47,4351.08,4348.63,4349.205,2449
2026-08-14T16:35:00+05:30,4349.21,4351.635,4349.07,4350.985,2565
2026-08-14T16:40:00+05:30,4351.1,4351.735,4349.995,4350.64,1739
2026-08-14T16:45:00+05:30,4350.65,4355.62,4350.65,4355.62,4970
2026-08-14T16:50:00+05:30,4355.67,4356.82,4353.5,4354.095,3319
2026-08-14T16:55:00+05:30,4354.07,4357.105,4353.21,4356.755,3894
2026-08-14T17:00:00+05:30,4356.76,4361.755,4356.505,4361.53,5250
2026-08-14T17:05:00+05:30,4361.56,4363.46,4360.275,4361.685,3185
2026-08-14T17:10:00+05:30,4361.68,4363.52,4361.48,4362.44,2040
2026-08-14T17:15:00+05:30,4362.445,4363.235,4361.095,4361.855,2139
2026-08-14T17:20:00+05:30,4361.825,4368.28,4361.82,4367.095,6460
2026-08-14T17:25:00+05:30,4367.145,4369.46,4365.61,4369.195,3850
2026-08-14T17:30:00+05:30,4369.19,4375.415,4369.045,4373.92,6369
2026-08-14T17:35:00+05:30,4373.835,4376.83,4371.865,4372.13,4965
2026-08-14T17:40:00+05:30,4372.08,4372.29,4365.79,4371.85,6500
2026-08-14T17:45:00+05:30,4371.915,4372.54,4369.76,4372.26,2779
2026-08-14T17:50:00+05:30,4372.305,4380.45,4372.305,4379.13,8144
2026-08-14T17:55:00+05:30,4379.125,4380.745,4377.39,4379.9,3354
2026-08-14T18:00:00+05:30,4379.87,4386.965,4377.36,4381.43,9605
2026-08-14T18:05:00+05:30,4381.44,4381.87,4376.085,4377.745,5784
2026-08-14T18:10:00+05:30,4377.735,4377.735,4372.16,4372.91,5574
2026-08-14T18:15:00+05:30,4373.0,4377.015,4370.96,4374.795,6055
2026-08-14T18:20:00+05:30,4374.81,4377.885,4372.765,4375.465,5119
2026-08-14T18:25:00+05:30,4375.395,4375.8,4372.7,4373.725,3100
2026-08-14T18:30:00+05:30,4373.785,4379.115,4370.32,4378.225,8795
2026-08-14T18:35:00+05:30,4378.23,4380.265,4376.225,4379.755,4039
2026-08-14T18:40:00+05:30,4379.695,4381.02,4374.84,4375.07,6180
2026-08-14T18:45:00+05:30,4375.085,4381.11,4375.085,4381.065,6024
2026-08-14T18:50:00+05:30,4381.075,4385.545,4379.585,4385.47,5960
2026-08-14T18:55:00+05:30,4385.465,4386.66,4384.02,4384.68,2639
2026-08-14T19:00:00+05:30,4384.745,4391.665,4383.83,4391.235,7835
2026-08-14T19:05:00+05:30,4391.225,4397.06,4391.105,4395.345,5955
2026-08-14T19:10:00+05:30,4395.425,4396.28,4390.57,4393.895,5710
2026-08-14T19:15:00+05:30,4393.88,4394.735,4386.48,4386.72,8255
2026-08-14T19:20:00+05:30,4386.795,4388.63,4382.99,4384.65,5640
2026-08-14T19:25:00+05:30,4384.645,4385.88,4382.995,4384.68,2885
2026-08-14T19:30:00+05:30,4384.62,4393.065,4384.275,4391.44,8789
2026-08-14T19:35:00+05:30,4391.465,4391.99,4388.865,4388.93,3125
2026-08-14T19:40:00+05:30,4388.925,4393.215,4387.145,4390.585,6069
2026-08-14T19:45:00+05:30,4390.565,4392.27,4385.54,4386.41,6730
2026-08-14T19:50:00+05:30,4386.335,4392.4,4385.25,4392.13,7149
2026-08-14T19:55:00+05:30,4392.105,4394.745,4390.435,4390.72,4309
2026-08-14T20:00:00+05:30,4390.705,4391.665,4384.37,4384.7,7295
2026-08-14T20:05:00+05:30,4384.68,4387.305,4384.145,4386.16,3159
2026-08-14T20:10:00+05:30,4386.19,4386.74,4381.585,4384.395,5154
2026-08-14T20:15:00+05:30,4384.41,4384.645,4378.885,4380.625,5760
2026-08-14T20:20:00+05:30,4380.6,4383.205,4379.585,4381.66,3619
2026-08-14T20:25:00+05:30,4381.64,4382.975,4379.885,4381.445,3090
2026-08-14T20:30:00+05:30,4381.47,4390.815,4381.15,4386.845,9664
2026-08-14T20:35:00+05:30,4386.835,4389.27,4385.58,4386.495,3690
2026-08-14T20:40:00+05:30,4386.505,4394.205,4386.005,4392.17,8199
2026-08-14T20:45:00+05:30,4392.175,4393.92,4386.095,4386.3,7824
2026-08-14T20:50:00+05:30,4386.275,4387.185,4382.99,4383.265,4195
2026-08-14T20:55:00+05:30,4383.235,4385.17,4379.075,4384.95,6095
2026-08-14T21:00:00+05:30,4384.955,4389.05,4384.04,4387.655,5010
2026-08-14T21:05:00+05:30,4387.605,4390.035,4386.785,4387.715,3250
2026-08-14T21:10:00+05:30,4387.765,4389.915,4386.735,4389.615,3180
2026-08-14T21:15:00+05:30,4389.62,4394.785,4389.435,4392.255,5349
2026-08-14T21:20:00+05:30,4392.285,4393.145,4390.115,4390.44,3030
2026-08-14T21:25:00+05:30,4390.445,4393.065,4390.445,4391.695,2619
2026-08-14T21:30:00+05:30,4391.7,4396.845,4391.005,4391.025,5840
2026-08-14T21:35:00+05:30,4391.015,4393.2,4389.25,4389.995,3949
2026-08-14T21:40:00+05:30,4390.015,4390.465,4388.88,4389.79,1585
2026-08-14T21:45:00+05:30,4389.77,4392.0,4389.42,4391.91,2579
2026-08-14T21:50:00+05:30,4391.885,4393.075,4389.55,4389.855,3524
2026-08-14T21:55:00+05:30,4389.85,4389.85,4387.025,4387.635,2825
2026-08-14T22:00:00+05:30,4387.61,4387.735,4380.415,4384.01,7319
2026-08-14T22:05:00+05:30,4383.985,4389.12,4383.635,4388.345,5484
2026-08-14T22:10:00+05:30,4388.295,4388.825,4385.77,4385.92,3054
2026-08-14T22:15:00+05:30,4385.93,4387.165,4385.415,4387.035,1750
2026-08-14T22:20:00+05:30,4387.015,4387.57,4385.54,4386.515,2029
2026-08-14T22:25:00+05:30,4386.51,4386.69,4384.91,4386.015,1779
2026-08-14T22:30:00+05:30,4386.105,4386.53,4383.12,4383.6,3409
2026-08-14T22:35:00+05:30,4383.615,4384.22,4381.52,4382.32,2699
2026-08-14T22:40:00+05:30,4382.245,4382.61,4380.415,4382.39,2194
2026-08-14T22:45:00+05:30,4382.4,4384.81,4381.505,4381.595,3305
2026-08-14T22:50:00+05:30,4381.57,4382.575,4379.87,4381.61,2704
2026-08-14T22:55:00+05:30,4381.57,4382.38,4379.365,4379.54,3015
2026-08-14T23:00:00+05:30,4379.41,4382.835,4379.41,4382.78,3425
2026-08-14T23:05:00+05:30,4382.765,4382.785,4379.495,4379.59,3289
2026-08-14T23:10:00+05:30,4379.45,4380.725,4377.19,4377.825,3535
2026-08-14T23:15:00+05:30,4377.81,4378.015,4376.47,4376.995,1545
2026-08-14T23:20:00+05:30,4377.005,4379.16,4376.55,4378.265,2609
2026-08-14T23:25:00+05:30,4378.245,4378.605,4377.25,4378.59,1354
2026-08-14T23:30:00+05:30,4378.585,4381.695,4376.585,4381.355,5109
2026-08-14T23:35:00+05:30,4381.365,4381.8,4379.35,4379.98,2449
2026-08-14T23:40:00+05:30,4379.965,4380.93,4377.04,4377.46,3890
2026-08-14T23:45:00+05:30,4377.44,4379.185,4377.09,4378.67,2095
2026-08-14T23:50:00+05:30,4378.545,4380.4,4378.33,4379.585,2069
2026-08-14T23:55:00+05:30,4379.645,4380.56,4377.995,4379.42,2565
2026-08-15T00:00:00+05:30,4379.48,4379.815,4377.39,4378.205,2424
2026-08-15T00:05:00+05:30,4378.41,4382.84,4378.255,4382.81,4585
2026-08-15T00:10:00+05:30,4382.825,4382.83,4376.37,4376.54,6460
2026-08-15T00:15:00+05:30,4376.565,4377.01,4371.005,4374.175,6005
2026-08-15T00:20:00+05:30,4374.28,4375.74,4372.965,4373.4,2774
2026-08-15T00:25:00+05:30,4373.485,4374.41,4372.97,4373.6,1439
2026-08-15T00:30:00+05:30,4373.525,4373.89,4372.635,4372.805,1255
2026-08-15T00:35:00+05:30,4372.89,4376.875,4372.115,4376.405,4760
2026-08-15T00:40:00+05:30,4376.41,4377.285,4375.79,4376.035,1494
2026-08-15T00:45:00+05:30,4375.985,4376.62,4374.655,4375.17,1965
2026-08-15T00:50:00+05:30,4375.18,4377.045,4375.18,4376.42,1864
2026-08-15T00:55:00+05:30,4376.395,4377.98,4376.305,4377.395,1674
2026-08-15T01:00:00+05:30,4377.365,4378.09,4376.72,4377.41,1369
2026-08-15T01:05:00+05:30,4377.425,4378.31,4376.175,4376.59,2135
2026-08-15T01:10:00+05:30,4376.595,4377.575,4375.685,4375.685,1889
2026-08-15T01:15:00+05:30,4375.7,4376.06,4375.25,4375.855,810
2026-08-15T01:20:00+05:30,4375.9,4379.99,4375.9,4378.305,4090
2026-08-15T01:25:00+05:30,4378.295,4378.315,4373.55,4376.23,4764
2026-08-15T01:30:00+05:30,4376.22,4376.22,4373.675,4374.15,2545
2026-08-15T01:35:00+05:30,4374.22,4374.45,4372.025,4372.135,2425
2026-08-15T01:40:00+05:30,4372.255,4373.05,4371.495,4372.81,1555
2026-08-15T01:45:00+05:30,4372.845,4373.87,4372.845,4373.335,1024
2026-08-15T01:50:00+05:30,4373.42,4374.28,4372.54,4374.13,1739
2026-08-15T01:55:00+05:30,4374.135,4374.97,4373.685,4374.86,1284
2026-08-15T02:00:00+05:30,4374.8,4374.885,4373.83,4374.06,1055
2026-08-15T02:05:00+05:30,4373.855,4376.375,4373.815,4375.745,2560
2026-08-15T02:10:00+05:30,4375.85,4377.005,4374.84,4375.72,2164
2026-08-15T02:15:00+05:30,4375.67,4376.115,4375.33,4375.47,784
2026-08-15T02:20:00+05:30,4375.53,4376.28,4375.005,4376.13,1274
2026-08-15T02:25:00+05:30,4376.095,4376.875,4375.18,4376.82,1694
2026-08-17T03:30:00+05:30,4372.68,4373.42,4372.68,4373.135,739
2026-08-17T03:35:00+05:30,4373.205,4377.04,4372.31,4376.55,4729
2026-08-17T03:40:00+05:30,4376.46,4378.94,4374.4,4375.865,4539
2026-08-17T03:45:00+05:30,4375.83,4376.11,4372.795,4374.05,3314
2026-08-17T03:50:00+05:30,4374.09,4375.27,4373.055,4373.32,2215
2026-08-17T03:55:00+05:30,4373.26,4375.49,4372.985,4374.655,2505
2026-08-17T04:00:00+05:30,4374.68,4378.245,4374.68,4377.465,3564
2026-08-17T04:05:00+05:30,4377.455,4379.185,4376.925,4378.91,2260
2026-08-17T04:10:00+05:30,4378.895,4379.08,4376.99,4378.055,2090
2026-08-17T04:15:00+05:30,4378.045,4381.155,4377.945,4380.69,3210
2026-08-17T04:20:00+05:30,4380.675,4384.525,4380.215,4383.365,4309
2026-08-17T04:25:00+05:30,4383.28,4386.86,4382.78,4386.04,4079
2026-08-17T04:30:00+05:30,4386.0,4386.345,4380.495,4382.255,5850
2026-08-17T04:35:00+05:30,4382.27,4382.995,4381.075,4382.995,1920
2026-08-17T04:40:00+05:30,4383.125,4383.345,4379.59,4379.865,3755
2026-08-17T04:45:00+05:30,4379.835,4381.045,4378.46,4380.055,2585
2026-08-17T04:50:00+05:30,4379.92,4380.925,4375.255,4376.03,5670
2026-08-17T04:55:00+05:30,4375.985,4376.66,4372.685,4374.87,3974
2026-08-17T05:00:00+05:30,4374.92,4375.425,4369.935,4371.055,5489
2026-08-17T05:05:00+05:30,4371.065,4371.955,4367.29,4370.63,4664
2026-08-17T05:10:00+05:30,4370.565,4370.58,4367.91,4368.445,2670
2026-08-17T05:15:00+05:30,4368.44,4373.955,4368.32,4371.865,5635
2026-08-17T05:20:00+05:30,4372.125,4372.975,4370.585,4372.02,2390
2026-08-17T05:25:00+05:30,4371.975,4372.455,4369.635,4370.235,2819
2026-08-17T05:30:00+05:30,4370.315,4375.97,4368.1,4374.785,7869
2026-08-17T05:35:00+05:30,4374.795,4376.105,4372.245,4372.435,3859
2026-08-17T05:40:00+05:30,4372.49,4379.6,4372.3,4378.92,7300
2026-08-17T05:45:00+05:30,4378.91,4387.465,4378.6,4384.565,8864
2026-08-17T05:50:00+05:30,4384.59,4388.41,4383.975,4386.945,4434
2026-08-17T05:55:00+05:30,4386.94,4391.08,4386.535,4389.89,4545
2026-08-17T06:00:00+05:30,4389.87,4394.5,4389.49,4392.73,5010
2026-08-17T06:05:00+05:30,4392.705,4393.185,4388.705,4389.135,4480
2026-08-17T06:10:00+05:30,4389.19,4397.84,4387.61,4396.1,10230
2026-08-17T06:15:00+05:30,4396.07,4396.545,4394.55,4395.455,1994
2026-08-17T06:20:00+05:30,4395.53,4398.845,4394.69,4398.2,4155
2026-08-17T06:25:00+05:30,4398.18,4402.015,4397.74,4401.005,4275
2026-08-17T06:30:00+05:30,4400.995,4409.26,4399.135,4408.03,10125
2026-08-17T06:35:00+05:30,4408.04,4411.765,4405.24,4406.92,6525
2026-08-17T06:40:00+05:30,4407.035,4411.915,4404.305,4409.215,7609
2026-08-17T06:45:00+05:30,4409.22,4410.56,4406.165,4407.97,4395
2026-08-17T06:50:00+05:30,4407.985,4416.55,4407.755,4412.62,8795
2026-08-17T06:55:00+05:30,4412.615,4414.965,4406.43,4407.265,8534
2026-08-17T07:00:00+05:30,4407.32,4408.18,4401.58,4402.38,6600
2026-08-17T07:05:00+05:30,4402.28,4403.315,4399.115,4400.78,4199
2026-08-17T07:10:00+05:30,4400.865,4403.71,4397.52,4403.535,6189
2026-08-17T07:15:00+05:30,4403.52,4403.925,4394.195,4395.305,9730
2026-08-17T07:20:00+05:30,4395.325,4399.01,4392.055,4397.71,6954
2026-08-17T07:25:00+05:30,4397.66,4397.675,4393.23,4395.755,4445
2026-08-17T07:30:00+05:30,4395.75,4398.315,4394.87,4395.945,3444
2026-08-17T07:35:00+05:30,4395.94,4397.46,4392.645,4395.68,4814
2026-08-17T07:40:00+05:30,4395.405,4395.43,4392.63,4394.42,2800
2026-08-17T07:45:00+05:30,4394.405,4395.825,4392.39,4393.935,3434
2026-08-17T07:50:00+05:30,4393.91,4395.26,4389.87,4394.88,5390
2026-08-17T07:55:00+05:30,4394.885,4397.7,4394.68,4395.48,3019
2026-08-17T08:00:00+05:30,4395.525,4398.225,4392.28,4393.005,5945
2026-08-17T08:05:00+05:30,4392.955,4395.57,4391.425,4392.14,4144
2026-08-17T08:10:00+05:30,4392.05,4395.295,4389.755,4393.05,5539
2026-08-17T08:15:00+05:30,4393.04,4393.385,4390.665,4391.59,2720
2026-08-17T08:20:00+05:30,4391.655,4392.79,4390.19,4390.44,2600
2026-08-17T08:25:00+05:30,4390.29,4393.545,4388.455,4393.255,5090
2026-08-17T08:30:00+05:30,4393.25,4394.885,4392.455,4392.605,2430
2026-08-17T08:35:00+05:30,4392.715,4394.04,4389.285,4389.82,4755
2026-08-17T08:40:00+05:30,4389.83,4391.735,4388.7,4390.405,3034
2026-08-17T08:45:00+05:30,4390.49,4391.04,4388.285,4390.79,2755
2026-08-17T08:50:00+05:30,4390.84,4391.745,4389.955,4390.805,1789
2026-08-17T08:55:00+05:30,4390.725,4393.7,4388.695,4393.08,5005
2026-08-17T09:00:00+05:30,4393.125,4395.64,4391.15,4394.45,4490
2026-08-17T09:05:00+05:30,4394.32,4395.23,4392.455,4393.745,2774
2026-08-17T09:10:00+05:30,4393.775,4397.215,4393.775,4395.195,3440
2026-08-17T09:15:00+05:30,4395.185,4395.67,4392.955,4394.92,2715
2026-08-17T09:20:00+05:30,4394.955,4395.575,4394.295,4395.155,1279
2026-08-17T09:25:00+05:30,4395.205,4397.69,4393.95,4397.045,3739
2026-08-17T09:30:00+05:30,4397.035,4399.635,4396.56,4397.85,3074
2026-08-17T09:35:00+05:30,4397.84,4398.875,4396.43,4397.86,2444
2026-08-17T09:40:00+05:30,4397.715,4399.58,4397.19,4398.445,2390
2026-08-17T09:45:00+05:30,4398.495,4398.945,4396.8,4397.12,2144
2026-08-17T09:50:00+05:30,4397.16,4397.165,4393.015,4393.77,4149
2026-08-17T09:55:00+05:30,4393.83,4393.95,4390.235,4391.045,3715
2026-08-17T10:00:00+05:30,4391.055,4392.14,4389.015,4391.975,3125
2026-08-17T10:05:00+05:30,4391.96,4393.965,4390.19,4392.77,3775
2026-08-17T10:10:00+05:30,4392.775,4396.7,4391.95,4395.695,4750
2026-08-17T10:15:00+05:30,4395.815,4397.935,4395.315,4396.13,2620
2026-08-17T10:20:00+05:30,4396.145,4396.81,4394.87,4395.36,1940
2026-08-17T10:25:00+05:30,4395.365,4395.47,4389.885,4390.86,5585
2026-08-17T10:30:00+05:30,4390.78,4393.06,4390.01,4393.015,3050
2026-08-17T10:35:00+05:30,4392.96,4393.355,4389.95,4392.135,3404
2026-08-17T10:40:00+05:30,4392.14,4392.205,4386.98,4387.7,5225
2026-08-17T10:45:00+05:30,4387.7,4393.28,4386.94,4392.88,6340
2026-08-17T10:50:00+05:30,4392.9,4397.01,4390.66,4395.36,6350
2026-08-17T10:55:00+05:30,4395.19,4399.53,4394.58,4399.485,4949
2026-08-17T11:00:00+05:30,4399.455,4401.475,4395.63,4396.295,5845
2026-08-17T11:05:00+05:30,4396.235,4396.4,4392.125,4395.49,4274
2026-08-17T11:10:00+05:30,4395.505,4396.93,4393.915,4395.665,3015
2026-08-17T11:15:00+05:30,4395.715,4397.555,4392.345,4397.355,5210
2026-08-17T11:20:00+05:30,4397.53,4397.62,4392.585,4393.17,5034
2026-08-17T11:25:00+05:30,4393.19,4396.15,4392.96,4394.86,3189
2026-08-17T11:30:00+05:30,4394.855,4398.3,4394.78,4395.525,3520
2026-08-17T11:35:00+05:30,4395.575,4398.115,4393.805,4395.44,4309
2026-08-17T11:40:00+05:30,4395.45,4397.73,4392.935,4396.985,4794
2026-08-17T11:45:00+05:30,4396.985,4396.985,4392.815,4393.765,4170
2026-08-17T11:50:00+05:30,4393.74,4397.145,4393.475,4395.22,3670
2026-08-17T11:55:00+05:30,4395.215,4400.22,4394.675,4398.555,5545
2026-08-17T12:00:00+05:30,4398.48,4398.785,4395.025,4395.65,3760
2026-08-17T12:05:00+05:30,4395.66,4395.99,4393.66,4395.2,2329
2026-08-17T12:10:00+05:30,4395.23,4396.5,4393.72,4396.31,2779
2026-08-17T12:15:00+05:30,4396.315,4401.09,4396.315,4400.535,4775
2026-08-17T12:20:00+05:30,4400.545,4404.71,4400.545,4402.185,4164
2026-08-17T12:25:00+05:30,4402.19,4403.455,4401.195,4403.17,2260
2026-08-17T12:30:00+05:30,4403.085,4404.14,4401.425,4401.62,2715
2026-08-17T12:35:00+05:30,4401.645,4402.975,4399.44,4400.445,3535
2026-08-17T12:40:00+05:30,4400.455,4401.425,4396.08,4396.45,5345
2026-08-17T12:45:00+05:30,4396.49,4399.335,4396.435,4397.45,2899
2026-08-17T12:50:00+05:30,4397.51,4397.84,4396.215,4397.165,1625
2026-08-17T12:55:00+05:30,4397.2,4405.295,4396.655,4405.055,8640
2026-08-17T13:00:00+05:30,4405.12,4408.11,4404.66,4407.22,3449
2026-08-17T13:05:00+05:30,4407.15,4411.32,4406.69,4407.735,4630
2026-08-17T13:10:00+05:30,4407.76,4410.975,4407.29,4409.34,3685
2026-08-17T13:15:00+05:30,4409.39,4410.01,4407.205,4407.535,2805
2026-08-17T13:20:00+05:30,4407.59,4408.32,4403.5,4404.16,4819
2026-08-17T13:25:00+05:30,4404.185,4405.94,4403.9,4405.19,2039
2026-08-17T13:30:00+05:30,4405.195,4405.195,4399.595,4400.155,5599
2026-08-17T13:35:00+05:30,4400.19,4400.625,4397.575,4399.855,3050
2026-08-17T13:40:00+05:30,4399.85,4403.0,4398.585,4403.0,4414
2026-08-17T13:45:00+05:30,4402.965,4403.975,4400.575,4401.35,3400
2026-08-17T13:50:00+05:30,4401.335,4403.215,4400.59,4402.225,2625
2026-08-17T13:55:00+05:30,4402.24,4403.36,4401.035,4401.88,2324
2026-08-17T14:00:00+05:30,4401.915,4402.17,4399.575,4400.005,2595
2026-08-17T14:05:00+05:30,4400.025,4402.255,4399.095,4401.23,3159
2026-08-17T14:10:00+05:30,4401.25,4401.4,4396.125,4396.465,5274
2026-08-17T14:15:00+05:30,4396.45,4397.065,4395.09,4395.715,1974
2026-08-17T14:20:00+05:30,4395.73,4396.245,4392.885,4393.63,3359
2026-08-17T14:25:00+05:30,4393.56,4396.05,4392.69,4395.18,3360
2026-08-17T14:30:00+05:30,4395.19,4396.415,4393.43,4396.38,2984
2026-08-17T14:35:00+05:30,4396.345,4399.735,4395.315,4399.535,4420
2026-08-17T14:40:00+05:30,4399.52,4400.625,4398.835,4399.155,1789
2026-08-17T14:45:00+05:30,4399.19,4399.96,4397.05,4398.575,2909
2026-08-17T14:50:00+05:30,4398.595,4398.86,4396.295,4396.845,2564
2026-08-17T14:55:00+05:30,4396.93,4398.225,4395.71,4396.99,2515
2026-08-17T15:00:00+05:30,4397.005,4397.62,4394.52,4396.355,3099
2026-08-17T15:05:00+05:30,4396.37,4397.105,4393.955,4394.445,3149
2026-08-17T15:10:00+05:30,4394.495,4396.41,4393.535,4394.215,2875
2026-08-17T15:15:00+05:30,4394.23,4395.25,4392.55,4395.22,2699
2026-08-17T15:20:00+05:30,4395.255,4395.925,4392.975,4393.535,2949
2026-08-17T15:25:00+05:30,4393.635,4395.695,4393.485,4395.62,2210
2026-08-17T15:30:00+05:30,4395.655,4395.99,4393.255,4394.265,2734
2026-08-17T15:35:00+05:30,4394.215,4396.325,4394.215,4394.285,2109
2026-08-17T15:40:00+05:30,4394.235,4396.46,4394.055,4396.02,2404
2026-08-17T15:45:00+05:30,4395.97,4400.05,4395.055,4395.98,4994
2026-08-17T15:50:00+05:30,4396.03,4397.375,4395.125,4396.64,2250
2026-08-17T15:55:00+05:30,4396.69,4405.6,4392.03,4405.145,13570
2026-08-17T16:00:00+05:30,4405.06,4405.97,4396.995,4397.185,8975
2026-08-17T16:05:00+05:30,4397.2,4398.38,4395.595,4395.945,2784
2026-08-17T16:10:00+05:30,4396.035,4398.97,4395.355,4398.27,3615
2026-08-17T16:15:00+05:30,4398.285,4399.4,4396.4,4397.085,3000
2026-08-17T16:20:00+05:30,4397.07,4398.7,4396.63,4397.72,2069
2026-08-17T16:25:00+05:30,4397.76,4399.675,4397.05,4399.08,2625
2026-08-17T16:30:00+05:30,4399.115,4402.465,4397.97,4400.4,4494
2026-08-17T16:35:00+05:30,4400.42,4404.14,4400.29,4402.26,3850
2026-08-17T16:40:00+05:30,4402.25,4402.98,4399.685,4399.78,3294
2026-08-17T16:45:00+05:30,4399.875,4400.085,4397.14,4398.345,2944
2026-08-17T16:50:00+05:30,4398.535,4404.21,4398.535,4403.635,5675
2026-08-17T16:55:00+05:30,4403.64,4404.7,4402.78,4403.53,1920
2026-08-17T17:00:00+05:30,4403.65,4404.98,4402.335,4404.08,2644
2026-08-17T17:05:00+05:30,4404.075,4404.81,4402.68,4402.755,2130
2026-08-17T17:10:00+05:30,4402.765,4403.105,4399.115,4399.54,3989
2026-08-17T17:15:00+05:30,4399.555,4400.7,4396.695,4396.915,4005
2026-08-17T17:20:00+05:30,4396.93,4399.025,4395.46,4396.86,3564
2026-08-17T17:25:00+05:30,4396.785,4397.605,4395.805,4396.75,1799
2026-08-17T17:30:00+05:30,4396.755,4397.65,4393.77,4394.665,3879
2026-08-17T17:35:00+05:30,4394.69,4395.25,4392.11,4392.64,3140
2026-08-17T17:40:00+05:30,4392.59,4395.205,4391.7,4393.92,3505
2026-08-17T17:45:00+05:30,4394.0,4395.705,4393.115,4394.885,2590
2026-08-17T17:50:00+05:30,4394.895,4398.82,4392.06,4392.87,6759
2026-08-17T17:55:00+05:30,4392.875,4393.66,4381.995,4385.985,11664
2026-08-17T18:00:00+05:30,4385.755,4390.47,4384.155,4388.935,6315
2026-08-17T18:05:00+05:30,4388.95,4389.395,4381.295,4381.48,8100
2026-08-17T18:10:00+05:30,4381.485,4383.385,4378.45,4378.45,4935
2026-08-17T18:15:00+05:30,4378.455,4380.56,4377.355,4378.175,3205
2026-08-17T18:20:00+05:30,4378.19,4385.05,4377.805,4384.235,7244
2026-08-17T18:25:00+05:30,4384.225,4386.555,4383.595,4384.935,2960
2026-08-17T18:30:00+05:30,4385.015,4388.48,4381.94,4384.89,6539
2026-08-17T18:35:00+05:30,4384.9,4386.205,4382.44,4385.72,3765
2026-08-17T18:40:00+05:30,4385.75,4389.645,4385.27,4386.425,4375
2026-08-17T18:45:00+05:30,4386.49,4386.975,4382.38,4385.655,4595
2026-08-17T18:50:00+05:30,4385.625,4389.03,4384.665,4386.605,4364
2026-08-17T18:55:00+05:30,4386.73,4388.545,4385.94,4386.28,2605
2026-08-17T19:00:00+05:30,4386.27,4390.4,4385.865,4388.87,4534
2026-08-17T19:05:00+05:30,4388.895,4392.105,4386.165,4388.59,5939
2026-08-17T19:10:00+05:30,4388.645,4389.6,4384.88,4385.79,4720
2026-08-17T19:15:00+05:30,4385.81,4395.58,4384.68,4395.16,10899
2026-08-17T19:20:00+05:30,4395.185,4407.56,4394.565,4401.65,12995
2026-08-17T19:25:00+05:30,4401.67,4416.31,4401.545,4408.645,14765
2026-08-17T19:30:00+05:30,4408.695,4410.12,4404.41,4407.975,5710
2026-08-17T19:35:00+05:30,4407.98,4408.535,4404.935,4405.24,3599
2026-08-17T19:40:00+05:30,4405.235,4412.845,4403.805,4412.36,9039
2026-08-17T19:45:00+05:30,4412.355,4420.98,4411.905,4418.555,9074
2026-08-17T19:50:00+05:30,4418.55,4427.6,4417.445,4424.19,10155
2026-08-17T19:55:00+05:30,4424.095,4426.45,4415.85,4418.2,10599
2026-08-17T20:00:00+05:30,4418.235,4424.71,4418.155,4422.23,6555
2026-08-17T20:05:00+05:30,4422.23,4423.615,4416.545,4417.77,7069
2026-08-17T20:10:00+05:30,4417.855,4421.695,4417.29,4417.415,4404
2026-08-17T20:15:00+05:30,4417.49,4419.865,4413.97,4417.37,5894
2026-08-17T20:20:00+05:30,4417.415,4421.16,4415.995,4416.495,5164
2026-08-17T20:25:00+05:30,4416.53,4418.425,4414.67,4417.48,3755
2026-08-17T20:30:00+05:30,4417.485,4419.335,4415.335,4418.68,4000
2026-08-17T20:35:00+05:30,4418.7,4419.85,4416.04,4416.835,3810
2026-08-17T20:40:00+05:30,4416.83,4422.39,4416.055,4421.29,6335
2026-08-17T20:45:00+05:30,4421.295,4423.275,4419.59,4422.265,3684
2026-08-17T20:50:00+05:30,4422.27,4423.915,4421.58,4423.33,2335
2026-08-17T20:55:00+05:30,4423.335,4426.08,4420.865,4425.635,5215
2026-08-17T21:00:00+05:30,4425.7,4426.595,4421.37,4422.87,5225
2026-08-17T21:05:00+05:30,4422.855,4423.935,4420.195,4422.025,3740
2026-08-17T21:10:00+05:30,4421.93,4423.59,4419.01,4419.44,4579
2026-08-17T21:15:00+05:30,4419.405,4424.44,4417.835,4423.805,6604
2026-08-17T21:20:00+05:30,4423.735,4426.68,4423.07,4426.41,3610
2026-08-17T21:25:00+05:30,4426.425,4427.85,4425.94,4427.615,1910
2026-08-17T21:30:00+05:30,4427.63,4428.23,4423.985,4425.48,4244
2026-08-17T21:35:00+05:30,4425.495,4428.355,4424.245,4427.47,4109
2026-08-17T21:40:00+05:30,4427.45,4428.89,4425.73,4426.045,3160
2026-08-17T21:45:00+05:30,4426.085,4427.54,4425.28,4425.875,2260
2026-08-17T21:50:00+05:30,4425.755,4427.75,4424.86,4425.155,2890
2026-08-17T21:55:00+05:30,4425.165,4425.3,4423.05,4424.9,2250
2026-08-17T22:00:00+05:30,4424.95,4425.45,4422.78,4424.045,2670
2026-08-17T22:05:00+05:30,4424.09,4427.13,4423.45,4426.615,3680
2026-08-17T22:10:00+05:30,4426.69,4426.89,4424.435,4424.705,2454
2026-08-17T22:15:00+05:30,4424.685,4424.9,4422.675,4424.35,2224
2026-08-17T22:20:00+05:30,4424.25,4425.665,4422.75,4423.345,2914
2026-08-17T22:25:00+05:30,4423.33,4425.465,4423.33,4424.245,2135
2026-08-17T22:30:00+05:30,4424.255,4426.23,4423.645,4424.735,2584
2026-08-17T22:35:00+05:30,4424.705,4425.005,4421.245,4422.405,3760
2026-08-17T22:40:00+05:30,4422.395,4423.45,4421.775,4422.915,1675
2026-08-17T22:45:00+05:30,4422.95,4423.26,4418.965,4419.51,4295
2026-08-17T22:50:00+05:30,4419.485,4420.355,4416.065,4416.795,4289
2026-08-17T22:55:00+05:30,4416.825,4417.51,4413.45,4416.76,4060
2026-08-17T23:00:00+05:30,4416.62,4418.955,4414.035,4417.345,4920
2026-08-17T23:05:00+05:30,4417.37,4417.55,4411.825,4412.03,5725
2026-08-17T23:10:00+05:30,4412.015,4417.6,4411.205,4417.58,6395
2026-08-17T23:15:00+05:30,4417.585,4420.395,4417.29,4419.21,3105
2026-08-17T23:20:00+05:30,4419.185,4420.625,4416.97,4417.215,3654
2026-08-17T23:25:00+05:30,4417.23,4418.035,4413.325,4413.765,4710
2026-08-17T23:30:00+05:30,4413.765,4414.555,4410.865,4411.32,3690
2026-08-17T23:35:00+05:30,4411.315,4413.17,4410.365,4411.725,2805
2026-08-17T23:40:00+05:30,4411.605,4413.86,4410.2,4413.755,3659
2026-08-17T23:45:00+05:30,4413.825,4416.255,4413.48,4415.105,2775
2026-08-17T23:50:00+05:30,4415.115,4415.51,4408.92,4409.265,6590
2026-08-17T23:55:00+05:30,4409.27,4409.9,4404.895,4406.39,5004
2026-08-18T00:00:00+05:30,4406.405,4407.06,4398.205,4400.1,8855
2026-08-18T00:05:00+05:30,4400.11,4402.555,4399.405,4402.32,3150
2026-08-18T00:10:00+05:30,4402.335,4404.9,4401.485,4401.51,3414
2026-08-18T00:15:00+05:30,4401.49,4406.325,4400.265,4405.97,6059
2026-08-18T00:20:00+05:30,4405.955,4407.67,4405.23,4406.595,2440
2026-08-18T00:25:00+05:30,4406.63,4407.145,4405.93,4406.77,1215
2026-08-18T00:30:00+05:30,4406.68,4407.41,4402.145,4403.285,5264
2026-08-18T00:35:00+05:30,4403.23,4403.82,4400.405,4403.79,3414
2026-08-18T00:40:00+05:30,4403.8,4408.675,4403.8,4408.675,4875
2026-08-18T00:45:00+05:30,4408.785,4416.305,4408.77,4415.175,7534
2026-08-18T00:50:00+05:30,4415.15,4416.95,4414.97,4416.165,1979
2026-08-18T00:55:00+05:30,4416.09,4417.525,4414.535,4414.565,2989
2026-08-18T01:00:00+05:30,4414.545,4416.675,4414.215,4416.44,2460
2026-08-18T01:05:00+05:30,4416.4,4417.31,4415.15,4416.61,2160
2026-08-18T01:10:00+05:30,4416.685,4420.54,4415.645,4419.445,4894
2026-08-18T01:15:00+05:30,4419.43,4421.055,4418.59,4420.275,2465
2026-08-18T01:20:00+05:30,4420.31,4420.45,4416.655,4418.175,3795
2026-08-18T01:25:00+05:30,4418.14,4420.99,4417.73,4419.965,3260
2026-08-18T01:30:00+05:30,4419.935,4421.47,4418.15,4418.795,3320
2026-08-18T01:35:00+05:30,4418.57,4418.585,4416.665,4417.23,1920
2026-08-18T01:40:00+05:30,4417.225,4418.11,4416.775,4417.885,1335
2026-08-18T01:45:00+05:30,4417.9,4418.12,4417.34,4417.955,779
2026-08-18T01:50:00+05:30,4418.015,4418.145,4417.0,4417.04,1145
2026-08-18T01:55:00+05:30,4417.05,4417.165,4414.92,4415.11,2244
2026-08-18T02:00:00+05:30,4415.095,4415.64,4414.89,4415.135,750
2026-08-18T02:05:00+05:30,4415.12,4415.415,4414.61,4415.105,805
2026-08-18T02:10:00+05:30,4415.115,4416.005,4415.08,4415.47,925
2026-08-18T02:15:00+05:30,4415.45,4416.72,4415.13,4415.695,1590
2026-08-18T02:20:00+05:30,4415.715,4416.195,4415.31,4415.875,884
2026-08-18T02:25:00+05:30,4415.86,4416.705,4415.79,4416.68,914
2026-08-18T03:30:00+05:30,4416.205,4416.21,4416.09,4416.145,119
2026-08-18T03:35:00+05:30,4416.19,4416.465,4414.835,4415.69,1630
2026-08-18T03:40:00+05:30,4415.68,4416.945,4415.195,4416.73,1750
2026-08-18T03:45:00+05:30,4416.715,4417.28,4415.67,4415.845,1609
2026-08-18T03:50:00+05:30,4415.795,4416.415,4415.3,4415.53,1114
2026-08-18T03:55:00+05:30,4415.535,4415.635,4412.0,4412.5,3635
2026-08-18T04:00:00+05:30,4412.42,4413.41,4411.665,4412.605,1744
2026-08-18T04:05:00+05:30,4412.61,4414.725,4412.42,4413.185,2305
2026-08-18T04:10:00+05:30,4413.215,4415.69,4412.985,4414.645,2704
2026-08-18T04:15:00+05:30,4414.625,4416.355,4414.17,4415.085,2184
2026-08-18T04:20:00+05:30,4415.13,4415.555,4411.85,4411.85,3704
2026-08-18T04:25:00+05:30,4411.9,4413.245,4410.49,4411.87,2755
2026-08-18T04:30:00+05:30,4411.92,4413.715,4409.89,4413.445,3824
2026-08-18T04:35:00+05:30,4413.405,4414.48,4412.74,4413.8,1739
2026-08-18T04:40:00+05:30,4413.815,4415.055,4413.48,4414.88,1575
2026-08-18T04:45:00+05:30,4415.0,4418.375,4414.975,4417.62,3399
2026-08-18T04:50:00+05:30,4417.6,4418.25,4416.53,4417.865,1720
2026-08-18T04:55:00+05:30,4417.895,4421.87,4417.755,4420.38,4114
2026-08-18T05:00:00+05:30,4420.315,4422.335,4420.065,4422.205,2270
2026-08-18T05:05:00+05:30,4422.175,4422.42,4420.72,4421.33,1699
2026-08-18T05:10:00+05:30,4421.31,4422.89,4420.165,4422.73,2725
2026-08-18T05:15:00+05:30,4422.665,4423.935,4421.7,4423.92,2235
2026-08-18T05:20:00+05:30,4423.925,4424.365,4422.58,4423.63,1784
2026-08-18T05:25:00+05:30,4423.62,4426.305,4423.06,4426.12,3244
2026-08-18T05:30:00+05:30,4426.095,4430.14,4419.255,4425.505,10885
2026-08-18T05:35:00+05:30,4425.44,4426.3,4420.175,4420.29,6125
2026-08-18T05:40:00+05:30,4420.375,4422.545,4419.06,4421.89,3484
2026-08-18T05:45:00+05:30,4421.93,4428.16,4420.995,4426.845,7164
2026-08-18T05:50:00+05:30,4426.865,4431.585,4422.945,4427.97,8640
2026-08-18T05:55:00+05:30,4427.945,4431.565,4425.205,4431.15,6359
2026-08-18T06:00:00+05:30,4431.185,4432.325,4428.285,4431.575,4039
2026-08-18T06:05:00+05:30,4431.605,4433.725,4430.435,4433.155,3289
2026-08-18T06:10:00+05:30,4433.2,4433.205,4428.59,4429.58,4614
2026-08-18T06:15:00+05:30,4429.735,4430.35,4428.46,4429.075,1890
2026-08-18T06:20:00+05:30,4429.12,4430.43,4428.52,4429.28,1909
2026-08-18T06:25:00+05:30,4429.395,4434.88,4428.83,4434.435,6050
2026-08-18T06:30:00+05:30,4434.455,4436.23,4429.085,4431.15,7144
2026-08-18T06:35:00+05:30,4431.16,4436.125,4428.93,4430.375,7194
2026-08-18T06:40:00+05:30,4430.365,4431.745,4428.59,4429.21,3154
2026-08-18T06:45:00+05:30,4429.205,4430.935,4422.77,4425.365,8164
2026-08-18T06:50:00+05:30,4425.455,4426.63,4422.085,4423.605,4545
2026-08-18T06:55:00+05:30,4423.6,4425.98,4420.285,4425.025,5694
2026-08-18T07:00:00+05:30,4425.08,4426.305,4421.2,4422.4,5105
2026-08-18T07:05:00+05:30,4422.265,4423.7,4420.305,4420.44,3394
2026-08-18T07:10:00+05:30,4420.45,4421.855,4411.705,4411.705,10149
2026-08-18T07:15:00+05:30,4411.74,4412.175,4404.32,4407.765,7855
2026-08-18T07:20:00+05:30,4407.715,4408.715,4404.47,4408.09,4244
2026-08-18T07:25:00+05:30,4408.095,4409.485,4407.38,4408.185,2104
2026-08-18T07:30:00+05:30,4408.01,4408.39,4400.965,4402.18,7425
2026-08-18T07:35:00+05:30,4402.245,4404.165,4399.74,4400.12,4425
2026-08-18T07:40:00+05:30,4400.13,4402.85,4398.48,4401.115,4370
2026-08-18T07:45:00+05:30,4401.015,4405.51,4400.215,4403.91,5295
2026-08-18T07:50:00+05:30,4403.885,4404.64,4401.75,4404.105,2890
2026-08-18T07:55:00+05:30,4404.155,4405.38,4402.17,4402.35,3210
2026-08-18T08:00:00+05:30,4402.4,4402.755,4396.065,4396.26,6690
2026-08-18T08:05:00+05:30,4396.29,4399.905,4395.29,4396.6,4614
2026-08-18T08:10:00+05:30,4396.63,4397.02,4394.175,4394.985,2845
2026-08-18T08:15:00+05:30,4394.995,4398.285,4394.335,4397.35,3949
2026-08-18T08:20:00+05:30,4397.1,4398.575,4395.695,4397.95,2880
2026-08-18T08:25:00+05:30,4397.905,4400.715,4397.445,4399.985,3270
2026-08-18T08:30:00+05:30,4400.0,4404.175,4399.94,4403.225,4235
2026-08-18T08:35:00+05:30,4403.205,4403.665,4399.71,4401.49,3954
2026-08-18T08:40:00+05:30,4401.54,4402.71,4398.865,4401.5,3845
2026-08-18T08:45:00+05:30,4401.525,4402.115,4395.58,4396.69,6534
2026-08-18T08:50:00+05:30,4396.68,4397.46,4394.48,4395.275,2980
2026-08-18T08:55:00+05:30,4395.23,4397.665,4395.045,4397.27,2619
2026-08-18T09:00:00+05:30,4397.275,4397.355,4395.695,4396.595,1659
2026-08-18T09:05:00+05:30,4396.56,4397.015,4395.05,4395.12,1965
2026-08-18T09:10:00+05:30,4395.13,4396.0,4394.565,4394.92,1435
2026-08-18T09:15:00+05:30,4394.87,4395.175,4393.71,4393.99,1465
2026-08-18T09:20:00+05:30,4393.985,4393.985,4391.81,4392.14,2174
2026-08-18T09:25:00+05:30,4392.055,4392.6,4390.63,4391.965,1970
2026-08-18T09:30:00+05:30,4391.98,4392.05,4390.125,4390.75,1925
2026-08-18T09:35:00+05:30,4390.76,4392.265,4389.91,4391.185,2355
2026-08-18T09:40:00+05:30,4391.195,4392.975,4391.01,4392.385,1965
2026-08-18T09:45:00+05:30,4392.43,4393.76,4390.94,4391.545,2820
2026-08-18T09:50:00+05:30,4391.525,4392.66,4390.8,4392.605,1859
2026-08-18T09:55:00+05:30,4392.62,4392.985,4391.72,4392.51,1264
2026-08-18T10:00:00+05:30,4392.505,4394.15,4391.55,4392.13,2599
2026-08-18T10:05:00+05:30,4392.115,4393.27,4389.02,4391.595,4250
2026-08-18T10:10:00+05:30,4391.59,4394.53,4390.42,4393.65,4109
2026-08-18T10:15:00+05:30,4393.61,4395.23,4392.33,4394.965,2899
2026-08-18T10:20:00+05:30,4394.875,4395.49,4393.83,4395.425,1659
2026-08-18T10:25:00+05:30,4395.475,4395.58,4393.105,4393.69,2475
2026-08-18T10:30:00+05:30,4393.66,4393.81,4391.145,4391.47,2664
2026-08-18T10:35:00+05:30,4391.48,4394.235,4391.46,4393.91,2774
2026-08-18T10:40:00+05:30,4393.975,4394.12,4391.095,4391.43,3024
2026-08-18T10:45:00+05:30,4391.46,4394.625,4391.235,4394.57,3390
2026-08-18T10:50:00+05:30,4394.595,4395.965,4394.5,4395.7,1465
2026-08-18T10:55:00+05:30,4395.695,4396.08,4391.435,4391.475,4644
2026-08-18T11:00:00+05:30,4391.455,4391.655,4386.185,4386.865,5469
2026-08-18T11:05:00+05:30,4386.875,4391.075,4386.75,4390.105,4324
2026-08-18T11:10:00+05:30,4390.025,4394.285,4388.75,4393.75,5534
2026-08-18T11:15:00+05:30,4393.765,4395.915,4393.115,4395.86,2800
2026-08-18T11:20:00+05:30,4395.84,4397.66,4394.16,4395.74,3500
2026-08-18T11:25:00+05:30,4395.775,4396.94,4393.995,4394.465,2944
2026-08-18T11:30:00+05:30,4394.43,4394.465,4389.06,4390.755,5404
2026-08-18T11:35:00+05:30,4390.705,4394.05,4387.755,4393.105,6295
2026-08-18T11:40:00+05:30,4393.07,4395.42,4392.565,4395.395,2855
2026-08-18T11:45:00+05:30,4395.39,4396.51,4393.72,4395.455,2789
2026-08-18T11:50:00+05:30,4395.38,4398.06,4394.455,4397.79,3605
2026-08-18T11:55:00+05:30,4397.77,4400.0,4396.785,4399.65,3215
2026-08-18T12:00:00+05:30,4399.665,4400.395,4395.38,4395.385,5015
2026-08-18T12:05:00+05:30,4395.39,4397.695,4395.3,4397.255,2394
2026-08-18T12:10:00+05:30,4397.29,4398.85,4396.735,4397.23,2115
2026-08-18T12:15:00+05:30,4397.295,4399.465,4397.295,4398.01,2170
2026-08-18T12:20:00+05:30,4398.165,4398.98,4397.47,4398.415,1509
2026-08-18T12:25:00+05:30,4398.47,4399.065,4397.325,4398.93,1739
2026-08-18T12:30:00+05:30,4398.92,4400.47,4396.85,4399.935,3619
2026-08-18T12:35:00+05:30,4399.97,4400.95,4397.22,4397.595,3729
2026-08-18T12:40:00+05:30,4397.655,4399.36,4396.975,4397.6,2384
2026-08-18T12:45:00+05:30,4397.585,4400.76,4397.48,4399.625,3280
2026-08-18T12:50:00+05:30,4399.565,4401.53,4399.375,4401.435,2154
2026-08-18T12:55:00+05:30,4401.43,4403.55,4401.205,4403.255,2345
2026-08-18T13:00:00+05:30,4403.26,4403.735,4396.395,4396.975,7339
2026-08-18T13:05:00+05:30,4396.975,4402.745,4396.615,4402.105,6130
2026-08-18T13:10:00+05:30,4402.165,4403.68,4400.32,4401.56,3360
2026-08-18T13:15:00+05:30,4401.66,4402.85,4399.76,4400.095,3090
2026-08-18T13:20:00+05:30,4400.075,4400.535,4398.065,4398.49,2470
2026-08-18T13:25:00+05:30,4398.44,4398.86,4395.495,4395.71,3364
2026-08-18T13:30:00+05:30,4395.825,4396.33,4394.225,4394.495,2104
2026-08-18T13:35:00+05:30,4394.485,4394.585,4389.96,4390.965,4625
2026-08-18T13:40:00+05:30,4390.97,4394.855,4388.125,4392.755,6729
2026-08-18T13:45:00+05:30,4392.755,4393.605,4391.8,4392.29,1804
2026-08-18T13:50:00+05:30,4392.295,4392.66,4386.91,4388.7,5750
2026-08-18T13:55:00+05:30,4388.66,4389.79,4387.45,4389.625,2340
2026-08-18T14:00:00+05:30,4389.635,4394.21,4389.415,4393.7,4795
2026-08-18T14:05:00+05:30,4393.72,4398.775,4393.72,4398.37,5054
2026-08-18T14:10:00+05:30,4398.365,4398.585,4396.545,4396.59,2039
2026-08-18T14:15:00+05:30,4396.595,4396.935,4391.625,4393.165,5310
2026-08-18T14:20:00+05:30,4393.215,4393.91,4391.545,4393.845,2364
2026-08-18T14:25:00+05:30,4393.765,4394.745,4392.5,4393.44,2244
2026-08-18T14:30:00+05:30,4393.385,4394.01,4392.145,4392.425,1864
2026-08-18T14:35:00+05:30,4392.415,4393.07,4391.215,4391.825,1854
2026-08-18T14:40:00+05:30,4391.775,4393.66,4391.53,4392.83,2130
2026-08-18T14:45:00+05:30,4392.78,4392.88,4390.95,4391.315,1930
2026-08-18T14:50:00+05:30,4391.265,4391.605,4389.07,4390.29,2534
2026-08-18T14:55:00+05:30,4390.295,4391.52,4388.69,4389.37,2830
2026-08-18T15:00:00+05:30,4389.305,4393.76,4389.245,4393.695,4515
2026-08-18T15:05:00+05:30,4393.7,4395.08,4390.455,4391.255,4625
2026-08-18T15:10:00+05:30,4391.37,4391.77,4387.28,4388.44,4490
2026-08-18T15:15:00+05:30,4388.405,4392.47,4387.03,4392.22,5440
2026-08-18T15:20:00+05:30,4392.215,4394.3,4392.215,4394.09,2085
2026-08-18T15:25:00+05:30,4394.08,4394.97,4392.895,4393.32,2074
2026-08-18T15:30:00+05:30,4393.375,4395.835,4392.265,4394.1,3569
2026-08-18T15:35:00+05:30,4394.05,4394.815,4392.535,4393.565,2279
2026-08-18T15:40:00+05:30,4393.57,4394.9,4392.89,4394.665,2009
2026-08-18T15:45:00+05:30,4394.62,4396.33,4394.19,4395.545,2140
2026-08-18T15:50:00+05:30,4395.585,4395.62,4391.37,4391.6,4250
2026-08-18T15:55:00+05:30,4391.61,4392.26,4389.8,4392.025,2460
2026-08-18T16:00:00+05:30,4392.02,4394.275,4391.685,4393.69,2589
2026-08-18T16:05:00+05:30,4393.68,4397.755,4393.565,4397.625,4190
2026-08-18T16:10:00+05:30,4397.67,4398.72,4397.075,4398.655,1645
2026-08-18T16:15:00+05:30,4398.67,4399.68,4398.17,4398.87,1510
2026-08-18T16:20:00+05:30,4398.92,4399.33,4396.43,4396.895,2899
2026-08-18T16:25:00+05:30,4396.875,4397.73,4396.55,4397.63,1179
2026-08-18T16:30:00+05:30,4397.705,4399.055,4393.62,4393.92,5435
2026-08-18T16:35:00+05:30,4393.91,4394.665,4392.585,4393.69,2079
2026-08-18T16:40:00+05:30,4393.7,4394.135,4392.06,4393.65,2074
2026-08-18T16:45:00+05:30,4393.64,4394.76,4392.17,4393.23,2590
2026-08-18T16:50:00+05:30,4393.255,4393.975,4390.355,4390.405,3620
2026-08-18T16:55:00+05:30,4390.41,4391.88,4389.71,4390.145,2170
2026-08-18T17:00:00+05:30,4390.135,4392.0,4389.425,4389.595,2574
2026-08-18T17:05:00+05:30,4389.65,4391.835,4388.675,4390.54,3159
2026-08-18T17:10:00+05:30,4390.5,4392.58,4389.655,4391.04,2925
2026-08-18T17:15:00+05:30,4390.99,4393.805,4390.83,4392.325,2975
2026-08-18T17:20:00+05:30,4392.38,4393.165,4389.915,4390.79,3250
2026-08-18T17:25:00+05:30,4390.89,4396.885,4390.62,4396.07,6265
2026-08-18T17:30:00+05:30,4396.21,4396.96,4391.57,4396.675,5390
2026-08-18T17:35:00+05:30,4396.775,4397.14,4390.465,4391.32,6675
2026-08-18T17:40:00+05:30,4391.285,4393.55,4389.67,4393.305,3880
2026-08-18T17:45:00+05:30,4393.335,4393.855,4391.645,4393.02,2209
2026-08-18T17:50:00+05:30,4393.06,4400.85,4392.99,4395.705,7860
2026-08-18T17:55:00+05:30,4395.84,4396.17,4391.95,4395.305,4220
2026-08-18T18:00:00+05:30,4395.355,4398.035,4392.33,4396.645,5704
2026-08-18T18:05:00+05:30,4396.735,4397.855,4392.84,4394.26,5014
2026-08-18T18:10:00+05:30,4394.135,4394.135,4391.07,4392.28,3065
2026-08-18T18:15:00+05:30,4392.29,4396.645,4392.28,4396.035,4365
2026-08-18T18:20:00+05:30,4396.075,4397.02,4392.395,4393.18,4625
2026-08-18T18:25:00+05:30,4393.24,4395.815,4390.83,4394.225,4984
2026-08-18T18:30:00+05:30,4394.23,4397.49,4390.415,4395.84,7074
2026-08-18T18:35:00+05:30,4395.85,4396.63,4389.01,4389.16,7619
2026-08-18T18:40:00+05:30,4389.18,4396.095,4388.385,4395.895,7710
2026-08-18T18:45:00+05:30,4395.865,4396.195,4388.54,4391.035,7654
2026-08-18T18:50:00+05:30,4391.085,4393.585,4388.32,4389.8,5265
2026-08-18T18:55:00+05:30,4389.845,4392.44,4388.315,4389.035,4125
2026-08-18T19:00:00+05:30,4389.025,4398.925,4376.195,4396.93,22730
2026-08-18T19:05:00+05:30,4396.9,4403.5,4395.4,4402.945,8100
2026-08-18T19:10:00+05:30,4402.955,4406.9,4399.645,4401.165,7254
2026-08-18T19:15:00+05:30,4401.18,4402.27,4391.63,4395.16,10640
2026-08-18T19:20:00+05:30,4395.17,4398.33,4389.535,4391.035,8795
2026-08-18T19:25:00+05:30,4391.08,4395.155,4389.775,4394.695,5380
2026-08-18T19:30:00+05:30,4394.705,4406.48,4393.33,4404.14,13149
2026-08-18T19:35:00+05:30,4404.145,4404.6,4397.835,4398.175,6765
2026-08-18T19:40:00+05:30,4398.17,4399.05,4391.285,4393.29,7765
2026-08-18T19:45:00+05:30,4393.35,4405.1,4392.975,4401.605,12125
2026-08-18T19:50:00+05:30,4401.6,4402.875,4395.77,4397.785,7104
2026-08-18T19:55:00+05:30,4397.775,4398.885,4392.38,4394.225,6505
2026-08-18T20:00:00+05:30,4394.22,4396.395,4385.35,4389.865,11045
2026-08-18T20:05:00+05:30,4389.875,4390.23,4382.135,4383.015,8094
2026-08-18T20:10:00+05:30,4383.07,4385.095,4377.865,4379.785,7230
2026-08-18T20:15:00+05:30,4379.815,4388.625,4378.12,4386.905,10505
2026-08-18T20:20:00+05:30,4386.91,4389.03,4372.725,4378.9,16304
2026-08-18T20:25:00+05:30,4378.88,4383.19,4363.775,4366.685,19414
2026-08-18T20:30:00+05:30,4366.725,4376.76,4365.815,4375.775,10945
2026-08-18T20:35:00+05:30,4375.75,4377.795,4365.06,4365.915,12734
2026-08-18T20:40:00+05:30,4365.95,4368.47,4358.56,4360.11,9909
2026-08-18T20:45:00+05:30,4360.09,4365.34,4355.22,4355.22,10119
2026-08-18T20:50:00+05:30,4355.225,4357.24,4351.765,4354.64,5474
2026-08-18T20:55:00+05:30,4354.63,4361.065,4353.26,4355.105,7804
2026-08-18T21:00:00+05:30,4355.09,4362.195,4354.655,4359.9,7539
2026-08-18T21:05:00+05:30,4359.89,4362.49,4356.74,4361.3,5750
2026-08-18T21:10:00+05:30,4361.315,4362.125,4356.765,4358.82,5359
2026-08-18T21:15:00+05:30,4358.96,4365.195,4358.96,4364.21,6234
2026-08-18T21:20:00+05:30,4364.215,4366.765,4361.345,4364.82,5420
2026-08-18T21:25:00+05:30,4364.845,4365.985,4363.42,4364.925,2564
2026-08-18T21:30:00+05:30,4364.92,4369.325,4364.92,4368.155,4404
2026-08-18T21:35:00+05:30,4368.165,4371.73,4366.77,4371.475,4959
2026-08-18T21:40:00+05:30,4371.485,4371.705,4367.535,4367.78,4170
2026-08-18T21:45:00+05:30,4367.755,4368.455,4364.62,4367.245,3835
2026-08-18T21:50:00+05:30,4367.275,4369.76,4366.61,4368.385,3150
2026-08-18T21:55:00+05:30,4368.415,4369.24,4363.58,4364.205,5659
2026-08-18T22:00:00+05:30,4364.275,4366.855,4363.355,4365.825,3500
2026-08-18T22:05:00+05:30,4365.92,4367.17,4363.125,4365.28,4045
2026-08-18T22:10:00+05:30,4365.315,4368.705,4365.105,4367.565,3600
2026-08-18T22:15:00+05:30,4367.57,4367.905,4363.34,4363.69,4564
2026-08-18T22:20:00+05:30,4363.685,4368.895,4363.16,4368.7,5735
2026-08-18T22:25:00+05:30,4368.675,4368.675,4363.19,4363.83,5485
2026-08-18T22:30:00+05:30,4363.805,4365.84,4363.68,4364.6,2159
2026-08-18T22:35:00+05:30,4364.605,4366.36,4364.395,4365.93,1964
2026-08-18T22:40:00+05:30,4365.95,4367.26,4364.88,4367.06,2380
2026-08-18T22:45:00+05:30,4367.095,4368.355,4363.21,4364.38,5144
2026-08-18T22:50:00+05:30,4364.47,4367.48,4364.34,4367.48,3139
2026-08-18T22:55:00+05:30,4367.49,4368.325,4363.825,4365.405,4500
2026-08-18T23:00:00+05:30,4365.405,4366.345,4361.375,4364.47,4970
2026-08-18T23:05:00+05:30,4364.455,4365.335,4360.99,4362.68,4345
2026-08-18T23:10:00+05:30,4362.67,4365.135,4358.705,4358.705,6430
2026-08-18T23:15:00+05:30,4358.735,4360.53,4357.04,4358.04,3489
2026-08-18T23:20:00+05:30,4358.05,4359.845,4357.97,4358.67,1875
2026-08-18T23:25:00+05:30,4358.765,4359.185,4356.85,4357.725,2335
2026-08-18T23:30:00+05:30,4357.755,4357.965,4352.705,4353.46,5260
2026-08-18T23:35:00+05:30,4353.475,4355.89,4352.855,4355.765,3035
2026-08-18T23:40:00+05:30,4355.785,4358.21,4352.97,4357.885,5239
2026-08-18T23:45:00+05:30,4357.905,4359.14,4356.815,4359.005,2325
2026-08-18T23:50:00+05:30,4358.965,4359.5,4355.775,4357.14,3725
2026-08-18T23:55:00+05:30,4357.145,4361.12,4356.56,4360.35,4559
2026-08-19T00:00:00+05:30,4360.37,4360.715,4358.06,4359.825,2654
2026-08-19T00:05:00+05:30,4359.82,4360.375,4358.365,4359.8,2010
2026-08-19T00:10:00+05:30,4359.81,4359.895,4353.585,4354.34,6310
2026-08-19T00:15:00+05:30,4354.335,4355.635,4352.905,4354.065,2730
2026-08-19T00:20:00+05:30,4354.035,4355.26,4354.035,4354.815,1225
2026-08-19T00:25:00+05:30,4354.81,4356.12,4354.02,4354.43,2099
2026-08-19T00:30:00+05:30,4354.43,4358.14,4354.15,4355.45,3990
2026-08-19T00:35:00+05:30,4355.475,4357.085,4354.89,4355.275,2194
2026-08-19T00:40:00+05:30,4355.305,4358.59,4354.695,4357.1,3895
2026-08-19T00:45:00+05:30,4357.065,4358.76,4354.05,4354.695,4710
2026-08-19T00:50:00+05:30,4354.72,4356.48,4352.785,4353.31,3694
2026-08-19T00:55:00+05:30,4353.28,4355.94,4352.54,4354.865,3399
2026-08-19T01:00:00+05:30,4354.97,4356.82,4353.705,4354.12,3114
2026-08-19T01:05:00+05:30,4354.08,4355.595,4353.57,4354.975,2025
2026-08-19T01:10:00+05:30,4354.97,4357.84,4349.725,4349.985,8114
2026-08-19T01:15:00+05:30,4349.99,4353.455,4343.93,4345.87,9524
2026-08-19T01:20:00+05:30,4345.865,4347.005,4342.37,4345.33,4635
2026-08-19T01:25:00+05:30,4345.375,4346.475,4338.395,4345.785,8079
2026-08-19T01:30:00+05:30,4345.705,4346.665,4342.86,4343.975,3805
2026-08-19T01:35:00+05:30,4343.865,4344.405,4342.53,4343.0,1875
2026-08-19T01:40:00+05:30,4342.995,4343.715,4340.825,4342.02,2890
2026-08-19T01:45:00+05:30,4342.015,4342.35,4339.87,4341.93,2480
2026-08-19T01:50:00+05:30,4342.02,4342.02,4333.585,4337.805,8435
2026-08-19T01:55:00+05:30,4337.785,4338.65,4336.655,4337.93,1994
2026-08-19T02:00:00+05:30,4337.975,4339.765,4336.61,4339.39,3155
2026-08-19T02:05:00+05:30,4339.37,4339.545,4337.505,4337.915,2039
2026-08-19T02:10:00+05:30,4338.16,4338.575,4331.69,4332.335,6885
2026-08-19T02:15:00+05:30,4332.345,4333.41,4329.265,4333.1,4144
2026-08-19T02:20:00+05:30,4333.175,4334.46,4330.09,4334.435,4369
2026-08-19T02:25:00+05:30,4334.46,4335.435,4332.625,4334.575,2810
2026-08-19T03:30:00+05:30,4341.965,4342.625,4341.865,4341.93,760
2026-08-19T03:35:00+05:30,4341.88,4343.83,4341.62,4342.93,2210
2026-08-19T03:40:00+05:30,4342.875,4343.625,4340.385,4341.065,3239
2026-08-19T03:45:00+05:30,4341.375,4342.395,4338.77,4339.185,3625
2026-08-19T03:50:00+05:30,4339.2,4340.56,4333.935,4335.295,6625
2026-08-19T03:55:00+05:30,4335.28,4339.37,4334.565,4336.35,4805
2026-08-19T04:00:00+05:30,4336.38,4336.595,4335.09,4335.81,1505
2026-08-19T04:05:00+05:30,4335.845,4336.56,4333.68,4334.135,2880
2026-08-19T04:10:00+05:30,4334.16,4334.875,4332.77,4334.025,2104
2026-08-19T04:15:00+05:30,4334.015,4335.0,4333.345,4334.875,1654
2026-08-19T04:20:00+05:30,4334.88,4335.705,4333.865,4335.11,1840
2026-08-19T04:25:00+05:30,4335.12,4335.2,4333.195,4333.83,2005
2026-08-19T04:30:00+05:30,4334.045,4336.17,4332.78,4335.93,3390
2026-08-19T04:35:00+05:30,4335.96,4338.45,4334.565,4335.295,3885
2026-08-19T04:40:00+05:30,4335.225,4335.55,4332.675,4334.12,2875
2026-08-19T04:45:00+05:30,4334.08,4335.03,4332.18,4332.475,2849
2026-08-19T04:50:00+05:30,4332.545,4337.51,4330.91,4332.775,6600
2026-08-19T04:55:00+05:30,4332.79,4333.725,4330.085,4330.555,3640
2026-08-19T05:00:00+05:30,4330.535,4332.765,4327.27,4331.01,5494
2026-08-19T05:05:00+05:30,4330.925,4332.03,4327.365,4329.035,4664
2026-08-19T05:10:00+05:30,4329.05,4330.44,4328.12,4329.885,2319
2026-08-19T05:15:00+05:30,4329.99,4332.37,4329.6,4331.09,2769
2026-08-19T05:20:00+05:30,4331.13,4334.415,4329.975,4334.045,4439
2026-08-19T05:25:00+05:30,4334.04,4334.06,4331.495,4333.105,2565
2026-08-19T05:30:00+05:30,4333.14,4340.72,4331.635,4336.925,9085
2026-08-19T05:35:00+05:30,4336.915,4341.38,4336.005,4340.11,5375
2026-08-19T05:40:00+05:30,4340.025,4345.055,4338.19,4343.13,6865
2026-08-19T05:45:00+05:30,4343.125,4346.495,4342.87,4343.625,3625
2026-08-19T05:50:00+05:30,4343.62,4346.24,4341.55,4343.25,4689
2026-08-19T05:55:00+05:30,4343.175,4343.89,4339.115,4343.065,4775
2026-08-19T06:00:00+05:30,4343.075,4345.84,4339.745,4340.905,6095
2026-08-19T06:05:00+05:30,4340.835,4347.12,4340.765,4345.075,6354
2026-08-19T06:10:00+05:30,4345.06,4347.42,4343.285,4343.875,4135
2026-08-19T06:15:00+05:30,4343.795,4344.8,4342.49,4342.865,2310
2026-08-19T06:20:00+05:30,4342.88,4345.025,4341.475,4341.675,3549
2026-08-19T06:25:00+05:30,4341.68,4342.57,4337.11,4338.155,5460
2026-08-19T06:30:00+05:30,4338.015,4340.05,4324.68,4332.55,15369
2026-08-19T06:35:00+05:30,4332.455,4342.805,4331.5,4340.53,11305
2026-08-19T06:40:00+05:30,4340.435,4344.155,4337.13,4344.015,7024
2026-08-19T06:45:00+05:30,4344.0,4346.415,4334.78,4338.06,11635
2026-08-19T06:50:00+05:30,4338.085,4340.25,4333.145,4337.44,7104
2026-08-19T06:55:00+05:30,4337.485,4342.555,4335.83,4342.28,6725
2026-08-19T07:00:00+05:30,4342.38,4351.435,4342.31,4350.92,9125
2026-08-19T07:05:00+05:30,4350.86,4356.515,4350.215,4355.485,6300
2026-08-19T07:10:00+05:30,4355.495,4357.765,4354.32,4355.635,3445
2026-08-19T07:15:00+05:30,4355.655,4356.81,4350.865,4351.165,5945
2026-08-19T07:20:00+05:30,4351.135,4355.205,4350.675,4353.54,4529
2026-08-19T07:25:00+05:30,4353.585,4356.855,4352.745,4356.63,4109
2026-08-19T07:30:00+05:30,4356.72,4357.365,4351.805,4354.535,5559
2026-08-19T07:35:00+05:30,4354.545,4357.285,4352.955,4356.08,4329
2026-08-19T07:40:00+05:30,4356.125,4356.15,4352.695,4353.69,3454
2026-08-19T07:45:00+05:30,4353.775,4361.19,4352.605,4359.0,8585
2026-08-19T07:50:00+05:30,4359.05,4362.165,4358.165,4359.95,4000
2026-08-19T07:55:00+05:30,4359.97,4361.4,4359.27,4359.735,2129
2026-08-19T08:00:00+05:30,4359.725,4360.32,4355.775,4356.99,4545
2026-08-19T08:05:00+05:30,4356.995,4358.455,4354.36,4355.385,4095
2026-08-19T08:10:00+05:30,4355.325,4358.46,4354.92,4355.395,3539
2026-08-19T08:15:00+05:30,4355.405,4357.365,4354.255,4355.695,3109
2026-08-19T08:20:00+05:30,4355.73,4356.59,4352.995,4354.055,3595
2026-08-19T08:25:00+05:30,4354.11,4355.22,4351.545,4355.085,3675
2026-08-19T08:30:00+05:30,4355.055,4356.325,4352.8,4355.78,3524
2026-08-19T08:35:00+05:30,4355.805,4355.805,4352.04,4353.785,3765
2026-08-19T08:40:00+05:30,4353.8,4355.38,4353.51,4354.625,1869
2026-08-19T08:45:00+05:30,4354.77,4356.21,4351.96,4352.835,4250
2026-08-19T08:50:00+05:30,4352.785,4355.905,4351.97,4355.815,3934
2026-08-19T08:55:00+05:30,4355.945,4358.015,4355.92,4357.15,2095
2026-08-19T09:00:00+05:30,4357.175,4358.45,4356.035,4357.055,2414
2026-08-19T09:05:00+05:30,4357.115,4360.51,4357.115,4358.29,3395
2026-08-19T09:10:00+05:30,4358.295,4358.93,4357.14,4358.715,1789
2026-08-19T09:15:00+05:30,4358.685,4359.02,4356.425,4357.91,2595
2026-08-19T09:20:00+05:30,4357.975,4358.54,4355.725,4355.825,2814
2026-08-19T09:25:00+05:30,4355.765,4356.625,4354.82,4355.06,1805
2026-08-19T09:30:00+05:30,4355.15,4356.29,4353.6,4353.935,2689
2026-08-19T09:35:00+05:30,4353.94,4354.955,4353.235,4354.505,1720
2026-08-19T09:40:00+05:30,4354.575,4355.0,4353.655,4354.795,1345
2026-08-19T09:45:00+05:30,4354.785,4355.09,4350.185,4352.53,4904
2026-08-19T09:50:00+05:30,4352.43,4352.955,4350.925,4351.81,2029
2026-08-19T09:55:00+05:30,4351.82,4351.82,4350.395,4351.28,1424
2026-08-19T10:00:00+05:30,4351.32,4352.19,4349.29,4349.73,2899
2026-08-19T10:05:00+05:30,4349.775,4350.765,4346.44,4346.735,4325
2026-08-19T10:10:00+05:30,4346.765,4347.66,4345.125,4346.67,2534
2026-08-19T10:15:00+05:30,4346.645,4347.18,4345.985,4346.655,1195
2026-08-19T10:20:00+05:30,4346.71,4346.725,4344.005,4344.94,2720
2026-08-19T10:25:00+05:30,4344.945,4348.575,4344.665,4348.555,3909
2026-08-19T10:30:00+05:30,4348.53,4350.865,4346.29,4347.31,4574
2026-08-19T10:35:00+05:30,4347.305,4347.925,4342.505,4342.615,5420
2026-08-19T10:40:00+05:30,4342.595,4342.89,4338.885,4339.02,4005
2026-08-19T10:45:00+05:30,4339.025,4339.745,4336.795,4337.835,2949
2026-08-19T10:50:00+05:30,4337.8,4342.8,4337.62,4341.51,5180
2026-08-19T10:55:00+05:30,4341.58,4345.44,4340.555,4345.365,4884
2026-08-19T11:00:00+05:30,4345.5,4345.56,4336.845,4338.52,8715
2026-08-19T11:05:00+05:30,4338.495,4343.125,4336.895,4343.065,6229
2026-08-19T11:10:00+05:30,4343.075,4343.725,4340.095,4342.365,3630
2026-08-19T11:15:00+05:30,4342.335,4342.36,4335.25,4337.16,7109
2026-08-19T11:20:00+05:30,4337.155,4338.405,4335.175,4335.59,3229
2026-08-19T11:25:00+05:30,4335.78,4338.91,4335.235,4335.695,3675
2026-08-19T11:30:00+05:30,4335.635,4341.4,4335.415,4337.885,5984
2026-08-19T11:35:00+05:30,4337.89,4340.47,4335.43,4339.145,5039
2026-08-19T11:40:00+05:30,4339.175,4341.96,4337.085,4337.5,4875
2026-08-19T11:45:00+05:30,4337.36,4346.305,4337.01,4345.36,9295
2026-08-19T11:50:00+05:30,4345.32,4348.47,4344.785,4346.1,3685
2026-08-19T11:55:00+05:30,4346.095,4346.975,4340.645,4343.365,6329
2026-08-19T12:00:00+05:30,4343.3,4343.415,4337.28,4338.82,6135
2026-08-19T12:05:00+05:30,4338.815,4345.735,4338.81,4344.03,6924
2026-08-19T12:10:00+05:30,4343.985,4344.39,4341.545,4342.0,2845
2026-08-19T12:15:00+05:30,4341.995,4344.275,4340.87,4343.9,3404
2026-08-19T12:20:00+05:30,4343.895,4347.885,4343.895,4347.73,3989
2026-08-19T12:25:00+05:30,4347.745,4349.465,4347.335,4349.15,2130
2026-08-19T12:30:00+05:30,4349.095,4351.33,4347.54,4348.11,3789
2026-08-19T12:35:00+05:30,4348.09,4353.57,4347.845,4352.985,5724
2026-08-19T12:40:00+05:30,4352.98,4353.555,4349.945,4350.605,3610
2026-08-19T12:45:00+05:30,4350.585,4351.67,4347.54,4350.83,4130
2026-08-19T12:50:00+05:30,4350.82,4355.085,4349.16,4354.49,5925
2026-08-19T12:55:00+05:30,4354.45,4357.155,4354.065,4356.905,3090
2026-08-19T13:00:00+05:30,4356.91,4360.975,4356.335,4359.62,4640
2026-08-19T13:05:00+05:30,4359.47,4363.34,4357.245,4357.645,6095
2026-08-19T13:10:00+05:30,4357.76,4357.885,4352.845,4354.505,5039
2026-08-19T13:15:00+05:30,4354.465,4357.34,4354.29,4356.665,3050
2026-08-19T13:20:00+05:30,4356.65,4357.805,4354.89,4355.76,2914
2026-08-19T13:25:00+05:30,4355.74,4356.45,4354.65,4354.905,1800
2026-08-19T13:30:00+05:30,4354.805,4357.69,4351.105,4357.17,6585
2026-08-19T13:35:00+05:30,4357.205,4361.1,4356.185,4360.91,4914
2026-08-19T13:40:00+05:30,4360.875,4362.985,4360.025,4361.725,2960
2026-08-19T13:45:00+05:30,4361.72,4362.585,4359.85,4359.99,2734
2026-08-19T13:50:00+05:30,4359.94,4360.33,4357.42,4360.205,2909
2026-08-19T13:55:00+05:30,4360.25,4361.235,4358.335,4361.085,2899
2026-08-19T14:00:00+05:30,4361.1,4361.385,4356.87,4357.175,4515
2026-08-19T14:05:00+05:30,4357.405,4361.02,4356.475,4360.05,4545
2026-08-19T14:10:00+05:30,4360.155,4363.11,4359.42,4362.66,3689
2026-08-19T14:15:00+05:30,4362.69,4363.2,4360.74,4361.61,2460
2026-08-19T14:20:00+05:30,4361.605,4361.9,4358.22,4358.385,3679
2026-08-19T14:25:00+05:30,4358.435,4358.54,4354.875,4355.735,3664
2026-08-19T14:30:00+05:30,4355.66,4359.33,4355.11,4359.13,4220
2026-08-19T14:35:00+05:30,4359.11,4359.995,4355.49,4355.9,4505
2026-08-19T14:40:00+05:30,4355.895,4357.865,4355.585,4356.46,2279
2026-08-19T14:45:00+05:30,4356.465,4356.735,4353.51,4355.325,3224
2026-08-19T14:50:00+05:30,4355.32,4357.245,4353.45,4356.11,3795
2026-08-19T14:55:00+05:30,4356.07,4357.5,4353.93,4356.645,3569
2026-08-19T15:00:00+05:30,4356.615,4357.76,4355.435,4356.495,2324
2026-08-19T15:05:00+05:30,4356.49,4357.385,4356.035,4357.08,1350
2026-08-19T15:10:00+05:30,4357.085,4361.135,4356.76,4358.865,4375
2026-08-19T15:15:00+05:30,4358.81,4361.01,4358.325,4360.54,2685
2026-08-19T15:20:00+05:30,4360.535,4360.875,4358.125,4359.795,2750
2026-08-19T15:25:00+05:30,4359.85,4362.095,4359.13,4362.025,2965
2026-08-19T15:30:00+05:30,4362.045,4363.37,4359.92,4360.17,3449
2026-08-19T15:35:00+05:30,4360.165,4362.83,4359.755,4361.535,3074
2026-08-19T15:40:00+05:30,4361.53,4364.235,4360.92,4363.795,3314
2026-08-19T15:45:00+05:30,4363.85,4368.485,4363.54,4368.455,4944
2026-08-19T15:50:00+05:30,4368.435,4369.2,4366.82,4368.54,2380
2026-08-19T15:55:00+05:30,4368.455,4369.09,4366.725,4368.785,2364
2026-08-19T16:00:00+05:30,4368.86,4369.585,4365.9,4366.985,3685
2026-08-19T16:05:00+05:30,4367.055,4367.705,4366.615,4367.015,1090
2026-08-19T16:10:00+05:30,4366.985,4368.525,4366.54,4368.09,1984
2026-08-19T16:15:00+05:30,4368.155,4369.515,4367.455,4368.62,2060
2026-08-19T16:20:00+05:30,4368.655,4368.945,4367.15,4367.475,1795
2026-08-19T16:25:00+05:30,4367.345,4368.01,4366.33,4367.41,1680
2026-08-19T16:30:00+05:30,4367.435,4371.15,4367.435,4370.925,3714
2026-08-19T16:35:00+05:30,4370.97,4373.7,4370.625,4371.225,3074
2026-08-19T16:40:00+05:30,4371.23,4374.19,4370.775,4373.445,3414
2026-08-19T16:45:00+05:30,4373.455,4374.12,4369.645,4370.48,4474
2026-08-19T16:50:00+05:30,4370.49,4371.39,4368.955,4370.935,2435
2026-08-19T16:55:00+05:30,4370.91,4373.4,4370.575,4371.035,2824
2026-08-19T17:00:00+05:30,4371.04,4371.765,4368.565,4369.46,3200
2026-08-19T17:05:00+05:30,4369.415,4369.985,4367.04,4368.105,2944
2026-08-19T17:10:00+05:30,4368.11,4368.11,4363.305,4363.79,4804
2026-08-19T17:15:00+05:30,4363.78,4367.795,4363.565,4367.53,4230
2026-08-19T17:20:00+05:30,4367.52,4367.55,4363.805,4365.905,3744
2026-08-19T17:25:00+05:30,4365.91,4366.51,4364.18,4364.655,2329
2026-08-19T17:30:00+05:30,4364.65,4365.365,4362.115,4364.055,3250
2026-08-19T17:35:00+05:30,4364.065,4368.35,4363.465,4367.97,4885
2026-08-19T17:40:00+05:30,4367.85,4370.83,4366.78,4368.4,4050
2026-08-19T17:45:00+05:30,4368.575,4370.33,4366.12,4368.245,4210
2026-08-19T17:50:00+05:30,4368.26,4373.6,4367.845,4370.32,5755
2026-08-19T17:55:00+05:30,4370.31,4371.24,4367.865,4369.385,3375
2026-08-19T18:00:00+05:30,4369.39,4384.975,4368.745,4384.645,16230
2026-08-19T18:05:00+05:30,4384.655,4416.825,4382.855,4412.54,33970
2026-08-19T18:10:00+05:30,4412.55,4420.61,4406.54,4417.685,14069
2026-08-19T18:15:00+05:30,4417.775,4421.305,4411.525,4417.28,9780
2026-08-19T18:20:00+05:30,4417.295,4428.64,4411.51,4428.39,17130
2026-08-19T18:25:00+05:30,4428.45,4442.47,4426.395,4438.87,16074
2026-08-19T18:30:00+05:30,4438.875,4442.13,4427.245,4427.635,14885
2026-08-19T18:35:00+05:30,4427.64,4441.62,4424.285,4441.595,17335
2026-08-19T18:40:00+05:30,4441.58,4460.885,4441.325,4456.15,19560
2026-08-19T18:45:00+05:30,4456.155,4464.25,4455.84,4460.32,8409
2026-08-19T18:50:00+05:30,4460.335,4462.865,4454.85,4459.185,8014
2026-08-19T18:55:00+05:30,4459.03,4461.305,4455.22,4458.17,6085
2026-08-19T19:00:00+05:30,4458.14,4466.29,4455.4,4461.805,10890
2026-08-19T19:05:00+05:30,4461.81,4462.145,4442.33,4455.915,19815
2026-08-19T19:10:00+05:30,4455.97,4464.555,4450.1,4460.71,14454
2026-08-19T19:15:00+05:30,4460.7,4462.055,4449.74,4450.315,12315
2026-08-19T19:20:00+05:30,4450.335,4456.45,4445.13,4453.56,11319
2026-08-19T19:25:00+05:30,4453.555,4463.34,4451.58,4459.6,11760
2026-08-19T19:30:00+05:30,4459.59,4462.62,4455.22,4460.425,7399
2026-08-19T19:35:00+05:30,4460.445,4472.095,4460.445,4471.925,11650
2026-08-19T19:40:00+05:30,4471.91,4475.62,4469.24,4473.995,6380
2026-08-19T19:45:00+05:30,4474.005,4478.395,4471.47,4471.53,6925
2026-08-19T19:50:00+05:30,4471.55,4480.525,4470.34,4478.565,10184
2026-08-19T19:55:00+05:30,4478.595,4488.08,4477.4,4486.065,10680
2026-08-19T20:00:00+05:30,4486.1,4491.425,4483.92,4487.615,7505
2026-08-19T20:05:00+05:30,4487.62,4491.5,4486.71,4489.27,4789
2026-08-19T20:10:00+05:30,4489.305,4498.73,4487.26,4489.585,11469
2026-08-19T20:15:00+05:30,4489.58,4489.66,4478.155,4479.36,11505
2026-08-19T20:20:00+05:30,4479.365,4487.025,4478.6,4485.83,8424
2026-08-19T20:25:00+05:30,4485.855,4489.685,4485.315,4488.245,4370
2026-08-19T20:30:00+05:30,4488.215,4488.49,4481.23,4484.98,7260
2026-08-19T20:35:00+05:30,4485.025,4487.205,4482.04,4482.14,5164
2026-08-19T20:40:00+05:30,4482.145,4487.83,4479.895,4485.48,7934
2026-08-19T20:45:00+05:30,4485.565,4487.51,4483.845,4486.125,3664
2026-08-19T20:50:00+05:30,4486.115,4488.09,4481.055,4481.105,7034
2026-08-19T20:55:00+05:30,4481.155,4484.82,4478.355,4483.94,6465
2026-08-19T21:00:00+05:30,4483.875,4486.22,4480.36,4484.795,5860
2026-08-19T21:05:00+05:30,4484.81,4488.48,4484.685,4487.25,3794
2026-08-19T21:10:00+05:30,4487.265,4492.525,4484.9,4490.29,7625
2026-08-19T21:15:00+05:30,4490.285,4494.465,4489.895,4490.765,4569
2026-08-19T21:20:00+05:30,4490.705,4492.9,4488.695,4491.225,4204
2026-08-19T21:25:00+05:30,4491.215,4493.93,4490.82,4493.87,3110
2026-08-19T21:30:00+05:30,4493.9,4497.555,4493.305,4493.41,4250
2026-08-19T21:35:00+05:30,4493.415,4497.61,4491.2,4497.43,6409
2026-08-19T21:40:00+05:30,4497.4,4499.175,4496.72,4497.8,2454
2026-08-19T21:45:00+05:30,4497.785,4499.425,4495.115,4495.2,4310
2026-08-19T21:50:00+05:30,4495.175,4496.84,4493.555,4495.02,3284
2026-08-19T21:55:00+05:30,4495.04,4495.74,4490.655,4491.2,5085
2026-08-19T22:00:00+05:30,4491.265,4495.825,4490.72,4495.68,5104
2026-08-19T22:05:00+05:30,4495.695,4496.31,4492.19,4495.61,4120
2026-08-19T22:10:00+05:30,4495.585,4496.535,4493.855,4495.16,2680
2026-08-19T22:15:00+05:30,4495.09,4496.93,4493.57,4494.755,3360
2026-08-19T22:20:00+05:30,4494.75,4497.98,4494.24,4494.66,3739
2026-08-19T22:25:00+05:30,4494.57,4495.38,4493.295,4493.395,2085
2026-08-19T22:30:00+05:30,4493.52,4499.1,4493.49,4496.875,5610
2026-08-19T22:35:00+05:30,4496.86,4497.39,4491.52,4493.215,5869
2026-08-19T22:40:00+05:30,4493.195,4494.095,4489.055,4492.57,5039
2026-08-19T22:45:00+05:30,4492.675,4492.865,4487.135,4489.35,5729
2026-08-19T22:50:00+05:30,4489.37,4490.545,4487.945,4489.44,2600
2026-08-19T22:55:00+05:30,4489.435,4489.625,4486.24,4488.03,3385
2026-08-19T23:00:00+05:30,4488.045,4489.18,4484.44,4488.27,4740
2026-08-19T23:05:00+05:30,4488.29,4490.04,4486.67,4488.465,3369
2026-08-19T23:10:00+05:30,4488.48,4491.695,4487.095,4488.745,4599
2026-08-19T23:15:00+05:30,4488.725,4489.575,4487.68,4488.365,1894
2026-08-19T23:20:00+05:30,4488.39,4489.2,4485.68,4486.465,3519
2026-08-19T23:25:00+05:30,4486.415,4486.965,4484.425,4486.965,2539
2026-08-19T23:30:00+05:30,4486.96,4496.025,4485.625,4495.69,10399
2026-08-19T23:35:00+05:30,4495.72,4496.745,4486.27,4488.995,10474
2026-08-19T23:40:00+05:30,4488.9,4490.405,4486.185,4488.0,4219
2026-08-19T23:45:00+05:30,4487.995,4488.0,4482.405,4484.935,5595
2026-08-19T23:50:00+05:30,4484.94,4485.16,4481.07,4481.445,4090
2026-08-19T23:55:00+05:30,4481.45,4481.93,4472.915,4475.555,9015
2026-08-20T00:00:00+05:30,4475.605,4481.475,4472.18,4480.74,9295
2026-08-20T00:05:00+05:30,4480.92,4484.635,4478.8,4484.26,5835
2026-08-20T00:10:00+05:30,4484.34,4491.82,4483.675,4490.64,8144
2026-08-20T00:15:00+05:30,4490.65,4492.24,4489.58,4491.67,2659
2026-08-20T00:20:00+05:30,4491.65,4497.215,4490.825,4494.435,6390
2026-08-20T00:25:00+05:30,4494.485,4495.975,4494.18,4495.185,1795
2026-08-20T00:30:00+05:30,4495.15,4498.53,4494.49,4497.14,4039
2026-08-20T00:35:00+05:30,4497.18,4505.735,4495.305,4505.05,10429
2026-08-20T00:40:00+05:30,4505.045,4505.685,4502.21,4503.225,3475
2026-08-20T00:45:00+05:30,4503.215,4506.27,4503.035,4504.405,3235
2026-08-20T00:50:00+05:30,4504.385,4505.4,4502.635,4505.385,2764
2026-08-20T00:55:00+05:30,4505.35,4507.78,4503.375,4507.09,4404
2026-08-20T01:00:00+05:30,4507.08,4510.855,4505.915,4509.61,4939
2026-08-20T01:05:00+05:30,4509.57,4510.46,4503.735,4506.0,6725
2026-08-20T01:10:00+05:30,4505.985,4507.805,4502.185,4507.12,5619
2026-08-20T01:15:00+05:30,4507.045,4511.385,4505.32,4511.09,6065
2026-08-20T01:20:00+05:30,4511.075,4512.125,4508.41,4511.505,3715
2026-08-20T01:25:00+05:30,4511.38,4512.27,4508.595,4511.31,3675
2026-08-20T01:30:00+05:30,4511.265,4511.825,4508.935,4509.455,2889
2026-08-20T01:35:00+05:30,4509.435,4510.54,4507.91,4510.42,2630
2026-08-20T01:40:00+05:30,4510.44,4512.08,4505.165,4506.8,6914
2026-08-20T01:45:00+05:30,4506.805,4511.28,4506.405,4510.455,4875
2026-08-20T01:50:00+05:30,4510.445,4519.175,4510.005,4518.21,9170
2026-08-20T01:55:00+05:30,4518.31,4522.19,4517.395,4518.58,4794
2026-08-20T02:00:00+05:30,4518.5,4523.755,4518.065,4521.52,5690
2026-08-20T02:05:00+05:30,4521.555,4521.555,4518.795,4519.775,2760
2026-08-20T02:10:00+05:30,4519.73,4520.885,4519.0,4519.54,1885
2026-08-20T02:15:00+05:30,4519.62,4522.13,4519.58,4521.04,2550
2026-08-20T02:20:00+05:30,4520.96,4524.24,4520.775,4523.955,3465
2026-08-20T02:25:00+05:30,4523.92,4524.34,4522.33,4523.05,2010
2026-08-20T03:30:00+05:30,4521.405,4521.415,4521.28,4521.41,135
2026-08-20T03:35:00+05:30,4521.42,4523.72,4520.53,4520.99,3190
2026-08-20T03:40:00+05:30,4520.97,4521.805,4518.995,4519.995,2810
2026-08-20T03:45:00+05:30,4519.99,4520.89,4519.195,4520.015,1695
2026-08-20T03:50:00+05:30,4520.04,4521.4,4519.1,4521.365,2299
2026-08-20T03:55:00+05:30,4521.355,4521.615,4519.57,4520.86,2045
2026-08-20T04:00:00+05:30,4520.895,4522.045,4518.125,4519.085,3920
2026-08-20T04:05:00+05:30,4519.185,4520.005,4517.655,4518.09,2350
2026-08-20T04:10:00+05:30,4518.19,4519.585,4517.945,4518.54,1640
2026-08-20T04:15:00+05:30,4518.49,4521.3,4517.885,4519.655,3414
2026-08-20T04:20:00+05:30,4519.705,4521.895,4518.845,4519.705,3050
2026-08-20T04:25:00+05:30,4519.7,4520.1,4516.415,4518.915,3685
2026-08-20T04:30:00+05:30,4518.98,4523.86,4517.485,4521.365,6375
2026-08-20T04:35:00+05:30,4521.345,4523.72,4521.14,4521.92,2579
2026-08-20T04:40:00+05:30,4521.915,4521.96,4519.455,4519.465,2505
2026-08-20T04:45:00+05:30,4519.46,4520.12,4518.28,4520.035,1840
2026-08-20T04:50:00+05:30,4520.025,4520.155,4515.345,4519.1,4809
2026-08-20T04:55:00+05:30,4519.15,4519.245,4516.04,4517.685,3204
2026-08-20T05:00:00+05:30,4517.705,4518.2,4514.235,4514.245,3965
2026-08-20T05:05:00+05:30,4514.27,4516.245,4513.865,4514.16,2380
2026-08-20T05:10:00+05:30,4514.2,4515.36,4513.68,4514.46,1679
2026-08-20T05:15:00+05:30,4514.54,4517.555,4514.11,4514.83,3445
2026-08-20T05:20:00+05:30,4514.815,4515.27,4512.02,4513.005,3250
2026-08-20T05:25:00+05:30,4513.0,4513.34,4511.36,4511.74,1980
2026-08-20T05:30:00+05:30,4511.69,4518.84,4510.3,4514.765,8539
2026-08-20T05:35:00+05:30,4514.76,4518.245,4514.03,4514.99,4215
2026-08-20T05:40:00+05:30,4515.005,4516.42,4512.655,4516.26,3765
2026-08-20T05:45:00+05:30,4516.295,4521.44,4514.085,4517.845,7354
2026-08-20T05:50:00+05:30,4517.835,4518.075,4510.165,4511.935,7909
2026-08-20T05:55:00+05:30,4511.835,4512.63,4508.505,4510.445,4125
2026-08-20T06:00:00+05:30,4510.425,4513.395,4509.485,4511.465,3910
2026-08-20T06:05:00+05:30,4511.44,4511.725,4508.77,4509.435,2954
2026-08-20T06:10:00+05:30,4509.45,4509.585,4503.835,4505.93,5750
2026-08-20T06:15:00+05:30,4505.925,4508.12,4504.625,4507.56,3494
2026-08-20T06:20:00+05:30,4507.555,4510.245,4504.705,4506.16,5539
2026-08-20T06:25:00+05:30,4506.18,4510.4,4504.02,4504.68,6379
2026-08-20T06:30:00+05:30,4504.705,4510.22,4492.57,4493.195,17650
2026-08-20T06:35:00+05:30,4493.2,4499.78,4491.765,4498.585,8014
2026-08-20T06:40:00+05:30,4498.485,4498.54,4492.27,4493.26,6269
2026-08-20T06:45:00+05:30,4493.255,4499.515,4493.185,4498.845,6329
2026-08-20T06:50:00+05:30,4498.825,4503.555,4498.8,4502.31,4755
2026-08-20T06:55:00+05:30,4502.305,4503.265,4497.65,4500.475,5615
2026-08-20T07:00:00+05:30,4500.485,4501.33,4495.375,4498.46,5954
2026-08-20T07:05:00+05:30,4498.535,4499.77,4493.7,4495.64,6070
2026-08-20T07:10:00+05:30,4495.645,4499.435,4493.385,4493.875,6050
2026-08-20T07:15:00+05:30,4493.8,4495.575,4488.975,4489.75,6599
2026-08-20T07:20:00+05:30,4489.76,4490.62,4484.48,4485.09,6140
2026-08-20T07:25:00+05:30,4485.08,4490.9,4484.64,4489.88,6259
2026-08-20T07:30:00+05:30,4489.89,4498.83,4488.68,4497.775,10149
2026-08-20T07:35:00+05:30,4497.765,4499.16,4494.18,4495.87,4979
2026-08-20T07:40:00+05:30,4495.875,4499.76,4495.355,4497.87,4405
2026-08-20T07:45:00+05:30,4497.795,4497.91,4489.465,4491.435,8444
2026-08-20T07:50:00+05:30,4491.375,4494.49,4489.5,4494.03,4989
2026-08-20T07:55:00+05:30,4494.005,4495.125,4491.25,4493.075,3875
2026-08-20T08:00:00+05:30,4493.09,4494.66,4490.94,4491.88,3720
2026-08-20T08:05:00+05:30,4491.86,4493.92,4490.36,4492.71,3560
2026-08-20T08:10:00+05:30,4492.68,4493.99,4490.255,4490.655,3734
2026-08-20T08:15:00+05:30,4490.66,4492.11,4489.02,4489.03,3089
2026-08-20T08:20:00+05:30,4489.025,4494.96,4488.86,4493.625,6100
2026-08-20T08:25:00+05:30,4493.565,4493.79,4490.395,4490.825,3394
2026-08-20T08:30:00+05:30,4490.83,4496.38,4490.83,4496.015,5550
2026-08-20T08:35:00+05:30,4496.025,4497.0,4491.41,4492.1,5590
2026-08-20T08:40:00+05:30,4492.09,4492.84,4488.05,4492.775,4789
2026-08-20T08:45:00+05:30,4492.74,4493.905,4490.555,4493.17,3349
2026-08-20T08:50:00+05:30,4493.125,4496.225,4491.47,4495.285,4755
2026-08-20T08:55:00+05:30,4495.305,4496.65,4493.19,4493.57,3460
2026-08-20T09:00:00+05:30,4493.565,4498.5,4492.325,4498.14,6175
2026-08-20T09:05:00+05:30,4498.055,4498.15,4494.775,4497.51,3375
2026-08-20T09:10:00+05:30,4497.465,4498.75,4496.135,4498.005,2614
2026-08-20T09:15:00+05:30,4497.925,4498.52,4497.01,4498.5,1510
2026-08-20T09:20:00+05:30,4498.455,4500.345,4496.82,4500.035,3525
2026-08-20T09:25:00+05:30,4500.03,4501.255,4498.035,4498.925,3220
2026-08-20T09:30:00+05:30,4498.95,4499.345,4495.065,4495.96,4280
2026-08-20T09:35:00+05:30,4495.995,4497.925,4495.8,4496.99,2125
2026-08-20T09:40:00+05:30,4496.995,4497.645,4496.15,4496.635,1495
2026-08-20T09:45:00+05:30,4496.645,4497.175,4495.205,4496.765,1970
2026-08-20T09:50:00+05:30,4496.745,4497.375,4494.29,4495.45,3085
2026-08-20T09:55:00+05:30,4495.405,4495.41,4489.825,4489.965,5585
2026-08-20T10:00:00+05:30,4489.995,4490.965,4486.835,4488.335,4130
2026-08-20T10:05:00+05:30,4488.33,4488.775,4486.395,4487.325,2379
2026-08-20T10:10:00+05:30,4487.225,4488.915,4486.885,4487.37,2029
2026-08-20T10:15:00+05:30,4487.385,4490.695,4487.165,4490.49,3529
2026-08-20T10:20:00+05:30,4490.475,4491.585,4489.745,4489.975,1840
2026-08-20T10:25:00+05:30,4489.945,4491.63,4488.15,4488.63,3480
2026-08-20T10:30:00+05:30,4488.64,4491.915,4488.305,4491.82,3609
2026-08-20T10:35:00+05:30,4491.88,4494.135,4491.12,4491.175,3015
2026-08-20T10:40:00+05:30,4491.18,4491.885,4484.19,4485.645,7695
2026-08-20T10:45:00+05:30,4485.655,4487.08,4484.325,4484.6,2755
2026-08-20T10:50:00+05:30,4484.63,4487.13,4484.235,4486.49,2895
2026-08-20T10:55:00+05:30,4486.5,4486.52,4482.94,4483.395,3580
2026-08-20T11:00:00+05:30,4483.38,4486.195,4479.655,4480.55,6539
2026-08-20T11:05:00+05:30,4480.585,4481.69,4478.155,4480.65,3534
2026-08-20T11:10:00+05:30,4480.585,4482.445,4479.145,4480.8,3299
2026-08-20T11:15:00+05:30,4480.775,4481.59,4479.25,4481.29,2340
2026-08-20T11:20:00+05:30,4481.325,4481.845,4478.53,4478.745,3315
2026-08-20T11:25:00+05:30,4478.825,4483.38,4478.075,4481.425,5305
2026-08-20T11:30:00+05:30,4481.35,4488.935,4480.17,4488.74,8765
2026-08-20T11:35:00+05:30,4488.685,4491.61,4487.95,4490.32,3659
2026-08-20T11:40:00+05:30,4490.35,4493.53,4490.0,4492.97,3529
2026-08-20T11:45:00+05:30,4492.975,4496.065,4491.845,4493.695,4219
2026-08-20T11:50:00+05:30,4493.645,4494.47,4492.34,4493.315,2130
2026-08-20T11:55:00+05:30,4493.365,4495.655,4493.15,4494.17,2505
2026-08-20T12:00:00+05:30,4494.165,4495.255,4492.33,4495.135,2925
2026-08-20T12:05:00+05:30,4495.13,4495.475,4493.345,4493.79,2130
2026-08-20T12:10:00+05:30,4493.775,4494.46,4491.96,4492.575,2500
2026-08-20T12:15:00+05:30,4492.59,4495.41,4492.59,4493.295,2819
2026-08-20T12:20:00+05:30,4493.215,4493.45,4491.34,4492.125,2109
2026-08-20T12:25:00+05:30,4492.12,4494.415,4491.345,4493.935,3069
2026-08-20T12:30:00+05:30,4493.89,4494.01,4487.535,4488.75,6475
2026-08-20T12:35:00+05:30,4488.79,4490.895,4487.435,4489.295,3460
2026-08-20T12:40:00+05:30,4489.28,4490.435,4487.31,4488.0,3125
2026-08-20T12:45:00+05:30,4487.96,4490.585,4487.085,4487.27,3500
2026-08-20T12:50:00+05:30,4487.275,4488.21,4485.715,4485.81,2494
2026-08-20T12:55:00+05:30,4485.78,4486.415,4483.765,4484.17,2649
2026-08-20T13:00:00+05:30,4484.185,4490.005,4483.645,4489.98,6359
2026-08-20T13:05:00+05:30,4490.0,4491.415,4489.265,4490.325,2149
2026-08-20T13:10:00+05:30,4490.235,4493.645,4489.36,4491.385,4285
2026-08-20T13:15:00+05:30,4491.38,4494.145,4489.225,4489.35,4920
2026-08-20T13:20:00+05:30,4489.3,4491.165,4488.36,4491.085,2805
2026-08-20T13:25:00+05:30,4491.09,4492.59,4489.425,4491.105,3164
2026-08-20T13:30:00+05:30,4491.105,4495.2,4490.835,4492.555,4364
2026-08-20T13:35:00+05:30,4492.545,4494.555,4491.225,4494.13,3329
2026-08-20T13:40:00+05:30,4494.135,4495.415,4491.925,4494.495,3489
2026-08-20T13:45:00+05:30,4494.5,4498.78,4494.17,4496.265,4609
2026-08-20T13:50:00+05:30,4496.24,4498.275,4495.015,4495.705,3259
2026-08-20T13:55:00+05:30,4495.58,4496.395,4490.16,4491.56,6235
2026-08-20T14:00:00+05:30,4491.555,4493.38,4487.34,4493.35,6039
2026-08-20T14:05:00+05:30,4493.34,4495.475,4490.19,4491.75,5285
2026-08-20T14:10:00+05:30,4491.65,4493.11,4490.355,4490.67,2755
2026-08-20T14:15:00+05:30,4490.665,4491.805,4487.975,4488.025,3829
2026-08-20T14:20:00+05:30,4488.215,4492.13,4487.72,4491.95,4409
2026-08-20T14:25:00+05:30,4491.995,4492.245,4487.695,4489.35,4550
2026-08-20T14:30:00+05:30,4489.39,4491.295,4488.465,4490.8,2829
2026-08-20T14:35:00+05:30,4490.805,4493.34,4489.055,4491.725,4284
2026-08-20T14:40:00+05:30,4491.77,4494.295,4491.43,4492.425,2864
2026-08-20T14:45:00+05:30,4492.375,4493.995,4489.3,4489.42,4694
2026-08-20T14:50:00+05:30,4489.44,4493.085,4488.395,4489.98,4689
2026-08-20T14:55:00+05:30,4489.925,4490.95,4488.245,4490.05,2704
2026-08-20T15:00:00+05:30,4490.1,4490.715,4486.985,4487.75,3730
2026-08-20T15:05:00+05:30,4487.805,4488.64,4484.7,4486.315,3940
2026-08-20T15:10:00+05:30,4486.33,4490.485,4485.895,4489.335,4589
2026-08-20T15:15:00+05:30,4489.235,4489.235,4485.165,4485.61,4069
2026-08-20T15:20:00+05:30,4485.64,4486.4,4482.145,4484.085,4254
2026-08-20T15:25:00+05:30,4484.07,4484.855,4482.005,4482.735,2849
2026-08-20T15:30:00+05:30,4482.75,4486.215,4480.865,4485.575,5350
2026-08-20T15:35:00+05:30,4485.56,4489.945,4485.48,4489.71,4465
2026-08-20T15:40:00+05:30,4489.705,4491.46,4488.305,4490.635,3154
2026-08-20T15:45:00+05:30,4490.71,4491.815,4490.095,4490.655,1719
2026-08-20T15:50:00+05:30,4490.62,4490.905,4486.495,4489.05,4409
2026-08-20T15:55:00+05:30,4489.065,4494.375,4488.435,4494.025,5939
2026-08-20T16:00:00+05:30,4493.985,4495.145,4492.6,4493.195,2545
2026-08-20T16:05:00+05:30,4493.19,4494.735,4490.07,4490.535,4664
2026-08-20T16:10:00+05:30,4490.445,4491.29,4490.165,4491.27,1125
2026-08-20T16:15:00+05:30,4491.28,4491.37,4488.74,4490.26,2630
2026-08-20T16:20:00+05:30,4490.295,4490.855,4487.575,4488.055,3279
2026-08-20T16:25:00+05:30,4487.99,4490.545,4487.54,4490.18,3005
2026-08-20T16:30:00+05:30,4490.21,4491.34,4487.675,4488.385,3664
2026-08-20T16:35:00+05:30,4488.435,4488.49,4485.755,4487.285,2734
2026-08-20T16:40:00+05:30,4487.275,4487.635,4482.795,4485.23,4840
2026-08-20T16:45:00+05:30,4485.175,4485.81,4481.315,4482.505,4495
2026-08-20T16:50:00+05:30,4482.515,4487.71,4481.865,4487.71,5845
2026-08-20T16:55:00+05:30,4487.645,4489.9,4484.24,4484.315,5659
2026-08-20T17:00:00+05:30,4484.36,4486.07,4482.79,4485.1,3279
2026-08-20T17:05:00+05:30,4485.08,4486.985,4480.155,4481.845,6829
2026-08-20T17:10:00+05:30,4481.83,4482.825,4474.345,4474.965,8479
2026-08-20T17:15:00+05:30,4474.985,4475.785,4465.89,4471.275,9894
2026-08-20T17:20:00+05:30,4471.22,4473.125,4466.16,4467.18,6965
2026-08-20T17:25:00+05:30,4467.23,4471.435,4465.57,4467.175,5865
2026-08-20T17:30:00+05:30,4467.18,4467.43,4457.32,4458.32,10110
2026-08-20T17:35:00+05:30,4458.325,4459.45,4450.745,4457.15,8704
2026-08-20T17:40:00+05:30,4457.165,4466.415,4456.83,4462.64,9585
2026-08-20T17:45:00+05:30,4462.635,4467.485,4462.305,4467.09,5179
2026-08-20T17:50:00+05:30,4467.035,4467.945,4461.93,4464.005,6014
2026-08-20T17:55:00+05:30,4463.915,4464.015,4457.065,4459.86,6950
2026-08-20T18:00:00+05:30,4460.375,4461.145,4451.205,4453.485,9940
2026-08-20T18:05:00+05:30,4453.45,4463.435,4451.92,4463.355,11515
2026-08-20T18:10:00+05:30,4463.365,4467.32,4460.15,4466.825,7170
2026-08-20T18:15:00+05:30,4466.8,4471.685,4464.17,4471.555,7515
2026-08-20T18:20:00+05:30,4471.54,4475.445,4470.175,4472.07,5269
2026-08-20T18:25:00+05:30,4472.075,4477.1,4471.745,4474.855,5355
2026-08-20T18:30:00+05:30,4474.875,4484.62,4473.715,4478.56,10904
2026-08-20T18:35:00+05:30,4478.57,4480.355,4473.195,4473.77,7159
2026-08-20T18:40:00+05:30,4473.755,4475.935,4471.89,4472.83,4045
2026-08-20T18:45:00+05:30,4472.82,4476.755,4471.04,4474.845,5715
2026-08-20T18:50:00+05:30,4474.905,4476.725,4471.53,4474.24,5195
2026-08-20T18:55:00+05:30,4474.23,4474.49,4470.285,4471.87,4204
2026-08-20T19:00:00+05:30,4471.91,4477.425,4469.35,4475.94,8074
2026-08-20T19:05:00+05:30,4475.935,4486.635,4474.805,4483.85,11829
2026-08-20T19:10:00+05:30,4483.795,4488.02,4477.88,4486.59,10140
2026-08-20T19:15:00+05:30,4486.605,4489.335,4480.12,4482.185,9215
2026-08-20T19:20:00+05:30,4482.165,4486.595,4481.07,4485.955,5525
2026-08-20T19:25:00+05:30,4485.895,4486.83,4479.405,4481.715,7425
2026-08-20T19:30:00+05:30,4481.705,4490.715,4481.605,4483.34,9110
2026-08-20T19:35:00+05:30,4483.385,4486.81,4480.87,4485.465,5940
2026-08-20T19:40:00+05:30,4485.47,4489.155,4483.58,4485.12,5574
2026-08-20T19:45:00+05:30,4485.11,4489.605,4481.835,4482.11,7769
2026-08-20T19:50:00+05:30,4482.145,4494.055,4481.79,4490.865,12265
2026-08-20T19:55:00+05:30,4490.8,4493.18,4486.81,4491.8,6369
2026-08-20T20:00:00+05:30,4491.81,4497.08,4491.81,4494.345,5269
2026-08-20T20:05:00+05:30,4494.395,4500.795,4493.115,4496.075,7680
2026-08-20T20:10:00+05:30,4496.07,4501.2,4493.895,4499.245,7304
2026-08-20T20:15:00+05:30,4499.165,4508.86,4498.695,4508.12,10164
2026-08-20T20:20:00+05:30,4508.095,4510.58,4504.775,4509.98,5805
2026-08-20T20:25:00+05:30,4509.975,4516.315,4509.44,4516.06,6875
2026-08-20T20:30:00+05:30,4516.145,4536.68,4515.135,4535.795,21545
2026-08-20T20:35:00+05:30,4535.66,4536.575,4522.39,4524.67,14184
2026-08-20T20:40:00+05:30,4524.725,4537.405,4521.715,4535.135,15689
2026-08-20T20:45:00+05:30,4535.11,4541.045,4530.535,4539.88,10510
2026-08-20T20:50:00+05:30,4539.875,4540.97,4523.63,4527.255,17340
2026-08-20T20:55:00+05:30,4527.125,4534.275,4525.74,4532.5,8534
2026-08-20T21:00:00+05:30,4532.48,4533.89,4522.815,4524.02,11075
2026-08-20T21:05:00+05:30,4524.025,4526.765,4517.285,4518.69,9480
2026-08-20T21:10:00+05:30,4518.66,4519.765,4508.76,4511.645,11005
2026-08-20T21:15:00+05:30,4511.635,4521.565,4510.955,4520.35,10609
2026-08-20T21:20:00+05:30,4520.355,4521.635,4515.835,4519.15,5800
2026-08-20T21:25:00+05:30,4519.21,4524.29,4517.61,4521.735,6680
2026-08-20T21:30:00+05:30,4521.755,4524.885,4519.31,4519.575,5574
2026-08-20T21:35:00+05:30,4519.585,4522.11,4518.7,4520.075,3409
2026-08-20T21:40:00+05:30,4520.085,4520.43,4510.505,4511.34,9925
2026-08-20T21:45:00+05:30,4511.35,4513.275,4508.64,4512.19,4634
2026-08-20T21:50:00+05:30,4512.25,4513.055,4509.42,4511.895,3635
2026-08-20T21:55:00+05:30,4511.87,4511.97,4505.49,4509.42,6480
2026-08-20T22:00:00+05:30,4509.425,4509.98,4502.825,4509.37,7154
2026-08-20T22:05:00+05:30,4509.305,4512.805,4507.075,4507.335,5730
2026-08-20T22:10:00+05:30,4507.27,4510.34,4507.04,4509.395,3300
2026-08-20T22:15:00+05:30,4509.395,4512.61,4507.53,4512.065,5079
2026-08-20T22:20:00+05:30,4512.07,4513.75,4508.775,4509.585,4975
2026-08-20T22:25:00+05:30,4509.57,4511.245,4507.915,4510.07,3329
2026-08-20T22:30:00+05:30,4510.1,4514.125,4509.98,4511.625,4145
2026-08-20T22:35:00+05:30,4511.68,4511.88,4507.79,4510.055,4090
2026-08-20T22:40:00+05:30,4510.035,4510.685,4507.845,4509.465,2840
2026-08-20T22:45:00+05:30,4509.455,4511.405,4507.895,4508.81,3509
2026-08-20T22:50:00+05:30,4508.77,4514.365,4508.34,4511.12,6024
2026-08-20T22:55:00+05:30,4511.11,4516.71,4509.395,4513.05,7314
2026-08-20T23:00:00+05:30,4513.06,4518.545,4510.965,4518.305,7579
2026-08-20T23:05:00+05:30,4518.315,4518.77,4516.03,4516.77,2740
2026-08-20T23:10:00+05:30,4516.685,4518.41,4516.165,4518.29,2244
2026-08-20T23:15:00+05:30,4518.275,4520.315,4517.265,4519.16,3049
2026-08-20T23:20:00+05:30,4519.085,4520.125,4517.155,4518.685,2970
2026-08-20T23:25:00+05:30,4518.68,4520.485,4518.01,4520.025,2474
2026-08-20T23:30:00+05:30,4520.06,4522.435,4518.35,4521.875,4085
2026-08-20T23:35:00+05:30,4521.885,4522.615,4514.89,4516.62,7724
2026-08-20T23:40:00+05:30,4516.67,4516.68,4509.345,4510.85,7335
2026-08-20T23:45:00+05:30,4510.835,4516.42,4508.395,4515.975,8024
2026-08-20T23:50:00+05:30,4516.075,4518.225,4515.11,4516.58,3115
2026-08-20T23:55:00+05:30,4516.525,4520.295,4516.5,4519.075,3795
2026-08-21T00:00:00+05:30,4518.885,4521.47,4518.6,4519.615,2869
2026-08-21T00:05:00+05:30,4519.62,4523.5,4518.99,4521.23,4510
2026-08-21T00:10:00+05:30,4521.265,4522.05,4519.865,4520.195,2185
2026-08-21T00:15:00+05:30,4520.2,4521.525,4517.99,4521.43,3534
2026-08-21T00:20:00+05:30,4521.445,4525.365,4521.12,4524.645,4244
2026-08-21T00:25:00+05:30,4524.68,4524.965,4521.325,4522.08,3640
2026-08-21T00:30:00+05:30,4522.065,4522.615,4518.19,4521.63,4425
2026-08-21T00:35:00+05:30,4521.62,4526.435,4521.31,4526.305,5125
2026-08-21T00:40:00+05:30,4526.165,4528.13,4524.355,4527.66,3775
2026-08-21T00:45:00+05:30,4527.65,4529.445,4525.645,4525.965,3799
2026-08-21T00:50:00+05:30,4525.91,4528.165,4523.84,4527.145,4324
2026-08-21T00:55:00+05:30,4527.07,4527.86,4522.78,4522.885,5079
2026-08-21T01:00:00+05:30,4522.875,4524.62,4522.1,4524.11,2519
2026-08-21T01:05:00+05:30,4524.115,4529.73,4523.155,4529.085,6574
2026-08-21T01:10:00+05:30,4529.065,4529.1,4526.225,4526.225,2875
2026-08-21T01:15:00+05:30,4526.23,4530.405,4525.02,4528.87,5384
2026-08-21T01:20:00+05:30,4528.755,4532.235,4528.095,4531.03,4139
2026-08-21T01:25:00+05:30,4531.07,4531.595,4526.99,4528.745,4605
2026-08-21T01:30:00+05:30,4528.755,4529.205,4525.995,4527.095,3210
2026-08-21T01:35:00+05:30,4527.1,4527.82,4522.65,4522.97,5170
2026-08-21T01:40:00+05:30,4522.965,4525.055,4522.49,4522.64,2565
2026-08-21T01:45:00+05:30,4522.645,4522.895,4521.04,4521.975,1855
2026-08-21T01:50:00+05:30,4521.94,4522.35,4520.715,4521.435,1635
2026-08-21T01:55:00+05:30,4521.445,4522.03,4520.455,4520.97,1574
2026-08-21T02:00:00+05:30,4521.025,4521.16,4516.835,4518.065,4324
2026-08-21T02:05:00+05:30,4518.075,4518.69,4517.38,4517.945,1309
2026-08-21T02:10:00+05:30,4517.95,4518.905,4517.785,4518.27,1119
2026-08-21T02:15:00+05:30,4518.32,4519.125,4518.055,4518.64,1069
2026-08-21T02:20:00+05:30,4518.535,4521.37,4518.12,4519.77,3250
2026-08-21T02:25:00+05:30,4519.81,4520.235,4518.9,4518.955,1335
2026-08-21T03:30:00+05:30,4519.545,4519.88,4519.345,4519.48,534
2026-08-21T03:35:00+05:30,4519.485,4520.8,4518.23,4518.27,2570
2026-08-21T03:40:00+05:30,4518.325,4519.705,4517.04,4518.51,2664
2026-08-21T03:45:00+05:30,4518.505,4520.2,4518.505,4519.845,1694
2026-08-21T03:50:00+05:30,4519.79,4520.13,4517.98,4518.51,2150
2026-08-21T03:55:00+05:30,4518.49,4520.945,4518.47,4519.73,2474
2026-08-21T04:00:00+05:30,4519.74,4520.36,4518.38,4520.26,1979
2026-08-21T04:05:00+05:30,4519.945,4522.66,4519.77,4521.665,2889
2026-08-21T04:10:00+05:30,4521.675,4523.71,4521.325,4522.815,2385
2026-08-21T04:15:00+05:30,4522.78,4523.64,4519.665,4522.185,3975
2026-08-21T04:20:00+05:30,4522.18,4524.42,4521.81,4523.885,2609
2026-08-21T04:25:00+05:30,4523.83,4524.415,4523.5,4524.225,914
2026-08-21T04:30:00+05:30,4524.215,4530.015,4523.52,4529.25,6494
2026-08-21T04:35:00+05:30,4529.245,4530.34,4524.99,4527.435,5350
2026-08-21T04:40:00+05:30,4527.425,4533.05,4527.425,4531.88,5625
2026-08-21T04:45:00+05:30,4531.875,4532.22,4529.405,4531.6,2815
2026-08-21T04:50:00+05:30,4531.515,4531.59,4528.23,4528.93,3360
2026-08-21T04:55:00+05:30,4528.915,4530.48,4522.585,4527.14,7894
2026-08-21T05:00:00+05:30,4527.27,4528.79,4522.18,4523.82,6609
2026-08-21T05:05:00+05:30,4523.83,4524.4,4520.99,4523.625,3409
2026-08-21T05:10:00+05:30,4523.595,4524.975,4523.56,4524.605,1414
2026-08-21T05:15:00+05:30,4524.565,4527.595,4523.2,4527.385,4395
2026-08-21T05:20:00+05:30,4527.345,4528.25,4525.98,4527.695,2270
2026-08-21T05:25:00+05:30,4527.7,4527.725,4526.025,4526.405,1700
2026-08-21T05:30:00+05:30,4526.39,4527.555,4522.22,4522.845,5335
2026-08-21T05:35:00+05:30,4522.88,4523.065,4519.865,4520.165,3199
2026-08-21T05:40:00+05:30,4520.245,4523.09,4517.5,4518.69,5590
2026-08-21T05:45:00+05:30,4518.655,4519.8,4514.685,4517.685,5114
2026-08-21T05:50:00+05:30,4517.72,4519.185,4516.495,4517.675,2690
2026-08-21T05:55:00+05:30,4517.665,4520.72,4513.79,4514.785,6930
2026-08-21T06:00:00+05:30,4514.74,4517.125,4513.29,4514.52,3835
2026-08-21T06:05:00+05:30,4514.535,4516.025,4511.515,4512.8,4509
2026-08-21T06:10:00+05:30,4512.825,4514.485,4510.835,4513.835,3649
2026-08-21T06:15:00+05:30,4513.675,4514.14,4510.075,4511.725,4065
2026-08-21T06:20:00+05:30,4511.645,4512.84,4510.175,4511.09,2664
2026-08-21T06:25:00+05:30,4511.105,4511.855,4509.8,4510.765,2054
2026-08-21T06:30:00+05:30,4510.755,4517.46,4508.995,4513.2,8465
2026-08-21T06:35:00+05:30,4513.24,4516.415,4512.49,4513.825,3925
2026-08-21T06:40:00+05:30,4513.87,4521.245,4512.145,4520.885,9099
2026-08-21T06:45:00+05:30,4520.79,4526.94,4520.325,4524.335,6614
2026-08-21T06:50:00+05:30,4524.36,4530.16,4522.545,4526.53,7614
2026-08-21T06:55:00+05:30,4526.68,4530.76,4525.41,4529.33,5350
2026-08-21T07:00:00+05:30,4529.39,4539.225,4528.38,4537.55,10845
2026-08-21T07:05:00+05:30,4537.505,4544.01,4527.26,4528.885,16750
2026-08-21T07:10:00+05:30,4528.865,4529.095,4523.78,4526.195,5315
2026-08-21T07:15:00+05:30,4526.215,4533.695,4525.91,4531.645,7784
2026-08-21T07:20:00+05:30,4531.655,4532.535,4525.565,4526.275,6970
2026-08-21T07:25:00+05:30,4526.405,4531.03,4526.185,4530.785,4844
2026-08-21T07:30:00+05:30,4530.82,4531.4,4521.615,4522.86,9784
2026-08-21T07:35:00+05:30,4522.855,4525.53,4521.31,4523.285,4219
2026-08-21T07:40:00+05:30,4523.26,4523.765,4518.505,4521.205,5260
2026-08-21T07:45:00+05:30,4521.24,4522.67,4520.365,4522.64,2305
2026-08-21T07:50:00+05:30,4522.625,4527.57,4522.445,4527.465,5125
2026-08-21T07:55:00+05:30,4527.46,4529.59,4526.105,4527.305,3485
2026-08-21T08:00:00+05:30,4527.335,4530.9,4525.345,4526.59,5554
2026-08-21T08:05:00+05:30,4526.64,4531.99,4526.535,4531.52,5454
2026-08-21T08:10:00+05:30,4531.44,4538.295,4531.245,4538.29,7050
2026-08-21T08:15:00+05:30,4538.29,4539.715,4535.36,4539.205,4355
2026-08-21T08:20:00+05:30,4539.135,4542.96,4534.95,4540.93,8010
2026-08-21T08:25:00+05:30,4540.86,4541.23,4532.47,4533.9,8759
2026-08-21T08:30:00+05:30,4533.845,4538.81,4532.99,4533.39,5820
2026-08-21T08:35:00+05:30,4533.44,4535.915,4531.9,4534.445,4015
2026-08-21T08:40:00+05:30,4534.49,4536.535,4532.445,4532.695,4090
2026-08-21T08:45:00+05:30,4532.735,4534.83,4532.19,4532.885,2640
2026-08-21T08:50:00+05:30,4532.89,4534.865,4532.51,4533.655,2354
2026-08-21T08:55:00+05:30,4533.695,4534.835,4529.65,4529.74,5185
2026-08-21T09:00:00+05:30,4529.775,4535.98,4529.36,4535.77,6619
2026-08-21T09:05:00+05:30,4535.775,4535.885,4529.425,4529.44,6460
2026-08-21T09:10:00+05:30,4529.45,4529.675,4526.795,4529.315,2880
2026-08-21T09:15:00+05:30,4529.305,4534.04,4528.39,4531.76,5649
2026-08-21T09:20:00+05:30,4531.81,4533.65,4531.65,4533.195,2000
2026-08-21T09:25:00+05:30,4533.19,4535.83,4532.4,4535.57,3430
2026-08-21T09:30:00+05:30,4535.61,4539.63,4535.515,4538.695,4114
2026-08-21T09:35:00+05:30,4538.67,4539.69,4536.175,4538.305,3514
2026-08-21T09:40:00+05:30,4538.425,4541.9,4537.19,4540.14,4710
2026-08-21T09:45:00+05:30,4540.145,4541.535,4537.64,4541.535,3894
2026-08-21T09:50:00+05:30,4541.525,4545.965,4541.19,4543.225,4775
2026-08-21T09:55:00+05:30,4543.225,4547.475,4542.755,4546.91,4720
2026-08-21T10:00:00+05:30,4546.89,4548.215,4543.41,4544.18,4805
2026-08-21T10:05:00+05:30,4544.16,4544.895,4540.865,4541.945,4030
2026-08-21T10:10:00+05:30,4541.94,4543.26,4540.76,4541.83,2500
2026-08-21T10:15:00+05:30,4541.78,4542.21,4540.205,4541.045,2005
2026-08-21T10:20:00+05:30,4541.005,4542.515,4540.92,4541.5,1595
2026-08-21T10:25:00+05:30,4541.515,4542.35,4540.375,4540.7,1975
2026-08-21T10:30:00+05:30,4540.75,4540.845,4536.81,4537.895,4034
2026-08-21T10:35:00+05:30,4537.925,4539.885,4535.485,4536.965,4400
2026-08-21T10:40:00+05:30,4536.975,4537.96,4534.885,4537.395,3074
2026-08-21T10:45:00+05:30,4537.39,4538.865,4530.945,4533.78,7920
2026-08-21T10:50:00+05:30,4533.81,4534.7,4532.765,4534.06,1934
2026-08-21T10:55:00+05:30,4534.09,4534.62,4530.66,4530.66,3960
2026-08-21T11:00:00+05:30,4530.435,4538.43,4529.115,4538.235,9315
2026-08-21T11:05:00+05:30,4538.285,4540.86,4535.455,4536.445,5404
2026-08-21T11:10:00+05:30,4536.415,4543.735,4535.975,4543.385,7759
2026-08-21T11:15:00+05:30,4543.365,4546.715,4541.795,4546.35,4920
2026-08-21T11:20:00+05:30,4546.295,4549.3,4543.405,4548.055,5895
2026-08-21T11:25:00+05:30,4548.21,4556.46,4547.895,4553.735,8564
2026-08-21T11:30:00+05:30,4553.82,4555.325,4547.685,4549.66,7639
2026-08-21T11:35:00+05:30,4549.65,4551.77,4546.995,4548.44,4775
2026-08-21T11:40:00+05:30,4548.445,4550.245,4545.6,4549.065,4644
2026-08-21T11:45:00+05:30,4548.97,4556.725,4548.97,4555.87,7755
2026-08-21T11:50:00+05:30,4555.88,4556.775,4550.17,4550.62,6604
2026-08-21T11:55:00+05:30,4550.555,4558.33,4550.22,4555.455,8109
2026-08-21T12:00:00+05:30,4555.425,4563.56,4554.57,4561.43,8990
2026-08-21T12:05:00+05:30,4561.435,4565.88,4561.355,4565.13,4525
2026-08-21T12:10:00+05:30,4565.145,4565.2,4560.62,4562.595,4579
2026-08-21T12:15:00+05:30,4562.615,4567.785,4562.615,4567.555,5170
2026-08-21T12:20:00+05:30,4567.545,4567.625,4564.225,4564.705,3399
2026-08-21T12:25:00+05:30,4564.7,4567.63,4560.915,4560.955,6715
2026-08-21T12:30:00+05:30,4560.95,4566.135,4559.53,4566.04,6605
2026-08-21T12:35:00+05:30,4566.035,4566.085,4559.01,4559.01,7074
2026-08-21T12:40:00+05:30,4558.785,4561.815,4558.565,4561.625,3250
2026-08-21T12:45:00+05:30,4561.66,4566.92,4559.935,4566.405,6984
2026-08-21T12:50:00+05:30,4566.4,4567.965,4563.075,4563.715,4890
2026-08-21T12:55:00+05:30,4563.68,4564.62,4560.94,4561.875,3680
2026-08-21T13:00:00+05:30,4561.62,4564.85,4560.53,4562.325,4320
2026-08-21T13:05:00+05:30,4562.32,4565.03,4560.18,4564.305,4849
2026-08-21T13:10:00+05:30,4564.31,4566.355,4562.69,4564.405,3664
2026-08-21T13:15:00+05:30,4564.44,4568.13,4562.825,4566.14,5305
2026-08-21T13:20:00+05:30,4566.19,4567.285,4560.93,4561.94,6354
2026-08-21T13:25:00+05:30,4561.92,4565.06,4561.305,4564.42,3755
2026-08-21T13:30:00+05:30,4564.535,4566.76,4561.32,4561.32,5440
2026-08-21T13:35:00+05:30,4561.305,4562.87,4559.155,4561.79,3715
2026-08-21T13:40:00+05:30,4561.775,4568.055,4561.66,4565.635,6395
2026-08-21T13:45:00+05:30,4565.615,4573.615,4564.015,4572.745,9599
2026-08-21T13:50:00+05:30,4572.705,4579.365,4571.78,4577.83,7585
2026-08-21T13:55:00+05:30,4577.805,4581.895,4577.59,4579.39,4305
2026-08-21T14:00:00+05:30,4579.45,4581.59,4577.785,4580.805,3805
2026-08-21T14:05:00+05:30,4580.82,4582.88,4576.61,4579.665,6270
2026-08-21T14:10:00+05:30,4579.69,4584.39,4579.175,4582.645,5215
2026-08-21T14:15:00+05:30,4582.635,4583.68,4580.745,4581.165,2935
2026-08-21T14:20:00+05:30,4581.215,4583.475,4580.59,4581.73,2885
2026-08-21T14:25:00+05:30,4581.735,4585.13,4580.51,4584.255,4619
2026-08-21T14:30:00+05:30,4584.285,4586.165,4582.315,4586.165,3850
2026-08-21T14:35:00+05:30,4586.12,4596.6,4584.855,4595.71,11745
2026-08-21T14:40:00+05:30,4595.77,4600.795,4595.575,4599.275,5220
2026-08-21T14:45:00+05:30,4599.395,4602.27,4593.07,4593.2,9200
2026-08-21T14:50:00+05:30,4593.105,4593.24,4585.06,4587.025,8179
2026-08-21T14:55:00+05:30,4587.13,4587.915,4581.365,4582.29,6550
2026-08-21T15:00:00+05:30,4582.435,4584.575,4581.71,4582.965,2864
2026-08-21T15:05:00+05:30,4582.93,4586.06,4580.925,4585.58,5135
2026-08-21T15:10:00+05:30,4585.525,4586.86,4581.735,4583.29,5125
2026-08-21T15:15:00+05:30,4583.25,4583.79,4580.98,4581.61,2810
2026-08-21T15:20:00+05:30,4581.615,4584.245,4580.545,4584.24,3699
2026-08-21T15:25:00+05:30,4584.245,4585.55,4581.315,4582.725,4235
2026-08-21T15:30:00+05:30,4582.62,4589.1,4581.82,4585.33,7280
2026-08-21T15:35:00+05:30,4585.325,4585.385,4581.59,4583.45,3795
2026-08-21T15:40:00+05:30,4583.47,4584.41,4577.93,4578.795,6479
2026-08-21T15:45:00+05:30,4578.83,4587.295,4578.445,4584.495,8850
2026-08-21T15:50:00+05:30,4584.56,4586.885,4583.26,4586.215,3625
2026-08-21T15:55:00+05:30,4586.165,4589.405,4585.68,4588.615,3724
2026-08-21T16:00:00+05:30,4588.66,4590.965,4585.73,4590.54,5235
2026-08-21T16:05:00+05:30,4590.45,4593.565,4589.465,4593.555,4099
2026-08-21T16:10:00+05:30,4593.56,4594.22,4591.31,4593.3,2909
2026-08-21T16:15:00+05:30,4593.34,4593.795,4590.27,4590.805,3524
2026-08-21T16:20:00+05:30,4590.775,4592.8,4588.495,4590.42,4305
2026-08-21T16:25:00+05:30,4590.43,4591.04,4587.895,4588.57,3144
2026-08-21T16:30:00+05:30,4588.64,4595.245,4587.255,4593.995,7989
2026-08-21T16:35:00+05:30,4594.0,4595.545,4590.995,4592.345,4550
2026-08-21T16:40:00+05:30,4592.435,4593.33,4588.38,4590.65,4949
2026-08-21T16:45:00+05:30,4590.7,4597.88,4590.65,4596.28,7230
2026-08-21T16:50:00+05:30,4596.285,4600.93,4596.0,4598.19,4930
2026-08-21T16:55:00+05:30,4598.21,4600.165,4595.815,4598.63,4350
2026-08-21T17:00:00+05:30,4598.625,4599.085,4593.485,4595.09,5600
2026-08-21T17:05:00+05:30,4595.12,4604.61,4595.12,4597.37,9489
2026-08-21T17:10:00+05:30,4597.34,4598.005,4593.5,4597.205,4505
2026-08-21T17:15:00+05:30,4597.23,4600.71,4596.775,4599.86,3935
2026-08-21T17:20:00+05:30,4599.9,4600.44,4595.74,4597.785,4699
2026-08-21T17:25:00+05:30,4598.015,4598.725,4596.025,4597.045,2700
2026-08-21T17:30:00+05:30,4597.125,4601.655,4593.875,4595.69,7779
2026-08-21T17:35:00+05:30,4595.72,4600.24,4592.175,4593.765,8064
2026-08-21T17:40:00+05:30,4593.745,4593.985,4589.285,4592.96,4699
2026-08-21T17:45:00+05:30,4592.95,4596.01,4586.145,4587.925,9864
2026-08-21T17:50:00+05:30,4587.945,4589.215,4582.115,4585.7,7100
2026-08-21T17:55:00+05:30,4585.75,4586.85,4583.95,4584.875,2900
2026-08-21T18:00:00+05:30,4584.88,4584.88,4576.855,4577.95,8025
2026-08-21T18:05:00+05:30,4577.9,4578.33,4564.46,4564.63,13869
2026-08-21T18:10:00+05:30,4564.695,4575.905,4563.57,4573.62,12335
2026-08-21T18:15:00+05:30,4573.655,4579.65,4573.22,4579.57,6429
2026-08-21T18:20:00+05:30,4579.58,4581.02,4577.17,4580.08,3850
2026-08-21T18:25:00+05:30,4580.095,4581.135,4575.02,4578.08,6114
2026-08-21T18:30:00+05:30,4578.025,4584.67,4575.885,4581.275,8784
2026-08-21T18:35:00+05:30,4581.28,4584.045,4579.36,4581.03,4685
2026-08-21T18:40:00+05:30,4581.09,4587.105,4580.355,4585.325,6750
2026-08-21T18:45:00+05:30,4585.305,4587.815,4579.73,4580.865,8085
2026-08-21T18:50:00+05:30,4580.88,4586.925,4579.27,4583.275,7654
2026-08-21T18:55:00+05:30,4583.19,4585.405,4581.58,4584.12,3824
2026-08-21T19:00:00+05:30,4584.07,4586.96,4573.675,4573.99,13284
2026-08-21T19:05:00+05:30,4573.985,4591.03,4573.4,4587.39,17630
2026-08-21T19:10:00+05:30,4587.225,4590.685,4584.845,4587.915,5840
2026-08-21T19:15:00+05:30,4587.815,4593.135,4583.67,4590.0,9465
2026-08-21T19:20:00+05:30,4589.97,4591.33,4576.93,4581.36,14399
2026-08-21T19:25:00+05:30,4581.395,4585.755,4580.2,4581.095,5555
2026-08-21T19:30:00+05:30,4581.02,4588.95,4579.845,4588.58,9104
2026-08-21T19:35:00+05:30,4588.655,4590.79,4583.2,4587.535,7590
2026-08-21T19:40:00+05:30,4587.53,4590.115,4585.42,4589.86,4694
2026-08-21T19:45:00+05:30,4589.915,4591.285,4586.575,4590.415,4710
2026-08-21T19:50:00+05:30,4590.345,4598.435,4590.045,4597.89,8390
2026-08-21T19:55:00+05:30,4597.84,4603.17,4597.84,4603.085,5329
2026-08-21T20:00:00+05:30,4603.1,4603.625,4589.855,4589.91,13770
2026-08-21T20:05:00+05:30,4589.91,4592.75,4581.48,4582.27,11270
2026-08-21T20:10:00+05:30,4582.29,4589.765,4580.595,4582.675,9170
2026-08-21T20:15:00+05:30,4582.665,4591.91,4580.745,4591.505,11164
2026-08-21T20:20:00+05:30,4591.49,4595.45,4588.43,4589.52,7019
2026-08-21T20:25:00+05:30,4589.515,4592.46,4584.265,4591.57,8194
2026-08-21T20:30:00+05:30,4591.575,4594.37,4587.28,4593.315,7090
2026-08-21T20:35:00+05:30,4593.32,4598.235,4591.99,4593.945,6244
2026-08-21T20:40:00+05:30,4593.97,4597.82,4593.815,4595.17,4005
2026-08-21T20:45:00+05:30,4595.175,4599.23,4595.11,4597.74,4119
2026-08-21T20:50:00+05:30,4597.735,4602.845,4595.31,4602.435,7534
2026-08-21T20:55:00+05:30,4602.525,4607.64,4600.07,4602.955,7570
2026-08-21T21:00:00+05:30,4603.015,4606.145,4599.625,4606.09,6520
2026-08-21T21:05:00+05:30,4606.085,4608.385,4605.13,4606.83,3255
2026-08-21T21:10:00+05:30,4606.815,4610.665,4605.685,4609.66,4979
2026-08-21T21:15:00+05:30,4609.755,4611.105,4607.21,4607.825,3894
2026-08-21T21:20:00+05:30,4607.835,4615.145,4607.29,4613.83,7855
2026-08-21T21:25:00+05:30,4613.8,4615.45,4610.93,4614.625,4519
2026-08-21T21:30:00+05:30,4614.645,4617.83,4613.05,4617.135,4779
2026-08-21T21:35:00+05:30,4617.15,4617.34,4609.11,4610.27,8230
2026-08-21T21:40:00+05:30,4610.32,4615.82,4610.32,4614.565,5500
2026-08-21T21:45:00+05:30,4614.58,4616.095,4613.87,4614.1,2225
2026-08-21T21:50:00+05:30,4614.065,4620.895,4611.42,4613.045,9475
2026-08-21T21:55:00+05:30,4613.065,4614.68,4610.715,4614.03,3965
2026-08-21T22:00:00+05:30,4614.04,4616.28,4612.32,4615.64,3960
2026-08-21T22:05:00+05:30,4615.635,4621.18,4614.57,4619.25,6610
2026-08-21T22:10:00+05:30,4619.265,4622.025,4617.285,4621.455,4739
2026-08-21T22:15:00+05:30,4621.47,4624.915,4621.08,4624.03,3835
2026-08-21T22:20:00+05:30,4624.06,4627.525,4623.84,4627.525,3684
2026-08-21T22:25:00+05:30,4627.52,4629.165,4625.915,4628.88,3250
2026-08-21T22:30:00+05:30,4628.92,4630.97,4626.885,4627.575,4085
2026-08-21T22:35:00+05:30,4627.58,4632.145,4626.125,4630.73,6020
2026-08-21T22:40:00+05:30,4630.675,4631.645,4621.815,4623.295,9830
2026-08-21T22:45:00+05:30,4623.275,4626.035,4622.19,4623.305,3845
2026-08-21T22:50:00+05:30,4623.275,4624.605,4615.32,4618.305,9284
2026-08-21T22:55:00+05:30,4618.32,4624.585,4615.485,4622.1,9100
2026-08-21T23:00:00+05:30,4622.105,4622.405,4619.71,4620.815,2694
2026-08-21T23:05:00+05:30,4620.825,4624.825,4620.715,4622.925,4109
2026-08-21T23:10:00+05:30,4622.905,4624.795,4618.745,4619.465,6050
2026-08-21T23:15:00+05:30,4619.475,4620.045,4616.965,4618.8,3079
2026-08-21T23:20:00+05:30,4618.77,4622.66,4618.195,4619.76,4465
2026-08-21T23:25:00+05:30,4619.775,4621.625,4619.505,4620.67,2119
2026-08-21T23:30:00+05:30,4620.68,4626.42,4620.4,4626.355,6020
2026-08-21T23:35:00+05:30,4626.34,4627.845,4624.365,4626.015,3480
2026-08-21T23:40:00+05:30,4625.92,4626.36,4623.245,4624.185,3114
2026-08-21T23:45:00+05:30,4624.165,4627.035,4624.16,4626.705,2875
2026-08-21T23:50:00+05:30,4626.7,4627.645,4625.58,4626.53,2065
2026-08-21T23:55:00+05:30,4626.545,4627.775,4624.53,4625.16,3244
2026-08-22T00:00:00+05:30,4625.235,4625.235,4619.755,4622.185,5479
2026-08-22T00:05:00+05:30,4622.245,4623.135,4619.555,4619.785,3579
2026-08-22T00:10:00+05:30,4619.795,4621.6,4619.77,4621.03,1829
2026-08-22T00:15:00+05:30,4621.02,4626.23,4620.945,4624.735,5284
2026-08-22T00:20:00+05:30,4624.74,4625.16,4623.03,4624.99,2130
2026-08-22T00:25:00+05:30,4624.94,4624.94,4623.315,4624.515,1625
2026-08-22T00:30:00+05:30,4624.555,4625.66,4621.43,4622.105,4229
2026-08-22T00:35:00+05:30,4622.095,4622.275,4618.545,4621.435,3729
2026-08-22T00:40:00+05:30,4621.355,4623.495,4620.54,4622.85,2954
2026-08-22T00:45:00+05:30,4622.85,4622.85,4620.26,4622.63,2590
2026-08-22T00:50:00+05:30,4622.605,4623.475,4621.97,4622.41,1505
2026-08-22T00:55:00+05:30,4622.395,4623.08,4617.94,4618.13,5140
2026-08-22T01:00:00+05:30,4618.19,4619.87,4616.925,4617.265,2944
2026-08-22T01:05:00+05:30,4617.335,4618.52,4615.755,4618.035,2765
2026-08-22T01:10:00+05:30,4618.04,4619.73,4617.98,4618.24,1750
2026-08-22T01:15:00+05:30,4618.305,4623.27,4617.54,4622.835,5730
2026-08-22T01:20:00+05:30,4622.71,4623.79,4621.215,4622.915,2574
2026-08-22T01:25:00+05:30,4622.835,4622.87,4615.645,4617.03,7224
2026-08-22T01:30:00+05:30,4617.06,4617.46,4615.115,4617.41,2345
2026-08-22T01:35:00+05:30,4617.395,4617.815,4615.725,4616.575,2089
2026-08-22T01:40:00+05:30,4616.625,4617.675,4615.855,4616.945,1820
2026-08-22T01:45:00+05:30,4616.995,4617.785,4611.57,4612.895,6215
2026-08-22T01:50:00+05:30,4612.905,4613.78,4610.42,4611.02,3359
2026-08-22T01:55:00+05:30,4611.04,4611.85,4610.305,4610.95,1545
2026-08-22T02:00:00+05:30,4611.005,4612.04,4610.0,4610.62,2039
2026-08-22T02:05:00+05:30,4610.685,4611.9,4607.61,4608.425,4289
2026-08-22T02:10:00+05:30,4608.39,4609.825,4607.8,4608.17,2024
2026-08-22T02:15:00+05:30,4608.14,4608.925,4603.495,4606.44,5430
2026-08-22T02:20:00+05:30,4606.365,4607.29,4603.53,4604.66,3760
2026-08-22T02:25:00+05:30,4604.71,4604.965,4602.67,4602.99,2295
