datetime,open,high,low,close,volume
2026-02-12T13:30:00+05:30,5064.075,5073.6,5052.43,5068.625,21170
2026-02-12T14:30:00+05:30,5068.605,5080.91,5066.25,5073.265,14659
2026-02-12T15:30:00+05:30,5073.27,5077.09,5056.29,5062.48,20800
2026-02-12T16:30:00+05:30,5062.49,5068.48,5059.53,5064.19,8949
2026-02-12T17:30:00+05:30,5064.25,5068.665,5048.935,5052.85,19729
2026-02-12T18:30:00+05:30,5052.835,5083.855,5051.485,5075.455,32369
2026-02-12T19:30:00+05:30,5075.475,5077.905,5039.7,5044.625,38204
2026-02-12T20:30:00+05:30,5044.63,5074.87,5039.815,5060.57,35055
2026-02-12T21:30:00+05:30,5060.585,5068.36,4878.5,4954.74,189859
2026-02-12T22:30:00+05:30,4955.03,4983.245,4939.89,4941.145,43354
2026-02-12T23:30:00+05:30,4941.14,4952.285,4906.765,4935.625,45519
2026-02-13T00:30:00+05:30,4935.64,4958.155,4927.775,4945.665,30380
2026-02-13T01:30:00+05:30,4945.715,4948.68,4911.215,4915.12,37465
2026-02-13T02:30:00+05:30,4915.19,4927.34,4911.825,4922.08,15515
2026-02-13T04:30:00+05:30,4888.315,4928.76,4888.315,4920.465,40445
2026-02-13T05:30:00+05:30,4920.47,4949.0,4913.86,4928.175,35140
2026-02-13T06:30:00+05:30,4928.22,4988.825,4927.4,4980.865,61425
2026-02-13T07:30:00+05:30,4980.78,4991.805,4972.315,4988.64,19490
2026-02-13T08:30:00+05:30,4988.59,4989.435,4973.97,4981.51,15465
2026-02-13T09:30:00+05:30,4981.505,4997.555,4972.99,4976.995,24565
2026-02-13T10:30:00+05:30,4976.99,4986.555,4944.93,4946.555,41625
2026-02-13T11:30:00+05:30,4946.565,4968.875,4946.135,4967.64,22739
2026-02-13T12:30:00+05:30,4967.615,4982.9,4951.285,4975.045,31614
2026-02-13T13:30:00+05:30,4975.16,4989.695,4970.91,4982.795,18784
2026-02-13T14:30:00+05:30,4982.81,4982.975,4961.49,4970.34,21485
2026-02-13T15:30:00+05:30,4970.355,4980.89,4947.17,4950.1,33720
2026-02-13T16:30:00+05:30,4950.07,4955.51,4933.635,4953.64,21875
2026-02-13T17:30:00+05:30,4953.645,4974.23,4952.235,4969.605,21994
2026-02-13T18:30:00+05:30,4969.66,4999.685,4957.71,4987.26,41975
2026-02-13T19:30:00+05:30,4987.275,5011.07,4964.22,4996.12,46849
2026-02-13T20:30:00+05:30,4996.245,5020.68,4974.035,4976.885,46645
2026-02-13T21:30:00+05:30,4976.87,5033.735,4975.52,5007.995,58214
2026-02-13T22:30:00+05:30,5008.03,5029.235,5006.1,5021.045,23134
2026-02-13T23:30:00+05:30,5021.085,5035.55,5015.485,5031.185,20065
2026-02-14T00:30:00+05:30,5031.24,5046.185,5023.545,5023.94,22640
2026-02-14T01:30:00+05:30,5023.865,5034.85,5021.705,5032.59,13145
2026-02-14T02:30:00+05:30,5032.545,5046.48,5029.8,5042.74,16679
2026-02-16T04:30:00+05:30,5017.145,5032.565,5009.64,5020.215,22924
2026-02-16T05:30:00+05:30,5020.21,5023.075,5000.13,5015.62,22944
2026-02-16T06:30:00+05:30,5015.63,5031.29,5006.995,5028.955,24295
2026-02-16T07:30:00+05:30,5028.965,5031.28,4992.19,4994.54,39090
2026-02-16T08:30:00+05:30,4994.525,5000.08,4973.455,4987.555,26625
2026-02-16T09:30:00+05:30,4987.635,4992.38,4973.36,4977.9,19020
2026-02-16T10:30:00+05:30,4977.92,4991.04,4964.865,4990.77,26175
2026-02-16T11:30:00+05:30,4990.775,5003.22,4984.58,4994.92,18640
2026-02-16T12:30:00+05:30,4994.91,5010.115,4988.965,5007.4,21149
2026-02-16T13:30:00+05:30,5007.42,5013.33,4995.86,5008.11,17470
2026-02-16T14:30:00+05:30,5008.1,5017.445,5007.995,5013.66,9449
2026-02-16T15:30:00+05:30,5013.67,5017.225,5000.27,5006.09,16954
2026-02-16T16:30:00+05:30,5006.15,5008.23,4999.03,5004.75,9199
2026-02-16T17:30:00+05:30,5004.755,5008.19,4992.725,5002.03,15464
2026-02-16T18:30:00+05:30,5002.065,5003.905,4989.64,4997.365,14264
2026-02-16T19:30:00+05:30,4997.37,4999.66,4981.765,4988.41,17894
2026-02-16T20:30:00+05:30,4988.395,4988.51,4969.11,4979.7,19400
2026-02-16T21:30:00+05:30,4979.71,4990.45,4973.235,4988.37,17215
2026-02-16T22:30:00+05:30,4988.375,4996.195,4988.22,4991.765,7974
2026-02-16T23:30:00+05:30,4991.865,4997.975,4988.645,4994.59,9329
2026-02-17T00:30:00+05:30,4994.61,4996.525,4990.425,4992.005,6099
2026-02-17T04:30:00+05:30,4997.26,5001.24,4985.185,4989.925,16054
2026-02-17T05:30:00+05:30,4989.855,4991.515,4932.235,4936.04,59280
2026-02-17T06:30:00+05:30,4936.1,4964.1,4922.895,4957.605,41204
2026-02-17T07:30:00+05:30,4957.485,4971.55,4954.875,4967.125,16675
2026-02-17T08:30:00+05:30,4967.13,4970.215,4949.76,4956.87,20454
2026-02-17T09:30:00+05:30,4956.86,4960.455,4946.71,4953.03,13744
2026-02-17T10:30:00+05:30,4952.995,4954.49,4859.2,4888.94,95289
2026-02-17T11:30:00+05:30,4889.0,4914.295,4886.6,4910.355,27694
2026-02-17T12:30:00+05:30,4910.38,4922.365,4903.87,4917.1,18494
2026-02-17T13:30:00+05:30,4917.085,4930.425,4916.26,4920.78,14164
2026-02-17T14:30:00+05:30,4920.75,4932.67,4913.365,4926.09,19305
2026-02-17T15:30:00+05:30,4926.03,4939.4,4907.885,4913.385,31514
2026-02-17T16:30:00+05:30,4913.665,4931.24,4913.34,4929.4,17899
2026-02-17T17:30:00+05:30,4929.54,4944.7,4928.44,4932.255,16260
2026-02-17T18:30:00+05:30,4932.28,4933.545,4869.965,4870.96,63579
2026-02-17T19:30:00+05:30,4870.92,4907.235,4842.6,4863.325,64634
2026-02-17T20:30:00+05:30,4863.205,4882.64,4849.17,4878.6,33470
2026-02-17T21:30:00+05:30,4878.605,4894.005,4868.655,4869.33,25350
2026-02-17T22:30:00+05:30,4869.38,4871.49,4850.09,4865.095,21399
2026-02-17T23:30:00+05:30,4865.1,4910.9,4862.395,4899.165,48504
2026-02-18T00:30:00+05:30,4899.19,4901.295,4876.45,4880.515,24845
2026-02-18T01:30:00+05:30,4880.52,4884.355,4873.59,4877.79,10764
2026-02-18T02:30:00+05:30,4877.86,4886.965,4875.145,4877.855,11819
2026-02-18T04:30:00+05:30,4871.135,4884.845,4854.24,4859.44,30605
2026-02-18T05:30:00+05:30,4859.42,4883.4,4858.37,4875.01,25029
2026-02-18T06:30:00+05:30,4874.815,4893.55,4874.65,4889.98,18900
2026-02-18T07:30:00+05:30,4890.02,4907.515,4886.475,4905.35,21039
2026-02-18T08:30:00+05:30,4905.355,4922.345,4904.25,4920.855,18095
2026-02-18T09:30:00+05:30,4920.86,4940.89,4918.415,4934.235,22475
2026-02-18T10:30:00+05:30,4934.265,4939.8,4929.97,4933.49,9829
2026-02-18T11:30:00+05:30,4933.655,4936.21,4925.21,4930.91,11000
2026-02-18T12:30:00+05:30,4930.835,4942.49,4929.19,4930.38,13300
2026-02-18T13:30:00+05:30,4930.345,4932.32,4916.815,4917.25,15505
2026-02-18T14:30:00+05:30,4917.28,4923.28,4913.075,4917.425,10204
2026-02-18T15:30:00+05:30,4917.465,4924.755,4909.345,4914.65,15409
2026-02-18T16:30:00+05:30,4914.665,4917.79,4906.425,4913.075,11364
2026-02-18T17:30:00+05:30,4913.065,4947.105,4912.12,4943.36,34984
2026-02-18T18:30:00+05:30,4943.345,4969.1,4943.2,4954.78,25900
2026-02-18T19:30:00+05:30,4954.79,4994.51,4952.34,4991.795,42170
2026-02-18T20:30:00+05:30,4991.71,5009.035,4991.49,4997.95,17545
2026-02-18T21:30:00+05:30,4997.99,5010.915,4991.445,5000.555,19470
2026-02-18T22:30:00+05:30,5000.625,5001.97,4993.5,4999.195,8470
2026-02-18T23:30:00+05:30,4999.185,5003.27,4980.55,4987.445,22720
2026-02-19T00:30:00+05:30,4987.45,4995.56,4972.87,4980.715,22690
2026-02-19T01:30:00+05:30,4980.585,4987.555,4975.615,4984.96,11940
2026-02-19T02:30:00+05:30,4984.93,4986.375,4975.56,4977.26,10814
2026-02-19T04:30:00+05:30,4973.795,4988.86,4966.715,4976.15,22144
2026-02-19T05:30:00+05:30,4976.02,4976.42,4960.645,4961.42,15774
2026-02-19T06:30:00+05:30,4961.4,4975.63,4960.785,4973.14,14845
2026-02-19T07:30:00+05:30,4973.08,4977.465,4965.825,4968.345,11640
2026-02-19T08:30:00+05:30,4968.365,4983.48,4966.475,4981.675,17004
2026-02-19T09:30:00+05:30,4981.58,4985.69,4977.09,4984.45,8599
2026-02-19T10:30:00+05:30,4984.42,4998.94,4984.42,4997.28,14519
2026-02-19T11:30:00+05:30,4997.275,5020.29,4996.765,5018.41,23524
2026-02-19T12:30:00+05:30,5018.405,5021.805,5008.815,5010.305,12990
2026-02-19T13:30:00+05:30,5010.33,5022.17,5006.31,5017.085,15859
2026-02-19T14:30:00+05:30,5017.23,5020.565,4993.215,4995.67,27349
2026-02-19T15:30:00+05:30,4995.62,4996.25,4981.45,4993.405,14800
2026-02-19T16:30:00+05:30,4993.41,4996.48,4977.98,4984.715,18500
2026-02-19T17:30:00+05:30,4984.725,4992.905,4980.765,4984.97,12139
2026-02-19T18:30:00+05:30,4985.02,4998.81,4971.125,4997.17,27685
2026-02-19T19:30:00+05:30,4997.12,5010.44,4963.445,5005.795,46994
2026-02-19T20:30:00+05:30,5005.89,5022.385,4996.095,5013.83,26289
2026-02-19T21:30:00+05:30,5013.865,5014.445,4990.22,4995.15,24224
2026-02-19T22:30:00+05:30,4995.23,5001.905,4982.84,4985.165,19064
2026-02-19T23:30:00+05:30,4985.2,4989.7,4975.41,4981.87,14289
2026-02-20T00:30:00+05:30,4981.875,4990.495,4978.325,4987.88,12170
2026-02-20T01:30:00+05:30,4987.935,5003.545,4987.915,5001.84,15630
2026-02-20T02:30:00+05:30,5001.84,5004.225,4992.065,4996.49,12160
2026-02-20T04:30:00+05:30,5000.805,5008.24,4985.56,4987.795,22679
2026-02-20T05:30:00+05:30,4987.955,5007.185,4985.435,5006.645,21750
2026-02-20T06:30:00+05:30,5006.635,5014.865,4995.475,4997.145,19389
2026-02-20T07:30:00+05:30,4997.135,5007.68,4992.9,4996.29,14780
2026-02-20T08:30:00+05:30,4996.35,4999.265,4981.67,4988.69,17595
2026-02-20T09:30:00+05:30,4988.7,5003.815,4986.96,4999.885,16854
2026-02-20T10:30:00+05:30,4999.925,5012.185,4997.915,5012.185,14270
2026-02-20T11:30:00+05:30,5012.09,5030.145,5011.89,5020.79,18255
2026-02-20T12:30:00+05:30,5020.745,5028.36,5006.145,5006.58,22214
2026-02-20T13:30:00+05:30,5006.605,5031.215,5004.97,5028.995,26244
2026-02-20T14:30:00+05:30,5029.2,5042.74,5027.625,5027.635,15114
2026-02-20T15:30:00+05:30,5027.67,5038.66,5019.52,5034.62,19139
2026-02-20T16:30:00+05:30,5034.615,5034.9,5015.585,5017.435,19314
2026-02-20T17:30:00+05:30,5017.405,5026.675,5007.285,5025.185,19390
2026-02-20T18:30:00+05:30,5025.19,5048.885,5018.145,5043.48,30739
2026-02-20T19:30:00+05:30,5043.5,5060.655,5037.31,5054.495,23344
2026-02-20T20:30:00+05:30,5054.65,5064.33,4990.585,5042.805,73744
2026-02-20T21:30:00+05:30,5042.515,5069.475,5038.835,5066.765,30640
2026-02-20T22:30:00+05:30,5066.745,5076.465,5054.555,5073.12,21909
2026-02-20T23:30:00+05:30,5073.06,5075.16,5053.79,5071.52,21369
2026-02-21T00:30:00+05:30,5071.525,5079.81,5068.785,5079.265,11025
2026-02-21T01:30:00+05:30,5079.26,5098.215,5077.01,5097.02,21204
2026-02-21T02:30:00+05:30,5097.0,5108.72,5091.8,5108.255,16920
2026-02-23T04:30:00+05:30,5118.71,5172.315,5117.815,5165.785,54500
2026-02-23T05:30:00+05:30,5165.79,5166.89,5129.61,5144.65,37280
2026-02-23T06:30:00+05:30,5144.84,5167.935,5139.885,5157.345,28050
2026-02-23T07:30:00+05:30,5157.375,5176.95,5156.765,5173.72,20184
2026-02-23T08:30:00+05:30,5173.69,5176.05,5151.775,5166.85,24275
2026-02-23T09:30:00+05:30,5166.84,5168.855,5155.44,5160.955,13414
2026-02-23T10:30:00+05:30,5160.9,5161.86,5152.165,5158.36,9694
2026-02-23T11:30:00+05:30,5158.35,5161.755,5145.13,5145.88,16625
2026-02-23T12:30:00+05:30,5145.93,5154.375,5125.19,5136.835,29185
2026-02-23T13:30:00+05:30,5136.785,5142.225,5122.22,5140.37,20005
2026-02-23T14:30:00+05:30,5140.31,5150.165,5139.16,5149.5,11005
2026-02-23T15:30:00+05:30,5149.59,5163.655,5145.16,5162.925,18494
2026-02-23T16:30:00+05:30,5162.985,5163.5,5146.36,5149.85,17140
2026-02-23T17:30:00+05:30,5149.78,5165.555,5145.535,5164.215,20020
2026-02-23T18:30:00+05:30,5164.2,5165.565,5143.85,5146.375,21714
2026-02-23T19:30:00+05:30,5146.325,5200.665,5141.615,5192.825,59050
2026-02-23T20:30:00+05:30,5192.69,5205.17,5180.72,5195.97,24449
2026-02-23T21:30:00+05:30,5195.905,5219.215,5175.805,5210.16,43409
2026-02-23T22:30:00+05:30,5210.545,5213.575,5191.275,5208.06,22300
2026-02-23T23:30:00+05:30,5208.09,5215.925,5201.015,5209.48,14909
2026-02-24T00:30:00+05:30,5209.525,5218.44,5206.65,5215.635,11789
2026-02-24T01:30:00+05:30,5215.69,5237.95,5214.875,5236.5,23074
2026-02-24T02:30:00+05:30,5236.5,5237.415,5226.43,5226.87,10984
2026-02-24T04:30:00+05:30,5244.98,5250.005,5233.83,5235.81,16175
2026-02-24T05:30:00+05:30,5235.87,5238.18,5217.52,5224.185,20659
2026-02-24T06:30:00+05:30,5224.19,5224.4,5145.135,5177.375,79264
2026-02-24T07:30:00+05:30,5177.38,5190.965,5165.46,5189.99,25505
2026-02-24T08:30:00+05:30,5189.905,5191.95,5171.02,5172.09,20929
2026-02-24T09:30:00+05:30,5172.025,5175.36,5161.12,5168.3,14239
2026-02-24T10:30:00+05:30,5168.21,5185.88,5164.15,5182.475,21730
2026-02-24T11:30:00+05:30,5182.47,5185.24,5155.905,5173.635,29335
2026-02-24T12:30:00+05:30,5173.64,5184.15,5164.25,5179.4,19899
2026-02-24T13:30:00+05:30,5179.18,5181.955,5165.21,5173.64,16744
2026-02-24T14:30:00+05:30,5173.5,5180.55,5166.565,5171.595,13985
2026-02-24T15:30:00+05:30,5171.55,5181.49,5163.355,5172.92,18135
2026-02-24T16:30:00+05:30,5172.97,5178.67,5171.02,5172.805,7649
2026-02-24T17:30:00+05:30,5172.795,5173.58,5145.01,5150.77,28569
2026-02-24T18:30:00+05:30,5151.105,5161.485,5111.0,5115.145,50484
2026-02-24T19:30:00+05:30,5115.14,5139.38,5093.225,5127.885,46154
2026-02-24T20:30:00+05:30,5127.9,5155.375,5117.875,5150.385,37500
2026-02-24T21:30:00+05:30,5150.39,5152.33,5130.68,5141.975,21649
2026-02-24T22:30:00+05:30,5141.95,5163.86,5141.685,5163.78,22174
2026-02-24T23:30:00+05:30,5163.715,5170.37,5153.575,5160.125,16795
2026-02-25T00:30:00+05:30,5160.12,5160.55,5146.39,5153.995,14159
2026-02-25T01:30:00+05:30,5154.0,5173.31,5146.65,5164.095,26660
2026-02-25T02:30:00+05:30,5164.02,5165.51,5139.88,5143.925,25630
2026-02-25T04:30:00+05:30,5135.495,5152.46,5128.285,5146.75,24175
2026-02-25T05:30:00+05:30,5146.76,5156.445,5136.85,5152.375,19594
2026-02-25T06:30:00+05:30,5152.37,5189.895,5144.185,5176.685,45710
2026-02-25T07:30:00+05:30,5176.66,5193.835,5166.495,5180.72,27340
2026-02-25T08:30:00+05:30,5181.045,5190.495,5178.125,5182.0,12369
2026-02-25T09:30:00+05:30,5181.95,5185.07,5171.815,5182.84,13255
2026-02-25T10:30:00+05:30,5182.845,5210.68,5182.69,5201.705,27990
2026-02-25T11:30:00+05:30,5201.72,5201.73,5182.455,5194.66,19274
2026-02-25T12:30:00+05:30,5194.64,5195.155,5180.325,5184.6,14829
2026-02-25T13:30:00+05:30,5184.625,5197.265,5184.185,5185.515,13079
2026-02-25T14:30:00+05:30,5185.465,5194.595,5176.635,5193.295,17960
2026-02-25T15:30:00+05:30,5193.3,5195.285,5169.84,5175.275,25444
2026-02-25T16:30:00+05:30,5175.27,5182.685,5155.095,5181.695,27590
2026-02-25T17:30:00+05:30,5181.645,5187.495,5177.33,5182.825,10164
2026-02-25T18:30:00+05:30,5182.805,5191.415,5181.1,5185.205,10314
2026-02-25T19:30:00+05:30,5185.175,5193.315,5158.645,5191.175,34669
2026-02-25T20:30:00+05:30,5191.095,5202.795,5172.2,5194.875,30595
2026-02-25T21:30:00+05:30,5194.805,5214.02,5189.87,5212.245,24150
2026-02-25T22:30:00+05:30,5212.325,5217.78,5203.7,5206.945,14079
2026-02-25T23:30:00+05:30,5206.96,5207.645,5200.55,5202.31,7095
2026-02-26T00:30:00+05:30,5202.4,5208.445,5191.695,5205.07,16750
2026-02-26T01:30:00+05:30,5205.085,5206.305,5144.905,5152.55,61400
2026-02-26T02:30:00+05:30,5152.51,5173.67,5150.58,5163.58,23090
2026-02-26T04:30:00+05:30,5173.57,5182.18,5161.46,5163.27,20720
2026-02-26T05:30:00+05:30,5163.275,5192.205,5155.13,5188.45,37074
2026-02-26T06:30:00+05:30,5188.455,5198.455,5178.53,5191.5,19925
2026-02-26T07:30:00+05:30,5191.495,5195.82,5174.07,5184.425,21750
2026-02-26T08:30:00+05:30,5184.42,5193.835,5182.88,5192.735,10954
2026-02-26T09:30:00+05:30,5192.725,5199.49,5190.415,5192.77,9074
2026-02-26T10:30:00+05:30,5192.81,5205.64,5189.935,5198.365,15704
2026-02-26T11:30:00+05:30,5198.395,5199.82,5190.41,5193.32,9409
2026-02-26T12:30:00+05:30,5193.365,5194.935,5179.725,5186.105,15210
2026-02-26T13:30:00+05:30,5186.025,5191.12,5167.7,5179.585,23420
2026-02-26T14:30:00+05:30,5179.28,5189.65,5174.05,5186.49,15599
2026-02-26T15:30:00+05:30,5186.485,5190.335,5165.75,5171.535,24585
2026-02-26T16:30:00+05:30,5171.505,5178.495,5161.05,5164.88,17444
2026-02-26T17:30:00+05:30,5164.91,5188.095,5157.87,5183.86,30225
2026-02-26T18:30:00+05:30,5183.855,5185.73,5164.375,5165.995,21354
2026-02-26T19:30:00+05:30,5165.985,5176.33,5140.14,5164.98,36189
2026-02-26T20:30:00+05:30,5164.535,5192.955,5130.235,5185.775,62720
2026-02-26T21:30:00+05:30,5185.82,5187.335,5172.96,5179.565,14375
2026-02-26T22:30:00+05:30,5179.61,5190.46,5162.025,5167.345,28435
2026-02-26T23:30:00+05:30,5167.49,5186.135,5160.53,5180.56,25605
2026-02-27T00:30:00+05:30,5180.555,5194.08,5179.675,5187.0,14404
2026-02-27T01:30:00+05:30,5187.01,5201.005,5186.74,5196.62,14265
2026-02-27T02:30:00+05:30,5196.62,5200.755,5182.945,5185.17,17810
2026-02-27T04:30:00+05:30,5182.035,5189.5,5179.005,5184.76,10494
2026-02-27T05:30:00+05:30,5184.74,5195.03,5170.115,5175.1,24914
2026-02-27T06:30:00+05:30,5175.12,5194.79,5166.995,5194.41,27795
2026-02-27T07:30:00+05:30,5194.47,5199.845,5173.59,5183.77,26255
2026-02-27T08:30:00+05:30,5183.7,5190.9,5181.175,5183.975,9724
2026-02-27T09:30:00+05:30,5183.98,5188.785,5181.015,5181.795,7769
2026-02-27T10:30:00+05:30,5181.805,5200.64,5181.58,5197.815,19060
2026-02-27T11:30:00+05:30,5197.83,5199.47,5185.065,5185.77,14405
2026-02-27T12:30:00+05:30,5185.725,5189.845,5175.795,5176.035,14050
2026-02-27T13:30:00+05:30,5176.2,5182.435,5174.38,5178.86,8055
2026-02-27T14:30:00+05:30,5178.855,5182.815,5172.225,5176.11,10589
2026-02-27T15:30:00+05:30,5176.145,5180.985,5168.685,5177.725,12299
2026-02-27T16:30:00+05:30,5177.69,5185.715,5172.66,5185.715,13055
2026-02-27T17:30:00+05:30,5185.73,5190.69,5183.12,5187.695,7569
2026-02-27T18:30:00+05:30,5187.705,5240.825,5186.895,5223.22,53929
2026-02-27T19:30:00+05:30,5223.17,5236.665,5213.935,5223.76,22729
2026-02-27T20:30:00+05:30,5223.595,5246.83,5214.97,5239.475,31859
2026-02-27T21:30:00+05:30,5239.48,5257.75,5221.89,5229.325,35859
2026-02-27T22:30:00+05:30,5229.32,5237.01,5220.76,5234.74,16250
2026-02-27T23:30:00+05:30,5234.75,5246.98,5222.665,5245.34,24314
2026-02-28T00:30:00+05:30,5245.35,5252.43,5240.205,5250.095,12225
2026-02-28T01:30:00+05:30,5250.135,5265.6,5248.735,5263.47,16865
2026-02-28T02:30:00+05:30,5263.455,5281.155,5257.32,5278.51,23835
2026-03-02T04:30:00+05:30,5368.53,5394.005,5329.785,5387.085,64220
2026-03-02T05:30:00+05:30,5387.08,5388.3,5341.28,5347.58,47020
2026-03-02T06:30:00+05:30,5347.57,5347.71,5303.39,5325.44,44319
2026-03-02T07:30:00+05:30,5325.34,5352.04,5317.325,5346.67,34715
2026-03-02T08:30:00+05:30,5346.72,5366.93,5344.415,5366.46,22515
2026-03-02T09:30:00+05:30,5366.625,5367.325,5345.16,5356.12,22164
2026-03-02T10:30:00+05:30,5356.2,5366.395,5340.82,5366.04,25575
2026-03-02T11:30:00+05:30,5366.045,5390.21,5363.835,5387.7,26375
2026-03-02T12:30:00+05:30,5387.69,5419.66,5385.035,5408.175,34625
2026-03-02T13:30:00+05:30,5408.155,5416.945,5391.39,5394.145,25554
2026-03-02T14:30:00+05:30,5394.11,5403.27,5386.09,5392.11,17180
2026-03-02T15:30:00+05:30,5392.115,5401.045,5379.055,5389.435,21989
2026-03-02T16:30:00+05:30,5389.445,5400.215,5374.37,5385.41,25845
2026-03-02T17:30:00+05:30,5385.43,5398.92,5378.96,5397.15,19960
2026-03-02T18:30:00+05:30,5397.195,5417.045,5381.965,5394.08,35079
2026-03-02T19:30:00+05:30,5394.1,5395.375,5306.51,5334.355,88864
2026-03-02T20:30:00+05:30,5334.125,5349.165,5308.27,5315.605,40894
2026-03-02T21:30:00+05:30,5315.545,5315.55,5260.285,5290.205,55265
2026-03-02T22:30:00+05:30,5290.235,5320.92,5287.11,5306.995,33810
2026-03-02T23:30:00+05:30,5306.99,5316.665,5289.87,5315.515,26795
2026-03-03T00:30:00+05:30,5315.54,5334.185,5313.875,5330.65,20310
2026-03-03T01:30:00+05:30,5330.685,5346.585,5328.44,5332.69,18145
2026-03-03T02:30:00+05:30,5332.63,5340.565,5321.705,5321.935,18859
2026-03-03T04:30:00+05:30,5344.96,5347.215,5329.3,5345.89,17914
2026-03-03T05:30:00+05:30,5345.95,5362.29,5336.98,5350.32,25310
2026-03-03T06:30:00+05:30,5350.345,5379.975,5338.02,5339.67,41954
2026-03-03T07:30:00+05:30,5339.69,5368.065,5332.94,5367.015,35125
2026-03-03T08:30:00+05:30,5367.025,5373.535,5358.94,5367.525,14595
2026-03-03T09:30:00+05:30,5367.535,5375.865,5359.515,5361.21,16349
2026-03-03T10:30:00+05:30,5361.145,5367.28,5305.1,5319.32,62179
2026-03-03T11:30:00+05:30,5319.36,5323.42,5279.005,5310.69,44414
2026-03-03T12:30:00+05:30,5310.705,5331.32,5306.095,5327.745,25224
2026-03-03T13:30:00+05:30,5327.735,5336.12,5290.085,5295.9,46034
2026-03-03T14:30:00+05:30,5295.835,5304.155,5225.57,5275.345,78585
2026-03-03T15:30:00+05:30,5275.28,5288.07,5237.96,5248.5,50109
2026-03-03T16:30:00+05:30,5248.49,5264.17,5073.135,5144.925,191034
2026-03-03T17:30:00+05:30,5144.95,5227.08,5138.915,5224.46,88164
2026-03-03T18:30:00+05:30,5224.575,5224.625,5127.6,5156.895,97024
2026-03-03T19:30:00+05:30,5156.885,5175.7,5016.125,5039.065,159574
2026-03-03T20:30:00+05:30,5039.085,5097.12,4996.275,5095.76,100845
2026-03-03T21:30:00+05:30,5095.755,5134.82,5090.715,5107.435,44104
2026-03-03T22:30:00+05:30,5107.45,5109.915,5065.5,5079.63,44414
2026-03-03T23:30:00+05:30,5079.545,5138.44,5079.375,5136.11,59064
2026-03-04T00:30:00+05:30,5136.13,5149.055,5099.43,5113.395,49625
2026-03-04T01:30:00+05:30,5113.385,5130.67,5086.21,5097.52,44460
2026-03-04T02:30:00+05:30,5097.525,5110.66,5083.45,5088.835,27210
2026-03-04T04:30:00+05:30,5106.335,5130.105,5105.37,5125.44,24734
2026-03-04T05:30:00+05:30,5125.43,5140.605,5105.72,5139.095,34884
2026-03-04T06:30:00+05:30,5139.075,5178.82,5139.055,5175.155,39764
2026-03-04T07:30:00+05:30,5175.075,5191.065,5154.07,5156.48,36994
2026-03-04T08:30:00+05:30,5156.49,5177.835,5141.14,5174.465,36694
2026-03-04T09:30:00+05:30,5174.455,5181.01,5151.77,5156.93,29239
2026-03-04T10:30:00+05:30,5157.265,5168.47,5152.095,5160.09,16375
2026-03-04T11:30:00+05:30,5160.095,5161.015,5117.72,5160.625,43295
2026-03-04T12:30:00+05:30,5160.6,5176.065,5158.55,5168.37,17514
2026-03-04T13:30:00+05:30,5168.345,5182.335,5147.64,5167.775,34694
2026-03-04T14:30:00+05:30,5167.73,5185.4,5159.33,5182.51,26069
2026-03-04T15:30:00+05:30,5182.53,5202.425,5179.725,5190.135,22699
2026-03-04T16:30:00+05:30,5190.17,5200.79,5187.645,5192.205,13144
2026-03-04T17:30:00+05:30,5192.21,5206.265,5156.51,5171.335,49755
2026-03-04T18:30:00+05:30,5171.315,5196.52,5167.53,5167.965,28990
2026-03-04T19:30:00+05:30,5167.99,5185.33,5138.98,5147.475,46350
2026-03-04T20:30:00+05:30,5146.005,5167.045,5131.34,5151.595,35704
2026-03-04T21:30:00+05:30,5151.49,5162.675,5138.28,5149.67,24395
2026-03-04T22:30:00+05:30,5149.675,5152.99,5120.285,5141.285,32704
2026-03-04T23:30:00+05:30,5141.23,5143.695,5108.64,5134.06,35054
2026-03-05T00:30:00+05:30,5134.055,5139.695,5123.385,5138.015,16309
2026-03-05T01:30:00+05:30,5137.975,5146.945,5123.785,5134.81,23159
2026-03-05T02:30:00+05:30,5134.835,5144.155,5129.595,5140.945,14559
2026-03-05T04:30:00+05:30,5152.485,5166.33,5144.86,5165.365,21470
2026-03-05T05:30:00+05:30,5165.375,5180.1,5159.35,5172.695,20750
2026-03-05T06:30:00+05:30,5172.69,5186.575,5167.665,5172.85,18909
2026-03-05T07:30:00+05:30,5172.8,5192.62,5171.895,5192.21,20724
2026-03-05T08:30:00+05:30,5192.155,5195.22,5178.35,5180.35,16869
2026-03-05T09:30:00+05:30,5180.325,5186.81,5166.315,5171.61,20495
2026-03-05T10:30:00+05:30,5171.615,5176.925,5148.41,5148.755,28515
2026-03-05T11:30:00+05:30,5148.755,5168.95,5120.785,5167.79,48164
2026-03-05T12:30:00+05:30,5167.74,5172.94,5158.8,5162.195,14139
2026-03-05T13:30:00+05:30,5162.11,5170.25,5137.54,5165.625,32710
2026-03-05T14:30:00+05:30,5165.63,5180.48,5152.48,5161.26,28000
2026-03-05T15:30:00+05:30,5161.255,5167.845,5146.24,5164.635,21605
2026-03-05T16:30:00+05:30,5164.685,5168.02,5156.955,5164.035,11065
2026-03-05T17:30:00+05:30,5164.05,5171.54,5160.755,5162.635,10784
2026-03-05T18:30:00+05:30,5162.615,5164.11,5081.23,5118.085,82880
2026-03-05T19:30:00+05:30,5118.09,5130.005,5090.54,5102.305,39465
2026-03-05T20:30:00+05:30,5102.3,5119.965,5060.625,5102.63,59340
2026-03-05T21:30:00+05:30,5102.635,5104.76,5054.22,5077.735,50539
2026-03-05T22:30:00+05:30,5077.74,5089.5,5055.065,5062.87,34435
2026-03-05T23:30:00+05:30,5062.75,5085.525,5050.905,5069.41,34619
2026-03-06T00:30:00+05:30,5069.395,5081.325,5055.775,5066.14,25550
2026-03-06T01:30:00+05:30,5066.145,5094.925,5061.805,5076.855,33119
2026-03-06T02:30:00+05:30,5076.9,5085.19,5072.29,5081.38,12899
2026-03-06T04:30:00+05:30,5090.81,5102.525,5082.155,5086.155,20369
2026-03-06T05:30:00+05:30,5086.075,5092.545,5074.22,5084.95,18324
2026-03-06T06:30:00+05:30,5084.895,5144.05,5066.4,5134.575,77650
2026-03-06T07:30:00+05:30,5134.44,5138.58,5122.075,5126.37,16505
2026-03-06T08:30:00+05:30,5126.345,5141.64,5124.44,5131.21,17200
2026-03-06T09:30:00+05:30,5131.2,5136.485,5126.25,5127.65,10234
2026-03-06T10:30:00+05:30,5127.53,5130.38,5114.23,5117.63,16150
2026-03-06T11:30:00+05:30,5117.595,5123.115,5109.25,5115.78,13864
2026-03-06T12:30:00+05:30,5115.84,5120.82,5105.72,5119.695,15099
2026-03-06T13:30:00+05:30,5119.7,5123.16,5096.54,5108.8,26619
2026-03-06T14:30:00+05:30,5108.805,5109.75,5083.33,5085.715,26420
2026-03-06T15:30:00+05:30,5085.77,5093.35,5075.66,5091.13,17690
2026-03-06T16:30:00+05:30,5091.165,5099.735,5063.215,5077.28,36519
2026-03-06T17:30:00+05:30,5077.34,5096.725,5076.43,5083.295,20295
2026-03-06T18:30:00+05:30,5083.29,5131.245,5065.5,5085.12,65744
2026-03-06T19:30:00+05:30,5085.17,5132.44,5080.905,5130.2,51534
2026-03-06T20:30:00+05:30,5130.18,5171.89,5127.96,5141.835,43930
2026-03-06T21:30:00+05:30,5141.84,5153.3,5125.865,5140.125,27435
2026-03-06T22:30:00+05:30,5140.225,5152.585,5129.02,5141.01,23564
2026-03-06T23:30:00+05:30,5141.015,5167.875,5138.88,5161.08,28994
2026-03-07T00:30:00+05:30,5161.07,5174.67,5156.79,5159.73,17880
2026-03-07T01:30:00+05:30,5159.9,5162.63,5149.34,5153.345,13289
2026-03-07T02:30:00+05:30,5153.34,5176.63,5150.99,5171.5,25640
2026-03-09T03:30:00+05:30,5171.95,5171.95,5104.345,5130.31,67604
2026-03-09T04:30:00+05:30,5130.31,5136.2,5044.14,5076.01,92059
2026-03-09T05:30:00+05:30,5076.02,5081.36,5028.54,5050.03,52819
2026-03-09T06:30:00+05:30,5049.625,5087.895,5015.045,5070.165,72850
2026-03-09T07:30:00+05:30,5070.235,5099.21,5055.21,5094.655,44000
2026-03-09T08:30:00+05:30,5095.515,5102.255,5081.87,5091.275,20385
2026-03-09T09:30:00+05:30,5091.295,5097.225,5085.36,5090.36,11865
2026-03-09T10:30:00+05:30,5090.35,5140.79,5081.185,5124.2,59604
2026-03-09T11:30:00+05:30,5124.185,5134.075,5097.22,5097.975,36854
2026-03-09T12:30:00+05:30,5097.97,5108.03,5088.265,5099.085,19764
2026-03-09T13:30:00+05:30,5099.145,5111.055,5087.07,5096.725,23985
2026-03-09T14:30:00+05:30,5096.71,5132.765,5095.085,5105.39,37680
2026-03-09T15:30:00+05:30,5105.4,5111.32,5083.845,5087.335,27474
2026-03-09T16:30:00+05:30,5087.3,5097.52,5079.93,5088.305,17590
2026-03-09T17:30:00+05:30,5088.29,5112.505,5088.29,5095.07,24215
2026-03-09T18:30:00+05:30,5095.075,5111.52,5067.42,5074.39,44100
2026-03-09T19:30:00+05:30,5074.44,5116.28,5060.595,5094.125,55684
2026-03-09T20:30:00+05:30,5094.01,5103.54,5079.585,5099.79,23954
2026-03-09T21:30:00+05:30,5099.885,5110.715,5094.76,5104.74,15954
2026-03-09T22:30:00+05:30,5104.76,5106.99,5089.135,5096.12,17854
2026-03-09T23:30:00+05:30,5096.07,5126.645,5092.51,5123.46,34135
2026-03-10T00:30:00+05:30,5123.535,5144.325,5118.375,5141.21,25949
2026-03-10T01:30:00+05:30,5141.265,5148.205,5134.4,5137.91,13805
2026-03-10T03:30:00+05:30,5128.805,5153.285,5117.355,5153.22,35930
2026-03-10T04:30:00+05:30,5153.265,5156.21,5135.64,5139.805,20569
2026-03-10T05:30:00+05:30,5139.61,5141.435,5124.89,5131.225,16545
2026-03-10T06:30:00+05:30,5131.155,5186.455,5124.835,5184.24,61619
2026-03-10T07:30:00+05:30,5184.245,5187.055,5164.0,5166.065,23055
2026-03-10T08:30:00+05:30,5166.055,5173.48,5155.56,5157.615,17919
2026-03-10T09:30:00+05:30,5157.555,5166.645,5154.47,5163.845,12175
2026-03-10T10:30:00+05:30,5163.84,5179.35,5163.815,5177.87,15535
2026-03-10T11:30:00+05:30,5178.08,5181.1,5171.84,5175.34,9260
2026-03-10T12:30:00+05:30,5175.325,5181.755,5158.395,5181.205,23359
2026-03-10T13:30:00+05:30,5181.155,5195.405,5175.005,5183.48,20399
2026-03-10T14:30:00+05:30,5183.58,5189.505,5180.58,5182.755,8925
2026-03-10T15:30:00+05:30,5182.76,5183.91,5156.5,5177.18,27409
2026-03-10T16:30:00+05:30,5177.225,5192.045,5171.82,5175.26,20225
2026-03-10T17:30:00+05:30,5175.42,5189.6,5162.485,5187.085,27115
2026-03-10T18:30:00+05:30,5187.01,5228.925,5186.005,5205.34,42920
2026-03-10T19:30:00+05:30,5205.455,5214.55,5185.3,5206.845,29250
2026-03-10T20:30:00+05:30,5206.76,5238.775,5203.285,5228.69,35489
2026-03-10T21:30:00+05:30,5228.88,5235.65,5222.75,5227.58,12899
2026-03-10T22:30:00+05:30,5227.585,5235.55,5223.7,5227.575,11850
2026-03-10T23:30:00+05:30,5227.57,5228.065,5160.65,5192.05,67414
2026-03-11T00:30:00+05:30,5192.08,5207.865,5179.905,5198.885,27960
2026-03-11T01:30:00+05:30,5198.88,5199.165,5191.875,5192.51,7289
2026-03-11T03:30:00+05:30,5191.79,5197.985,5183.47,5189.525,14514
2026-03-11T04:30:00+05:30,5189.44,5197.8,5187.835,5197.375,9965
2026-03-11T05:30:00+05:30,5197.38,5219.59,5186.66,5215.455,32930
2026-03-11T06:30:00+05:30,5215.45,5223.385,5208.65,5208.66,14735
2026-03-11T07:30:00+05:30,5208.72,5220.64,5194.02,5217.45,26619
2026-03-11T08:30:00+05:30,5217.32,5220.505,5199.42,5203.44,21085
2026-03-11T09:30:00+05:30,5203.445,5208.81,5199.595,5204.61,9215
2026-03-11T10:30:00+05:30,5204.4,5208.535,5190.705,5199.84,17829
2026-03-11T11:30:00+05:30,5199.57,5210.97,5191.53,5197.66,19440
2026-03-11T12:30:00+05:30,5197.655,5202.28,5184.56,5195.845,17719
2026-03-11T13:30:00+05:30,5195.825,5198.695,5175.35,5187.695,23344
2026-03-11T14:30:00+05:30,5187.67,5197.145,5179.63,5187.66,17515
2026-03-11T15:30:00+05:30,5187.88,5195.425,5177.23,5186.155,18195
2026-03-11T16:30:00+05:30,5186.22,5193.67,5175.87,5181.415,17800
2026-03-11T17:30:00+05:30,5181.38,5197.175,5166.835,5167.53,30340
2026-03-11T18:30:00+05:30,5167.48,5183.185,5149.155,5176.855,34030
2026-03-11T19:30:00+05:30,5176.86,5196.315,5174.565,5183.38,21750
2026-03-11T20:30:00+05:30,5183.39,5185.9,5164.075,5166.605,21824
2026-03-11T21:30:00+05:30,5166.51,5178.15,5163.81,5175.77,14339
2026-03-11T22:30:00+05:30,5175.84,5181.115,5154.985,5169.845,26130
2026-03-11T23:30:00+05:30,5169.885,5178.395,5169.355,5172.555,9040
2026-03-12T00:30:00+05:30,5172.605,5183.76,5169.375,5183.29,14385
2026-03-12T01:30:00+05:30,5183.215,5183.595,5175.265,5176.48,8329
2026-03-12T03:30:00+05:30,5178.045,5178.32,5129.83,5139.13,48489
2026-03-12T04:30:00+05:30,5139.14,5157.94,5133.295,5134.6,24644
2026-03-12T05:30:00+05:30,5134.61,5161.6,5125.64,5153.205,35960
2026-03-12T06:30:00+05:30,5153.2,5173.16,5151.435,5168.835,21724
2026-03-12T07:30:00+05:30,5168.705,5175.15,5145.935,5150.88,29214
2026-03-12T08:30:00+05:30,5150.955,5155.82,5147.405,5153.155,8414
2026-03-12T09:30:00+05:30,5153.255,5154.02,5140.62,5142.7,13400
2026-03-12T10:30:00+05:30,5142.76,5157.93,5137.17,5154.675,20760
2026-03-12T11:30:00+05:30,5154.66,5170.39,5147.4,5166.32,22990
2026-03-12T12:30:00+05:30,5166.325,5185.23,5164.52,5182.385,20709
2026-03-12T13:30:00+05:30,5182.38,5189.86,5175.88,5178.22,13979
2026-03-12T14:30:00+05:30,5178.205,5190.5,5174.43,5188.385,16069
2026-03-12T15:30:00+05:30,5188.35,5191.79,5175.965,5182.47,15824
2026-03-12T16:30:00+05:30,5182.445,5183.87,5172.875,5179.15,10994
2026-03-12T17:30:00+05:30,5179.18,5185.875,5163.685,5181.625,22189
2026-03-12T18:30:00+05:30,5181.575,5186.145,5146.085,5151.45,40060
2026-03-12T19:30:00+05:30,5151.48,5163.72,5138.475,5142.92,25244
2026-03-12T20:30:00+05:30,5142.71,5144.99,5109.85,5132.485,35139
2026-03-12T21:30:00+05:30,5132.485,5138.175,5121.23,5123.55,16945
2026-03-12T22:30:00+05:30,5123.495,5129.87,5102.615,5105.485,27255
2026-03-12T23:30:00+05:30,5105.49,5112.84,5090.885,5094.49,21954
2026-03-13T00:30:00+05:30,5094.48,5097.005,5079.37,5084.985,17635
2026-03-13T01:30:00+05:30,5085.02,5090.925,5055.125,5079.255,35800
2026-03-13T03:30:00+05:30,5083.865,5096.33,5077.79,5096.03,18539
2026-03-13T04:30:00+05:30,5096.055,5101.35,5088.97,5098.13,12380
2026-03-13T05:30:00+05:30,5098.135,5115.4,5097.48,5113.78,17920
2026-03-13T06:30:00+05:30,5113.95,5124.535,5108.72,5124.28,15814
2026-03-13T07:30:00+05:30,5124.35,5128.475,5110.455,5112.245,18020
2026-03-13T08:30:00+05:30,5112.225,5116.735,5106.42,5115.76,10314
2026-03-13T09:30:00+05:30,5115.62,5118.175,5102.825,5104.59,15350
2026-03-13T10:30:00+05:30,5104.82,5111.26,5098.415,5103.175,12845
2026-03-13T11:30:00+05:30,5103.165,5107.94,5085.665,5088.34,22274
2026-03-13T12:30:00+05:30,5088.18,5094.265,5071.935,5085.47,22329
2026-03-13T13:30:00+05:30,5085.465,5088.19,5061.72,5087.55,26469
2026-03-13T14:30:00+05:30,5087.485,5097.165,5083.36,5089.755,13805
2026-03-13T15:30:00+05:30,5089.675,5098.375,5079.94,5094.965,18435
2026-03-13T16:30:00+05:30,5095.065,5107.995,5086.385,5107.835,21609
2026-03-13T17:30:00+05:30,5107.84,5122.01,5104.365,5118.3,17645
2026-03-13T18:30:00+05:30,5118.335,5121.265,5096.57,5102.24,24695
2026-03-13T19:30:00+05:30,5102.21,5108.135,5035.535,5042.025,72600
2026-03-13T20:30:00+05:30,5042.03,5071.505,5031.015,5034.925,40489
2026-03-13T21:30:00+05:30,5034.775,5053.25,5019.2,5046.045,34050
2026-03-13T22:30:00+05:30,5045.955,5064.08,5043.555,5046.465,20524
2026-03-13T23:30:00+05:30,5046.445,5051.88,5036.26,5046.655,15619
2026-03-14T00:30:00+05:30,5046.67,5049.965,5009.745,5016.735,40220
2026-03-14T01:30:00+05:30,5016.77,5025.645,5012.505,5020.6,13140
2026-03-16T03:30:00+05:30,5014.955,5031.005,5000.91,5024.97,30095
2026-03-16T04:30:00+05:30,5025.05,5026.335,4967.775,4997.655,58560
2026-03-16T05:30:00+05:30,4997.64,5030.98,4996.69,5026.005,34289
2026-03-16T06:30:00+05:30,5026.02,5026.66,4982.675,5016.355,43984
2026-03-16T07:30:00+05:30,5016.3,5019.065,4997.895,5003.67,21169
2026-03-16T08:30:00+05:30,5003.61,5021.01,4998.21,5019.165,22800
2026-03-16T09:30:00+05:30,5019.15,5026.505,5012.575,5013.05,13930
2026-03-16T10:30:00+05:30,5013.045,5020.37,5003.41,5017.59,16960
2026-03-16T11:30:00+05:30,5017.57,5036.01,5005.405,5012.3,30605
2026-03-16T12:30:00+05:30,5012.57,5016.59,4991.895,4995.615,24694
2026-03-16T13:30:00+05:30,4995.6,5003.63,4985.115,4991.305,18515
2026-03-16T14:30:00+05:30,4991.135,4991.805,4972.535,4975.565,19270
2026-03-16T15:30:00+05:30,4975.575,4999.69,4970.23,4998.95,29460
2026-03-16T16:30:00+05:30,4998.91,5022.825,4992.78,4997.31,30045
2026-03-16T17:30:00+05:30,4997.335,5025.585,4994.55,5020.06,31034
2026-03-16T18:30:00+05:30,5020.055,5034.53,5013.885,5029.94,20644
2026-03-16T19:30:00+05:30,5029.88,5038.145,4988.09,4996.065,50055
2026-03-16T20:30:00+05:30,4996.07,5005.91,4983.89,4987.095,22019
2026-03-16T21:30:00+05:30,4987.07,4998.8,4974.235,4990.74,24565
2026-03-16T22:30:00+05:30,4990.78,5003.9,4984.015,4991.265,19884
2026-03-16T23:30:00+05:30,4991.26,5017.905,4990.045,5012.92,27859
2026-03-17T00:30:00+05:30,5012.935,5020.465,5008.235,5013.085,12230
2026-03-17T01:30:00+05:30,5013.08,5021.835,5004.8,5006.565,17034
2026-03-17T03:30:00+05:30,5011.11,5016.185,4998.685,5002.525,17500
2026-03-17T04:30:00+05:30,5002.425,5015.61,5002.13,5012.93,13479
2026-03-17T05:30:00+05:30,5012.925,5014.2,4998.29,5003.03,15909
2026-03-17T06:30:00+05:30,5002.91,5028.195,4994.935,5027.965,33259
2026-03-17T07:30:00+05:30,5027.935,5029.98,5019.85,5022.815,10129
2026-03-17T08:30:00+05:30,5022.77,5033.76,5020.93,5027.74,12829
2026-03-17T09:30:00+05:30,5027.72,5042.185,5026.185,5038.05,16000
2026-03-17T10:30:00+05:30,5038.045,5044.9,5020.12,5020.83,24779
2026-03-17T11:30:00+05:30,5020.92,5023.065,5005.04,5010.09,18024
2026-03-17T12:30:00+05:30,5010.115,5028.2,5009.18,5021.46,19019
2026-03-17T13:30:00+05:30,5021.455,5029.625,5018.685,5024.95,10939
2026-03-17T14:30:00+05:30,5024.905,5026.055,5010.165,5010.52,15890
2026-03-17T15:30:00+05:30,5010.505,5016.615,4992.06,5000.415,24554
2026-03-17T16:30:00+05:30,5000.4,5011.635,4996.925,5003.375,14710
2026-03-17T17:30:00+05:30,5003.38,5023.935,4999.485,5011.905,24450
2026-03-17T18:30:00+05:30,5011.9,5031.59,5005.59,5016.755,26000
2026-03-17T19:30:00+05:30,5016.745,5020.675,5002.965,5007.78,17710
2026-03-17T20:30:00+05:30,5007.73,5017.65,4973.72,4997.98,43929
2026-03-17T21:30:00+05:30,4998.005,5006.03,4991.705,5002.06,14324
2026-03-17T22:30:00+05:30,5002.05,5008.8,4996.695,5002.56,12105
2026-03-17T23:30:00+05:30,5002.57,5009.21,4999.935,5003.89,9274
2026-03-18T00:30:00+05:30,5003.885,5005.75,4996.445,5000.405,9305
2026-03-18T01:30:00+05:30,5000.445,5006.645,5000.0,5005.725,6645
2026-03-18T03:30:00+05:30,5001.96,5005.27,4993.39,4999.865,11880
2026-03-18T04:30:00+05:30,4999.915,5003.82,4999.0,5002.9,4819
2026-03-18T05:30:00+05:30,5002.885,5012.24,5000.315,5004.32,11925
2026-03-18T06:30:00+05:30,5004.3,5016.29,4991.455,4998.785,24835
2026-03-18T07:30:00+05:30,4998.83,5007.105,4990.615,4992.025,16489
2026-03-18T08:30:00+05:30,4992.0,4997.6,4986.305,4991.57,11295
2026-03-18T09:30:00+05:30,4991.575,4993.66,4981.83,4987.2,11829
2026-03-18T10:30:00+05:30,4987.17,5002.845,4984.8,4997.745,18045
2026-03-18T11:30:00+05:30,4997.74,5016.53,4996.19,5009.51,20340
2026-03-18T12:30:00+05:30,5009.64,5015.14,4990.515,4995.195,24625
2026-03-18T13:30:00+05:30,4995.175,4997.115,4977.455,4987.645,19659
2026-03-18T14:30:00+05:30,4987.645,4995.85,4984.87,4992.265,10980
2026-03-18T15:30:00+05:30,4992.27,4992.27,4958.83,4967.955,33440
2026-03-18T16:30:00+05:30,4968.07,4974.135,4924.88,4930.25,49255
2026-03-18T17:30:00+05:30,4930.305,4932.645,4870.87,4881.815,61775
2026-03-18T18:30:00+05:30,4881.78,4885.69,4834.38,4878.61,51309
2026-03-18T19:30:00+05:30,4878.655,4894.67,4856.795,4869.76,37875
2026-03-18T20:30:00+05:30,4869.885,4880.27,4861.29,4862.57,18980
2026-03-18T21:30:00+05:30,4862.52,4890.485,4861.085,4886.95,29399
2026-03-18T22:30:00+05:30,4887.0,4899.165,4883.97,4891.045,15194
2026-03-18T23:30:00+05:30,4891.05,4899.46,4852.505,4853.17,46954
2026-03-19T00:30:00+05:30,4853.155,4865.6,4838.35,4843.285,27250
2026-03-19T01:30:00+05:30,4843.25,4848.94,4806.845,4818.415,42094
2026-03-19T03:30:00+05:30,4824.645,4839.135,4804.225,4834.57,34909
2026-03-19T04:30:00+05:30,4834.66,4842.39,4828.435,4836.84,13954
2026-03-19T05:30:00+05:30,4836.855,4848.87,4835.475,4841.38,13394
2026-03-19T06:30:00+05:30,4841.385,4867.225,4832.995,4849.94,34230
2026-03-19T07:30:00+05:30,4849.915,4862.325,4841.49,4858.82,20835
2026-03-19T08:30:00+05:30,4858.77,4866.21,4850.84,4851.0,15369
2026-03-19T09:30:00+05:30,4851.01,4853.995,4845.84,4849.87,8154
2026-03-19T10:30:00+05:30,4849.86,4853.885,4827.125,4827.63,26760
2026-03-19T11:30:00+05:30,4827.62,4842.41,4747.72,4763.695,94689
2026-03-19T12:30:00+05:30,4763.54,4784.595,4727.25,4728.095,57345
2026-03-19T13:30:00+05:30,4728.065,4740.49,4686.885,4709.635,53604
2026-03-19T14:30:00+05:30,4709.64,4726.02,4687.79,4699.21,38230
2026-03-19T15:30:00+05:30,4699.2,4719.865,4666.81,4679.225,53054
2026-03-19T16:30:00+05:30,4679.26,4699.63,4651.16,4651.885,48470
2026-03-19T17:30:00+05:30,4651.84,4654.25,4531.275,4574.815,122975
2026-03-19T18:30:00+05:30,4574.745,4621.305,4502.365,4620.99,118940
2026-03-19T19:30:00+05:30,4621.025,4649.31,4581.345,4601.82,67965
2026-03-19T20:30:00+05:30,4601.83,4639.055,4566.19,4596.475,72865
2026-03-19T21:30:00+05:30,4596.46,4626.865,4576.99,4584.95,49875
2026-03-19T22:30:00+05:30,4584.94,4630.01,4573.915,4616.175,56095
2026-03-19T23:30:00+05:30,4616.205,4623.24,4596.115,4623.1,27125
2026-03-20T00:30:00+05:30,4623.13,4663.63,4623.095,4644.06,40534
2026-03-20T01:30:00+05:30,4644.04,4662.08,4643.07,4650.72,19010
2026-03-20T03:30:00+05:30,4659.99,4677.205,4636.27,4636.455,40934
2026-03-20T04:30:00+05:30,4636.465,4648.355,4634.355,4643.815,14000
2026-03-20T05:30:00+05:30,4643.745,4665.1,4642.16,4648.745,22940
2026-03-20T06:30:00+05:30,4648.74,4699.53,4639.42,4677.3,60109
2026-03-20T07:30:00+05:30,4677.355,4703.785,4670.575,4698.5,33210
2026-03-20T08:30:00+05:30,4698.47,4736.175,4693.225,4725.93,42949
2026-03-20T09:30:00+05:30,4725.935,4727.725,4715.145,4721.82,12579
2026-03-20T10:30:00+05:30,4721.845,4723.835,4685.6,4688.335,38234
2026-03-20T11:30:00+05:30,4688.34,4701.16,4661.305,4669.22,39854
2026-03-20T12:30:00+05:30,4669.195,4707.915,4667.95,4706.43,39965
2026-03-20T13:30:00+05:30,4706.435,4734.96,4684.805,4693.85,50154
2026-03-20T14:30:00+05:30,4693.855,4700.65,4660.06,4667.73,40589
2026-03-20T15:30:00+05:30,4667.755,4670.2,4638.195,4645.465,32005
2026-03-20T16:30:00+05:30,4645.405,4674.29,4637.245,4671.9,37045
2026-03-20T17:30:00+05:30,4671.915,4695.705,4661.81,4678.445,33894
2026-03-20T18:30:00+05:30,4678.42,4679.615,4613.025,4616.64,66590
2026-03-20T19:30:00+05:30,4616.555,4622.74,4548.035,4563.96,74704
2026-03-20T20:30:00+05:30,4563.935,4580.43,4540.785,4553.61,39645
2026-03-20T21:30:00+05:30,4553.27,4614.065,4552.04,4583.105,62024
2026-03-20T22:30:00+05:30,4583.155,4600.885,4554.785,4573.675,46100
2026-03-20T23:30:00+05:30,4573.685,4578.685,4477.54,4500.025,101145
2026-03-21T00:30:00+05:30,4500.05,4517.0,4485.51,4501.73,31489
2026-03-21T01:30:00+05:30,4501.81,4514.81,4493.66,4497.48,21150
2026-03-23T03:30:00+05:30,4472.24,4536.415,4471.95,4498.255,64465
2026-03-23T04:30:00+05:30,4498.28,4511.11,4452.08,4464.8,59029
2026-03-23T05:30:00+05:30,4464.98,4473.16,4319.92,4354.325,153239
2026-03-23T06:30:00+05:30,4354.13,4454.51,4330.325,4388.005,124185
2026-03-23T07:30:00+05:30,4387.985,4422.36,4354.68,4360.86,67679
2026-03-23T08:30:00+05:30,4360.865,4378.335,4334.795,4352.99,43539
2026-03-23T09:30:00+05:30,4352.99,4382.22,4349.91,4367.97,32310
2026-03-23T10:30:00+05:30,4367.92,4380.155,4302.165,4310.315,77989
2026-03-23T11:30:00+05:30,4310.305,4310.52,4163.07,4220.705,147450
2026-03-23T12:30:00+05:30,4220.68,4232.57,4099.125,4204.44,133444
2026-03-23T13:30:00+05:30,4204.52,4270.955,4203.03,4251.44,67925
2026-03-23T14:30:00+05:30,4251.45,4308.625,4223.685,4254.29,84939
2026-03-23T15:30:00+05:30,4254.27,4281.985,4241.165,4269.11,40819
2026-03-23T16:30:00+05:30,4269.145,4463.725,4269.145,4379.43,194579
2026-03-23T17:30:00+05:30,4379.465,4492.925,4336.29,4478.505,156635
2026-03-23T18:30:00+05:30,4478.51,4486.075,4401.76,4454.165,84314
2026-03-23T19:30:00+05:30,4454.32,4513.165,4453.635,4462.075,59529
2026-03-23T20:30:00+05:30,4462.08,4487.385,4350.63,4363.87,136755
2026-03-23T21:30:00+05:30,4363.545,4391.925,4352.31,4375.79,39614
2026-03-23T22:30:00+05:30,4375.745,4439.245,4370.825,4426.225,68420
2026-03-23T23:30:00+05:30,4426.32,4467.27,4402.185,4449.04,65085
2026-03-24T00:30:00+05:30,4448.88,4450.615,4392.99,4397.99,57625
2026-03-24T01:30:00+05:30,4398.325,4413.34,4382.855,4406.505,30485
2026-03-24T03:30:00+05:30,4382.825,4431.365,4359.74,4426.855,71625
2026-03-24T04:30:00+05:30,4426.83,4448.355,4422.035,4441.245,26319
2026-03-24T05:30:00+05:30,4441.05,4446.785,4331.36,4364.59,115425
2026-03-24T06:30:00+05:30,4364.635,4374.555,4307.99,4322.56,66565
2026-03-24T07:30:00+05:30,4322.545,4379.465,4305.88,4365.94,73585
2026-03-24T08:30:00+05:30,4365.895,4368.22,4335.2,4347.5,33020
2026-03-24T09:30:00+05:30,4347.445,4357.36,4326.615,4333.595,30744
2026-03-24T10:30:00+05:30,4333.6,4374.06,4320.04,4347.69,54020
2026-03-24T11:30:00+05:30,4347.69,4405.26,4343.23,4402.56,62030
2026-03-24T12:30:00+05:30,4402.54,4433.31,4399.775,4417.305,33535
2026-03-24T13:30:00+05:30,4417.54,4421.165,4391.285,4412.02,29880
2026-03-24T14:30:00+05:30,4411.975,4430.995,4395.97,4426.5,35024
2026-03-24T15:30:00+05:30,4426.61,4441.73,4414.79,4438.67,26939
2026-03-24T16:30:00+05:30,4438.62,4442.245,4374.74,4408.24,67505
2026-03-24T17:30:00+05:30,4408.235,4427.645,4362.065,4379.115,65580
2026-03-24T18:30:00+05:30,4379.06,4389.89,4351.09,4381.67,38800
2026-03-24T19:30:00+05:30,4381.66,4434.31,4380.855,4416.165,53455
2026-03-24T20:30:00+05:30,4416.12,4431.085,4396.455,4411.79,34630
2026-03-24T21:30:00+05:30,4411.85,4427.925,4402.635,4421.485,25289
2026-03-24T22:30:00+05:30,4421.49,4426.69,4372.655,4388.695,54034
2026-03-24T23:30:00+05:30,4388.725,4423.72,4383.95,4389.735,39770
2026-03-25T00:30:00+05:30,4389.59,4411.61,4388.695,4400.33,22914
2026-03-25T01:30:00+05:30,4400.14,4484.495,4397.575,4474.275,86920
2026-03-25T03:30:00+05:30,4476.635,4485.445,4455.885,4484.35,29559
2026-03-25T04:30:00+05:30,4484.285,4551.66,4472.855,4547.015,78805
2026-03-25T05:30:00+05:30,4546.99,4572.18,4537.49,4563.295,34690
2026-03-25T06:30:00+05:30,4563.265,4601.415,4552.375,4594.93,49039
2026-03-25T07:30:00+05:30,4594.93,4602.645,4579.835,4583.8,22810
2026-03-25T08:30:00+05:30,4583.725,4586.42,4567.755,4570.035,18664
2026-03-25T09:30:00+05:30,4570.015,4574.985,4565.59,4573.02,9394
2026-03-25T10:30:00+05:30,4573.15,4573.585,4549.225,4555.78,24359
2026-03-25T11:30:00+05:30,4555.79,4557.1,4533.145,4545.62,23954
2026-03-25T12:30:00+05:30,4545.595,4563.34,4537.115,4539.675,26225
2026-03-25T13:30:00+05:30,4539.705,4568.235,4536.05,4556.32,32184
2026-03-25T14:30:00+05:30,4556.295,4567.77,4527.89,4551.94,39880
2026-03-25T15:30:00+05:30,4552.0,4562.585,4551.39,4558.87,11194
2026-03-25T16:30:00+05:30,4558.915,4585.6,4556.21,4578.965,29390
2026-03-25T17:30:00+05:30,4578.97,4583.87,4521.88,4544.095,61989
2026-03-25T18:30:00+05:30,4544.09,4576.755,4540.925,4544.97,35829
2026-03-25T19:30:00+05:30,4544.96,4579.44,4533.22,4567.34,46219
2026-03-25T20:30:00+05:30,4567.245,4569.375,4525.265,4559.155,44109
2026-03-25T21:30:00+05:30,4559.14,4565.185,4545.4,4555.135,19785
2026-03-25T22:30:00+05:30,4555.155,4563.945,4542.96,4550.835,20984
2026-03-25T23:30:00+05:30,4550.83,4569.025,4530.955,4538.295,38069
2026-03-26T00:30:00+05:30,4538.305,4539.74,4486.59,4530.96,53149
2026-03-26T01:30:00+05:30,4530.955,4542.065,4494.7,4506.845,47364
2026-03-26T03:30:00+05:30,4521.855,4534.83,4505.76,4517.76,29069
2026-03-26T04:30:00+05:30,4517.755,4518.705,4489.075,4498.115,29630
2026-03-26T05:30:00+05:30,4498.11,4539.065,4498.04,4535.78,41024
2026-03-26T06:30:00+05:30,4535.72,4544.815,4522.525,4535.895,22289
2026-03-26T07:30:00+05:30,4535.89,4536.21,4505.675,4508.95,30534
2026-03-26T08:30:00+05:30,4508.955,4518.91,4500.055,4517.165,18854
2026-03-26T09:30:00+05:30,4517.235,4524.25,4511.71,4520.54,12539
2026-03-26T10:30:00+05:30,4520.58,4522.55,4438.975,4439.045,83574
2026-03-26T11:30:00+05:30,4439.035,4459.77,4415.87,4456.805,43900
2026-03-26T12:30:00+05:30,4456.82,4463.995,4439.115,4452.895,24880
2026-03-26T13:30:00+05:30,4452.775,4459.455,4412.44,4428.055,47015
2026-03-26T14:30:00+05:30,4427.995,4436.835,4414.705,4423.88,22130
2026-03-26T15:30:00+05:30,4423.905,4448.435,4416.995,4443.675,31440
2026-03-26T16:30:00+05:30,4443.73,4456.865,4419.34,4423.24,37524
2026-03-26T17:30:00+05:30,4423.265,4446.145,4416.775,4429.47,29370
2026-03-26T18:30:00+05:30,4429.315,4461.035,4420.24,4452.84,40795
2026-03-26T19:30:00+05:30,4452.87,4479.895,4437.34,4465.015,42555
2026-03-26T20:30:00+05:30,4464.89,4469.17,4434.315,4438.415,34855
2026-03-26T21:30:00+05:30,4438.185,4442.785,4366.95,4389.375,75835
2026-03-26T22:30:00+05:30,4389.305,4402.32,4377.285,4381.575,25034
2026-03-26T23:30:00+05:30,4381.505,4398.045,4367.83,4394.615,30215
2026-03-27T00:30:00+05:30,4394.76,4399.45,4359.445,4364.065,40005
2026-03-27T01:30:00+05:30,4364.075,4420.75,4351.355,4378.2,69395
2026-03-27T03:30:00+05:30,4388.67,4415.4,4387.215,4411.33,28184
2026-03-27T04:30:00+05:30,4411.44,4414.44,4389.84,4405.11,24599
2026-03-27T05:30:00+05:30,4405.165,4411.225,4375.525,4378.76,35700
2026-03-27T06:30:00+05:30,4378.745,4420.485,4377.28,4417.37,43204
2026-03-27T07:30:00+05:30,4417.495,4440.6,4416.99,4432.22,23610
2026-03-27T08:30:00+05:30,4432.195,4446.33,4421.39,4437.655,24939
2026-03-27T09:30:00+05:30,4437.68,4449.83,4431.62,4445.955,18210
2026-03-27T10:30:00+05:30,4446.08,4475.3,4440.74,4454.575,34560
2026-03-27T11:30:00+05:30,4454.335,4473.225,4451.9,4459.605,21325
2026-03-27T12:30:00+05:30,4459.575,4463.14,4443.12,4447.915,20020
2026-03-27T13:30:00+05:30,4447.875,4451.29,4424.025,4424.51,27265
2026-03-27T14:30:00+05:30,4424.465,4438.58,4420.885,4429.13,17694
2026-03-27T15:30:00+05:30,4429.135,4433.14,4410.56,4414.915,22579
2026-03-27T16:30:00+05:30,4414.92,4426.57,4404.58,4420.315,21989
2026-03-27T17:30:00+05:30,4420.355,4445.34,4412.89,4438.01,32449
2026-03-27T18:30:00+05:30,4437.97,4443.905,4413.775,4431.385,30130
2026-03-27T19:30:00+05:30,4431.37,4514.685,4430.85,4509.71,83835
2026-03-27T20:30:00+05:30,4509.705,4555.63,4501.78,4524.445,53850
2026-03-27T21:30:00+05:30,4524.45,4533.745,4505.62,4507.355,28125
2026-03-27T22:30:00+05:30,4511.27,4522.27,4486.505,4486.875,35765
2026-03-27T23:30:00+05:30,4486.88,4528.755,4486.815,4516.855,41940
2026-03-28T00:30:00+05:30,4516.775,4526.315,4500.76,4514.49,25554
2026-03-28T01:30:00+05:30,4514.625,4520.8,4491.13,4493.685,29670
2026-03-30T03:30:00+05:30,4512.54,4513.55,4480.84,4484.475,32710
2026-03-30T04:30:00+05:30,4484.47,4492.605,4443.945,4449.04,48659
2026-03-30T05:30:00+05:30,4449.03,4467.01,4417.43,4432.295,49579
2026-03-30T06:30:00+05:30,4431.87,4475.845,4431.825,4469.895,44020
2026-03-30T07:30:00+05:30,4469.81,4499.69,4458.89,4481.55,40799
2026-03-30T08:30:00+05:30,4481.505,4518.175,4479.095,4496.15,39079
2026-03-30T09:30:00+05:30,4496.165,4498.96,4486.7,4497.02,12260
2026-03-30T10:30:00+05:30,4497.03,4528.825,4497.02,4522.53,31804
2026-03-30T11:30:00+05:30,4522.63,4550.855,4517.31,4532.59,33544
2026-03-30T12:30:00+05:30,4532.58,4535.2,4515.87,4527.585,19329
2026-03-30T13:30:00+05:30,4527.495,4540.58,4525.12,4538.22,15460
2026-03-30T14:30:00+05:30,4538.23,4540.895,4523.605,4533.14,17290
2026-03-30T15:30:00+05:30,4533.165,4540.2,4527.785,4532.655,12414
2026-03-30T16:30:00+05:30,4532.67,4580.73,4525.645,4559.87,55084
2026-03-30T17:30:00+05:30,4559.875,4578.11,4545.33,4569.445,32779
2026-03-30T18:30:00+05:30,4569.49,4578.835,4516.935,4523.535,61899
2026-03-30T19:30:00+05:30,4523.525,4541.545,4512.57,4538.835,28975
2026-03-30T20:30:00+05:30,4538.885,4556.895,4524.7,4548.355,32195
2026-03-30T21:30:00+05:30,4548.295,4549.82,4532.415,4539.985,17404
2026-03-30T22:30:00+05:30,4539.92,4542.46,4511.685,4514.955,30774
2026-03-30T23:30:00+05:30,4514.945,4523.135,4498.505,4499.18,24630
2026-03-31T00:30:00+05:30,4499.2,4518.51,4493.1,4513.64,25409
2026-03-31T01:30:00+05:30,4513.59,4516.525,4501.27,4510.65,15254
2026-03-31T03:30:00+05:30,4517.71,4519.14,4502.035,4511.07,17105
2026-03-31T04:30:00+05:30,4511.025,4521.915,4492.8,4514.07,29114
2026-03-31T05:30:00+05:30,4514.075,4548.31,4482.66,4547.935,65650
2026-03-31T06:30:00+05:30,4547.94,4619.255,4532.15,4605.205,87105
2026-03-31T07:30:00+05:30,4605.205,4607.48,4565.795,4567.965,41684
2026-03-31T08:30:00+05:30,4567.99,4577.26,4550.455,4557.49,26805
2026-03-31T09:30:00+05:30,4557.47,4569.56,4556.955,4564.925,12605
2026-03-31T10:30:00+05:30,4564.535,4581.94,4547.9,4568.89,34039
2026-03-31T11:30:00+05:30,4568.925,4569.2,4553.445,4557.565,15755
2026-03-31T12:30:00+05:30,4557.555,4566.105,4543.51,4564.87,22594
2026-03-31T13:30:00+05:30,4564.875,4575.4,4560.645,4568.755,14754
2026-03-31T14:30:00+05:30,4568.8,4572.735,4550.205,4555.7,22529
2026-03-31T15:30:00+05:30,4555.75,4561.99,4529.545,4547.05,32444
2026-03-31T16:30:00+05:30,4547.12,4593.365,4541.365,4582.37,52000
2026-03-31T17:30:00+05:30,4582.39,4597.76,4569.21,4574.82,28550
2026-03-31T18:30:00+05:30,4575.0,4609.74,4567.98,4607.35,41760
2026-03-31T19:30:00+05:30,4607.275,4630.42,4594.97,4599.015,35449
2026-03-31T20:30:00+05:30,4598.94,4625.565,4598.94,4609.565,26625
2026-03-31T21:30:00+05:30,4609.615,4651.585,4607.135,4638.23,44449
2026-03-31T22:30:00+05:30,4638.14,4667.785,4636.5,4654.38,31284
2026-03-31T23:30:00+05:30,4654.39,4671.37,4653.52,4667.435,17849
2026-04-01T00:30:00+05:30,4667.44,4685.805,4661.86,4683.02,23945
2026-04-01T01:30:00+05:30,4682.945,4687.335,4664.86,4667.875,22475
2026-04-01T03:30:00+05:30,4674.535,4696.54,4662.125,4681.28,34414
2026-04-01T04:30:00+05:30,4681.32,4699.975,4671.985,4696.44,27990
2026-04-01T05:30:00+05:30,4696.4,4722.6,4693.52,4710.92,29079
2026-04-01T06:30:00+05:30,4710.93,4724.52,4681.225,4692.8,43295
2026-04-01T07:30:00+05:30,4692.81,4700.895,4678.235,4684.84,22660
2026-04-01T08:30:00+05:30,4684.83,4694.43,4679.735,4682.0,14695
2026-04-01T09:30:00+05:30,4682.005,4682.105,4667.195,4676.495,14909
2026-04-01T10:30:00+05:30,4676.61,4703.78,4674.72,4684.56,29059
2026-04-01T11:30:00+05:30,4684.59,4733.235,4682.55,4730.83,50684
2026-04-01T12:30:00+05:30,4730.825,4747.815,4709.815,4713.22,38000
2026-04-01T13:30:00+05:30,4713.17,4740.565,4710.445,4728.7,30119
2026-04-01T14:30:00+05:30,4728.77,4730.35,4713.195,4723.465,17155
2026-04-01T15:30:00+05:30,4723.46,4738.67,4715.47,4731.235,23199
2026-04-01T16:30:00+05:30,4731.22,4762.905,4728.43,4752.565,34474
2026-04-01T17:30:00+05:30,4752.61,4753.725,4724.4,4724.775,29325
2026-04-01T18:30:00+05:30,4724.82,4749.715,4716.28,4738.355,33435
2026-04-01T19:30:00+05:30,4738.48,4768.87,4724.3,4760.89,44569
2026-04-01T20:30:00+05:30,4760.96,4788.16,4758.575,4786.7,29585
2026-04-01T21:30:00+05:30,4786.685,4790.84,4774.305,4787.3,16534
2026-04-01T22:30:00+05:30,4787.305,4793.195,4774.035,4774.64,19159
2026-04-01T23:30:00+05:30,4774.63,4775.49,4742.17,4753.28,33319
2026-04-02T00:30:00+05:30,4753.27,4778.21,4751.335,4766.205,26875
2026-04-02T01:30:00+05:30,4766.185,4771.295,4754.145,4758.2,17149
2026-04-02T03:30:00+05:30,4758.465,4783.005,4751.98,4776.7,31025
2026-04-02T04:30:00+05:30,4776.84,4800.8,4773.795,4784.19,27005
2026-04-02T05:30:00+05:30,4784.15,4798.935,4775.21,4784.42,23725
2026-04-02T06:30:00+05:30,4784.41,4786.36,4649.465,4696.105,136894
2026-04-02T07:30:00+05:30,4695.875,4704.155,4655.525,4687.24,48630
2026-04-02T08:30:00+05:30,4687.23,4699.52,4676.04,4676.51,23480
2026-04-02T09:30:00+05:30,4676.57,4681.8,4657.175,4672.65,24625
2026-04-02T10:30:00+05:30,4672.635,4680.915,4585.755,4594.63,95159
2026-04-02T11:30:00+05:30,4594.645,4608.905,4553.85,4598.855,55054
2026-04-02T12:30:00+05:30,4598.83,4651.505,4597.245,4642.775,54260
2026-04-02T13:30:00+05:30,4642.77,4648.905,4616.78,4621.005,32125
2026-04-02T14:30:00+05:30,4620.995,4632.075,4613.15,4621.685,18925
2026-04-02T15:30:00+05:30,4621.825,4635.435,4603.775,4620.61,31660
2026-04-02T16:30:00+05:30,4620.6,4630.855,4592.895,4600.215,37959
2026-04-02T17:30:00+05:30,4600.23,4630.36,4594.71,4601.765,35649
2026-04-02T18:30:00+05:30,4601.71,4651.545,4580.65,4646.325,70895
2026-04-02T19:30:00+05:30,4646.265,4699.89,4631.85,4681.72,68039
2026-04-02T20:30:00+05:30,4681.66,4684.185,4652.76,4661.48,31425
2026-04-02T21:30:00+05:30,4661.46,4670.83,4642.925,4659.215,27904
2026-04-02T22:30:00+05:30,4659.22,4668.5,4645.78,4648.76,22720
2026-04-02T23:30:00+05:30,4648.765,4672.17,4647.465,4668.64,24704
2026-04-03T00:30:00+05:30,4668.655,4682.01,4661.495,4672.235,20515
2026-04-03T01:30:00+05:30,4672.325,4678.11,4664.475,4676.745,13634
2026-04-06T03:30:00+05:30,4638.25,4654.59,4607.09,4646.265,47500
2026-04-06T04:30:00+05:30,4646.27,4651.415,4604.97,4610.87,46444
2026-04-06T05:30:00+05:30,4610.97,4629.2,4600.85,4622.585,28349
2026-04-06T06:30:00+05:30,4622.63,4643.24,4620.605,4625.815,22635
2026-04-06T07:30:00+05:30,4625.8,4671.73,4623.815,4648.105,47914
2026-04-06T08:30:00+05:30,4648.07,4648.155,4625.47,4640.89,22684
2026-04-06T09:30:00+05:30,4640.875,4660.005,4640.065,4659.21,19940
2026-04-06T10:30:00+05:30,4659.205,4678.93,4651.375,4652.565,27555
2026-04-06T11:30:00+05:30,4652.585,4667.78,4643.505,4665.965,24274
2026-04-06T12:30:00+05:30,4665.96,4688.94,4645.12,4684.9,43819
2026-04-06T13:30:00+05:30,4684.815,4698.21,4680.7,4695.86,17510
2026-04-06T14:30:00+05:30,4696.09,4706.875,4690.94,4693.805,15935
2026-04-06T15:30:00+05:30,4693.84,4697.725,4684.655,4689.91,13070
2026-04-06T16:30:00+05:30,4690.12,4696.92,4677.07,4677.94,19850
2026-04-06T17:30:00+05:30,4677.92,4686.855,4659.655,4676.22,27199
2026-04-06T18:30:00+05:30,4676.21,4681.87,4659.8,4679.92,22069
2026-04-06T19:30:00+05:30,4679.91,4697.78,4660.455,4682.84,37324
2026-04-06T20:30:00+05:30,4682.835,4683.91,4652.095,4668.155,31814
2026-04-06T21:30:00+05:30,4668.22,4672.66,4658.12,4660.515,14539
2026-04-06T22:30:00+05:30,4660.55,4661.235,4645.885,4653.865,15349
2026-04-06T23:30:00+05:30,4653.87,4666.725,4648.905,4658.43,17820
2026-04-07T00:30:00+05:30,4658.395,4659.52,4645.805,4655.52,13715
2026-04-07T01:30:00+05:30,4655.485,4658.525,4649.305,4649.995,9219
2026-04-07T03:30:00+05:30,4661.755,4667.97,4656.805,4658.505,11164
2026-04-07T04:30:00+05:30,4658.54,4661.31,4651.555,4659.21,9755
2026-04-07T05:30:00+05:30,4659.185,4661.515,4649.46,4655.23,12055
2026-04-07T06:30:00+05:30,4655.22,4664.53,4616.53,4627.135,48000
2026-04-07T07:30:00+05:30,4627.21,4654.01,4620.165,4650.395,33845
2026-04-07T08:30:00+05:30,4650.38,4653.995,4639.655,4649.66,14340
2026-04-07T09:30:00+05:30,4649.65,4664.12,4645.695,4660.155,18425
2026-04-07T10:30:00+05:30,4660.24,4661.36,4623.475,4642.88,37884
2026-04-07T11:30:00+05:30,4642.93,4656.65,4638.04,4653.585,18609
2026-04-07T12:30:00+05:30,4653.575,4657.225,4636.91,4646.315,20315
2026-04-07T13:30:00+05:30,4646.305,4691.225,4644.395,4683.035,46829
2026-04-07T14:30:00+05:30,4682.905,4694.905,4658.905,4671.03,36000
2026-04-07T15:30:00+05:30,4671.075,4680.735,4649.46,4652.33,31274
2026-04-07T16:30:00+05:30,4652.345,4664.28,4629.02,4659.805,35259
2026-04-07T17:30:00+05:30,4659.875,4671.335,4647.075,4651.67,24260
2026-04-07T18:30:00+05:30,4651.675,4663.49,4635.625,4644.44,27864
2026-04-07T19:30:00+05:30,4644.32,4661.935,4607.63,4633.275,54305
2026-04-07T20:30:00+05:30,4633.335,4659.69,4624.885,4655.51,34804
2026-04-07T21:30:00+05:30,4655.505,4668.825,4652.87,4657.29,15954
2026-04-07T22:30:00+05:30,4657.28,4686.745,4654.115,4675.935,32630
2026-04-07T23:30:00+05:30,4675.875,4686.295,4657.63,4662.35,28664
2026-04-08T00:30:00+05:30,4662.41,4718.96,4660.735,4701.05,58225
2026-04-08T01:30:00+05:30,4701.06,4716.95,4697.415,4704.81,19534
2026-04-08T03:30:00+05:30,4741.845,4820.065,4713.04,4818.41,107024
2026-04-08T04:30:00+05:30,4818.42,4836.505,4801.285,4833.66,35220
2026-04-08T05:30:00+05:30,4833.65,4858.215,4808.885,4817.715,49329
2026-04-08T06:30:00+05:30,4817.73,4825.325,4788.12,4810.275,37204
2026-04-08T07:30:00+05:30,4810.1,4825.435,4798.91,4804.22,26525
2026-04-08T08:30:00+05:30,4804.2,4806.18,4795.25,4797.79,10930
2026-04-08T09:30:00+05:30,4797.77,4806.975,4790.38,4803.515,16595
2026-04-08T10:30:00+05:30,4803.53,4843.9,4800.47,4827.61,43429
2026-04-08T11:30:00+05:30,4827.635,4839.97,4820.02,4820.16,19949
2026-04-08T12:30:00+05:30,4820.18,4821.39,4805.17,4813.6,16220
2026-04-08T13:30:00+05:30,4813.595,4819.935,4790.39,4794.2,29545
2026-04-08T14:30:00+05:30,4794.12,4807.05,4776.285,4783.185,30765
2026-04-08T15:30:00+05:30,4783.18,4796.31,4771.18,4782.885,25130
2026-04-08T16:30:00+05:30,4782.88,4803.06,4778.33,4798.59,24730
2026-04-08T17:30:00+05:30,4798.785,4807.42,4768.4,4799.765,39020
2026-04-08T18:30:00+05:30,4799.705,4806.92,4767.1,4777.225,39819
2026-04-08T19:30:00+05:30,4777.185,4792.155,4732.305,4736.41,59849
2026-04-08T20:30:00+05:30,4736.35,4763.32,4734.165,4756.625,29154
2026-04-08T21:30:00+05:30,4756.635,4765.675,4745.35,4760.52,20324
2026-04-08T22:30:00+05:30,4760.605,4764.505,4731.69,4734.205,32815
2026-04-08T23:30:00+05:30,4734.22,4744.705,4703.47,4705.245,41234
2026-04-09T00:30:00+05:30,4705.12,4731.935,4699.305,4730.755,32630
2026-04-09T01:30:00+05:30,4730.625,4732.365,4717.225,4718.96,15139
2026-04-09T03:30:00+05:30,4727.55,4729.67,4704.58,4717.755,25090
2026-04-09T04:30:00+05:30,4717.745,4720.345,4705.535,4715.84,14810
2026-04-09T05:30:00+05:30,4715.8,4719.3,4698.725,4707.185,20574
2026-04-09T06:30:00+05:30,4707.18,4728.4,4699.905,4727.455,28494
2026-04-09T07:30:00+05:30,4727.46,4733.04,4717.525,4718.985,15515
2026-04-09T08:30:00+05:30,4718.96,4720.32,4705.39,4711.64,14929
2026-04-09T09:30:00+05:30,4711.69,4725.48,4709.845,4720.92,15634
2026-04-09T10:30:00+05:30,4720.985,4726.575,4705.98,4713.27,20595
2026-04-09T11:30:00+05:30,4713.285,4725.66,4703.58,4712.83,22079
2026-04-09T12:30:00+05:30,4712.84,4731.735,4705.53,4724.385,26204
2026-04-09T13:30:00+05:30,4724.38,4733.19,4720.04,4726.17,13149
2026-04-09T14:30:00+05:30,4726.145,4733.495,4723.25,4729.295,10244
2026-04-09T15:30:00+05:30,4729.285,4746.795,4723.785,4741.12,23010
2026-04-09T16:30:00+05:30,4741.155,4757.665,4738.635,4756.795,19029
2026-04-09T17:30:00+05:30,4756.81,4759.87,4735.065,4746.07,24805
2026-04-09T18:30:00+05:30,4746.06,4777.085,4738.655,4764.51,38430
2026-04-09T19:30:00+05:30,4764.51,4776.47,4747.3,4768.755,29170
2026-04-09T20:30:00+05:30,4768.795,4798.235,4761.31,4793.1,36924
2026-04-09T21:30:00+05:30,4793.135,4801.28,4784.705,4789.09,16574
2026-04-09T22:30:00+05:30,4789.085,4801.39,4786.935,4797.91,14454
2026-04-09T23:30:00+05:30,4797.915,4798.18,4767.99,4772.115,30190
2026-04-10T00:30:00+05:30,4772.13,4782.59,4766.935,4768.865,15654
2026-04-10T01:30:00+05:30,4768.875,4773.26,4760.835,4765.405,12425
2026-04-10T03:30:00+05:30,4772.62,4772.62,4758.915,4764.315,13704
2026-04-10T04:30:00+05:30,4764.33,4764.41,4757.085,4763.87,7324
2026-04-10T05:30:00+05:30,4763.935,4763.935,4750.535,4763.21,13400
2026-04-10T06:30:00+05:30,4763.22,4777.42,4758.07,4764.605,19350
2026-04-10T07:30:00+05:30,4764.82,4765.59,4738.105,4752.99,27485
2026-04-10T08:30:00+05:30,4752.985,4769.66,4752.905,4766.6,16755
2026-04-10T09:30:00+05:30,4766.66,4770.9,4757.98,4758.52,12920
2026-04-10T10:30:00+05:30,4758.51,4769.385,4757.445,4765.945,11940
2026-04-10T11:30:00+05:30,4765.96,4766.01,4742.935,4746.07,23074
2026-04-10T12:30:00+05:30,4746.035,4757.7,4741.51,4749.64,16189
2026-04-10T13:30:00+05:30,4749.825,4753.565,4730.74,4740.975,22824
2026-04-10T14:30:00+05:30,4741.005,4760.92,4740.695,4751.57,20225
2026-04-10T15:30:00+05:30,4751.585,4760.845,4742.33,4757.265,18515
2026-04-10T16:30:00+05:30,4757.28,4768.96,4753.38,4768.345,15579
2026-04-10T17:30:00+05:30,4768.46,4782.605,4759.845,4771.92,22759
2026-04-10T18:30:00+05:30,4771.93,4780.155,4764.95,4775.14,15204
2026-04-10T19:30:00+05:30,4775.47,4794.98,4767.35,4774.815,27629
2026-04-10T20:30:00+05:30,4774.835,4787.46,4755.41,4762.34,32050
2026-04-10T21:30:00+05:30,4762.42,4766.25,4747.375,4763.84,18875
2026-04-10T22:30:00+05:30,4763.865,4768.78,4758.235,4760.315,10545
2026-04-10T23:30:00+05:30,4760.33,4773.35,4751.175,4765.435,22175
2026-04-11T00:30:00+05:30,4765.41,4770.71,4758.405,4759.895,12305
2026-04-11T01:30:00+05:30,4759.885,4760.125,4741.01,4749.685,19114
2026-04-13T03:30:00+05:30,4670.425,4685.41,4644.595,4659.035,40814
2026-04-13T04:30:00+05:30,4659.05,4672.06,4644.465,4671.49,27595
2026-04-13T05:30:00+05:30,4671.47,4698.96,4664.625,4695.635,34335
2026-04-13T06:30:00+05:30,4695.63,4728.225,4693.79,4721.255,34435
2026-04-13T07:30:00+05:30,4721.245,4727.885,4711.44,4720.575,16445
2026-04-13T08:30:00+05:30,4720.57,4724.065,4712.19,4718.17,11875
2026-04-13T09:30:00+05:30,4718.16,4725.05,4708.64,4723.16,16409
2026-04-13T10:30:00+05:30,4723.17,4730.91,4716.39,4729.48,14519
2026-04-13T11:30:00+05:30,4729.475,4732.79,4720.86,4725.655,11930
2026-04-13T12:30:00+05:30,4725.67,4740.03,4724.73,4733.92,15300
2026-04-13T13:30:00+05:30,4733.95,4738.765,4720.43,4723.63,18335
2026-04-13T14:30:00+05:30,4723.635,4728.775,4710.605,4714.905,18170
2026-04-13T15:30:00+05:30,4714.91,4724.195,4708.365,4722.16,15829
2026-04-13T16:30:00+05:30,4722.135,4729.23,4703.375,4707.135,25854
2026-04-13T17:30:00+05:30,4707.14,4725.345,4703.905,4723.48,21440
2026-04-13T18:30:00+05:30,4723.43,4744.64,4721.125,4730.795,23515
2026-04-13T19:30:00+05:30,4730.52,4731.37,4708.875,4719.375,22494
2026-04-13T20:30:00+05:30,4719.36,4720.15,4700.565,4714.45,19585
2026-04-13T21:30:00+05:30,4714.465,4746.27,4709.545,4733.215,36725
2026-04-13T22:30:00+05:30,4733.225,4750.205,4725.605,4730.11,24600
2026-04-13T23:30:00+05:30,4730.12,4740.735,4723.54,4738.45,17194
2026-04-14T00:30:00+05:30,4738.435,4747.58,4730.85,4741.28,16729
2026-04-14T01:30:00+05:30,4741.345,4744.3,4738.4,4740.34,5900
2026-04-14T03:30:00+05:30,4746.92,4759.8,4745.84,4758.14,13960
2026-04-14T04:30:00+05:30,4758.12,4765.805,4754.54,4757.9,11265
2026-04-14T05:30:00+05:30,4758.02,4776.075,4751.77,4769.98,24304
2026-04-14T06:30:00+05:30,4769.94,4777.385,4761.79,4765.065,15595
2026-04-14T07:30:00+05:30,4765.07,4777.305,4762.15,4775.225,15155
2026-04-14T08:30:00+05:30,4775.22,4775.675,4765.65,4768.25,10025
2026-04-14T09:30:00+05:30,4768.215,4777.085,4767.095,4774.24,9989
2026-04-14T10:30:00+05:30,4774.24,4774.32,4757.855,4759.985,16465
2026-04-14T11:30:00+05:30,4760.015,4782.965,4760.015,4782.09,22949
2026-04-14T12:30:00+05:30,4782.095,4796.63,4767.855,4777.16,28775
2026-04-14T13:30:00+05:30,4777.155,4790.0,4774.14,4786.97,15859
2026-04-14T14:30:00+05:30,4787.08,4789.405,4771.735,4778.235,17670
2026-04-14T15:30:00+05:30,4778.245,4788.31,4751.22,4768.58,37090
2026-04-14T16:30:00+05:30,4768.52,4783.165,4767.03,4774.94,16135
2026-04-14T17:30:00+05:30,4774.905,4777.715,4762.36,4771.48,15355
2026-04-14T18:30:00+05:30,4771.475,4803.79,4771.185,4794.805,32604
2026-04-14T19:30:00+05:30,4794.825,4818.33,4793.065,4803.81,25265
2026-04-14T20:30:00+05:30,4803.8,4816.265,4791.115,4808.41,25150
2026-04-14T21:30:00+05:30,4808.44,4820.34,4805.255,4810.075,15085
2026-04-14T22:30:00+05:30,4810.12,4841.705,4809.54,4835.235,32164
2026-04-14T23:30:00+05:30,4835.215,4843.64,4830.895,4835.73,12744
2026-04-15T00:30:00+05:30,4835.75,4846.345,4835.75,4844.99,10595
2026-04-15T01:30:00+05:30,4845.0,4846.37,4839.7,4841.76,6670
2026-04-15T03:30:00+05:30,4849.155,4850.88,4833.195,4835.26,17685
2026-04-15T04:30:00+05:30,4835.14,4844.315,4833.68,4837.285,10634
2026-04-15T05:30:00+05:30,4837.315,4840.18,4827.285,4835.56,12895
2026-04-15T06:30:00+05:30,4835.52,4871.38,4828.335,4847.19,43045
2026-04-15T07:30:00+05:30,4847.175,4853.445,4820.715,4824.005,32729
2026-04-15T08:30:00+05:30,4824.02,4829.725,4816.915,4823.925,12810
2026-04-15T09:30:00+05:30,4823.955,4827.92,4820.3,4825.075,7619
2026-04-15T10:30:00+05:30,4825.125,4830.53,4812.735,4819.97,17795
2026-04-15T11:30:00+05:30,4819.975,4825.04,4811.31,4811.625,13729
2026-04-15T12:30:00+05:30,4811.565,4816.935,4804.05,4811.27,12885
2026-04-15T13:30:00+05:30,4811.15,4821.875,4804.595,4818.63,17279
2026-04-15T14:30:00+05:30,4818.56,4819.565,4786.08,4798.255,33484
2026-04-15T15:30:00+05:30,4798.25,4805.275,4790.095,4800.16,15179
2026-04-15T16:30:00+05:30,4800.175,4815.305,4795.57,4812.635,19735
2026-04-15T17:30:00+05:30,4812.65,4816.37,4807.025,4811.76,9345
2026-04-15T18:30:00+05:30,4811.69,4830.31,4808.57,4828.915,21740
2026-04-15T19:30:00+05:30,4828.93,4830.615,4813.505,4815.525,17109
2026-04-15T20:30:00+05:30,4815.535,4816.155,4787.145,4801.745,29009
2026-04-15T21:30:00+05:30,4801.74,4812.84,4800.17,4803.985,12670
2026-04-15T22:30:00+05:30,4803.975,4808.96,4790.82,4792.64,18140
2026-04-15T23:30:00+05:30,4792.63,4802.675,4790.24,4799.745,12435
2026-04-16T00:30:00+05:30,4799.715,4803.575,4794.685,4796.045,8889
2026-04-16T01:30:00+05:30,4796.095,4796.795,4787.895,4790.94,8899
2026-04-16T03:30:00+05:30,4798.465,4812.1,4790.87,4807.665,21230
2026-04-16T04:30:00+05:30,4807.675,4826.795,4807.615,4823.455,19180
2026-04-16T05:30:00+05:30,4823.385,4837.81,4820.345,4833.145,17465
2026-04-16T06:30:00+05:30,4833.205,4836.465,4811.33,4818.1,25135
2026-04-16T07:30:00+05:30,4818.165,4825.1,4812.465,4819.805,12635
2026-04-16T08:30:00+05:30,4819.785,4827.205,4819.115,4824.27,8090
2026-04-16T09:30:00+05:30,4824.255,4833.79,4822.885,4833.185,10904
2026-04-16T10:30:00+05:30,4833.21,4838.56,4821.215,4821.325,17345
2026-04-16T11:30:00+05:30,4821.31,4830.69,4814.46,4826.125,16229
2026-04-16T12:30:00+05:30,4826.14,4831.025,4817.12,4821.2,13904
2026-04-16T13:30:00+05:30,4821.29,4822.07,4806.59,4813.85,15479
2026-04-16T14:30:00+05:30,4813.815,4818.11,4807.04,4812.82,11069
2026-04-16T15:30:00+05:30,4812.825,4817.62,4805.165,4817.49,12454
2026-04-16T16:30:00+05:30,4817.475,4822.56,4815.535,4822.175,7025
2026-04-16T17:30:00+05:30,4822.28,4823.14,4811.59,4816.265,11550
2026-04-16T18:30:00+05:30,4816.285,4824.04,4784.73,4795.065,39310
2026-04-16T19:30:00+05:30,4795.08,4805.62,4772.575,4788.86,33045
2026-04-16T20:30:00+05:30,4788.815,4813.045,4788.43,4807.09,24614
2026-04-16T21:30:00+05:30,4807.16,4810.225,4785.245,4792.095,24980
2026-04-16T22:30:00+05:30,4792.105,4795.455,4781.45,4789.395,14005
2026-04-16T23:30:00+05:30,4789.405,4794.45,4785.865,4789.745,8585
2026-04-17T00:30:00+05:30,4789.795,4798.67,4789.63,4793.52,9039
2026-04-17T01:30:00+05:30,4793.565,4793.985,4786.45,4790.66,7534
2026-04-17T03:30:00+05:30,4793.945,4797.995,4790.925,4795.4,7069
2026-04-17T04:30:00+05:30,4795.185,4797.935,4791.77,4791.77,6164
2026-04-17T05:30:00+05:30,4791.725,4801.3,4785.965,4794.845,15335
2026-04-17T06:30:00+05:30,4794.88,4795.675,4767.845,4789.635,27829
2026-04-17T07:30:00+05:30,4789.575,4794.84,4784.64,4784.695,10199
2026-04-17T08:30:00+05:30,4784.685,4798.405,4784.68,4793.255,13724
2026-04-17T09:30:00+05:30,4793.195,4804.48,4792.71,4802.995,11769
2026-04-17T10:30:00+05:30,4802.99,4806.2,4793.78,4794.305,12420
2026-04-17T11:30:00+05:30,4794.345,4795.375,4779.455,4785.075,15920
2026-04-17T12:30:00+05:30,4785.195,4794.925,4778.81,4784.57,16114
2026-04-17T13:30:00+05:30,4784.585,4797.085,4781.035,4796.11,16050
2026-04-17T14:30:00+05:30,4796.115,4800.995,4790.125,4790.44,10869
2026-04-17T15:30:00+05:30,4790.445,4794.085,4782.255,4787.49,11829
2026-04-17T16:30:00+05:30,4787.595,4811.82,4783.67,4799.125,28149
2026-04-17T17:30:00+05:30,4799.25,4848.005,4797.68,4846.52,50324
2026-04-17T18:30:00+05:30,4846.53,4891.54,4834.915,4880.4,56625
2026-04-17T19:30:00+05:30,4880.33,4885.53,4860.85,4873.15,24679
2026-04-17T20:30:00+05:30,4873.135,4880.705,4855.065,4867.445,25640
2026-04-17T21:30:00+05:30,4867.44,4873.535,4863.745,4867.18,9789
2026-04-17T22:30:00+05:30,4867.15,4869.665,4853.79,4862.59,15875
2026-04-17T23:30:00+05:30,4862.585,4868.11,4855.785,4858.11,12324
2026-04-18T00:30:00+05:30,4858.095,4861.305,4852.96,4854.695,8345
2026-04-18T01:30:00+05:30,4854.645,4855.245,4830.79,4831.61,24454
2026-04-20T03:30:00+05:30,4774.815,4794.97,4771.055,4779.365,23914
2026-04-20T04:30:00+05:30,4779.36,4779.465,4736.83,4755.365,42635
2026-04-20T05:30:00+05:30,4755.285,4774.685,4744.515,4772.815,30170
2026-04-20T06:30:00+05:30,4772.8,4814.46,4771.44,4807.795,43020
2026-04-20T07:30:00+05:30,4807.805,4809.18,4793.26,4797.395,15920
2026-04-20T08:30:00+05:30,4797.37,4798.415,4788.875,4791.02,9539
2026-04-20T09:30:00+05:30,4791.04,4795.94,4787.245,4789.035,8694
2026-04-20T10:30:00+05:30,4789.06,4796.36,4779.54,4791.085,16819
2026-04-20T11:30:00+05:30,4791.06,4795.62,4784.025,4795.595,11595
2026-04-20T12:30:00+05:30,4795.6,4805.795,4786.905,4789.64,18890
2026-04-20T13:30:00+05:30,4789.55,4796.51,4786.16,4796.395,10350
2026-04-20T14:30:00+05:30,4796.355,4798.075,4783.72,4791.885,14354
2026-04-20T15:30:00+05:30,4791.865,4801.045,4789.93,4796.01,11114
2026-04-20T16:30:00+05:30,4796.02,4810.9,4786.8,4810.53,24099
2026-04-20T17:30:00+05:30,4810.525,4822.175,4799.125,4803.505,23050
2026-04-20T18:30:00+05:30,4803.495,4826.355,4799.695,4818.105,26659
2026-04-20T19:30:00+05:30,4818.12,4827.695,4792.615,4805.385,35079
2026-04-20T20:30:00+05:30,4805.4,4809.63,4792.785,4799.955,16845
2026-04-20T21:30:00+05:30,4799.96,4806.38,4792.865,4805.55,13515
2026-04-20T22:30:00+05:30,4805.645,4812.27,4803.9,4806.89,8370
2026-04-20T23:30:00+05:30,4806.84,4816.515,4806.84,4814.105,9675
2026-04-21T00:30:00+05:30,4814.065,4821.425,4810.615,4814.38,10810
2026-04-21T01:30:00+05:30,4814.43,4821.98,4812.3,4820.115,9679
2026-04-21T03:30:00+05:30,4825.135,4833.405,4823.365,4827.82,10039
2026-04-21T04:30:00+05:30,4827.79,4831.935,4819.855,4822.03,12080
2026-04-21T05:30:00+05:30,4822.07,4830.895,4817.0,4823.895,13895
2026-04-21T06:30:00+05:30,4823.9,4824.54,4805.795,4810.27,18744
2026-04-21T07:30:00+05:30,4810.295,4810.555,4802.695,4806.95,7860
2026-04-21T08:30:00+05:30,4807.055,4807.86,4792.77,4797.45,15089
2026-04-21T09:30:00+05:30,4797.48,4797.815,4788.87,4789.49,8944
2026-04-21T10:30:00+05:30,4789.415,4797.145,4783.28,4784.18,13865
2026-04-21T11:30:00+05:30,4784.15,4790.86,4774.8,4778.42,16059
2026-04-21T12:30:00+05:30,4778.4,4792.83,4772.885,4786.255,19944
2026-04-21T13:30:00+05:30,4786.23,4793.22,4774.685,4786.09,18534
2026-04-21T14:30:00+05:30,4786.11,4789.79,4781.29,4783.87,8500
2026-04-21T15:30:00+05:30,4783.885,4790.67,4780.965,4789.945,9704
2026-04-21T16:30:00+05:30,4789.95,4798.03,4775.49,4794.62,22539
2026-04-21T17:30:00+05:30,4794.615,4796.995,4766.545,4778.98,30449
2026-04-21T18:30:00+05:30,4778.97,4794.52,4760.35,4779.47,34170
2026-04-21T19:30:00+05:30,4779.35,4782.74,4723.77,4739.02,58969
2026-04-21T20:30:00+05:30,4739.04,4757.83,4727.845,4741.78,29984
2026-04-21T21:30:00+05:30,4741.79,4747.06,4708.375,4711.27,38685
2026-04-21T22:30:00+05:30,4711.29,4722.28,4697.16,4711.28,25119
2026-04-21T23:30:00+05:30,4711.185,4714.97,4692.46,4709.555,22510
2026-04-22T00:30:00+05:30,4709.59,4715.06,4668.62,4679.48,46440
2026-04-22T01:30:00+05:30,4679.47,4721.25,4669.175,4720.685,52074
2026-04-22T03:30:00+05:30,4726.085,4726.52,4715.78,4719.63,10740
2026-04-22T04:30:00+05:30,4719.565,4740.66,4718.145,4738.14,22514
2026-04-22T05:30:00+05:30,4738.375,4747.455,4738.375,4740.02,9079
2026-04-22T06:30:00+05:30,4739.96,4754.745,4735.875,4752.27,18869
2026-04-22T07:30:00+05:30,4752.36,4759.025,4750.155,4755.845,8869
2026-04-22T08:30:00+05:30,4755.84,4765.035,4753.17,4758.26,11864
2026-04-22T09:30:00+05:30,4758.275,4759.76,4752.325,4754.665,7435
2026-04-22T10:30:00+05:30,4754.715,4772.0,4752.32,4767.83,19680
2026-04-22T11:30:00+05:30,4767.74,4768.015,4758.775,4767.905,9240
2026-04-22T12:30:00+05:30,4767.9,4772.385,4759.69,4760.68,12695
2026-04-22T13:30:00+05:30,4760.705,4762.455,4751.98,4757.19,10475
2026-04-22T14:30:00+05:30,4757.085,4762.595,4752.57,4755.335,10025
2026-04-22T15:30:00+05:30,4755.41,4760.415,4745.89,4759.435,14524
2026-04-22T16:30:00+05:30,4759.465,4760.985,4747.88,4750.515,13104
2026-04-22T17:30:00+05:30,4750.52,4760.305,4742.98,4744.54,17325
2026-04-22T18:30:00+05:30,4744.555,4760.99,4736.595,4752.99,24394
2026-04-22T19:30:00+05:30,4752.88,4757.53,4729.99,4736.11,27539
2026-04-22T20:30:00+05:30,4736.14,4740.395,4725.02,4727.68,15375
2026-04-22T21:30:00+05:30,4727.81,4735.045,4723.995,4728.62,11050
2026-04-22T22:30:00+05:30,4728.615,4739.64,4728.56,4737.36,11079
2026-04-22T23:30:00+05:30,4737.31,4750.2,4729.985,4741.81,20215
2026-04-23T00:30:00+05:30,4741.8,4745.595,4737.075,4740.39,8520
2026-04-23T01:30:00+05:30,4740.375,4740.965,4734.59,4740.455,6375
2026-04-23T03:30:00+05:30,4741.96,4742.305,4725.82,4726.07,16485
2026-04-23T04:30:00+05:30,4726.12,4730.005,4723.645,4727.88,6359
2026-04-23T05:30:00+05:30,4727.89,4754.2,4694.135,4747.765,60064
2026-04-23T06:30:00+05:30,4747.755,4750.06,4722.35,4723.555,27710
2026-04-23T07:30:00+05:30,4723.54,4724.81,4698.405,4699.095,26405
2026-04-23T08:30:00+05:30,4699.025,4708.74,4698.26,4704.1,10479
2026-04-23T09:30:00+05:30,4704.03,4707.255,4698.935,4704.49,8319
2026-04-23T10:30:00+05:30,4704.55,4715.36,4692.485,4713.625,22875
2026-04-23T11:30:00+05:30,4713.655,4721.57,4708.6,4713.115,12969
2026-04-23T12:30:00+05:30,4713.095,4720.59,4703.2,4719.275,17390
2026-04-23T13:30:00+05:30,4719.28,4725.115,4701.78,4703.45,23335
2026-04-23T14:30:00+05:30,4703.385,4703.79,4694.765,4697.825,9024
2026-04-23T15:30:00+05:30,4697.83,4701.805,4684.265,4696.82,17539
2026-04-23T16:30:00+05:30,4696.84,4721.065,4695.575,4720.925,25489
2026-04-23T17:30:00+05:30,4720.935,4743.2,4719.905,4740.125,23295
2026-04-23T18:30:00+05:30,4740.115,4741.23,4723.95,4724.435,17279
2026-04-23T19:30:00+05:30,4724.44,4736.69,4717.185,4733.705,19504
2026-04-23T20:30:00+05:30,4733.755,4741.205,4716.545,4720.65,24659
2026-04-23T21:30:00+05:30,4720.685,4737.275,4715.76,4733.055,21514
2026-04-23T22:30:00+05:30,4733.095,4734.61,4664.38,4709.665,70229
2026-04-23T23:30:00+05:30,4709.69,4722.24,4699.43,4701.045,22809
2026-04-24T00:30:00+05:30,4701.06,4704.66,4689.56,4696.08,15099
2026-04-24T01:30:00+05:30,4696.125,4698.365,4686.715,4694.09,11649
2026-04-24T03:30:00+05:30,4695.935,4699.445,4690.21,4693.5,9234
2026-04-24T04:30:00+05:30,4693.495,4700.84,4686.65,4695.445,14190
2026-04-24T05:30:00+05:30,4695.485,4708.175,4690.965,4704.69,17210
2026-04-24T06:30:00+05:30,4704.68,4711.23,4690.29,4699.4,20939
2026-04-24T07:30:00+05:30,4699.415,4700.57,4673.05,4676.955,27519
2026-04-24T08:30:00+05:30,4676.96,4678.435,4668.68,4672.38,9755
2026-04-24T09:30:00+05:30,4672.37,4676.98,4658.03,4674.485,18949
2026-04-24T10:30:00+05:30,4674.55,4687.245,4669.755,4686.555,17489
2026-04-24T11:30:00+05:30,4686.56,4688.255,4667.055,4671.975,21199
2026-04-24T12:30:00+05:30,4671.895,4695.45,4671.085,4694.49,24364
2026-04-24T13:30:00+05:30,4694.51,4697.55,4685.25,4690.915,12300
2026-04-24T14:30:00+05:30,4690.925,4696.76,4679.35,4682.33,17409
2026-04-24T15:30:00+05:30,4682.28,4686.33,4674.88,4677.935,11449
2026-04-24T16:30:00+05:30,4677.93,4717.44,4677.88,4706.87,39559
2026-04-24T17:30:00+05:30,4706.855,4712.025,4690.36,4700.64,21664
2026-04-24T18:30:00+05:30,4700.71,4717.485,4689.665,4711.835,27819
2026-04-24T19:30:00+05:30,4711.585,4740.57,4706.92,4726.435,33649
2026-04-24T20:30:00+05:30,4726.485,4733.425,4715.125,4727.12,18300
2026-04-24T21:30:00+05:30,4727.04,4729.76,4719.255,4726.98,10505
2026-04-24T22:30:00+05:30,4726.99,4730.16,4719.17,4723.35,10989
2026-04-24T23:30:00+05:30,4723.375,4724.975,4717.015,4722.91,7960
2026-04-25T00:30:00+05:30,4722.94,4726.17,4713.785,4716.395,12385
2026-04-25T01:30:00+05:30,4716.405,4717.595,4705.465,4709.75,12130
2026-04-27T03:30:00+05:30,4696.875,4697.365,4680.28,4684.6,17085
2026-04-27T04:30:00+05:30,4684.54,4685.02,4675.21,4680.235,9810
2026-04-27T05:30:00+05:30,4680.22,4698.535,4672.405,4697.94,26130
2026-04-27T06:30:00+05:30,4697.9,4710.08,4691.07,4702.77,19010
2026-04-27T07:30:00+05:30,4702.815,4723.54,4696.38,4718.29,27159
2026-04-27T08:30:00+05:30,4718.26,4729.63,4714.535,4724.23,15095
2026-04-27T09:30:00+05:30,4724.17,4729.965,4722.615,4725.0,7350
2026-04-27T10:30:00+05:30,4725.01,4725.59,4708.985,4710.325,16605
2026-04-27T11:30:00+05:30,4710.315,4715.895,4709.44,4712.78,6455
2026-04-27T12:30:00+05:30,4712.785,4718.46,4710.16,4713.5,8300
2026-04-27T13:30:00+05:30,4713.42,4714.94,4705.595,4706.795,9344
2026-04-27T14:30:00+05:30,4706.79,4708.365,4699.3,4703.77,9064
2026-04-27T15:30:00+05:30,4703.78,4711.075,4699.675,4708.76,11399
2026-04-27T16:30:00+05:30,4708.795,4709.145,4700.345,4705.12,8800
2026-04-27T17:30:00+05:30,4705.135,4712.655,4697.12,4699.43,15534
2026-04-27T18:30:00+05:30,4699.405,4703.68,4689.125,4696.225,14555
2026-04-27T19:30:00+05:30,4696.24,4696.84,4676.715,4678.24,20125
2026-04-27T20:30:00+05:30,4678.255,4682.755,4667.335,4670.235,15420
2026-04-27T21:30:00+05:30,4670.24,4679.715,4667.425,4676.895,12289
2026-04-27T22:30:00+05:30,4676.915,4686.305,4668.44,4682.24,17865
2026-04-27T23:30:00+05:30,4682.245,4685.585,4679.06,4680.735,6524
2026-04-28T00:30:00+05:30,4680.715,4682.765,4676.74,4680.915,6025
2026-04-28T01:30:00+05:30,4680.91,4681.955,4677.55,4681.955,4404
2026-04-28T03:30:00+05:30,4682.585,4691.32,4682.385,4687.87,8934
2026-04-28T04:30:00+05:30,4687.835,4694.945,4687.195,4692.06,7750
2026-04-28T05:30:00+05:30,4692.195,4701.64,4690.64,4690.835,11000
2026-04-28T06:30:00+05:30,4690.82,4691.75,4669.475,4670.76,22274
2026-04-28T07:30:00+05:30,4670.85,4680.015,4666.6,4669.17,13414
2026-04-28T08:30:00+05:30,4669.265,4676.255,4668.59,4671.155,7664
2026-04-28T09:30:00+05:30,4671.07,4671.41,4666.755,4667.73,4654
2026-04-28T10:30:00+05:30,4667.84,4668.08,4624.08,4632.39,44000
2026-04-28T11:30:00+05:30,4632.34,4643.13,4623.545,4629.06,19585
2026-04-28T12:30:00+05:30,4629.035,4639.5,4620.655,4633.015,18845
2026-04-28T13:30:00+05:30,4633.025,4635.585,4614.75,4629.77,20835
2026-04-28T14:30:00+05:30,4629.73,4630.12,4604.675,4604.755,25444
2026-04-28T15:30:00+05:30,4604.68,4616.78,4603.365,4603.41,13414
2026-04-28T16:30:00+05:30,4603.405,4608.95,4555.635,4562.795,53314
2026-04-28T17:30:00+05:30,4562.895,4600.3,4555.135,4593.935,45164
2026-04-28T18:30:00+05:30,4593.905,4594.85,4570.86,4580.71,23990
2026-04-28T19:30:00+05:30,4580.645,4580.88,4557.36,4574.645,23520
2026-04-28T20:30:00+05:30,4574.655,4586.73,4566.995,4586.625,19734
2026-04-28T21:30:00+05:30,4586.63,4594.93,4577.915,4592.24,17015
2026-04-28T22:30:00+05:30,4592.255,4601.51,4587.28,4594.945,14230
2026-04-28T23:30:00+05:30,4594.965,4600.655,4592.225,4594.415,8429
2026-04-29T00:30:00+05:30,4594.43,4600.18,4593.415,4595.695,6765
2026-04-29T01:30:00+05:30,4595.565,4598.65,4591.275,4596.8,7375
2026-04-29T03:30:00+05:30,4598.745,4598.745,4592.38,4594.17,6364
2026-04-29T04:30:00+05:30,4594.175,4596.27,4588.095,4595.75,8175
2026-04-29T05:30:00+05:30,4595.755,4610.535,4594.995,4600.52,15539
2026-04-29T06:30:00+05:30,4600.53,4600.765,4575.72,4585.015,25045
2026-04-29T07:30:00+05:30,4585.04,4604.32,4585.02,4593.71,19299
2026-04-29T08:30:00+05:30,4593.715,4603.415,4592.395,4595.71,11019
2026-04-29T09:30:00+05:30,4595.725,4605.835,4595.48,4604.825,10355
2026-04-29T10:30:00+05:30,4604.81,4607.725,4590.775,4591.15,16950
2026-04-29T11:30:00+05:30,4591.105,4598.87,4580.925,4584.665,17944
2026-04-29T12:30:00+05:30,4584.69,4589.005,4567.37,4567.93,21635
2026-04-29T13:30:00+05:30,4567.96,4576.995,4557.385,4573.43,19609
2026-04-29T14:30:00+05:30,4573.415,4580.75,4551.675,4555.78,29074
2026-04-29T15:30:00+05:30,4555.775,4576.535,4555.06,4569.95,21474
2026-04-29T16:30:00+05:30,4569.945,4572.2,4559.25,4561.695,12949
2026-04-29T17:30:00+05:30,4561.675,4569.155,4541.705,4544.945,27449
2026-04-29T18:30:00+05:30,4544.91,4553.65,4510.095,4521.73,43554
2026-04-29T19:30:00+05:30,4521.665,4542.815,4517.945,4539.455,24869
2026-04-29T20:30:00+05:30,4539.385,4558.995,4536.3,4547.77,22694
2026-04-29T21:30:00+05:30,4547.765,4564.985,4543.32,4545.565,21664
2026-04-29T22:30:00+05:30,4545.6,4554.625,4541.79,4547.83,12835
2026-04-29T23:30:00+05:30,4547.84,4553.05,4518.335,4538.24,34715
2026-04-30T00:30:00+05:30,4538.255,4550.855,4533.34,4546.93,17514
2026-04-30T01:30:00+05:30,4546.94,4553.855,4541.55,4543.715,12304
2026-04-30T03:30:00+05:30,4540.13,4552.805,4539.685,4552.2,13119
2026-04-30T04:30:00+05:30,4552.185,4561.945,4549.525,4561.685,12420
2026-04-30T05:30:00+05:30,4561.725,4574.245,4556.485,4569.99,17760
2026-04-30T06:30:00+05:30,4569.92,4582.585,4564.76,4579.085,17824
2026-04-30T07:30:00+05:30,4579.08,4582.035,4559.94,4565.085,22095
2026-04-30T08:30:00+05:30,4564.8,4569.24,4555.79,4556.07,13449
2026-04-30T09:30:00+05:30,4556.08,4557.09,4540.925,4542.05,16164
2026-04-30T10:30:00+05:30,4542.06,4569.87,4541.965,4562.69,27904
2026-04-30T11:30:00+05:30,4562.74,4591.59,4560.1,4589.66,31489
2026-04-30T12:30:00+05:30,4589.7,4605.645,4584.885,4598.44,20760
2026-04-30T13:30:00+05:30,4598.48,4629.76,4597.46,4616.36,32300
2026-04-30T14:30:00+05:30,4616.35,4631.93,4614.29,4625.23,17640
2026-04-30T15:30:00+05:30,4625.195,4647.045,4623.705,4639.755,23340
2026-04-30T16:30:00+05:30,4639.78,4645.96,4627.08,4630.26,18880
2026-04-30T17:30:00+05:30,4630.345,4640.14,4624.75,4639.61,15390
2026-04-30T18:30:00+05:30,4639.66,4645.905,4610.82,4611.185,35085
2026-04-30T19:30:00+05:30,4611.24,4625.985,4609.5,4619.62,16484
2026-04-30T20:30:00+05:30,4619.615,4625.57,4611.33,4615.3,14239
2026-04-30T21:30:00+05:30,4615.295,4617.885,4605.48,4607.745,12405
2026-04-30T22:30:00+05:30,4607.71,4621.765,4607.7,4616.895,14065
2026-04-30T23:30:00+05:30,4616.91,4625.36,4616.73,4622.635,8630
2026-05-01T00:30:00+05:30,4622.645,4627.415,4614.655,4617.17,12760
2026-05-01T01:30:00+05:30,4617.18,4622.07,4615.435,4622.065,6634
2026-05-01T03:30:00+05:30,4629.515,4632.99,4626.555,4630.265,6434
2026-05-01T04:30:00+05:30,4630.26,4634.145,4626.585,4626.685,7560
2026-05-01T05:30:00+05:30,4626.655,4631.365,4618.635,4619.93,12729
2026-05-01T06:30:00+05:30,4619.915,4622.435,4614.15,4621.02,8285
2026-05-01T07:30:00+05:30,4620.905,4635.94,4616.655,4619.215,19284
2026-05-01T08:30:00+05:30,4619.155,4632.11,4617.875,4626.735,14234
2026-05-01T09:30:00+05:30,4626.74,4628.865,4609.2,4609.265,19664
2026-05-01T10:30:00+05:30,4609.255,4616.2,4602.985,4605.18,13215
2026-05-01T11:30:00+05:30,4605.235,4608.095,4590.86,4594.925,17235
2026-05-01T12:30:00+05:30,4594.885,4598.165,4575.875,4578.25,22289
2026-05-01T13:30:00+05:30,4578.245,4582.52,4565.16,4569.225,17360
2026-05-01T14:30:00+05:30,4569.2,4573.13,4560.32,4563.035,12810
2026-05-01T15:30:00+05:30,4563.04,4576.105,4561.595,4567.055,14509
2026-05-01T16:30:00+05:30,4567.01,4579.665,4562.515,4578.865,17149
2026-05-01T17:30:00+05:30,4578.81,4607.875,4575.11,4591.435,32765
2026-05-01T18:30:00+05:30,4591.43,4628.905,4586.695,4625.77,42210
2026-05-01T19:30:00+05:30,4625.67,4660.585,4625.16,4632.31,35425
2026-05-01T20:30:00+05:30,4632.325,4648.195,4619.1,4643.25,29094
2026-05-01T21:30:00+05:30,4643.2,4650.035,4633.99,4638.81,16045
2026-05-01T22:30:00+05:30,4638.815,4642.785,4626.785,4629.49,16000
2026-05-01T23:30:00+05:30,4629.495,4630.725,4613.855,4624.385,16870
2026-05-02T00:30:00+05:30,4624.46,4627.69,4609.015,4610.92,18674
2026-05-02T01:30:00+05:30,4610.905,4617.805,4607.22,4613.835,10585
2026-05-04T03:30:00+05:30,4625.35,4629.465,4612.66,4619.0,16805
2026-05-04T04:30:00+05:30,4618.985,4621.0,4611.405,4613.965,9595
2026-05-04T05:30:00+05:30,4613.96,4616.685,4601.825,4613.17,14860
2026-05-04T06:30:00+05:30,4613.125,4614.165,4592.965,4613.255,21199
2026-05-04T07:30:00+05:30,4613.26,4618.825,4591.11,4606.065,27715
2026-05-04T08:30:00+05:30,4606.04,4617.34,4598.63,4615.315,18710
2026-05-04T09:30:00+05:30,4615.28,4615.7,4605.36,4606.205,10340
2026-05-04T10:30:00+05:30,4606.19,4613.16,4592.365,4598.92,20795
2026-05-04T11:30:00+05:30,4598.915,4600.76,4583.95,4588.97,16810
2026-05-04T12:30:00+05:30,4588.95,4593.565,4578.215,4579.255,15349
2026-05-04T13:30:00+05:30,4579.245,4581.625,4573.85,4577.27,7774
2026-05-04T14:30:00+05:30,4577.245,4584.825,4572.095,4575.64,12729
2026-05-04T15:30:00+05:30,4575.645,4576.03,4526.09,4562.575,49939
2026-05-04T16:30:00+05:30,4562.545,4570.91,4551.515,4560.515,19394
2026-05-04T17:30:00+05:30,4560.395,4579.44,4559.295,4568.49,20144
2026-05-04T18:30:00+05:30,4568.525,4575.945,4555.205,4564.14,20739
2026-05-04T19:30:00+05:30,4564.16,4583.38,4553.44,4561.625,29940
2026-05-04T20:30:00+05:30,4561.74,4566.2,4513.635,4521.83,52564
2026-05-04T21:30:00+05:30,4521.775,4527.045,4501.035,4510.695,26010
2026-05-04T22:30:00+05:30,4510.74,4531.715,4510.74,4522.48,20975
2026-05-04T23:30:00+05:30,4522.525,4525.4,4509.96,4516.4,15439
2026-05-05T00:30:00+05:30,4516.345,4527.265,4511.425,4517.89,15840
2026-05-05T01:30:00+05:30,4517.84,4524.175,4512.005,4524.115,12170
2026-05-05T03:30:00+05:30,4520.775,4522.92,4515.59,4517.395,7329
2026-05-05T04:30:00+05:30,4517.39,4521.59,4516.125,4519.155,5465
2026-05-05T05:30:00+05:30,4519.2,4530.475,4513.655,4529.755,16820
2026-05-05T06:30:00+05:30,4529.63,4542.13,4525.47,4541.04,16659
2026-05-05T07:30:00+05:30,4541.145,4546.94,4534.775,4538.955,12164
2026-05-05T08:30:00+05:30,4538.875,4542.82,4532.465,4534.64,10354
2026-05-05T09:30:00+05:30,4534.635,4536.71,4528.03,4533.67,8680
2026-05-05T10:30:00+05:30,4533.625,4552.0,4531.47,4545.945,20529
2026-05-05T11:30:00+05:30,4545.95,4552.02,4533.9,4548.34,18120
2026-05-05T12:30:00+05:30,4548.365,4558.465,4543.42,4545.825,15045
2026-05-05T13:30:00+05:30,4545.815,4559.57,4545.69,4558.375,13880
2026-05-05T14:30:00+05:30,4558.36,4560.445,4550.985,4556.515,9460
2026-05-05T15:30:00+05:30,4556.53,4557.155,4540.13,4543.77,17024
2026-05-05T16:30:00+05:30,4543.755,4564.87,4539.96,4562.99,24909
2026-05-05T17:30:00+05:30,4562.985,4574.595,4554.195,4564.41,20400
2026-05-05T18:30:00+05:30,4564.42,4585.205,4564.42,4579.47,20784
2026-05-05T19:30:00+05:30,4579.57,4586.605,4565.985,4582.39,20619
2026-05-05T20:30:00+05:30,4582.44,4583.85,4568.43,4568.685,15420
2026-05-05T21:30:00+05:30,4568.655,4569.125,4553.77,4561.295,15354
2026-05-05T22:30:00+05:30,4561.28,4562.79,4553.355,4559.94,9435
2026-05-05T23:30:00+05:30,4559.975,4565.83,4557.55,4560.965,8279
2026-05-06T00:30:00+05:30,4561.095,4561.47,4551.625,4555.26,9845
2026-05-06T01:30:00+05:30,4555.14,4560.18,4554.23,4557.535,5950
2026-05-06T03:30:00+05:30,4552.07,4577.46,4546.36,4573.51,31100
2026-05-06T04:30:00+05:30,4573.42,4596.0,4569.565,4593.87,26435
2026-05-06T05:30:00+05:30,4593.735,4619.97,4588.33,4618.8,31640
2026-05-06T06:30:00+05:30,4618.645,4628.915,4609.63,4626.225,19284
2026-05-06T07:30:00+05:30,4626.2,4642.195,4625.555,4640.95,16639
2026-05-06T08:30:00+05:30,4640.925,4652.13,4638.67,4643.65,13460
2026-05-06T09:30:00+05:30,4643.645,4653.585,4643.455,4648.815,10130
2026-05-06T10:30:00+05:30,4648.82,4663.95,4644.765,4663.22,19184
2026-05-06T11:30:00+05:30,4663.21,4669.97,4657.07,4669.455,12900
2026-05-06T12:30:00+05:30,4669.46,4681.905,4657.47,4681.36,24434
2026-05-06T13:30:00+05:30,4681.325,4702.965,4671.655,4700.58,31310
2026-05-06T14:30:00+05:30,4700.63,4708.7,4689.08,4701.725,19619
2026-05-06T15:30:00+05:30,4701.73,4723.14,4695.705,4718.005,27435
2026-05-06T16:30:00+05:30,4717.98,4721.32,4690.98,4691.99,30340
2026-05-06T17:30:00+05:30,4691.995,4693.1,4660.435,4683.29,32664
2026-05-06T18:30:00+05:30,4683.325,4707.82,4669.02,4702.13,38799
2026-05-06T19:30:00+05:30,4702.13,4717.625,4697.71,4703.205,19914
2026-05-06T20:30:00+05:30,4703.17,4705.915,4687.79,4687.79,18125
2026-05-06T21:30:00+05:30,4687.75,4692.19,4679.705,4683.21,12484
2026-05-06T22:30:00+05:30,4683.205,4688.14,4679.145,4684.27,8994
2026-05-06T23:30:00+05:30,4684.275,4690.62,4682.125,4686.13,8494
2026-05-07T00:30:00+05:30,4686.14,4700.235,4686.14,4692.48,14094
2026-05-07T01:30:00+05:30,4692.455,4699.63,4685.26,4690.91,14369
2026-05-07T03:30:00+05:30,4690.165,4699.935,4690.165,4695.05,9770
2026-05-07T04:30:00+05:30,4694.99,4699.59,4690.355,4699.055,9235
2026-05-07T05:30:00+05:30,4698.995,4701.545,4685.655,4688.855,15890
2026-05-07T06:30:00+05:30,4688.86,4721.53,4685.275,4714.925,36255
2026-05-07T07:30:00+05:30,4714.93,4718.745,4700.165,4707.385,18579
2026-05-07T08:30:00+05:30,4707.295,4709.845,4699.12,4699.38,10725
2026-05-07T09:30:00+05:30,4699.425,4701.11,4692.505,4696.48,8604
2026-05-07T10:30:00+05:30,4696.43,4706.81,4694.91,4701.315,11900
2026-05-07T11:30:00+05:30,4701.32,4750.01,4701.29,4739.355,48720
2026-05-07T12:30:00+05:30,4739.37,4750.66,4731.53,4743.28,19130
2026-05-07T13:30:00+05:30,4743.265,4753.435,4730.875,4731.08,22560
2026-05-07T14:30:00+05:30,4731.11,4739.515,4721.84,4729.255,17675
2026-05-07T15:30:00+05:30,4729.255,4739.84,4726.77,4735.795,13069
2026-05-07T16:30:00+05:30,4735.93,4743.805,4727.305,4742.845,16500
2026-05-07T17:30:00+05:30,4742.965,4752.69,4733.185,4750.195,19504
2026-05-07T18:30:00+05:30,4750.235,4758.165,4731.38,4746.495,26784
2026-05-07T19:30:00+05:30,4746.245,4763.58,4741.28,4762.885,22300
2026-05-07T20:30:00+05:30,4762.895,4764.905,4726.43,4729.305,38474
2026-05-07T21:30:00+05:30,4729.31,4729.87,4704.575,4715.24,25295
2026-05-07T22:30:00+05:30,4715.235,4719.685,4687.92,4711.44,31765
2026-05-07T23:30:00+05:30,4711.445,4716.09,4695.535,4709.64,20555
2026-05-08T00:30:00+05:30,4709.62,4712.93,4697.98,4703.045,14950
2026-05-08T01:30:00+05:30,4703.055,4719.195,4686.28,4687.18,32914
2026-05-08T03:30:00+05:30,4694.565,4699.605,4682.045,4686.095,17559
2026-05-08T04:30:00+05:30,4686.115,4705.74,4684.845,4704.405,20894
2026-05-08T05:30:00+05:30,4704.385,4709.615,4694.125,4701.38,15489
2026-05-08T06:30:00+05:30,4701.3,4725.71,4700.45,4722.97,25260
2026-05-08T07:30:00+05:30,4723.145,4732.885,4706.995,4713.57,25890
2026-05-08T08:30:00+05:30,4713.565,4731.185,4711.405,4719.735,19780
2026-05-08T09:30:00+05:30,4719.72,4723.315,4709.31,4711.13,14004
2026-05-08T10:30:00+05:30,4711.22,4731.39,4709.675,4727.62,21715
2026-05-08T11:30:00+05:30,4727.605,4734.895,4712.665,4725.94,22230
2026-05-08T12:30:00+05:30,4725.855,4726.725,4697.045,4707.925,29680
2026-05-08T13:30:00+05:30,4707.965,4723.84,4706.72,4715.76,17119
2026-05-08T14:30:00+05:30,4715.755,4723.13,4707.605,4712.015,15525
2026-05-08T15:30:00+05:30,4711.915,4727.85,4711.24,4719.82,16610
2026-05-08T16:30:00+05:30,4719.8,4727.495,4713.91,4717.9,13585
2026-05-08T17:30:00+05:30,4717.87,4732.125,4702.88,4724.485,29244
2026-05-08T18:30:00+05:30,4724.395,4748.015,4716.51,4747.85,31505
2026-05-08T19:30:00+05:30,4747.84,4749.58,4713.495,4716.01,36085
2026-05-08T20:30:00+05:30,4716.02,4721.065,4702.055,4707.22,19009
2026-05-08T21:30:00+05:30,4707.23,4720.28,4705.55,4712.525,14729
2026-05-08T22:30:00+05:30,4712.505,4722.765,4712.225,4720.96,10539
2026-05-08T23:30:00+05:30,4721.025,4729.025,4720.01,4722.0,9014
2026-05-09T00:30:00+05:30,4721.995,4726.915,4721.06,4724.09,5854
2026-05-09T01:30:00+05:30,4724.19,4724.43,4714.745,4715.715,9685
2026-05-11T03:30:00+05:30,4687.43,4696.435,4680.075,4691.76,16360
2026-05-11T04:30:00+05:30,4691.75,4698.65,4688.805,4691.89,9844
2026-05-11T05:30:00+05:30,4691.84,4693.375,4670.505,4683.44,22869
2026-05-11T06:30:00+05:30,4683.415,4705.56,4674.635,4685.97,30925
2026-05-11T07:30:00+05:30,4685.975,4700.425,4676.905,4681.985,23520
2026-05-11T08:30:00+05:30,4681.96,4690.715,4675.45,4678.75,15265
2026-05-11T09:30:00+05:30,4678.775,4680.11,4668.55,4672.16,11559
2026-05-11T10:30:00+05:30,4672.1,4680.97,4648.09,4652.53,32880
2026-05-11T11:30:00+05:30,4652.62,4680.645,4649.505,4678.565,31140
2026-05-11T12:30:00+05:30,4678.555,4680.385,4664.33,4667.86,16055
2026-05-11T13:30:00+05:30,4667.79,4678.995,4664.46,4667.895,14534
2026-05-11T14:30:00+05:30,4667.84,4670.275,4650.795,4656.895,19479
2026-05-11T15:30:00+05:30,4656.9,4667.69,4656.49,4664.14,11199
2026-05-11T16:30:00+05:30,4664.15,4677.425,4664.15,4674.625,13275
2026-05-11T17:30:00+05:30,4674.56,4701.245,4667.535,4700.035,33710
2026-05-11T18:30:00+05:30,4700.055,4748.95,4698.82,4736.135,50130
2026-05-11T19:30:00+05:30,4736.125,4738.465,4715.205,4725.625,23260
2026-05-11T20:30:00+05:30,4725.61,4738.195,4722.9,4732.36,15295
2026-05-11T21:30:00+05:30,4732.375,4733.735,4708.005,4716.485,25729
2026-05-11T22:30:00+05:30,4716.415,4724.835,4715.92,4723.895,8914
2026-05-11T23:30:00+05:30,4724.035,4729.47,4721.11,4725.085,8360
2026-05-12T00:30:00+05:30,4725.13,4736.21,4722.495,4733.655,13715
2026-05-12T01:30:00+05:30,4733.755,4738.59,4729.985,4735.455,8605
2026-05-12T03:30:00+05:30,4740.565,4755.745,4737.79,4751.09,17954
2026-05-12T04:30:00+05:30,4751.48,4769.795,4746.35,4767.67,23444
2026-05-12T05:30:00+05:30,4767.675,4773.575,4748.89,4749.56,24684
2026-05-12T06:30:00+05:30,4749.51,4755.805,4720.53,4727.4,35275
2026-05-12T07:30:00+05:30,4727.325,4734.105,4722.425,4730.02,11679
2026-05-12T08:30:00+05:30,4730.05,4733.41,4718.25,4720.33,15159
2026-05-12T09:30:00+05:30,4720.28,4730.48,4710.975,4714.255,19504
2026-05-12T10:30:00+05:30,4714.215,4722.32,4709.0,4714.595,13319
2026-05-12T11:30:00+05:30,4714.53,4714.735,4694.51,4697.09,20224
2026-05-12T12:30:00+05:30,4697.1,4703.97,4686.395,4699.985,17574
2026-05-12T13:30:00+05:30,4699.995,4706.99,4697.195,4703.415,9795
2026-05-12T14:30:00+05:30,4703.36,4705.155,4694.325,4699.455,10829
2026-05-12T15:30:00+05:30,4699.475,4708.715,4685.28,4694.47,23435
2026-05-12T16:30:00+05:30,4694.615,4709.475,4687.26,4706.49,22215
2026-05-12T17:30:00+05:30,4706.58,4711.68,4689.84,4705.74,21840
2026-05-12T18:30:00+05:30,4705.73,4709.025,4676.88,4679.225,32144
2026-05-12T19:30:00+05:30,4679.365,4695.235,4669.555,4673.0,25679
2026-05-12T20:30:00+05:30,4672.99,4676.235,4638.365,4666.285,37869
2026-05-12T21:30:00+05:30,4666.29,4675.19,4664.265,4671.375,10924
2026-05-12T22:30:00+05:30,4671.38,4682.42,4671.38,4678.84,11039
2026-05-12T23:30:00+05:30,4678.825,4698.14,4676.235,4695.94,21905
2026-05-13T00:30:00+05:30,4695.96,4715.705,4695.96,4715.595,19744
2026-05-13T01:30:00+05:30,4715.545,4719.365,4712.155,4715.495,7210
2026-05-13T03:30:00+05:30,4719.905,4722.445,4711.74,4716.965,10704
2026-05-13T04:30:00+05:30,4716.955,4723.915,4715.24,4717.175,8675
2026-05-13T05:30:00+05:30,4717.28,4727.03,4713.925,4714.955,13104
2026-05-13T06:30:00+05:30,4715.015,4717.405,4701.205,4702.615,16199
2026-05-13T07:30:00+05:30,4702.575,4707.73,4687.705,4692.01,20024
2026-05-13T08:30:00+05:30,4692.0,4705.795,4689.025,4696.1,16770
2026-05-13T09:30:00+05:30,4696.165,4703.45,4695.48,4699.57,7970
2026-05-13T10:30:00+05:30,4699.52,4707.385,4693.73,4704.32,13655
2026-05-13T11:30:00+05:30,4704.32,4715.385,4698.955,4701.735,16430
2026-05-13T12:30:00+05:30,4701.755,4708.755,4696.8,4702.78,11954
2026-05-13T13:30:00+05:30,4702.785,4704.34,4694.665,4700.605,9675
2026-05-13T14:30:00+05:30,4700.615,4702.09,4685.905,4700.85,16185
2026-05-13T15:30:00+05:30,4700.87,4710.585,4693.77,4694.19,16814
2026-05-13T16:30:00+05:30,4694.215,4705.7,4691.775,4697.485,13925
2026-05-13T17:30:00+05:30,4697.43,4701.62,4676.135,4683.84,25484
2026-05-13T18:30:00+05:30,4683.715,4694.825,4669.525,4679.415,25300
2026-05-13T19:30:00+05:30,4679.405,4691.12,4672.885,4679.75,18234
2026-05-13T20:30:00+05:30,4679.825,4700.025,4678.92,4695.715,21104
2026-05-13T21:30:00+05:30,4695.65,4709.9,4695.13,4695.865,14769
2026-05-13T22:30:00+05:30,4695.885,4701.28,4684.555,4685.6,16724
2026-05-13T23:30:00+05:30,4685.635,4694.175,4677.63,4685.11,16545
2026-05-14T00:30:00+05:30,4685.14,4690.705,4683.525,4688.38,7180
2026-05-14T01:30:00+05:30,4688.465,4693.475,4686.075,4689.14,7400
2026-05-14T03:30:00+05:30,4693.605,4700.57,4689.06,4700.035,11509
2026-05-14T04:30:00+05:30,4699.98,4702.125,4693.38,4696.62,8744
2026-05-14T05:30:00+05:30,4696.5,4706.795,4689.78,4705.065,17015
2026-05-14T06:30:00+05:30,4705.015,4707.15,4683.455,4688.95,23694
2026-05-14T07:30:00+05:30,4689.0,4699.775,4680.21,4686.48,19564
2026-05-14T08:30:00+05:30,4686.475,4693.45,4673.965,4675.285,19484
2026-05-14T09:30:00+05:30,4675.3,4712.685,4668.71,4702.355,43975
2026-05-14T10:30:00+05:30,4702.54,4704.235,4689.21,4689.955,15024
2026-05-14T11:30:00+05:30,4689.94,4702.505,4686.31,4700.515,16194
2026-05-14T12:30:00+05:30,4700.43,4718.88,4690.945,4693.35,27935
2026-05-14T13:30:00+05:30,4693.365,4706.83,4692.205,4693.485,14625
2026-05-14T14:30:00+05:30,4693.55,4702.755,4688.645,4699.73,14109
2026-05-14T15:30:00+05:30,4699.74,4705.63,4691.27,4697.09,14359
2026-05-14T16:30:00+05:30,4697.16,4704.895,4689.51,4694.205,15385
2026-05-14T17:30:00+05:30,4694.175,4710.165,4692.42,4704.95,17744
2026-05-14T18:30:00+05:30,4704.945,4707.935,4666.78,4679.775,41155
2026-05-14T19:30:00+05:30,4679.835,4700.98,4677.815,4679.53,23164
2026-05-14T20:30:00+05:30,4679.62,4689.625,4677.195,4685.765,12430
2026-05-14T21:30:00+05:30,4685.815,4687.055,4670.51,4678.66,16545
2026-05-14T22:30:00+05:30,4678.675,4683.115,4676.49,4678.33,6625
2026-05-14T23:30:00+05:30,4678.34,4678.41,4667.165,4671.8,11244
2026-05-15T00:30:00+05:30,4671.89,4672.02,4653.26,4654.37,18760
2026-05-15T01:30:00+05:30,4654.385,4657.18,4644.31,4652.27,12869
2026-05-15T03:30:00+05:30,4654.08,4662.77,4652.145,4662.515,10625
2026-05-15T04:30:00+05:30,4662.5,4665.445,4646.85,4652.15,18594
2026-05-15T05:30:00+05:30,4652.22,4658.225,4613.745,4630.465,44480
2026-05-15T06:30:00+05:30,4630.475,4631.69,4607.51,4614.23,24179
2026-05-15T07:30:00+05:30,4614.265,4623.42,4609.45,4617.945,13970
2026-05-15T08:30:00+05:30,4617.885,4622.33,4607.68,4615.605,14649
2026-05-15T09:30:00+05:30,4615.61,4621.91,4604.45,4606.19,17460
2026-05-15T10:30:00+05:30,4606.3,4606.58,4556.71,4559.04,49869
2026-05-15T11:30:00+05:30,4559.02,4580.645,4556.52,4570.22,24125
2026-05-15T12:30:00+05:30,4570.205,4588.88,4566.07,4570.975,22810
2026-05-15T13:30:00+05:30,4570.985,4572.245,4550.055,4554.62,22189
2026-05-15T14:30:00+05:30,4554.605,4564.035,4531.995,4546.095,32039
2026-05-15T15:30:00+05:30,4546.115,4572.775,4544.3,4566.135,28474
2026-05-15T16:30:00+05:30,4566.12,4570.37,4550.005,4552.18,20364
2026-05-15T17:30:00+05:30,4552.19,4558.815,4543.83,4545.96,14984
2026-05-15T18:30:00+05:30,4545.965,4557.66,4510.985,4533.685,46675
2026-05-15T19:30:00+05:30,4533.645,4566.735,4525.465,4562.85,41269
2026-05-15T20:30:00+05:30,4562.865,4563.78,4533.86,4539.95,29920
2026-05-15T21:30:00+05:30,4539.995,4548.255,4529.555,4544.4,18699
2026-05-15T22:30:00+05:30,4544.23,4564.605,4543.105,4559.65,21500
2026-05-15T23:30:00+05:30,4559.685,4563.115,4552.415,4559.25,10699
2026-05-16T00:30:00+05:30,4559.255,4560.18,4545.1,4546.005,15079
2026-05-16T01:30:00+05:30,4546.01,4546.47,4533.34,4540.645,13130
2026-05-18T03:30:00+05:30,4545.805,4554.915,4538.175,4546.05,16739
2026-05-18T04:30:00+05:30,4546.06,4548.035,4532.25,4537.21,15784
2026-05-18T05:30:00+05:30,4537.215,4542.635,4480.41,4514.795,62225
2026-05-18T06:30:00+05:30,4514.795,4535.715,4489.535,4525.67,46180
2026-05-18T07:30:00+05:30,4525.61,4542.9,4522.355,4533.815,20545
2026-05-18T08:30:00+05:30,4533.785,4548.06,4525.565,4541.215,22495
2026-05-18T09:30:00+05:30,4541.21,4549.93,4530.235,4540.825,19695
2026-05-18T10:30:00+05:30,4540.775,4552.045,4530.205,4531.245,21840
2026-05-18T11:30:00+05:30,4531.19,4548.235,4530.005,4546.855,18229
2026-05-18T12:30:00+05:30,4546.875,4560.095,4538.465,4546.295,21630
2026-05-18T13:30:00+05:30,4546.285,4557.135,4542.44,4549.97,14695
2026-05-18T14:30:00+05:30,4549.96,4552.125,4540.38,4543.205,11744
2026-05-18T15:30:00+05:30,4543.165,4547.955,4532.145,4540.495,15809
2026-05-18T16:30:00+05:30,4540.49,4567.17,4529.96,4550.925,37210
2026-05-18T17:30:00+05:30,4550.965,4575.065,4545.36,4571.425,29704
2026-05-18T18:30:00+05:30,4571.43,4584.375,4561.975,4575.75,22399
2026-05-18T19:30:00+05:30,4575.63,4575.63,4537.81,4546.53,37819
2026-05-18T20:30:00+05:30,4546.555,4548.02,4531.85,4543.71,16170
2026-05-18T21:30:00+05:30,4543.715,4554.69,4533.915,4550.21,20774
2026-05-18T22:30:00+05:30,4550.04,4558.29,4545.645,4546.935,12644
2026-05-18T23:30:00+05:30,4546.95,4547.775,4534.375,4535.855,13399
2026-05-19T00:30:00+05:30,4535.86,4565.07,4535.335,4558.55,29734
2026-05-19T01:30:00+05:30,4558.625,4566.87,4558.08,4566.16,8789
2026-05-19T03:30:00+05:30,4570.36,4578.58,4569.81,4574.115,8769
2026-05-19T04:30:00+05:30,4573.995,4589.09,4573.86,4581.995,15230
2026-05-19T05:30:00+05:30,4582.16,4589.58,4561.465,4563.21,28114
2026-05-19T06:30:00+05:30,4563.26,4572.48,4554.27,4564.065,18209
2026-05-19T07:30:00+05:30,4564.005,4564.005,4546.055,4547.29,17949
2026-05-19T08:30:00+05:30,4547.22,4555.16,4543.77,4545.19,11389
2026-05-19T09:30:00+05:30,4545.18,4545.895,4538.075,4542.605,7820
2026-05-19T10:30:00+05:30,4542.71,4546.675,4531.085,4540.915,15590
2026-05-19T11:30:00+05:30,4540.93,4553.97,4533.68,4548.33,20289
2026-05-19T12:30:00+05:30,4548.315,4559.535,4541.575,4557.28,17960
2026-05-19T13:30:00+05:30,4557.25,4559.25,4536.405,4543.05,22845
2026-05-19T14:30:00+05:30,4543.035,4546.935,4536.205,4542.035,10730
2026-05-19T15:30:00+05:30,4542.01,4544.925,4525.68,4544.925,19244
2026-05-19T16:30:00+05:30,4544.855,4548.01,4529.915,4530.89,18095
2026-05-19T17:30:00+05:30,4530.905,4547.28,4527.6,4537.305,19679
2026-05-19T18:30:00+05:30,4537.385,4537.7,4464.78,4504.175,72920
2026-05-19T19:30:00+05:30,4504.055,4514.23,4484.495,4494.165,29734
2026-05-19T20:30:00+05:30,4494.095,4509.48,4489.845,4508.63,19634
2026-05-19T21:30:00+05:30,4508.64,4512.7,4496.385,4507.9,16314
2026-05-19T22:30:00+05:30,4507.725,4511.125,4499.31,4500.9,11814
2026-05-19T23:30:00+05:30,4500.915,4503.84,4490.33,4493.65,13510
2026-05-20T00:30:00+05:30,4493.63,4497.84,4481.285,4483.5,16555
2026-05-20T01:30:00+05:30,4483.44,4488.355,4481.07,4482.115,7284
2026-05-20T03:30:00+05:30,4484.735,4485.975,4477.45,4484.73,8525
2026-05-20T04:30:00+05:30,4484.61,4496.595,4479.995,4489.485,16600
2026-05-20T05:30:00+05:30,4489.51,4508.85,4479.82,4501.185,29030
2026-05-20T06:30:00+05:30,4501.175,4506.29,4456.095,4481.485,50194
2026-05-20T07:30:00+05:30,4481.54,4487.24,4458.68,4465.395,28559
2026-05-20T08:30:00+05:30,4465.305,4467.265,4453.39,4463.96,13875
2026-05-20T09:30:00+05:30,4463.955,4470.75,4456.8,4462.14,13949
2026-05-20T10:30:00+05:30,4462.07,4479.125,4461.79,4472.855,17335
2026-05-20T11:30:00+05:30,4472.83,4478.555,4461.69,4474.47,16865
2026-05-20T12:30:00+05:30,4474.355,4486.095,4472.08,4478.545,14015
2026-05-20T13:30:00+05:30,4478.585,4490.305,4476.81,4484.065,13494
2026-05-20T14:30:00+05:30,4484.035,4491.18,4472.805,4484.925,18375
2026-05-20T15:30:00+05:30,4484.885,4497.115,4484.68,4494.85,12434
2026-05-20T16:30:00+05:30,4494.845,4501.29,4490.905,4499.16,10385
2026-05-20T17:30:00+05:30,4499.08,4505.435,4493.07,4496.245,12365
2026-05-20T18:30:00+05:30,4496.24,4506.36,4482.26,4483.265,24099
2026-05-20T19:30:00+05:30,4483.285,4537.355,4467.245,4531.295,70109
2026-05-20T20:30:00+05:30,4531.3,4553.045,4523.175,4529.21,29869
2026-05-20T21:30:00+05:30,4529.27,4535.555,4524.115,4534.465,11440
2026-05-20T22:30:00+05:30,4534.475,4538.24,4529.995,4531.445,8244
2026-05-20T23:30:00+05:30,4531.275,4545.16,4529.12,4542.515,16039
2026-05-21T00:30:00+05:30,4542.525,4550.38,4541.81,4545.675,8569
2026-05-21T01:30:00+05:30,4545.66,4550.445,4542.18,4543.705,8264
2026-05-21T03:30:00+05:30,4544.62,4546.92,4535.35,4539.9,11569
2026-05-21T04:30:00+05:30,4539.91,4547.525,4534.74,4546.74,12784
2026-05-21T05:30:00+05:30,4546.87,4553.355,4537.365,4545.16,15989
2026-05-21T06:30:00+05:30,4545.19,4570.895,4539.92,4561.01,30975
2026-05-21T07:30:00+05:30,4561.0,4564.92,4531.615,4533.24,33305
2026-05-21T08:30:00+05:30,4533.23,4540.28,4527.37,4528.4,12909
2026-05-21T09:30:00+05:30,4528.385,4540.8,4527.56,4538.63,13239
2026-05-21T10:30:00+05:30,4538.72,4540.66,4518.44,4527.975,22220
2026-05-21T11:30:00+05:30,4527.995,4539.905,4518.905,4521.525,21000
2026-05-21T12:30:00+05:30,4521.49,4524.375,4512.075,4519.785,12300
2026-05-21T13:30:00+05:30,4519.85,4537.06,4518.415,4532.715,18645
2026-05-21T14:30:00+05:30,4532.685,4543.06,4528.03,4530.855,15030
2026-05-21T15:30:00+05:30,4530.845,4535.435,4504.895,4511.77,30539
2026-05-21T16:30:00+05:30,4511.82,4521.3,4508.23,4514.08,13070
2026-05-21T17:30:00+05:30,4514.1,4519.47,4502.08,4504.25,17390
2026-05-21T18:30:00+05:30,4504.245,4521.095,4488.63,4513.455,32465
2026-05-21T19:30:00+05:30,4513.465,4515.415,4498.17,4508.795,17244
2026-05-21T20:30:00+05:30,4508.835,4515.43,4496.91,4512.045,18520
2026-05-21T21:30:00+05:30,4512.15,4520.81,4512.15,4519.465,8660
2026-05-21T22:30:00+05:30,4519.465,4559.365,4514.28,4551.435,45085
2026-05-21T23:30:00+05:30,4551.48,4556.085,4527.51,4532.035,28574
2026-05-22T00:30:00+05:30,4532.04,4543.935,4529.795,4543.085,14140
2026-05-22T01:30:00+05:30,4543.07,4544.925,4539.94,4543.425,4985
2026-05-22T03:30:00+05:30,4544.905,4544.93,4539.785,4543.465,5145
2026-05-22T04:30:00+05:30,4543.47,4545.26,4532.43,4535.425,12829
2026-05-22T05:30:00+05:30,4535.47,4541.24,4525.64,4526.71,15599
2026-05-22T06:30:00+05:30,4526.695,4536.235,4521.18,4526.38,15054
2026-05-22T07:30:00+05:30,4526.31,4529.66,4518.53,4523.335,11130
2026-05-22T08:30:00+05:30,4523.395,4530.04,4519.37,4529.54,10670
2026-05-22T09:30:00+05:30,4529.535,4532.98,4525.41,4527.135,7569
2026-05-22T10:30:00+05:30,4527.09,4534.325,4507.43,4511.7,26894
2026-05-22T11:30:00+05:30,4511.705,4528.98,4510.025,4527.02,18954
2026-05-22T12:30:00+05:30,4527.045,4527.5,4516.2,4521.87,11300
2026-05-22T13:30:00+05:30,4521.875,4531.32,4517.02,4521.835,14299
2026-05-22T14:30:00+05:30,4521.83,4535.96,4514.88,4532.255,21079
2026-05-22T15:30:00+05:30,4532.265,4536.82,4510.285,4514.705,26534
2026-05-22T16:30:00+05:30,4514.66,4525.315,4511.67,4520.635,13644
2026-05-22T17:30:00+05:30,4520.595,4535.96,4515.325,4528.24,20635
2026-05-22T18:30:00+05:30,4528.225,4534.495,4510.32,4514.02,24175
2026-05-22T19:30:00+05:30,4513.6,4513.73,4491.93,4500.615,21799
2026-05-22T20:30:00+05:30,4500.73,4522.555,4500.245,4519.975,22310
2026-05-22T21:30:00+05:30,4520.085,4526.915,4512.38,4515.05,14534
2026-05-22T22:30:00+05:30,4515.1,4527.995,4513.215,4519.255,14779
2026-05-22T23:30:00+05:30,4519.245,4520.34,4512.11,4515.27,8230
2026-05-23T00:30:00+05:30,4515.28,4516.05,4504.34,4508.45,11710
2026-05-23T01:30:00+05:30,4508.48,4510.69,4504.17,4509.69,6519
2026-05-25T03:30:00+05:30,4550.54,4565.825,4548.91,4565.33,16914
2026-05-25T04:30:00+05:30,4565.36,4580.21,4565.27,4567.08,14939
2026-05-25T05:30:00+05:30,4567.07,4579.575,4566.33,4569.72,13244
2026-05-25T06:30:00+05:30,4569.715,4576.585,4560.34,4563.08,16244
2026-05-25T07:30:00+05:30,4563.09,4570.51,4558.955,4561.43,11555
2026-05-25T08:30:00+05:30,4561.435,4564.6,4556.585,4559.78,8015
2026-05-25T09:30:00+05:30,4559.655,4565.94,4559.39,4564.88,6549
2026-05-25T10:30:00+05:30,4564.895,4566.0,4552.015,4553.43,13984
2026-05-25T11:30:00+05:30,4553.455,4563.43,4550.55,4562.69,12880
2026-05-25T12:30:00+05:30,4562.7,4565.18,4552.495,4564.79,12685
2026-05-25T13:30:00+05:30,4564.78,4565.085,4553.435,4556.01,11649
2026-05-25T14:30:00+05:30,4556.07,4569.165,4554.92,4567.62,14244
2026-05-25T15:30:00+05:30,4567.62,4573.825,4567.62,4568.6,6204
2026-05-25T16:30:00+05:30,4568.63,4577.115,4567.705,4569.46,9409
2026-05-25T17:30:00+05:30,4569.455,4570.41,4553.12,4567.795,17289
2026-05-25T18:30:00+05:30,4567.74,4571.605,4560.17,4563.125,11434
2026-05-25T19:30:00+05:30,4563.14,4570.655,4562.46,4566.985,8194
2026-05-25T20:30:00+05:30,4566.97,4574.875,4565.665,4571.06,9210
2026-05-25T21:30:00+05:30,4571.07,4574.685,4568.005,4573.63,6680
2026-05-25T22:30:00+05:30,4573.485,4578.065,4563.365,4565.11,14699
2026-05-25T23:30:00+05:30,4565.175,4572.05,4564.325,4570.315,7725
2026-05-26T03:30:00+05:30,4571.33,4576.635,4569.68,4574.935,6954
2026-05-26T04:30:00+05:30,4574.95,4580.245,4555.415,4559.77,24829
2026-05-26T05:30:00+05:30,4559.865,4560.36,4539.595,4549.9,20764
2026-05-26T06:30:00+05:30,4549.905,4550.685,4527.865,4537.3,22820
2026-05-26T07:30:00+05:30,4537.285,4539.75,4530.165,4532.445,9585
2026-05-26T08:30:00+05:30,4532.45,4545.6,4532.22,4542.4,13380
2026-05-26T09:30:00+05:30,4542.44,4543.255,4523.59,4525.65,19664
2026-05-26T10:30:00+05:30,4525.635,4535.24,4523.005,4527.37,12234
2026-05-26T11:30:00+05:30,4527.32,4536.28,4527.26,4531.135,9019
2026-05-26T12:30:00+05:30,4531.225,4539.2,4521.68,4538.365,17519
2026-05-26T13:30:00+05:30,4538.33,4539.145,4520.11,4523.88,19035
2026-05-26T14:30:00+05:30,4523.89,4526.665,4512.07,4522.775,14595
2026-05-26T15:30:00+05:30,4522.81,4540.69,4519.52,4534.46,21169
2026-05-26T16:30:00+05:30,4534.46,4536.405,4503.615,4507.46,32789
2026-05-26T17:30:00+05:30,4507.465,4523.875,4500.785,4520.59,23090
2026-05-26T18:30:00+05:30,4520.565,4531.475,4512.3,4514.15,19175
2026-05-26T19:30:00+05:30,4514.37,4525.11,4507.91,4515.425,17199
2026-05-26T20:30:00+05:30,4515.495,4515.755,4502.41,4506.64,13345
2026-05-26T21:30:00+05:30,4506.725,4511.34,4499.845,4505.155,11494
2026-05-26T22:30:00+05:30,4505.155,4507.765,4490.025,4491.19,17740
2026-05-26T23:30:00+05:30,4491.135,4499.66,4482.62,4499.425,17039
2026-05-27T00:30:00+05:30,4499.43,4510.055,4497.805,4509.05,12250
2026-05-27T01:30:00+05:30,4509.04,4511.22,4504.2,4507.57,7020
2026-05-27T03:30:00+05:30,4506.725,4512.66,4498.125,4511.13,14534
2026-05-27T04:30:00+05:30,4511.155,4528.05,4504.485,4519.68,23565
2026-05-27T05:30:00+05:30,4519.54,4526.035,4514.315,4515.06,11720
2026-05-27T06:30:00+05:30,4515.055,4521.19,4507.005,4508.165,14184
2026-05-27T07:30:00+05:30,4508.16,4509.745,4498.075,4505.96,11670
2026-05-27T08:30:00+05:30,4505.94,4512.095,4496.91,4497.325,15185
2026-05-27T09:30:00+05:30,4497.32,4517.375,4496.065,4510.28,21310
2026-05-27T10:30:00+05:30,4510.31,4513.94,4491.89,4497.685,22049
2026-05-27T11:30:00+05:30,4497.68,4499.31,4479.87,4485.17,19440
2026-05-27T12:30:00+05:30,4485.18,4489.43,4475.985,4482.265,13445
2026-05-27T13:30:00+05:30,4482.27,4498.845,4481.385,4497.93,17460
2026-05-27T14:30:00+05:30,4497.92,4497.92,4487.14,4490.165,10779
2026-05-27T15:30:00+05:30,4490.16,4490.705,4442.765,4445.99,47939
2026-05-27T16:30:00+05:30,4446.075,4453.41,4425.145,4428.795,28264
2026-05-27T17:30:00+05:30,4428.79,4466.7,4427.66,4439.01,39039
2026-05-27T18:30:00+05:30,4438.975,4439.215,4401.63,4427.425,37585
2026-05-27T19:30:00+05:30,4427.455,4455.655,4426.08,4434.105,29574
2026-05-27T20:30:00+05:30,4434.07,4441.64,4428.21,4436.55,13430
2026-05-27T21:30:00+05:30,4436.555,4453.36,4434.23,4450.8,19130
2026-05-27T22:30:00+05:30,4450.82,4454.39,4441.415,4450.495,12975
2026-05-27T23:30:00+05:30,4450.28,4458.445,4447.795,4454.435,10649
2026-05-28T00:30:00+05:30,4454.445,4454.855,4448.905,4451.01,5949
2026-05-28T01:30:00+05:30,4450.925,4458.975,4450.13,4456.12,8845
2026-05-28T03:30:00+05:30,4456.89,4462.58,4455.31,4457.55,7269
2026-05-28T04:30:00+05:30,4457.545,4457.815,4443.905,4447.11,13909
2026-05-28T05:30:00+05:30,4447.125,4458.245,4443.7,4457.15,14545
2026-05-28T06:30:00+05:30,4457.56,4459.0,4406.875,4410.105,52125
2026-05-28T07:30:00+05:30,4410.29,4412.91,4392.63,4394.37,20279
2026-05-28T08:30:00+05:30,4394.27,4397.925,4368.605,4374.89,29320
2026-05-28T09:30:00+05:30,4374.86,4382.4,4366.23,4373.1,16170
2026-05-28T10:30:00+05:30,4373.13,4395.97,4367.215,4388.115,28755
2026-05-28T11:30:00+05:30,4388.1,4390.67,4374.31,4383.795,16359
2026-05-28T12:30:00+05:30,4383.815,4396.31,4382.9,4387.745,13410
2026-05-28T13:30:00+05:30,4387.725,4395.145,4385.99,4387.055,9155
2026-05-28T14:30:00+05:30,4387.01,4399.195,4386.545,4393.605,12649
2026-05-28T15:30:00+05:30,4393.645,4404.33,4375.255,4383.17,29074
2026-05-28T16:30:00+05:30,4383.12,4390.725,4381.01,4387.925,9715
2026-05-28T17:30:00+05:30,4387.945,4433.88,4379.745,4432.24,54135
2026-05-28T18:30:00+05:30,4432.245,4439.185,4418.255,4430.46,20930
2026-05-28T19:30:00+05:30,4430.285,4480.53,4420.87,4469.97,59659
2026-05-28T20:30:00+05:30,4469.945,4484.995,4468.825,4482.505,16170
2026-05-28T21:30:00+05:30,4482.51,4511.075,4477.685,4511.015,33389
2026-05-28T22:30:00+05:30,4511.035,4514.63,4501.305,4509.065,13324
2026-05-28T23:30:00+05:30,4509.06,4516.63,4498.645,4501.385,17984
2026-05-29T00:30:00+05:30,4501.365,4503.79,4497.305,4497.995,6484
2026-05-29T01:30:00+05:30,4497.965,4500.715,4494.775,4495.825,5940
2026-05-29T03:30:00+05:30,4497.085,4498.15,4491.135,4491.22,7014
2026-05-29T04:30:00+05:30,4491.26,4497.24,4488.975,4495.08,8264
2026-05-29T05:30:00+05:30,4495.195,4500.75,4492.085,4496.22,8664
2026-05-29T06:30:00+05:30,4496.37,4520.815,4492.42,4506.52,28394
2026-05-29T07:30:00+05:30,4506.55,4511.31,4498.6,4501.785,12710
2026-05-29T08:30:00+05:30,4501.69,4502.145,4494.935,4501.38,7210
2026-05-29T09:30:00+05:30,4501.365,4515.19,4501.18,4514.105,14009
2026-05-29T10:30:00+05:30,4514.1,4515.73,4502.635,4515.165,13094
2026-05-29T11:30:00+05:30,4515.17,4524.09,4510.03,4523.605,14060
2026-05-29T12:30:00+05:30,4523.59,4526.2,4510.695,4524.82,15505
2026-05-29T13:30:00+05:30,4524.8,4524.855,4509.955,4514.95,14899
2026-05-29T14:30:00+05:30,4514.965,4539.75,4513.255,4531.315,26494
2026-05-29T15:30:00+05:30,4531.26,4543.31,4525.58,4538.825,17730
2026-05-29T16:30:00+05:30,4538.785,4540.665,4525.935,4538.58,14729
2026-05-29T17:30:00+05:30,4538.6,4538.765,4512.73,4523.215,26035
2026-05-29T18:30:00+05:30,4523.18,4540.785,4517.04,4536.725,23744
2026-05-29T19:30:00+05:30,4536.73,4570.61,4525.38,4564.135,45229
2026-05-29T20:30:00+05:30,4564.13,4595.33,4557.56,4571.25,37769
2026-05-29T21:30:00+05:30,4571.3,4573.68,4560.07,4567.03,13610
2026-05-29T22:30:00+05:30,4567.05,4568.57,4551.715,4553.51,16854
2026-05-29T23:30:00+05:30,4553.545,4561.75,4551.015,4553.245,10734
2026-05-30T00:30:00+05:30,4553.24,4560.29,4542.9,4545.685,17390
2026-05-30T01:30:00+05:30,4545.515,4549.24,4540.06,4540.53,9179
2026-06-01T03:30:00+05:30,4520.795,4540.485,4520.025,4535.37,20460
2026-06-01T04:30:00+05:30,4535.405,4545.845,4535.23,4539.665,10615
2026-06-01T05:30:00+05:30,4539.68,4546.27,4535.39,4540.765,10880
2026-06-01T06:30:00+05:30,4540.83,4541.45,4523.715,4525.47,17734
2026-06-01T07:30:00+05:30,4525.46,4534.825,4521.325,4521.595,13500
2026-06-01T08:30:00+05:30,4521.605,4525.64,4509.965,4516.555,15675
2026-06-01T09:30:00+05:30,4516.615,4519.74,4508.64,4514.64,11099
2026-06-01T10:30:00+05:30,4514.66,4525.27,4512.79,4518.32,12480
2026-06-01T11:30:00+05:30,4518.285,4518.855,4500.32,4501.61,18534
2026-06-01T12:30:00+05:30,4501.57,4510.09,4492.59,4503.345,17500
2026-06-01T13:30:00+05:30,4503.325,4504.69,4490.45,4498.275,14239
2026-06-01T14:30:00+05:30,4498.27,4506.455,4489.095,4495.945,17359
2026-06-01T15:30:00+05:30,4495.95,4511.15,4495.95,4504.125,15199
2026-06-01T16:30:00+05:30,4504.11,4513.08,4499.94,4505.895,13140
2026-06-01T17:30:00+05:30,4505.915,4510.55,4497.62,4502.215,12930
2026-06-01T18:30:00+05:30,4502.265,4503.985,4448.35,4450.745,55634
2026-06-01T19:30:00+05:30,4449.595,4464.845,4447.86,4458.81,16985
2026-06-01T20:30:00+05:30,4458.83,4479.885,4455.595,4474.29,24289
2026-06-01T21:30:00+05:30,4474.16,4482.27,4463.07,4480.17,19200
2026-06-01T22:30:00+05:30,4480.23,4495.54,4471.58,4487.46,23960
2026-06-01T23:30:00+05:30,4487.455,4490.24,4484.915,4486.73,5324
2026-06-02T00:30:00+05:30,4486.605,4488.245,4479.16,4481.265,9085
2026-06-02T01:30:00+05:30,4481.29,4485.89,4480.26,4484.725,5630
2026-06-02T03:30:00+05:30,4483.385,4486.67,4479.755,4485.765,6914
2026-06-02T04:30:00+05:30,4485.755,4488.345,4479.21,4484.475,9135
2026-06-02T05:30:00+05:30,4484.545,4497.135,4476.91,4481.545,20225
2026-06-02T06:30:00+05:30,4481.45,4492.49,4463.01,4474.03,29479
2026-06-02T07:30:00+05:30,4474.0,4486.78,4472.265,4486.065,14514
2026-06-02T08:30:00+05:30,4486.05,4499.445,4485.785,4499.425,13659
2026-06-02T09:30:00+05:30,4499.43,4518.4,4497.915,4517.45,20484
2026-06-02T10:30:00+05:30,4517.44,4528.26,4515.1,4517.195,13159
2026-06-02T11:30:00+05:30,4517.145,4538.455,4517.07,4535.945,21385
2026-06-02T12:30:00+05:30,4535.765,4541.63,4528.085,4535.14,13545
2026-06-02T13:30:00+05:30,4535.16,4539.255,4526.095,4526.845,13159
2026-06-02T14:30:00+05:30,4526.855,4535.76,4521.715,4529.95,14045
2026-06-02T15:30:00+05:30,4529.97,4534.085,4524.7,4533.28,9385
2026-06-02T16:30:00+05:30,4533.29,4534.845,4525.72,4527.635,9125
2026-06-02T17:30:00+05:30,4527.66,4534.19,4513.555,4514.79,20634
2026-06-02T18:30:00+05:30,4514.84,4524.91,4503.015,4503.08,21894
2026-06-02T19:30:00+05:30,4503.055,4507.065,4490.435,4504.27,16629
2026-06-02T20:30:00+05:30,4504.29,4508.64,4500.16,4502.18,8480
2026-06-02T21:30:00+05:30,4502.245,4502.85,4486.355,4491.965,16495
2026-06-02T22:30:00+05:30,4491.95,4493.22,4482.14,4484.615,11079
2026-06-02T23:30:00+05:30,4484.63,4491.075,4478.785,4487.365,12289
2026-06-03T00:30:00+05:30,4487.385,4490.375,4483.495,4488.205,6880
2026-06-03T01:30:00+05:30,4488.185,4491.14,4486.315,4487.955,4825
2026-06-03T03:30:00+05:30,4490.115,4493.32,4484.15,4484.94,9170
2026-06-03T04:30:00+05:30,4485.015,4488.91,4462.29,4474.465,26619
2026-06-03T05:30:00+05:30,4474.375,4496.885,4474.11,4486.19,22775
2026-06-03T06:30:00+05:30,4486.01,4487.81,4463.64,4475.86,24170
2026-06-03T07:30:00+05:30,4475.955,4485.335,4472.9,4481.895,12435
2026-06-03T08:30:00+05:30,4481.91,4487.655,4481.86,4484.475,5795
2026-06-03T09:30:00+05:30,4484.62,4488.44,4468.385,4469.485,20054
2026-06-03T10:30:00+05:30,4469.455,4474.455,4456.71,4457.165,17744
2026-06-03T11:30:00+05:30,4457.215,4471.06,4455.39,4463.2,15670
2026-06-03T12:30:00+05:30,4463.245,4472.375,4453.025,4453.46,19350
2026-06-03T13:30:00+05:30,4453.55,4459.495,4440.365,4444.11,19130
2026-06-03T14:30:00+05:30,4444.065,4459.135,4439.09,4443.315,20045
2026-06-03T15:30:00+05:30,4443.28,4467.185,4441.115,4459.045,26070
2026-06-03T16:30:00+05:30,4459.035,4468.19,4458.645,4462.56,9544
2026-06-03T17:30:00+05:30,4462.555,4467.255,4448.375,4460.365,18880
2026-06-03T18:30:00+05:30,4460.34,4466.205,4426.42,4446.875,39784
2026-06-03T19:30:00+05:30,4446.84,4459.745,4442.48,4457.24,17265
2026-06-03T20:30:00+05:30,4457.3,4458.515,4436.755,4442.405,21760
2026-06-03T21:30:00+05:30,4442.27,4444.05,4433.925,4442.0,10125
2026-06-03T22:30:00+05:30,4442.035,4448.445,4435.73,4439.2,12715
2026-06-03T23:30:00+05:30,4439.19,4443.075,4435.535,4442.235,7539
2026-06-04T00:30:00+05:30,4442.23,4452.325,4441.605,4444.03,10720
2026-06-04T01:30:00+05:30,4444.04,4445.485,4430.635,4434.715,14849
2026-06-04T03:30:00+05:30,4431.91,4453.23,4423.965,4449.285,29264
2026-06-04T04:30:00+05:30,4449.23,4464.87,4445.64,4457.54,19229
2026-06-04T05:30:00+05:30,4457.615,4465.46,4444.245,4448.57,21215
2026-06-04T06:30:00+05:30,4448.38,4473.95,4443.18,4465.91,30769
2026-06-04T07:30:00+05:30,4465.81,4476.71,4455.63,4475.23,21079
2026-06-04T08:30:00+05:30,4475.04,4477.37,4458.52,4463.865,18849
2026-06-04T09:30:00+05:30,4463.86,4484.055,4462.47,4481.135,21585
2026-06-04T10:30:00+05:30,4481.2,4482.44,4466.98,4469.34,15460
2026-06-04T11:30:00+05:30,4469.335,4477.255,4463.075,4467.865,14180
2026-06-04T12:30:00+05:30,4467.955,4470.89,4459.66,4461.795,11230
2026-06-04T13:30:00+05:30,4461.665,4469.595,4458.665,4463.57,10930
2026-06-04T14:30:00+05:30,4463.595,4475.725,4461.035,4470.595,14690
2026-06-04T15:30:00+05:30,4470.55,4474.025,4464.35,4473.88,9674
2026-06-04T16:30:00+05:30,4473.86,4514.76,4468.785,4511.62,45975
2026-06-04T17:30:00+05:30,4511.555,4513.875,4491.185,4504.185,22689
2026-06-04T18:30:00+05:30,4504.17,4515.515,4495.515,4495.865,20000
2026-06-04T19:30:00+05:30,4495.87,4500.035,4457.36,4466.11,42675
2026-06-04T20:30:00+05:30,4466.115,4479.115,4463.78,4477.45,15335
2026-06-04T21:30:00+05:30,4477.435,4485.17,4475.37,4482.855,9800
2026-06-04T22:30:00+05:30,4482.835,4482.835,4474.09,4478.16,8744
2026-06-04T23:30:00+05:30,4478.19,4481.22,4472.775,4478.28,8445
2026-06-05T00:30:00+05:30,4478.275,4483.555,4476.2,4480.77,7355
2026-06-05T01:30:00+05:30,4480.78,4481.655,4474.455,4475.29,7199
2026-06-05T03:30:00+05:30,4474.185,4481.625,4469.0,4469.87,12625
2026-06-05T04:30:00+05:30,4469.805,4474.155,4460.67,4461.915,13484
2026-06-05T05:30:00+05:30,4461.93,4467.02,4450.79,4459.55,16230
2026-06-05T06:30:00+05:30,4459.565,4470.045,4444.265,4447.02,25779
2026-06-05T07:30:00+05:30,4447.07,4455.14,4438.69,4440.575,16450
2026-06-05T08:30:00+05:30,4440.56,4444.135,4435.305,4442.615,8829
2026-06-05T09:30:00+05:30,4442.66,4446.84,4437.69,4445.065,9150
2026-06-05T10:30:00+05:30,4445.085,4450.26,4438.795,4440.085,11465
2026-06-05T11:30:00+05:30,4440.06,4456.175,4428.72,4452.95,27454
2026-06-05T12:30:00+05:30,4452.945,4467.34,4451.99,4460.955,15350
2026-06-05T13:30:00+05:30,4460.86,4468.355,4458.725,4462.795,9629
2026-06-05T14:30:00+05:30,4462.715,4469.465,4458.895,4465.025,10569
2026-06-05T15:30:00+05:30,4465.03,4468.21,4461.975,4466.61,6234
2026-06-05T16:30:00+05:30,4466.595,4475.325,4458.28,4470.22,17045
2026-06-05T17:30:00+05:30,4470.305,4475.885,4404.93,4406.605,70954
2026-06-05T18:30:00+05:30,4406.65,4421.235,4365.475,4365.755,55759
2026-06-05T19:30:00+05:30,4365.865,4379.45,4344.605,4369.81,34845
2026-06-05T20:30:00+05:30,4369.86,4372.615,4334.11,4335.645,38505
2026-06-05T21:30:00+05:30,4335.58,4345.095,4323.27,4344.68,21824
2026-06-05T22:30:00+05:30,4344.85,4347.455,4335.715,4341.965,11739
2026-06-05T23:30:00+05:30,4341.97,4342.355,4315.345,4322.485,27009
2026-06-06T00:30:00+05:30,4322.55,4325.215,4314.005,4318.73,11210
2026-06-06T01:30:00+05:30,4318.745,4330.79,4311.93,4327.885,18859
2026-06-08T03:30:00+05:30,4321.55,4330.885,4310.115,4317.53,20770
2026-06-08T04:30:00+05:30,4317.64,4347.095,4317.585,4344.16,29510
2026-06-08T05:30:00+05:30,4344.175,4353.45,4340.06,4342.45,13389
2026-06-08T06:30:00+05:30,4342.55,4346.18,4300.025,4325.83,46155
2026-06-08T07:30:00+05:30,4325.82,4330.855,4307.14,4310.82,23714
2026-06-08T08:30:00+05:30,4310.785,4317.295,4303.66,4317.145,13635
2026-06-08T09:30:00+05:30,4317.235,4322.005,4307.72,4312.98,14284
2026-06-08T10:30:00+05:30,4312.975,4316.21,4268.48,4292.19,47730
2026-06-08T11:30:00+05:30,4292.145,4311.525,4292.14,4300.16,19384
2026-06-08T12:30:00+05:30,4300.16,4316.96,4294.52,4294.59,22439
2026-06-08T13:30:00+05:30,4294.44,4297.325,4285.415,4288.82,11909
2026-06-08T14:30:00+05:30,4288.84,4302.01,4273.165,4294.455,28845
2026-06-08T15:30:00+05:30,4294.495,4305.94,4286.105,4302.19,19835
2026-06-08T16:30:00+05:30,4302.165,4333.455,4297.285,4331.425,36170
2026-06-08T17:30:00+05:30,4331.435,4339.505,4320.28,4333.34,19225
2026-06-08T18:30:00+05:30,4333.345,4346.88,4321.3,4327.185,25579
2026-06-08T19:30:00+05:30,4327.0,4331.705,4314.945,4331.01,16760
2026-06-08T20:30:00+05:30,4331.07,4345.775,4322.67,4341.84,23104
2026-06-08T21:30:00+05:30,4341.82,4346.4,4337.89,4340.775,8509
2026-06-08T22:30:00+05:30,4340.81,4342.525,4332.025,4339.2,10500
2026-06-08T23:30:00+05:30,4339.225,4346.005,4333.025,4334.79,12980
2026-06-09T00:30:00+05:30,4334.81,4338.295,4323.365,4326.63,14930
2026-06-09T01:30:00+05:30,4326.615,4330.4,4324.59,4330.065,5809
2026-06-09T03:30:00+05:30,4326.5,4328.93,4322.88,4327.91,6050
2026-06-09T04:30:00+05:30,4327.94,4328.915,4312.96,4317.88,15954
2026-06-09T05:30:00+05:30,4317.71,4323.775,4315.125,4320.045,8649
2026-06-09T06:30:00+05:30,4320.025,4338.945,4318.66,4336.465,20284
2026-06-09T07:30:00+05:30,4336.515,4341.005,4328.315,4336.275,12690
2026-06-09T08:30:00+05:30,4336.27,4342.275,4331.275,4336.565,11000
2026-06-09T09:30:00+05:30,4336.57,4339.36,4324.33,4332.585,15029
2026-06-09T10:30:00+05:30,4332.625,4351.56,4330.83,4343.67,20730
2026-06-09T11:30:00+05:30,4343.655,4348.995,4330.225,4330.725,18769
2026-06-09T12:30:00+05:30,4330.69,4334.895,4322.365,4326.83,12530
2026-06-09T13:30:00+05:30,4326.84,4337.02,4321.32,4326.695,15700
2026-06-09T14:30:00+05:30,4326.69,4336.32,4324.19,4332.225,12130
2026-06-09T15:30:00+05:30,4332.24,4340.965,4325.2,4339.275,15765
2026-06-09T16:30:00+05:30,4339.31,4343.86,4335.74,4340.02,8119
2026-06-09T17:30:00+05:30,4340.015,4344.39,4334.97,4341.555,9420
2026-06-09T18:30:00+05:30,4341.57,4363.72,4325.285,4329.075,38435
2026-06-09T19:30:00+05:30,4329.055,4336.22,4278.58,4300.535,57640
2026-06-09T20:30:00+05:30,4300.645,4302.235,4263.29,4272.46,38944
2026-06-09T21:30:00+05:30,4272.385,4281.295,4236.7,4252.165,44595
2026-06-09T22:30:00+05:30,4252.19,4268.235,4251.395,4263.13,16839
2026-06-09T23:30:00+05:30,4263.12,4274.345,4259.585,4270.105,14760
2026-06-10T00:30:00+05:30,4270.155,4271.675,4249.96,4258.815,21715
2026-06-10T01:30:00+05:30,4258.85,4262.195,4255.69,4259.965,6505
2026-06-10T03:30:00+05:30,4256.145,4257.605,4232.475,4237.52,25129
2026-06-10T04:30:00+05:30,4237.495,4247.43,4210.505,4222.155,36925
2026-06-10T05:30:00+05:30,4222.165,4228.5,4199.025,4218.42,29475
2026-06-10T06:30:00+05:30,4218.435,4219.2,4183.89,4188.7,35309
2026-06-10T07:30:00+05:30,4188.715,4192.455,4173.265,4173.98,19189
2026-06-10T08:30:00+05:30,4173.89,4186.555,4173.115,4184.92,13440
2026-06-10T09:30:00+05:30,4184.92,4187.215,4172.565,4174.855,14650
2026-06-10T10:30:00+05:30,4174.895,4209.155,4173.57,4205.25,35585
2026-06-10T11:30:00+05:30,4205.21,4222.005,4201.835,4204.005,20170
2026-06-10T12:30:00+05:30,4203.995,4208.14,4181.59,4186.085,26550
2026-06-10T13:30:00+05:30,4186.065,4187.385,4161.47,4169.135,25914
2026-06-10T14:30:00+05:30,4169.11,4179.65,4163.195,4168.75,16454
2026-06-10T15:30:00+05:30,4168.755,4178.785,4155.715,4174.81,23069
2026-06-10T16:30:00+05:30,4174.835,4176.325,4145.865,4147.79,30460
2026-06-10T17:30:00+05:30,4147.785,4173.98,4130.62,4147.235,43359
2026-06-10T18:30:00+05:30,4147.29,4186.42,4133.065,4179.605,53355
2026-06-10T19:30:00+05:30,4179.695,4181.215,4117.78,4125.0,63435
2026-06-10T20:30:00+05:30,4124.985,4137.06,4107.03,4128.92,30030
2026-06-10T21:30:00+05:30,4128.98,4135.385,4116.16,4122.13,19225
2026-06-10T22:30:00+05:30,4122.085,4135.08,4100.985,4111.72,34095
2026-06-10T23:30:00+05:30,4111.78,4120.51,4097.095,4101.67,23414
2026-06-11T00:30:00+05:30,4101.69,4102.25,4081.73,4082.775,20519
2026-06-11T01:30:00+05:30,4082.75,4083.185,4067.24,4072.015,15945
2026-06-11T03:30:00+05:30,4061.7,4069.38,4036.06,4046.485,33320
2026-06-11T04:30:00+05:30,4046.53,4064.965,4023.87,4047.445,41095
2026-06-11T05:30:00+05:30,4047.475,4078.15,4036.03,4075.92,42119
2026-06-11T06:30:00+05:30,4075.725,4118.395,4066.315,4101.91,52080
2026-06-11T07:30:00+05:30,4102.065,4102.815,4052.295,4068.03,50519
2026-06-11T08:30:00+05:30,4068.055,4078.705,4057.04,4072.675,21664
2026-06-11T09:30:00+05:30,4072.665,4086.155,4070.26,4082.93,15894
2026-06-11T10:30:00+05:30,4082.935,4106.325,4072.885,4094.355,33439
2026-06-11T11:30:00+05:30,4094.28,4097.58,4076.52,4094.485,21059
2026-06-11T12:30:00+05:30,4094.49,4110.64,4091.845,4104.925,18795
2026-06-11T13:30:00+05:30,4104.845,4112.725,4084.7,4084.715,28025
2026-06-11T14:30:00+05:30,4084.71,4096.54,4077.645,4091.745,18894
2026-06-11T15:30:00+05:30,4091.695,4094.74,4086.71,4090.07,8029
2026-06-11T16:30:00+05:30,4090.065,4096.07,4079.975,4080.395,16094
2026-06-11T17:30:00+05:30,4080.5,4087.31,4057.55,4081.97,29759
2026-06-11T18:30:00+05:30,4081.98,4092.92,4067.285,4083.235,25635
2026-06-11T19:30:00+05:30,4083.275,4085.57,4052.975,4073.41,32595
2026-06-11T20:30:00+05:30,4073.405,4095.655,4070.38,4088.905,25275
2026-06-11T21:30:00+05:30,4088.905,4107.755,4078.03,4080.375,29724
2026-06-11T22:30:00+05:30,4080.38,4170.095,4072.02,4151.895,98075
2026-06-11T23:30:00+05:30,4151.925,4171.76,4131.455,4161.87,40305
2026-06-12T00:30:00+05:30,4161.94,4220.22,4161.94,4208.91,58280
2026-06-12T01:30:00+05:30,4208.97,4218.69,4208.17,4211.195,10519
2026-06-12T03:30:00+05:30,4208.535,4246.715,4205.51,4243.515,41204
2026-06-12T04:30:00+05:30,4243.505,4246.09,4214.28,4219.915,31810
2026-06-12T05:30:00+05:30,4219.815,4230.53,4200.875,4208.435,29654
2026-06-12T06:30:00+05:30,4208.405,4210.98,4171.405,4186.71,39574
2026-06-12T07:30:00+05:30,4186.645,4200.03,4182.91,4191.475,17119
2026-06-12T08:30:00+05:30,4191.375,4204.995,4189.425,4197.17,15569
2026-06-12T09:30:00+05:30,4197.195,4201.27,4189.685,4189.92,11585
2026-06-12T10:30:00+05:30,4189.885,4193.03,4171.005,4173.47,22024
2026-06-12T11:30:00+05:30,4173.51,4185.77,4172.385,4184.12,13385
2026-06-12T12:30:00+05:30,4184.05,4194.53,4170.29,4194.53,24239
2026-06-12T13:30:00+05:30,4194.495,4226.13,4192.165,4219.545,33965
2026-06-12T14:30:00+05:30,4219.55,4228.07,4217.45,4221.995,10619
2026-06-12T15:30:00+05:30,4222.01,4225.71,4202.945,4211.055,22765
2026-06-12T16:30:00+05:30,4211.005,4215.43,4197.735,4206.915,17695
2026-06-12T17:30:00+05:30,4206.93,4215.43,4188.59,4191.76,26840
2026-06-12T18:30:00+05:30,4191.795,4210.325,4182.88,4186.575,27444
2026-06-12T19:30:00+05:30,4186.545,4208.62,4177.25,4204.07,31369
2026-06-12T20:30:00+05:30,4204.065,4235.69,4200.38,4212.12,35309
2026-06-12T21:30:00+05:30,4212.155,4233.085,4208.2,4216.155,24885
2026-06-12T22:30:00+05:30,4216.19,4226.525,4214.03,4221.515,12494
2026-06-12T23:30:00+05:30,4221.535,4235.485,4214.215,4215.625,21269
2026-06-13T00:30:00+05:30,4215.575,4219.565,4201.82,4210.8,17744
2026-06-13T01:30:00+05:30,4210.78,4219.52,4209.505,4218.56,10015
2026-06-15T03:30:00+05:30,4301.665,4309.19,4280.395,4285.675,28794
2026-06-15T04:30:00+05:30,4285.705,4295.225,4281.24,4294.04,13985
2026-06-15T05:30:00+05:30,4294.045,4308.42,4291.635,4292.545,16784
2026-06-15T06:30:00+05:30,4292.635,4319.715,4285.32,4316.94,34395
2026-06-15T07:30:00+05:30,4316.905,4335.57,4316.28,4329.65,19289
2026-06-15T08:30:00+05:30,4329.64,4331.395,4321.26,4325.1,10135
2026-06-15T09:30:00+05:30,4325.195,4330.44,4320.76,4328.345,9679
2026-06-15T10:30:00+05:30,4328.33,4333.05,4307.57,4310.135,25480
2026-06-15T11:30:00+05:30,4310.15,4313.48,4301.005,4308.125,12474
2026-06-15T12:30:00+05:30,4308.185,4325.375,4305.41,4323.24,19965
2026-06-15T13:30:00+05:30,4323.22,4345.555,4321.875,4334.14,23680
2026-06-15T14:30:00+05:30,4334.145,4343.285,4334.145,4336.78,9139
2026-06-15T15:30:00+05:30,4336.885,4341.585,4335.4,4338.31,6185
2026-06-15T16:30:00+05:30,4338.31,4347.575,4331.99,4335.505,15585
2026-06-15T17:30:00+05:30,4335.525,4349.41,4324.8,4349.15,24609
2026-06-15T18:30:00+05:30,4349.135,4369.085,4341.32,4355.215,27765
2026-06-15T19:30:00+05:30,4355.2,4369.665,4353.91,4356.89,15755
2026-06-15T20:30:00+05:30,4356.88,4360.855,4349.655,4356.345,11199
2026-06-15T21:30:00+05:30,4356.395,4358.825,4334.65,4339.19,24175
2026-06-15T22:30:00+05:30,4339.26,4339.26,4320.545,4324.955,18715
2026-06-15T23:30:00+05:30,4324.965,4328.015,4318.06,4325.75,9954
2026-06-16T00:30:00+05:30,4325.68,4326.825,4316.73,4320.71,10095
2026-06-16T01:30:00+05:30,4320.725,4322.095,4306.545,4308.85,15550
2026-06-16T03:30:00+05:30,4312.985,4315.44,4306.11,4312.215,9329
2026-06-16T04:30:00+05:30,4312.22,4319.33,4311.485,4315.705,7845
2026-06-16T05:30:00+05:30,4315.665,4320.955,4306.985,4319.295,13970
2026-06-16T06:30:00+05:30,4319.305,4326.02,4312.27,4313.6,13750
2026-06-16T07:30:00+05:30,4313.615,4321.08,4307.7,4318.855,13380
2026-06-16T08:30:00+05:30,4318.805,4333.375,4315.515,4330.475,17859
2026-06-16T09:30:00+05:30,4330.45,4332.245,4321.315,4322.63,10930
2026-06-16T10:30:00+05:30,4322.65,4331.0,4314.24,4315.84,16760
2026-06-16T11:30:00+05:30,4315.825,4324.525,4313.53,4323.835,10994
2026-06-16T12:30:00+05:30,4323.99,4335.585,4322.665,4335.105,12920
2026-06-16T13:30:00+05:30,4335.1,4348.105,4332.715,4347.02,15389
2026-06-16T14:30:00+05:30,4347.03,4348.505,4338.41,4345.205,10095
2026-06-16T15:30:00+05:30,4345.2,4349.14,4342.34,4349.14,6800
2026-06-16T16:30:00+05:30,4349.045,4349.655,4335.165,4341.005,14489
2026-06-16T17:30:00+05:30,4341.025,4354.95,4337.5,4354.66,17449
2026-06-16T18:30:00+05:30,4354.57,4354.835,4331.67,4331.855,23164
2026-06-16T19:30:00+05:30,4331.82,4338.89,4313.32,4324.19,25570
2026-06-16T20:30:00+05:30,4324.11,4343.445,4321.025,4335.35,22420
2026-06-16T21:30:00+05:30,4335.305,4347.145,4334.975,4340.6,12170
2026-06-16T22:30:00+05:30,4340.57,4341.2,4325.37,4340.215,15829
2026-06-16T23:30:00+05:30,4340.235,4342.94,4336.235,4338.58,6704
2026-06-17T00:30:00+05:30,4338.66,4342.92,4330.69,4334.105,12230
2026-06-17T01:30:00+05:30,4334.06,4335.015,4329.69,4331.28,5325
2026-06-17T03:30:00+05:30,4331.69,4336.255,4328.975,4335.45,7279
2026-06-17T04:30:00+05:30,4335.445,4338.57,4329.58,4331.025,8989
2026-06-17T05:30:00+05:30,4331.03,4341.785,4328.615,4337.06,13170
2026-06-17T06:30:00+05:30,4336.995,4349.605,4334.265,4340.955,15339
2026-06-17T07:30:00+05:30,4340.965,4344.545,4329.74,4331.73,14805
2026-06-17T08:30:00+05:30,4331.72,4334.29,4328.79,4332.305,5500
2026-06-17T09:30:00+05:30,4332.31,4334.18,4317.665,4326.845,16515
2026-06-17T10:30:00+05:30,4326.87,4334.285,4321.125,4326.685,13159
2026-06-17T11:30:00+05:30,4326.81,4331.92,4320.575,4331.82,11345
2026-06-17T12:30:00+05:30,4331.785,4332.825,4324.73,4325.275,8095
2026-06-17T13:30:00+05:30,4325.325,4328.08,4317.19,4324.72,10890
2026-06-17T14:30:00+05:30,4324.67,4335.81,4321.29,4329.64,14520
2026-06-17T15:30:00+05:30,4329.64,4335.225,4326.735,4331.49,8490
2026-06-17T16:30:00+05:30,4331.58,4332.165,4321.04,4323.285,11125
2026-06-17T17:30:00+05:30,4323.315,4335.79,4319.94,4333.68,15850
2026-06-17T18:30:00+05:30,4333.675,4345.27,4324.09,4339.705,21180
2026-06-17T19:30:00+05:30,4339.695,4364.09,4330.95,4344.7,33140
2026-06-17T20:30:00+05:30,4344.67,4364.935,4343.82,4363.575,21115
2026-06-17T21:30:00+05:30,4363.545,4366.555,4355.14,4359.515,11414
2026-06-17T22:30:00+05:30,4359.505,4382.615,4355.335,4379.55,27279
2026-06-17T23:30:00+05:30,4379.505,4379.505,4270.2,4286.52,109305
2026-06-18T00:30:00+05:30,4286.535,4295.7,4219.165,4236.055,76534
2026-06-18T01:30:00+05:30,4235.99,4269.855,4235.205,4257.65,34649
2026-06-18T03:30:00+05:30,4257.675,4271.645,4257.675,4267.02,13970
2026-06-18T04:30:00+05:30,4267.0,4283.89,4264.245,4278.08,19645
2026-06-18T05:30:00+05:30,4278.09,4315.39,4276.625,4308.39,38765
2026-06-18T06:30:00+05:30,4308.355,4328.545,4306.83,4318.045,21715
2026-06-18T07:30:00+05:30,4318.05,4329.865,4310.365,4310.96,19500
2026-06-18T08:30:00+05:30,4310.94,4322.73,4309.225,4319.635,13504
2026-06-18T09:30:00+05:30,4319.745,4324.055,4309.82,4315.68,14235
2026-06-18T10:30:00+05:30,4315.685,4324.91,4301.355,4308.105,23555
2026-06-18T11:30:00+05:30,4308.14,4310.035,4296.23,4306.66,13805
2026-06-18T12:30:00+05:30,4306.675,4309.375,4287.445,4288.645,21930
2026-06-18T13:30:00+05:30,4288.665,4293.015,4265.6,4266.965,27414
2026-06-18T14:30:00+05:30,4267.03,4273.365,4259.875,4268.64,13489
2026-06-18T15:30:00+05:30,4268.61,4272.985,4254.85,4255.66,18134
2026-06-18T16:30:00+05:30,4255.69,4255.995,4240.07,4242.04,15925
2026-06-18T17:30:00+05:30,4242.035,4269.225,4240.55,4246.79,28675
2026-06-18T18:30:00+05:30,4246.775,4276.745,4245.09,4256.755,31654
2026-06-18T19:30:00+05:30,4256.795,4257.98,4237.265,4252.345,20714
2026-06-18T20:30:00+05:30,4252.365,4254.845,4223.2,4226.69,31645
2026-06-18T21:30:00+05:30,4226.75,4233.465,4214.165,4219.65,19300
2026-06-18T22:30:00+05:30,4219.675,4233.225,4218.805,4230.29,14420
2026-06-18T23:30:00+05:30,4230.305,4233.235,4218.34,4218.605,14894
2026-06-19T00:30:00+05:30,4218.715,4219.29,4201.495,4217.205,17795
2026-06-19T01:30:00+05:30,4217.21,4219.685,4207.685,4208.995,12000
2026-06-19T03:30:00+05:30,4204.63,4210.695,4202.685,4207.54,8009
2026-06-19T04:30:00+05:30,4207.585,4208.55,4186.94,4188.445,21610
2026-06-19T05:30:00+05:30,4188.44,4198.245,4184.075,4190.62,14170
2026-06-19T06:30:00+05:30,4190.625,4194.665,4184.125,4184.995,10539
2026-06-19T07:30:00+05:30,4184.955,4186.335,4171.955,4176.425,14380
2026-06-19T08:30:00+05:30,4176.395,4177.355,4146.05,4153.68,31304
2026-06-19T09:30:00+05:30,4153.685,4155.33,4125.225,4125.685,30104
2026-06-19T10:30:00+05:30,4125.63,4141.84,4121.955,4139.77,19885
2026-06-19T11:30:00+05:30,4139.765,4150.87,4133.065,4147.775,17805
2026-06-19T12:30:00+05:30,4147.665,4163.355,4147.665,4158.215,15689
2026-06-19T13:30:00+05:30,4158.22,4178.525,4155.435,4169.325,23089
2026-06-19T14:30:00+05:30,4169.31,4171.08,4161.18,4163.025,9899
2026-06-19T15:30:00+05:30,4163.03,4163.285,4148.2,4149.835,15085
2026-06-19T16:30:00+05:30,4149.72,4155.105,4142.035,4152.71,13069
2026-06-19T17:30:00+05:30,4152.805,4180.12,4147.445,4179.07,32675
2026-06-19T18:30:00+05:30,4179.06,4183.125,4150.565,4151.54,32560
2026-06-19T19:30:00+05:30,4151.525,4154.765,4142.545,4149.485,12220
2026-06-19T20:30:00+05:30,4149.475,4154.155,4147.835,4151.25,6319
2026-06-19T21:30:00+05:30,4151.24,4157.985,4144.32,4155.405,13664
2026-06-22T03:30:00+05:30,4157.1,4160.11,4147.905,4156.44,12204
2026-06-22T04:30:00+05:30,4156.43,4164.945,4136.695,4140.385,28250
2026-06-22T05:30:00+05:30,4140.405,4201.24,4140.095,4201.185,61144
2026-06-22T06:30:00+05:30,4201.27,4221.37,4189.735,4191.225,31635
2026-06-22T07:30:00+05:30,4191.24,4200.29,4183.54,4188.575,16750
2026-06-22T08:30:00+05:30,4188.59,4190.065,4170.805,4171.635,19259
2026-06-22T09:30:00+05:30,4171.57,4182.345,4170.695,4181.945,11650
2026-06-22T10:30:00+05:30,4181.82,4198.66,4179.51,4193.96,19149
2026-06-22T11:30:00+05:30,4193.925,4207.355,4191.31,4197.59,16044
2026-06-22T12:30:00+05:30,4197.62,4201.945,4188.87,4190.49,13074
2026-06-22T13:30:00+05:30,4190.5,4197.945,4188.645,4197.455,9299
2026-06-22T14:30:00+05:30,4197.425,4210.215,4195.985,4208.23,14230
2026-06-22T15:30:00+05:30,4208.21,4214.42,4203.715,4204.795,10704
2026-06-22T16:30:00+05:30,4204.8,4215.255,4201.61,4207.555,13645
2026-06-22T17:30:00+05:30,4207.57,4212.0,4192.24,4193.295,19760
2026-06-22T18:30:00+05:30,4193.29,4205.8,4183.0,4199.875,22800
2026-06-22T19:30:00+05:30,4199.925,4210.78,4186.48,4198.385,24300
2026-06-22T20:30:00+05:30,4198.39,4201.455,4169.82,4182.805,31635
2026-06-22T21:30:00+05:30,4182.85,4193.23,4174.405,4190.13,18824
2026-06-22T22:30:00+05:30,4190.235,4191.725,4177.165,4183.235,14560
2026-06-22T23:30:00+05:30,4183.31,4192.915,4182.67,4191.34,10244
2026-06-23T00:30:00+05:30,4191.36,4193.47,4184.23,4190.755,9240
2026-06-23T01:30:00+05:30,4190.8,4193.835,4188.72,4191.69,5114
2026-06-23T03:30:00+05:30,4192.855,4194.86,4188.445,4189.975,6414
2026-06-23T04:30:00+05:30,4189.965,4195.255,4186.875,4187.615,8380
2026-06-23T05:30:00+05:30,4187.585,4194.74,4178.485,4193.49,16255
2026-06-23T06:30:00+05:30,4193.345,4198.605,4150.025,4161.305,48579
2026-06-23T07:30:00+05:30,4161.32,4163.4,4146.545,4146.99,16854
2026-06-23T08:30:00+05:30,4146.95,4149.95,4130.965,4144.195,18984
2026-06-23T09:30:00+05:30,4144.35,4147.065,4114.825,4118.325,32239
2026-06-23T10:30:00+05:30,4118.36,4137.595,4115.58,4121.245,22015
2026-06-23T11:30:00+05:30,4121.195,4127.17,4110.335,4114.49,16835
2026-06-23T12:30:00+05:30,4114.455,4124.92,4096.61,4098.98,28310
2026-06-23T13:30:00+05:30,4098.99,4111.05,4091.03,4105.34,20019
2026-06-23T14:30:00+05:30,4105.32,4122.375,4103.945,4122.375,18430
2026-06-23T15:30:00+05:30,4122.42,4133.48,4119.565,4119.68,13914
2026-06-23T16:30:00+05:30,4119.67,4132.11,4117.44,4123.405,14670
2026-06-23T17:30:00+05:30,4123.445,4127.48,4111.72,4113.305,15759
2026-06-23T18:30:00+05:30,4113.295,4140.39,4105.43,4135.39,34960
2026-06-23T19:30:00+05:30,4135.35,4145.215,4122.775,4130.08,22440
2026-06-23T20:30:00+05:30,4130.075,4141.82,4123.485,4138.71,18335
2026-06-23T21:30:00+05:30,4138.755,4143.94,4131.645,4134.385,12294
2026-06-23T22:30:00+05:30,4134.355,4139.955,4127.79,4128.1,12164
2026-06-23T23:30:00+05:30,4128.12,4131.16,4112.88,4117.88,18279
2026-06-24T00:30:00+05:30,4117.895,4126.215,4111.675,4111.795,14539
2026-06-24T01:30:00+05:30,4111.845,4113.035,4107.53,4110.745,5505
2026-06-24T03:30:00+05:30,4111.71,4115.235,4097.01,4104.275,18224
2026-06-24T04:30:00+05:30,4104.26,4104.355,4080.895,4099.25,23459
2026-06-24T05:30:00+05:30,4099.27,4112.135,4093.82,4097.5,18315
2026-06-24T06:30:00+05:30,4097.55,4102.51,4068.52,4089.075,33990
2026-06-24T07:30:00+05:30,4088.96,4096.335,4052.07,4061.275,44264
2026-06-24T08:30:00+05:30,4061.22,4070.705,4050.47,4062.835,20235
2026-06-24T09:30:00+05:30,4062.87,4067.34,4055.035,4064.635,12305
2026-06-24T10:30:00+05:30,4064.475,4086.24,4060.86,4075.85,25379
2026-06-24T11:30:00+05:30,4075.74,4097.73,4075.63,4087.135,22099
2026-06-24T12:30:00+05:30,4087.075,4090.845,4073.795,4074.925,17049
2026-06-24T13:30:00+05:30,4074.94,4087.76,4073.185,4076.385,14575
2026-06-24T14:30:00+05:30,4076.39,4079.36,4064.26,4064.655,15099
2026-06-24T15:30:00+05:30,4064.82,4066.96,4054.6,4055.805,12360
2026-06-24T16:30:00+05:30,4055.855,4058.615,4037.585,4046.78,21029
2026-06-24T17:30:00+05:30,4046.765,4048.86,3987.655,3987.93,61204
2026-06-24T18:30:00+05:30,3988.115,4042.26,3964.645,4038.365,77615
2026-06-24T19:30:00+05:30,4038.33,4041.025,4003.075,4008.05,37950
2026-06-24T20:30:00+05:30,4008.17,4016.97,3997.37,4002.635,19599
2026-06-24T21:30:00+05:30,4002.605,4022.435,3995.615,4006.845,26820
2026-06-24T22:30:00+05:30,4006.865,4011.49,3972.78,3972.9,38709
2026-06-24T23:30:00+05:30,3973.035,3994.34,3959.08,3981.535,35260
2026-06-25T00:30:00+05:30,3981.74,3990.875,3973.67,3988.055,17204
2026-06-25T01:30:00+05:30,3988.07,4003.0,3984.71,3999.5,18289
2026-06-25T03:30:00+05:30,4006.955,4007.825,3992.905,3996.475,14919
2026-06-25T04:30:00+05:30,3996.5,4018.825,3990.87,4012.5,27954
2026-06-25T05:30:00+05:30,4012.47,4016.42,3978.5,3991.775,37920
2026-06-25T06:30:00+05:30,3991.71,4005.825,3972.425,3976.92,33399
2026-06-25T07:30:00+05:30,3976.91,3991.35,3962.475,3982.83,28875
2026-06-25T08:30:00+05:30,3982.845,4001.125,3966.335,3995.365,34789
2026-06-25T09:30:00+05:30,3995.4,3997.76,3983.605,3996.225,14155
2026-06-25T10:30:00+05:30,3996.205,4000.215,3980.535,3986.73,19680
2026-06-25T11:30:00+05:30,3986.545,3989.465,3974.12,3977.655,15345
2026-06-25T12:30:00+05:30,3977.68,3989.765,3971.695,3987.835,18069
2026-06-25T13:30:00+05:30,3987.885,4002.11,3984.355,3989.17,17755
2026-06-25T14:30:00+05:30,3989.24,3997.72,3986.095,3988.245,11625
2026-06-25T15:30:00+05:30,3988.265,3989.52,3981.355,3984.39,8164
2026-06-25T16:30:00+05:30,3984.595,3987.86,3973.64,3980.14,14220
2026-06-25T17:30:00+05:30,3980.2,4019.38,3978.84,4012.67,40539
2026-06-25T18:30:00+05:30,4012.68,4034.225,4000.98,4002.365,33244
2026-06-25T19:30:00+05:30,4002.36,4028.55,3999.17,4011.925,29380
2026-06-25T20:30:00+05:30,4011.92,4042.755,4005.02,4041.525,37735
2026-06-25T21:30:00+05:30,4041.49,4044.085,4023.88,4028.73,20204
2026-06-25T22:30:00+05:30,4028.78,4036.83,4026.88,4034.725,9949
2026-06-25T23:30:00+05:30,4034.735,4044.14,4026.025,4034.8,18114
2026-06-26T00:30:00+05:30,4034.88,4043.87,4021.965,4026.83,21904
2026-06-26T01:30:00+05:30,4026.745,4035.155,4024.51,4026.92,10644
2026-06-26T03:30:00+05:30,4030.09,4036.505,4019.935,4026.44,16570
2026-06-26T04:30:00+05:30,4026.28,4030.535,4012.815,4014.555,17719
2026-06-26T05:30:00+05:30,4014.635,4024.735,4011.575,4020.495,13160
2026-06-26T06:30:00+05:30,4020.505,4030.015,4014.315,4020.915,15699
2026-06-26T07:30:00+05:30,4020.875,4023.355,3982.95,3990.61,40405
2026-06-26T08:30:00+05:30,3990.56,4006.685,3986.645,4004.52,20039
2026-06-26T09:30:00+05:30,4004.51,4015.295,3998.935,4011.705,16360
2026-06-26T10:30:00+05:30,4011.71,4021.57,4005.63,4008.19,15940
2026-06-26T11:30:00+05:30,4008.205,4033.185,4006.795,4032.115,26389
2026-06-26T12:30:00+05:30,4032.1,4039.875,4026.81,4030.565,13065
2026-06-26T13:30:00+05:30,4030.525,4037.805,4025.86,4030.94,11944
2026-06-26T14:30:00+05:30,4030.945,4054.16,4029.59,4047.185,24569
2026-06-26T15:30:00+05:30,4047.175,4054.995,4042.42,4054.705,12574
2026-06-26T16:30:00+05:30,4054.73,4055.76,4042.61,4045.965,13150
2026-06-26T17:30:00+05:30,4045.985,4061.615,4035.935,4058.99,25679
2026-06-26T18:30:00+05:30,4059.035,4078.265,4043.23,4073.77,35034
2026-06-26T19:30:00+05:30,4073.75,4093.15,4067.805,4080.585,25345
2026-06-26T20:30:00+05:30,4080.63,4095.985,4075.72,4090.625,20265
2026-06-26T21:30:00+05:30,4090.71,4093.785,4082.21,4085.2,11574
2026-06-26T22:30:00+05:30,4085.225,4088.215,4073.825,4074.85,14390
2026-06-26T23:30:00+05:30,4074.865,4079.02,4067.275,4067.46,11744
2026-06-27T00:30:00+05:30,4067.48,4074.695,4064.705,4071.815,9990
2026-06-27T01:30:00+05:30,4071.845,4091.205,4064.795,4088.385,26409
2026-06-29T03:30:00+05:30,4075.86,4083.82,4053.375,4066.425,30445
2026-06-29T04:30:00+05:30,4066.385,4070.545,4052.145,4063.115,18400
2026-06-29T05:30:00+05:30,4063.08,4074.33,4048.15,4069.41,26179
2026-06-29T06:30:00+05:30,4069.415,4074.75,4053.77,4061.6,20980
2026-06-29T07:30:00+05:30,4061.59,4071.85,4058.53,4066.24,13319
2026-06-29T08:30:00+05:30,4066.185,4076.015,4064.92,4068.895,11094
2026-06-29T09:30:00+05:30,4068.88,4069.125,4049.665,4052.335,19460
2026-06-29T10:30:00+05:30,4052.23,4057.505,4039.325,4054.475,18180
2026-06-29T11:30:00+05:30,4054.415,4064.88,4053.585,4062.365,11295
2026-06-29T12:30:00+05:30,4062.405,4068.83,4056.185,4061.72,12644
2026-06-29T13:30:00+05:30,4061.63,4066.78,4043.875,4047.28,22905
2026-06-29T14:30:00+05:30,4047.26,4055.485,4024.44,4031.66,31045
2026-06-29T15:30:00+05:30,4031.65,4039.855,4027.545,4037.015,12309
2026-06-29T16:30:00+05:30,4037.02,4042.34,4027.51,4039.285,14829
2026-06-29T17:30:00+05:30,4039.38,4052.61,4037.605,4043.75,15005
2026-06-29T18:30:00+05:30,4043.785,4051.935,4028.315,4032.265,23619
2026-06-29T19:30:00+05:30,4032.36,4035.62,4000.325,4025.745,35295
2026-06-29T20:30:00+05:30,4025.71,4030.525,4016.84,4026.96,13684
2026-06-29T21:30:00+05:30,4026.975,4028.765,4018.755,4023.975,10009
2026-06-29T22:30:00+05:30,4023.98,4032.17,4019.405,4021.055,12764
2026-06-29T23:30:00+05:30,4021.07,4025.41,4012.02,4013.58,13389
2026-06-30T00:30:00+05:30,4013.57,4019.675,4005.435,4015.955,14240
2026-06-30T01:30:00+05:30,4015.91,4018.115,4012.82,4016.955,5294
2026-06-30T03:30:00+05:30,4018.65,4022.455,4009.57,4014.235,12884
2026-06-30T04:30:00+05:30,4014.365,4022.505,4013.675,4015.1,8829
2026-06-30T05:30:00+05:30,4015.05,4015.4,3979.98,3987.34,35420
2026-06-30T06:30:00+05:30,3987.325,3987.505,3942.1,3969.76,45405
2026-06-30T07:30:00+05:30,3969.59,3973.645,3952.135,3963.13,21509
2026-06-30T08:30:00+05:30,3963.01,3971.42,3960.255,3970.06,11164
2026-06-30T09:30:00+05:30,3969.975,3998.27,3968.165,3985.585,30105
2026-06-30T10:30:00+05:30,3985.575,3991.02,3975.23,3978.05,15789
2026-06-30T11:30:00+05:30,3978.035,4034.325,3978.035,4029.625,56289
2026-06-30T12:30:00+05:30,4029.68,4034.86,4023.785,4032.28,11075
2026-06-30T13:30:00+05:30,4032.285,4037.665,4013.8,4015.725,23864
2026-06-30T14:30:00+05:30,4015.695,4023.955,4012.47,4023.955,11485
2026-06-30T15:30:00+05:30,4023.985,4031.385,4021.565,4029.895,9820
2026-06-30T16:30:00+05:30,4029.85,4037.43,4025.45,4034.05,11980
2026-06-30T17:30:00+05:30,4033.99,4034.56,4008.74,4009.97,25820
2026-06-30T18:30:00+05:30,4010.025,4033.46,4009.455,4029.375,24005
2026-06-30T19:30:00+05:30,4029.415,4063.48,4025.425,4037.405,38054
2026-06-30T20:30:00+05:30,4037.455,4039.53,4022.335,4029.365,17195
2026-06-30T21:30:00+05:30,4029.335,4034.015,4025.86,4026.175,8154
2026-06-30T22:30:00+05:30,4026.145,4032.265,4020.765,4030.885,11500
2026-06-30T23:30:00+05:30,4030.875,4033.925,4028.24,4028.55,5685
2026-07-01T00:30:00+05:30,4028.56,4029.605,4014.73,4015.97,14875
2026-07-01T01:30:00+05:30,4015.985,4021.265,4006.58,4007.525,14684
2026-07-01T03:30:00+05:30,4014.34,4018.175,4011.085,4013.245,7090
2026-07-01T04:30:00+05:30,4013.3,4018.505,4005.505,4005.835,13000
2026-07-01T05:30:00+05:30,4005.86,4009.915,3993.21,3996.72,16704
2026-07-01T06:30:00+05:30,3996.77,3999.9,3974.1,3977.995,25800
2026-07-01T07:30:00+05:30,3978.005,3986.25,3970.395,3979.395,15855
2026-07-01T08:30:00+05:30,3979.38,3987.095,3976.765,3980.58,10329
2026-07-01T09:30:00+05:30,3980.615,3982.985,3972.515,3976.7,10470
2026-07-01T10:30:00+05:30,3976.685,3979.15,3969.98,3974.13,9170
2026-07-01T11:30:00+05:30,3974.135,3977.605,3963.34,3971.99,14264
2026-07-01T12:30:00+05:30,3971.965,3978.585,3960.275,3976.065,18309
2026-07-01T13:30:00+05:30,3976.1,3984.555,3969.465,3974.665,15089
2026-07-01T14:30:00+05:30,3974.645,3986.145,3972.95,3984.545,13195
2026-07-01T15:30:00+05:30,3984.535,3998.75,3981.39,3998.41,17360
2026-07-01T16:30:00+05:30,3998.51,4035.595,3997.975,4030.475,37619
2026-07-01T17:30:00+05:30,4030.5,4034.045,4019.65,4022.905,14394
2026-07-01T18:30:00+05:30,4022.93,4108.205,4012.865,4089.65,95340
2026-07-01T19:30:00+05:30,4090.045,4115.81,4082.925,4093.46,32885
2026-07-01T20:30:00+05:30,4093.475,4094.665,4076.75,4081.16,17914
2026-07-01T21:30:00+05:30,4081.165,4088.435,4070.55,4071.285,17884
2026-07-01T22:30:00+05:30,4071.18,4073.725,4067.33,4068.21,6394
2026-07-01T23:30:00+05:30,4068.21,4070.85,4057.865,4062.19,12985
2026-07-02T00:30:00+05:30,4062.175,4068.365,4034.58,4038.88,33784
2026-07-02T01:30:00+05:30,4038.87,4039.83,4028.265,4031.705,11565
2026-07-02T03:30:00+05:30,4038.71,4045.155,4035.155,4045.035,10000
2026-07-02T04:30:00+05:30,4045.025,4045.185,4033.245,4035.325,11940
2026-07-02T05:30:00+05:30,4035.335,4052.795,4030.895,4052.095,21900
2026-07-02T06:30:00+05:30,4052.14,4068.73,4045.29,4050.32,23440
2026-07-02T07:30:00+05:30,4050.315,4061.065,4041.515,4057.085,19550
2026-07-02T08:30:00+05:30,4057.09,4074.235,4055.51,4070.03,18724
2026-07-02T09:30:00+05:30,4070.025,4073.325,4060.77,4060.87,12554
2026-07-02T10:30:00+05:30,4060.885,4067.865,4053.245,4066.275,14619
2026-07-02T11:30:00+05:30,4066.36,4079.92,4066.11,4073.275,13809
2026-07-02T12:30:00+05:30,4073.305,4075.585,4060.815,4064.375,14769
2026-07-02T13:30:00+05:30,4064.34,4080.12,4061.475,4076.19,18644
2026-07-02T14:30:00+05:30,4076.195,4077.225,4064.095,4065.275,13130
2026-07-02T15:30:00+05:30,4065.425,4068.8,4061.665,4066.365,7135
2026-07-02T16:30:00+05:30,4066.37,4072.325,4057.44,4065.33,14884
2026-07-02T17:30:00+05:30,4065.34,4140.525,4061.31,4117.58,79214
2026-07-02T18:30:00+05:30,4117.55,4144.08,4109.445,4136.79,34635
2026-07-02T19:30:00+05:30,4136.81,4138.265,4114.06,4128.655,24204
2026-07-02T20:30:00+05:30,4128.64,4131.665,4114.745,4128.54,16920
2026-07-02T21:30:00+05:30,4128.6,4130.39,4100.355,4118.185,30035
2026-07-02T22:30:00+05:30,4118.02,4120.045,4105.855,4106.89,14190
2026-07-02T23:30:00+05:30,4106.815,4127.09,4105.895,4122.75,21194
2026-07-03T00:30:00+05:30,4122.755,4124.485,4108.295,4121.425,16189
2026-07-03T01:30:00+05:30,4121.385,4125.19,4116.365,4123.605,8824
2026-07-03T03:30:00+05:30,4125.815,4128.335,4122.62,4124.745,5715
2026-07-03T04:30:00+05:30,4124.725,4135.08,4121.47,4126.105,13609
2026-07-03T05:30:00+05:30,4126.015,4151.14,4122.775,4147.115,28365
2026-07-03T06:30:00+05:30,4147.175,4195.51,4146.725,4182.51,48784
2026-07-03T07:30:00+05:30,4182.525,4186.86,4176.485,4183.425,10375
2026-07-03T08:30:00+05:30,4183.4,4184.62,4175.205,4176.07,9414
2026-07-03T09:30:00+05:30,4176.02,4183.06,4173.085,4179.065,9975
2026-07-03T10:30:00+05:30,4179.055,4182.08,4169.165,4171.335,12914
2026-07-03T11:30:00+05:30,4171.33,4174.515,4160.415,4173.11,14100
2026-07-03T12:30:00+05:30,4173.145,4181.665,4169.39,4177.535,12274
2026-07-03T13:30:00+05:30,4177.55,4186.655,4176.9,4181.14,9755
2026-07-03T14:30:00+05:30,4181.09,4182.08,4168.57,4172.115,13510
2026-07-03T15:30:00+05:30,4172.08,4181.275,4170.865,4177.16,10409
2026-07-03T16:30:00+05:30,4177.09,4186.46,4175.64,4181.025,10819
2026-07-03T17:30:00+05:30,4181.04,4183.29,4172.255,4176.775,11034
2026-07-03T18:30:00+05:30,4176.905,4179.38,4163.705,4164.76,15675
2026-07-03T19:30:00+05:30,4164.9,4171.295,4155.41,4170.0,15885
2026-07-03T20:30:00+05:30,4169.99,4174.51,4164.54,4164.825,9970
2026-07-03T21:30:00+05:30,4164.815,4176.58,4163.0,4175.695,13579
2026-07-06T03:30:00+05:30,4180.345,4191.665,4177.305,4188.315,14359
2026-07-06T04:30:00+05:30,4188.31,4202.225,4177.22,4183.285,25005
2026-07-06T05:30:00+05:30,4183.275,4189.085,4170.295,4179.715,18789
2026-07-06T06:30:00+05:30,4179.525,4202.705,4172.795,4186.07,29909
2026-07-06T07:30:00+05:30,4186.265,4187.905,4168.71,4174.29,19194
2026-07-06T08:30:00+05:30,4174.215,4176.53,4161.175,4165.375,15354
2026-07-06T09:30:00+05:30,4165.36,4166.78,4157.525,4159.87,9255
2026-07-06T10:30:00+05:30,4159.85,4161.09,4144.83,4148.135,16260
2026-07-06T11:30:00+05:30,4148.13,4159.63,4145.91,4150.475,13720
2026-07-06T12:30:00+05:30,4150.465,4166.52,4147.255,4164.58,19265
2026-07-06T13:30:00+05:30,4164.68,4166.14,4147.265,4150.52,18875
2026-07-06T14:30:00+05:30,4150.53,4151.25,4136.555,4143.24,14694
2026-07-06T15:30:00+05:30,4143.225,4155.92,4142.095,4154.93,13824
2026-07-06T16:30:00+05:30,4154.885,4159.6,4151.54,4155.265,8060
2026-07-06T17:30:00+05:30,4155.28,4158.525,4131.52,4139.65,27004
2026-07-06T18:30:00+05:30,4139.66,4150.625,4136.055,4140.835,14569
2026-07-06T19:30:00+05:30,4140.1,4147.25,4128.51,4138.25,18739
2026-07-06T20:30:00+05:30,4138.23,4152.185,4137.54,4148.43,14645
2026-07-06T21:30:00+05:30,4148.48,4156.34,4140.295,4155.14,16045
2026-07-06T22:30:00+05:30,4155.15,4161.65,4150.455,4161.26,11194
2026-07-06T23:30:00+05:30,4161.295,4167.59,4155.435,4164.08,12154
2026-07-07T00:30:00+05:30,4164.075,4165.53,4158.895,4163.81,6634
2026-07-07T01:30:00+05:30,4163.805,4165.17,4160.77,4165.115,4399
2026-07-07T03:30:00+05:30,4164.735,4168.65,4164.15,4164.275,4500
2026-07-07T04:30:00+05:30,4164.29,4165.77,4157.005,4157.425,8765
2026-07-07T05:30:00+05:30,4157.435,4162.75,4145.195,4146.13,17555
2026-07-07T06:30:00+05:30,4146.095,4148.07,4125.7,4141.91,22369
2026-07-07T07:30:00+05:30,4141.975,4145.39,4131.59,4136.815,13800
2026-07-07T08:30:00+05:30,4136.805,4140.35,4124.535,4131.3,15815
2026-07-07T09:30:00+05:30,4131.355,4141.415,4126.065,4126.835,15350
2026-07-07T10:30:00+05:30,4126.885,4131.535,4116.7,4124.15,14835
2026-07-07T11:30:00+05:30,4124.145,4133.03,4121.675,4130.54,11354
2026-07-07T12:30:00+05:30,4130.535,4133.665,4124.465,4124.815,9199
2026-07-07T13:30:00+05:30,4124.765,4139.395,4121.94,4126.08,17455
2026-07-07T14:30:00+05:30,4126.065,4133.9,4119.81,4131.235,14089
2026-07-07T15:30:00+05:30,4131.22,4138.875,4131.205,4135.83,7670
2026-07-07T16:30:00+05:30,4135.835,4158.36,4131.84,4157.175,26519
2026-07-07T17:30:00+05:30,4157.185,4175.085,4154.625,4172.4,20460
2026-07-07T18:30:00+05:30,4172.505,4180.52,4156.16,4158.71,24360
2026-07-07T19:30:00+05:30,4158.64,4163.95,4143.73,4154.32,20220
2026-07-07T20:30:00+05:30,4154.215,4155.7,4135.945,4139.055,19755
2026-07-07T21:30:00+05:30,4139.07,4147.31,4137.135,4145.235,10175
2026-07-07T22:30:00+05:30,4145.19,4148.345,4140.685,4144.575,7659
2026-07-07T23:30:00+05:30,4144.635,4145.365,4125.23,4127.105,20135
2026-07-08T00:30:00+05:30,4127.06,4127.88,4092.295,4114.215,35585
2026-07-08T01:30:00+05:30,4114.205,4115.905,4103.53,4106.12,12375
2026-07-08T03:30:00+05:30,4105.04,4106.35,4095.74,4098.375,10610
2026-07-08T04:30:00+05:30,4098.355,4108.01,4096.065,4098.775,11945
2026-07-08T05:30:00+05:30,4098.78,4126.82,4097.125,4111.74,29694
2026-07-08T06:30:00+05:30,4111.58,4117.89,4096.56,4111.23,21329
2026-07-08T07:30:00+05:30,4111.275,4125.11,4106.08,4114.57,19029
2026-07-08T08:30:00+05:30,4114.61,4131.22,4114.56,4123.55,16659
2026-07-08T09:30:00+05:30,4123.45,4128.955,4120.61,4125.295,8345
2026-07-08T10:30:00+05:30,4125.29,4133.99,4121.26,4127.925,12729
2026-07-08T11:30:00+05:30,4127.895,4133.805,4122.245,4123.67,11560
2026-07-08T12:30:00+05:30,4123.665,4127.27,4114.9,4121.36,12370
2026-07-08T13:30:00+05:30,4121.345,4121.365,4052.285,4057.005,69079
2026-07-08T14:30:00+05:30,4056.93,4061.105,4041.565,4043.515,19539
2026-07-08T15:30:00+05:30,4043.545,4058.77,4040.575,4053.165,18195
2026-07-08T16:30:00+05:30,4053.155,4072.845,4041.55,4062.335,31294
2026-07-08T17:30:00+05:30,4062.235,4086.445,4058.885,4072.325,27559
2026-07-08T18:30:00+05:30,4072.33,4083.185,4065.34,4070.895,17844
2026-07-08T19:30:00+05:30,4070.825,4071.585,4033.885,4040.915,37699
2026-07-08T20:30:00+05:30,4040.955,4043.96,4021.815,4034.46,22144
2026-07-08T21:30:00+05:30,4034.49,4064.48,4033.225,4063.87,31255
2026-07-08T22:30:00+05:30,4063.875,4076.495,4059.77,4065.53,16724
2026-07-08T23:30:00+05:30,4065.45,4091.67,4063.5,4084.285,28170
2026-07-09T00:30:00+05:30,4084.275,4091.375,4078.425,4080.055,12949
2026-07-09T01:30:00+05:30,4080.04,4083.64,4071.645,4077.12,11994
2026-07-09T03:30:00+05:30,4074.405,4079.885,4073.475,4076.57,6410
2026-07-09T04:30:00+05:30,4076.575,4077.905,4072.26,4076.285,5644
2026-07-09T05:30:00+05:30,4076.185,4090.02,4070.38,4073.97,19639
2026-07-09T06:30:00+05:30,4073.985,4078.895,4062.475,4073.09,16420
2026-07-09T07:30:00+05:30,4073.185,4082.83,4064.525,4065.195,18304
2026-07-09T08:30:00+05:30,4065.19,4067.8,4054.4,4064.25,13400
2026-07-09T09:30:00+05:30,4064.37,4064.705,4056.455,4064.405,8250
2026-07-09T10:30:00+05:30,4064.4,4084.325,4063.85,4082.02,20474
2026-07-09T11:30:00+05:30,4081.995,4108.185,4081.44,4108.04,26745
2026-07-09T12:30:00+05:30,4108.065,4111.24,4101.54,4107.95,9699
2026-07-09T13:30:00+05:30,4108.02,4118.005,4105.315,4108.34,12690
2026-07-09T14:30:00+05:30,4108.34,4112.52,4103.09,4106.355,9430
2026-07-09T15:30:00+05:30,4106.35,4110.22,4093.855,4099.23,16365
2026-07-09T16:30:00+05:30,4099.205,4110.59,4097.915,4108.61,12675
2026-07-09T17:30:00+05:30,4108.605,4122.63,4105.225,4107.69,17404
2026-07-09T18:30:00+05:30,4107.665,4129.59,4106.875,4122.085,22715
2026-07-09T19:30:00+05:30,4122.015,4136.605,4114.305,4127.84,22299
2026-07-09T20:30:00+05:30,4127.915,4132.84,4124.885,4126.885,7954
2026-07-09T21:30:00+05:30,4126.885,4138.035,4125.785,4128.155,12250
2026-07-09T22:30:00+05:30,4128.115,4138.06,4125.095,4136.24,12965
2026-07-09T23:30:00+05:30,4136.225,4136.48,4121.53,4124.59,14949
2026-07-10T00:30:00+05:30,4124.58,4127.06,4118.91,4122.56,8150
2026-07-10T01:30:00+05:30,4122.44,4125.745,4120.7,4123.79,5045
2026-07-10T03:30:00+05:30,4125.25,4127.815,4121.65,4121.9,6164
2026-07-10T04:30:00+05:30,4121.94,4125.24,4121.065,4123.535,4175
2026-07-10T05:30:00+05:30,4123.54,4128.47,4114.545,4126.51,13925
2026-07-10T06:30:00+05:30,4126.565,4131.26,4108.72,4116.895,22539
2026-07-10T07:30:00+05:30,4116.995,4129.105,4116.12,4127.77,12984
2026-07-10T08:30:00+05:30,4127.76,4134.92,4119.55,4120.355,15369
2026-07-10T09:30:00+05:30,4120.375,4121.285,4112.265,4115.32,9019
2026-07-10T10:30:00+05:30,4115.315,4117.285,4108.39,4116.89,8894
2026-07-10T11:30:00+05:30,4116.845,4120.19,4111.16,4111.785,9029
2026-07-10T12:30:00+05:30,4111.68,4115.52,4104.44,4109.07,11080
2026-07-10T13:30:00+05:30,4108.985,4109.65,4094.86,4098.03,14789
2026-07-10T14:30:00+05:30,4098.02,4105.625,4094.535,4104.5,11090
2026-07-10T15:30:00+05:30,4104.525,4112.815,4104.28,4104.67,8534
2026-07-10T16:30:00+05:30,4104.595,4108.205,4096.155,4102.415,12050
2026-07-10T17:30:00+05:30,4102.465,4117.585,4097.63,4100.765,19954
2026-07-10T18:30:00+05:30,4100.865,4106.765,4085.855,4099.995,20910
2026-07-10T19:30:00+05:30,4099.99,4109.145,4072.8,4092.94,36345
2026-07-10T20:30:00+05:30,4092.945,4113.595,4091.46,4113.115,22135
2026-07-10T21:30:00+05:30,4113.215,4115.51,4104.48,4104.525,11030
2026-07-10T22:30:00+05:30,4104.52,4107.035,4100.58,4100.785,6454
2026-07-10T23:30:00+05:30,4100.815,4105.58,4098.21,4101.375,7369
2026-07-11T00:30:00+05:30,4101.415,4109.155,4097.925,4108.465,11229
2026-07-11T01:30:00+05:30,4108.47,4121.375,4108.4,4120.67,12975
2026-07-13T03:30:00+05:30,4090.98,4094.82,4069.68,4076.745,25140
2026-07-13T04:30:00+05:30,4076.795,4084.885,4068.61,4084.7,16275
2026-07-13T05:30:00+05:30,4084.72,4091.295,4061.115,4074.105,30180
2026-07-13T06:30:00+05:30,4074.36,4089.905,4065.74,4072.59,24165
2026-07-13T07:30:00+05:30,4072.74,4077.405,4064.695,4068.735,12710
2026-07-13T08:30:00+05:30,4068.57,4069.545,4053.27,4060.66,16275
2026-07-13T09:30:00+05:30,4060.69,4060.69,4050.465,4058.95,10224
2026-07-13T10:30:00+05:30,4058.935,4073.27,4052.17,4053.76,21099
2026-07-13T11:30:00+05:30,4053.765,4063.72,4044.06,4055.655,19659
2026-07-13T12:30:00+05:30,4055.66,4065.225,4049.045,4065.055,16179
2026-07-13T13:30:00+05:30,4065.04,4080.845,4063.29,4074.585,17554
2026-07-13T14:30:00+05:30,4074.555,4076.715,4068.18,4068.43,8535
2026-07-13T15:30:00+05:30,4068.26,4070.705,4046.43,4060.815,24275
2026-07-13T16:30:00+05:30,4060.835,4068.63,4055.08,4056.525,13550
2026-07-13T17:30:00+05:30,4056.55,4067.6,4053.62,4067.56,13980
2026-07-13T18:30:00+05:30,4067.61,4067.8,4042.005,4043.425,25795
2026-07-13T19:30:00+05:30,4043.39,4047.025,4000.23,4015.415,46795
2026-07-13T20:30:00+05:30,4015.4,4020.355,4010.37,4016.09,9985
2026-07-13T21:30:00+05:30,4016.155,4018.115,3986.58,3993.5,31534
2026-07-13T22:30:00+05:30,3993.655,4002.025,3992.055,3993.27,9970
2026-07-13T23:30:00+05:30,3993.335,4005.215,3986.92,4001.51,18295
2026-07-14T00:30:00+05:30,4001.585,4004.615,3993.62,4002.07,10994
2026-07-14T01:30:00+05:30,4002.065,4006.245,3996.59,4001.185,9654
2026-07-14T03:30:00+05:30,4001.64,4005.925,4000.9,4001.075,5025
2026-07-14T04:30:00+05:30,4001.12,4003.18,3992.855,4001.26,10324
2026-07-14T05:30:00+05:30,4001.355,4007.41,3983.545,4004.285,23864
2026-07-14T06:30:00+05:30,4004.32,4012.385,3992.1,4010.58,20285
2026-07-14T07:30:00+05:30,4010.6,4019.235,4006.15,4012.515,13085
2026-07-14T08:30:00+05:30,4012.5,4019.25,4011.09,4017.13,8159
2026-07-14T09:30:00+05:30,4017.195,4023.575,4013.57,4020.26,10004
2026-07-14T10:30:00+05:30,4020.275,4034.25,4019.635,4031.42,14614
2026-07-14T11:30:00+05:30,4031.475,4033.35,4021.75,4024.06,11599
2026-07-14T12:30:00+05:30,4024.07,4029.965,4020.3,4020.83,9664
2026-07-14T13:30:00+05:30,4020.89,4024.03,4014.515,4016.065,9515
2026-07-14T14:30:00+05:30,4016.075,4024.6,4013.925,4021.745,10674
2026-07-14T15:30:00+05:30,4021.66,4023.015,4015.175,4021.875,7839
2026-07-14T16:30:00+05:30,4021.855,4031.915,4015.485,4031.185,16429
2026-07-14T17:30:00+05:30,4031.11,4104.05,4023.33,4076.225,80720
2026-07-14T18:30:00+05:30,4076.335,4088.795,4071.0,4076.63,17795
2026-07-14T19:30:00+05:30,4076.68,4090.655,4070.71,4085.16,19945
2026-07-14T20:30:00+05:30,4085.21,4100.685,4064.725,4066.415,35960
2026-07-14T21:30:00+05:30,4066.4,4067.31,4057.81,4061.625,9500
2026-07-14T22:30:00+05:30,4061.605,4065.17,4054.57,4062.885,10599
2026-07-14T23:30:00+05:30,4062.68,4063.195,4042.885,4054.35,20309
2026-07-15T00:30:00+05:30,4054.355,4057.395,4047.835,4055.84,9559
2026-07-15T01:30:00+05:30,4055.83,4056.575,4049.31,4052.775,7264
2026-07-15T03:30:00+05:30,4053.215,4053.24,4048.62,4049.05,4619
2026-07-15T04:30:00+05:30,4049.11,4056.215,4046.925,4053.035,9289
2026-07-15T05:30:00+05:30,4052.935,4060.845,4051.05,4059.295,9794
2026-07-15T06:30:00+05:30,4059.285,4062.125,4035.54,4037.43,26585
2026-07-15T07:30:00+05:30,4037.25,4042.305,4029.38,4035.335,12924
2026-07-15T08:30:00+05:30,4035.285,4040.455,4028.1,4031.4,12355
2026-07-15T09:30:00+05:30,4031.45,4035.315,4028.325,4033.245,6990
2026-07-15T10:30:00+05:30,4033.32,4037.16,4022.245,4034.84,14914
2026-07-15T11:30:00+05:30,4034.735,4035.63,4021.465,4032.1,14164
2026-07-15T12:30:00+05:30,4032.155,4034.485,4019.71,4024.615,14775
2026-07-15T13:30:00+05:30,4024.735,4033.29,4017.475,4031.35,15815
2026-07-15T14:30:00+05:30,4031.385,4034.475,4025.605,4030.31,8869
2026-07-15T15:30:00+05:30,4030.405,4036.14,4026.61,4028.27,9529
2026-07-15T16:30:00+05:30,4028.26,4040.25,4027.77,4038.435,12480
2026-07-15T17:30:00+05:30,4038.45,4071.595,4035.955,4067.85,35639
2026-07-15T18:30:00+05:30,4068.045,4074.175,4054.105,4061.69,20070
2026-07-15T19:30:00+05:30,4061.855,4066.07,4053.325,4060.61,12745
2026-07-15T20:30:00+05:30,4060.605,4063.01,4039.655,4046.985,23355
2026-07-15T21:30:00+05:30,4047.03,4048.02,4026.945,4033.83,21074
2026-07-15T22:30:00+05:30,4033.82,4066.3,4033.11,4062.36,33190
2026-07-15T23:30:00+05:30,4062.41,4081.52,4058.1,4059.29,23420
2026-07-16T00:30:00+05:30,4059.265,4063.055,4048.1,4057.12,14954
2026-07-16T01:30:00+05:30,4057.03,4063.225,4055.255,4060.695,7969
2026-07-16T03:30:00+05:30,4060.64,4064.71,4058.235,4059.68,6474
2026-07-16T04:30:00+05:30,4059.57,4062.075,4055.825,4058.02,6250
2026-07-16T05:30:00+05:30,4058.035,4061.21,4043.745,4044.605,17465
2026-07-16T06:30:00+05:30,4044.595,4050.735,4034.075,4039.14,16660
2026-07-16T07:30:00+05:30,4039.145,4040.21,4024.27,4031.525,15940
2026-07-16T08:30:00+05:30,4031.455,4037.075,4027.8,4036.385,9274
2026-07-16T09:30:00+05:30,4036.435,4038.045,4032.0,4033.305,6045
2026-07-16T10:30:00+05:30,4033.305,4034.13,4025.46,4027.445,8670
2026-07-16T11:30:00+05:30,4027.375,4036.62,4023.21,4030.705,13409
2026-07-16T12:30:00+05:30,4030.7,4031.99,4023.03,4030.805,8959
2026-07-16T13:30:00+05:30,4030.745,4036.645,4025.43,4035.29,11215
2026-07-16T14:30:00+05:30,4035.295,4037.98,4030.55,4031.755,7429
2026-07-16T15:30:00+05:30,4031.695,4034.805,4028.65,4029.565,6154
2026-07-16T16:30:00+05:30,4029.645,4042.43,4021.375,4038.465,21054
2026-07-16T17:30:00+05:30,4038.45,4043.36,3990.58,3992.54,52780
2026-07-16T18:30:00+05:30,3992.55,4008.485,3973.8,3990.265,34684
2026-07-16T19:30:00+05:30,3990.23,4006.815,3987.19,3997.92,19625
2026-07-16T20:30:00+05:30,3997.97,4017.03,3989.47,4007.125,27560
2026-07-16T21:30:00+05:30,4007.17,4007.775,3982.455,3992.05,25320
2026-07-16T22:30:00+05:30,3992.085,3992.99,3980.095,3984.71,12894
2026-07-16T23:30:00+05:30,3984.74,3990.51,3976.69,3980.36,13820
2026-07-17T00:30:00+05:30,3980.4,3986.13,3969.345,3980.085,16785
2026-07-17T01:30:00+05:30,3980.2,3980.27,3971.905,3976.58,8364
2026-07-17T03:30:00+05:30,3979.265,3979.325,3973.365,3978.445,5960
2026-07-17T04:30:00+05:30,3978.455,3986.585,3975.25,3986.105,11335
2026-07-17T05:30:00+05:30,3986.135,3992.06,3980.61,3992.0,11449
2026-07-17T06:30:00+05:30,3991.975,3996.3,3979.385,3983.44,16914
2026-07-17T07:30:00+05:30,3983.475,3987.52,3970.74,3979.19,16780
2026-07-17T08:30:00+05:30,3979.2,4008.795,3979.025,3991.435,29769
2026-07-17T09:30:00+05:30,3991.415,3991.765,3980.245,3981.97,11519
2026-07-17T10:30:00+05:30,3981.965,3991.54,3975.295,3985.2,16244
2026-07-17T11:30:00+05:30,3985.21,4007.295,3985.21,3999.475,22085
2026-07-17T12:30:00+05:30,3999.43,4002.76,3992.69,3992.775,10070
2026-07-17T13:30:00+05:30,3992.81,3999.985,3987.945,3994.265,12039
2026-07-17T14:30:00+05:30,3994.255,4002.455,3992.93,3998.055,9525
2026-07-17T15:30:00+05:30,3998.06,3999.23,3990.595,3990.995,8635
2026-07-17T16:30:00+05:30,3990.99,3998.805,3990.12,3994.225,8684
2026-07-17T17:30:00+05:30,3994.165,3995.71,3964.155,3966.32,31554
2026-07-17T18:30:00+05:30,3966.34,4003.745,3959.8,3997.37,43944
2026-07-17T19:30:00+05:30,3997.3,4004.605,3990.19,4001.365,14414
2026-07-17T20:30:00+05:30,4001.255,4021.345,3997.74,4019.2,23605
2026-07-17T21:30:00+05:30,4019.36,4023.835,4011.035,4014.98,12800
2026-07-17T22:30:00+05:30,4015.09,4019.27,4008.32,4010.14,10949
2026-07-17T23:30:00+05:30,4010.145,4016.26,4006.68,4011.385,9580
2026-07-18T00:30:00+05:30,4011.305,4016.605,4002.42,4015.475,14184
2026-07-18T01:30:00+05:30,4015.585,4019.04,4008.7,4017.315,10340
2026-07-20T03:30:00+05:30,3995.57,4002.31,3993.485,3994.725,8824
2026-07-20T04:30:00+05:30,3994.8,3996.2,3989.5,3995.515,6699
2026-07-20T05:30:00+05:30,3995.5,4010.325,3982.63,4008.695,27694
2026-07-20T06:30:00+05:30,4008.73,4021.1,3995.82,4002.215,25279
2026-07-20T07:30:00+05:30,4002.205,4028.94,4001.38,4022.015,27559
2026-07-20T08:30:00+05:30,4021.965,4028.04,4018.65,4024.175,9389
2026-07-20T09:30:00+05:30,4024.165,4026.845,4018.55,4018.935,8294
2026-07-20T10:30:00+05:30,4019.04,4021.295,4005.52,4008.72,15775
2026-07-20T11:30:00+05:30,4008.715,4011.855,4002.95,4003.775,8905
2026-07-20T12:30:00+05:30,4003.785,4021.895,4002.185,4017.34,19710
2026-07-20T13:30:00+05:30,4017.26,4030.875,4017.145,4019.03,13730
2026-07-20T14:30:00+05:30,4019.005,4023.34,4014.845,4021.315,8495
2026-07-20T15:30:00+05:30,4021.34,4025.725,4018.31,4024.225,7414
2026-07-20T16:30:00+05:30,4024.355,4040.815,4019.855,4025.315,20960
2026-07-20T17:30:00+05:30,4025.325,4025.325,4006.505,4008.165,18819
2026-07-20T18:30:00+05:30,4008.18,4017.48,4005.77,4005.825,11710
2026-07-20T19:30:00+05:30,4005.795,4013.88,3998.33,4006.3,15550
2026-07-20T20:30:00+05:30,4006.335,4019.63,4004.63,4011.855,15000
2026-07-20T21:30:00+05:30,4011.835,4018.385,4001.58,4009.775,16805
2026-07-20T22:30:00+05:30,4009.77,4013.095,4003.885,4005.38,9209
2026-07-20T23:30:00+05:30,4005.415,4011.87,4003.405,4007.34,8464
2026-07-21T00:30:00+05:30,4007.35,4018.035,4004.305,4006.995,13730
2026-07-21T01:30:00+05:30,4007.005,4009.55,4005.87,4007.585,3680
2026-07-21T03:30:00+05:30,4008.105,4011.025,3999.915,4000.555,11110
2026-07-21T04:30:00+05:30,4000.67,4010.85,4000.305,4010.055,10545
2026-07-21T05:30:00+05:30,4010.06,4027.225,4003.565,4024.8,23659
2026-07-21T06:30:00+05:30,4024.81,4036.16,4018.46,4023.34,17699
2026-07-21T07:30:00+05:30,4023.345,4045.365,4022.055,4038.145,23309
2026-07-21T08:30:00+05:30,4038.135,4051.515,4036.75,4046.96,14764
2026-07-21T09:30:00+05:30,4046.995,4051.92,4043.725,4049.67,8195
2026-07-21T10:30:00+05:30,4049.68,4068.095,4046.375,4061.6,21719
2026-07-21T11:30:00+05:30,4061.61,4084.305,4061.395,4078.605,22909
2026-07-21T12:30:00+05:30,4078.65,4080.285,4067.62,4071.255,12664
2026-07-21T13:30:00+05:30,4071.195,4072.52,4059.175,4062.875,13344
2026-07-21T14:30:00+05:30,4062.92,4069.745,4061.0,4065.975,8744
2026-07-21T15:30:00+05:30,4065.945,4070.235,4060.975,4063.06,9260
2026-07-21T16:30:00+05:30,4063.055,4063.75,4054.52,4056.175,9230
2026-07-21T17:30:00+05:30,4056.2,4065.725,4051.255,4054.0,14469
2026-07-21T18:30:00+05:30,4053.9,4061.795,4044.725,4053.245,17070
2026-07-21T19:30:00+05:30,4053.2,4074.08,4051.61,4068.64,22469
2026-07-21T20:30:00+05:30,4068.49,4083.405,4065.74,4074.255,17665
2026-07-21T21:30:00+05:30,4074.265,4079.265,4069.945,4071.555,9319
2026-07-21T22:30:00+05:30,4071.55,4072.855,4066.83,4068.75,6025
2026-07-21T23:30:00+05:30,4068.81,4087.135,4067.79,4082.23,19345
2026-07-22T00:30:00+05:30,4082.25,4085.815,4080.085,4084.485,5730
2026-07-22T01:30:00+05:30,4084.435,4086.455,4076.915,4077.325,9539
2026-07-22T03:30:00+05:30,4078.675,4085.32,4077.165,4080.59,8155
2026-07-22T04:30:00+05:30,4080.595,4083.135,4079.18,4080.71,3955
2026-07-22T05:30:00+05:30,4080.68,4102.575,4076.755,4097.58,25819
2026-07-22T06:30:00+05:30,4097.67,4123.72,4096.78,4122.265,26940
2026-07-22T07:30:00+05:30,4122.16,4131.015,4118.81,4130.66,12204
2026-07-22T08:30:00+05:30,4130.69,4141.715,4129.32,4130.875,12395
2026-07-22T09:30:00+05:30,4130.785,4131.23,4124.725,4126.995,6504
2026-07-22T10:30:00+05:30,4127.01,4134.12,4123.08,4131.26,11039
2026-07-22T11:30:00+05:30,4131.235,4135.415,4113.475,4116.58,21939
2026-07-22T12:30:00+05:30,4116.565,4123.065,4109.395,4110.78,13669
2026-07-22T13:30:00+05:30,4110.785,4120.21,4110.635,4118.28,9574
2026-07-22T14:30:00+05:30,4118.305,4122.325,4113.32,4115.0,9005
2026-07-22T15:30:00+05:30,4115.025,4121.89,4114.8,4117.59,7090
2026-07-22T16:30:00+05:30,4117.555,4123.17,4112.605,4122.695,10565
2026-07-22T17:30:00+05:30,4122.705,4134.46,4106.72,4113.16,27739
2026-07-22T18:30:00+05:30,4113.155,4155.87,4112.93,4154.525,42939
2026-07-22T19:30:00+05:30,4154.52,4163.54,4144.165,4148.58,19375
2026-07-22T20:30:00+05:30,4148.6,4166.13,4148.59,4159.475,17539
2026-07-22T21:30:00+05:30,4159.475,4159.605,4144.55,4146.84,15054
2026-07-22T22:30:00+05:30,4146.83,4147.93,4138.44,4142.47,9490
2026-07-22T23:30:00+05:30,4142.475,4142.885,4132.125,4136.125,10760
2026-07-23T00:30:00+05:30,4136.115,4137.29,4129.02,4131.905,8269
2026-07-23T01:30:00+05:30,4131.875,4137.92,4128.42,4129.76,9500
2026-07-23T03:30:00+05:30,4119.635,4130.195,4119.59,4121.525,10604
2026-07-23T04:30:00+05:30,4121.625,4134.4,4116.73,4133.495,17670
2026-07-23T05:30:00+05:30,4133.505,4134.67,4125.2,4132.15,9470
2026-07-23T06:30:00+05:30,4131.855,4141.275,4114.425,4118.11,26849
2026-07-23T07:30:00+05:30,4118.035,4129.025,4112.315,4128.14,16710
2026-07-23T08:30:00+05:30,4128.15,4133.25,4124.32,4124.87,8930
2026-07-23T09:30:00+05:30,4124.855,4130.54,4120.07,4121.265,10470
2026-07-23T10:30:00+05:30,4121.26,4130.625,4119.645,4124.165,10979
2026-07-23T11:30:00+05:30,4124.16,4128.37,4117.06,4118.67,11309
2026-07-23T12:30:00+05:30,4118.69,4119.525,4090.055,4095.47,29469
2026-07-23T13:30:00+05:30,4095.42,4097.855,4087.11,4093.52,10744
2026-07-23T14:30:00+05:30,4093.54,4099.63,4088.465,4089.96,11164
2026-07-23T15:30:00+05:30,4089.955,4095.46,4086.185,4093.405,9275
2026-07-23T16:30:00+05:30,4093.375,4094.07,4073.2,4085.765,20870
2026-07-23T17:30:00+05:30,4085.645,4086.045,4061.2,4061.85,24845
2026-07-23T18:30:00+05:30,4061.815,4067.415,4040.595,4043.45,26820
2026-07-23T19:30:00+05:30,4043.52,4061.8,4040.185,4057.98,21615
2026-07-23T20:30:00+05:30,4058.165,4059.64,4042.41,4048.815,17230
2026-07-23T21:30:00+05:30,4048.89,4051.83,4045.96,4051.535,5869
2026-07-23T22:30:00+05:30,4051.535,4054.58,4041.7,4041.88,12880
2026-07-23T23:30:00+05:30,4041.94,4048.445,4040.745,4046.175,7700
2026-07-24T00:30:00+05:30,4046.145,4051.14,4043.115,4049.935,8025
2026-07-24T01:30:00+05:30,4049.945,4051.44,4047.495,4049.78,3945
2026-07-24T03:30:00+05:30,4048.875,4050.655,4048.645,4049.785,2010
2026-07-24T04:30:00+05:30,4049.78,4050.825,4046.71,4047.29,4114
2026-07-24T05:30:00+05:30,4047.33,4051.01,4041.375,4049.88,9635
2026-07-24T06:30:00+05:30,4049.89,4050.39,4039.97,4043.68,10420
2026-07-24T07:30:00+05:30,4043.64,4048.59,4023.07,4024.54,25519
2026-07-24T08:30:00+05:30,4024.535,4033.84,4023.04,4029.54,10800
2026-07-24T09:30:00+05:30,4029.52,4030.54,4025.72,4027.12,4820
2026-07-24T10:30:00+05:30,4027.13,4032.335,4022.06,4023.135,10275
2026-07-24T11:30:00+05:30,4023.195,4039.185,4023.055,4035.845,16130
2026-07-24T12:30:00+05:30,4035.855,4053.84,4035.245,4048.415,18595
2026-07-24T13:30:00+05:30,4048.435,4058.775,4045.28,4057.65,13494
2026-07-24T14:30:00+05:30,4057.645,4060.74,4051.84,4059.885,8899
2026-07-24T15:30:00+05:30,4059.935,4064.025,4057.165,4060.205,6860
2026-07-24T16:30:00+05:30,4060.2,4063.495,4051.49,4057.795,12005
2026-07-24T17:30:00+05:30,4057.81,4060.285,4051.815,4056.095,8469
2026-07-24T18:30:00+05:30,4056.07,4068.68,4044.81,4067.865,23869
2026-07-24T19:30:00+05:30,4067.86,4069.98,4056.115,4063.35,13865
2026-07-24T20:30:00+05:30,4063.4,4082.16,4061.955,4077.535,20204
2026-07-24T21:30:00+05:30,4077.575,4078.245,4064.285,4067.175,13960
2026-07-24T22:30:00+05:30,4067.18,4069.96,4062.985,4063.505,6974
2026-07-24T23:30:00+05:30,4063.555,4064.615,4051.255,4054.47,13359
2026-07-25T00:30:00+05:30,4054.52,4058.01,4049.38,4053.895,8630
2026-07-25T01:30:00+05:30,4053.875,4056.465,4051.665,4052.845,4800
2026-07-27T03:30:00+05:30,4090.16,4093.84,4084.03,4089.575,9809
2026-07-27T04:30:00+05:30,4089.795,4096.515,4083.8,4094.11,12715
2026-07-27T05:30:00+05:30,4094.105,4116.185,4090.64,4100.815,25545
2026-07-27T06:30:00+05:30,4100.83,4112.48,4097.13,4110.255,15349
2026-07-27T07:30:00+05:30,4110.3,4111.105,4093.75,4093.765,17354
2026-07-27T08:30:00+05:30,4093.68,4095.955,4085.23,4091.045,10724
2026-07-27T09:30:00+05:30,4091.055,4092.925,4087.08,4090.39,5845
2026-07-27T10:30:00+05:30,4090.395,4094.99,4084.49,4093.365,10500
2026-07-27T11:30:00+05:30,4093.33,4099.365,4091.36,4096.02,8004
2026-07-27T12:30:00+05:30,4095.98,4106.24,4088.635,4088.885,17604
2026-07-27T13:30:00+05:30,4088.98,4096.985,4087.24,4095.28,9744
2026-07-27T14:30:00+05:30,4095.215,4100.38,4090.575,4096.14,9805
2026-07-27T15:30:00+05:30,4096.12,4102.45,4086.62,4099.625,15829
2026-07-27T16:30:00+05:30,4099.66,4104.205,4093.695,4094.015,10509
2026-07-27T17:30:00+05:30,4094.03,4097.845,4081.73,4083.82,16115
2026-07-27T18:30:00+05:30,4083.875,4089.59,4070.495,4074.445,19095
2026-07-27T19:30:00+05:30,4074.48,4079.23,4065.415,4076.335,13815
2026-07-27T20:30:00+05:30,4076.315,4080.05,4071.915,4078.62,8135
2026-07-27T21:30:00+05:30,4078.625,4094.105,4077.965,4082.56,16139
2026-07-27T22:30:00+05:30,4082.565,4082.565,4070.785,4076.505,11780
2026-07-27T23:30:00+05:30,4076.51,4079.58,4073.0,4078.005,6579
2026-07-28T00:30:00+05:30,4078.04,4089.485,4076.22,4083.5,13265
2026-07-28T01:30:00+05:30,4083.535,4084.21,4075.325,4076.425,8885
2026-07-28T03:30:00+05:30,4080.685,4081.415,4071.16,4074.32,10255
2026-07-28T04:30:00+05:30,4074.22,4075.14,4070.035,4073.385,5105
2026-07-28T05:30:00+05:30,4073.365,4074.26,4057.665,4058.245,16595
2026-07-28T06:30:00+05:30,4058.23,4060.43,4042.77,4045.23,17659
2026-07-28T07:30:00+05:30,4045.245,4049.215,4040.935,4042.115,8280
2026-07-28T08:30:00+05:30,4042.11,4051.24,4040.455,4049.615,10784
2026-07-28T09:30:00+05:30,4049.605,4049.7,4041.395,4042.305,8304
2026-07-28T10:30:00+05:30,4042.3,4046.625,4034.795,4045.2,11829
2026-07-28T11:30:00+05:30,4045.195,4052.405,4043.015,4048.425,9390
2026-07-28T12:30:00+05:30,4048.395,4052.425,4046.235,4047.395,6190
2026-07-28T13:30:00+05:30,4047.355,4055.21,4041.72,4045.56,13490
2026-07-28T14:30:00+05:30,4045.46,4045.955,4019.575,4023.42,26380
2026-07-28T15:30:00+05:30,4023.49,4028.63,4017.115,4026.67,11515
2026-07-28T16:30:00+05:30,4026.66,4032.555,4023.275,4028.19,9279
2026-07-28T17:30:00+05:30,4028.195,4038.22,4022.965,4029.69,15254
2026-07-28T18:30:00+05:30,4029.74,4036.04,4020.33,4022.11,15710
2026-07-28T19:30:00+05:30,4022.16,4033.6,4011.765,4024.375,21835
2026-07-28T20:30:00+05:30,4024.43,4047.195,4022.16,4046.13,25035
2026-07-28T21:30:00+05:30,4046.145,4046.68,4036.715,4037.605,9964
2026-07-28T22:30:00+05:30,4037.69,4041.73,4025.755,4027.935,15974
2026-07-28T23:30:00+05:30,4027.985,4030.58,4021.715,4023.15,8864
2026-07-29T00:30:00+05:30,4023.19,4028.07,4021.935,4026.465,6135
2026-07-29T01:30:00+05:30,4026.455,4030.555,4022.6,4028.67,7954
2026-07-29T03:30:00+05:30,4026.565,4028.165,4013.975,4018.44,14190
2026-07-29T04:30:00+05:30,4018.45,4026.345,4015.21,4024.945,11134
2026-07-29T05:30:00+05:30,4024.99,4029.815,4017.57,4022.08,12244
2026-07-29T06:30:00+05:30,4022.075,4030.675,4010.41,4026.16,20265
2026-07-29T07:30:00+05:30,4026.165,4038.08,4023.265,4029.435,14815
2026-07-29T08:30:00+05:30,4029.42,4032.84,4023.25,4023.73,9590
2026-07-29T09:30:00+05:30,4023.74,4027.845,4020.655,4027.4,7189
2026-07-29T10:30:00+05:30,4027.425,4040.15,4026.735,4033.135,13414
2026-07-29T11:30:00+05:30,4033.14,4044.845,4033.08,4041.25,11764
2026-07-29T12:30:00+05:30,4041.2,4047.88,4041.2,4043.825,6680
2026-07-29T13:30:00+05:30,4043.82,4044.555,4035.67,4037.64,8884
2026-07-29T14:30:00+05:30,4037.73,4038.38,4031.36,4032.695,7019
2026-07-29T15:30:00+05:30,4032.68,4034.57,4026.065,4027.535,8505
2026-07-29T16:30:00+05:30,4027.555,4036.195,4025.105,4032.845,11090
2026-07-29T17:30:00+05:30,4032.85,4033.5,4009.39,4022.65,24110
2026-07-29T18:30:00+05:30,4022.82,4026.565,4002.6,4007.445,23965
2026-07-29T19:30:00+05:30,4007.455,4010.215,3996.055,4004.875,14160
2026-07-29T20:30:00+05:30,4004.93,4013.815,4003.4,4009.975,10414
2026-07-29T21:30:00+05:30,4010.015,4032.915,4007.63,4027.46,25284
2026-07-29T22:30:00+05:30,4027.455,4050.745,4027.405,4044.285,23339
2026-07-29T23:30:00+05:30,4044.29,4110.12,4042.775,4106.75,67344
2026-07-30T00:30:00+05:30,4106.74,4116.415,4044.375,4044.74,72039
2026-07-30T01:30:00+05:30,4044.74,4070.195,4042.955,4066.34,27240
2026-07-30T03:30:00+05:30,4074.84,4090.65,4064.505,4088.58,26144
2026-07-30T04:30:00+05:30,4088.61,4100.485,4084.4,4084.59,16084
2026-07-30T05:30:00+05:30,4084.625,4086.735,4064.96,4072.27,21775
2026-07-30T06:30:00+05:30,4072.285,4092.955,4070.36,4084.59,22594
2026-07-30T07:30:00+05:30,4084.46,4090.45,4063.435,4063.71,27014
2026-07-30T08:30:00+05:30,4063.705,4070.345,4050.81,4058.88,19534
2026-07-30T09:30:00+05:30,4058.94,4060.385,4044.34,4046.045,16045
2026-07-30T10:30:00+05:30,4046.05,4051.445,4028.69,4033.82,22755
2026-07-30T11:30:00+05:30,4033.725,4040.63,4029.4,4036.54,11230
2026-07-30T12:30:00+05:30,4036.57,4051.43,4035.41,4038.935,16019
2026-07-30T13:30:00+05:30,4038.825,4073.01,4036.81,4061.49,36200
2026-07-30T14:30:00+05:30,4061.485,4073.155,4060.305,4063.405,12850
2026-07-30T15:30:00+05:30,4063.495,4083.23,4063.065,4078.155,20164
2026-07-30T16:30:00+05:30,4078.105,4082.945,4075.77,4077.815,7175
2026-07-30T17:30:00+05:30,4077.79,4086.785,4067.285,4069.03,19500
2026-07-30T18:30:00+05:30,4069.04,4112.825,4065.315,4112.34,47509
2026-07-30T19:30:00+05:30,4112.415,4120.495,4087.195,4100.01,33299
2026-07-30T20:30:00+05:30,4100.075,4110.23,4083.27,4108.25,26959
2026-07-30T21:30:00+05:30,4108.2,4119.285,4106.645,4110.78,12639
2026-07-30T22:30:00+05:30,4110.75,4111.325,4098.505,4102.765,12819
2026-07-30T23:30:00+05:30,4102.75,4107.855,4098.785,4099.74,9069
2026-07-31T00:30:00+05:30,4099.745,4115.375,4098.77,4112.065,16604
2026-07-31T01:30:00+05:30,4112.2,4117.515,4099.235,4103.27,18280
2026-07-31T03:30:00+05:30,4103.36,4111.455,4102.63,4109.385,8824
2026-07-31T04:30:00+05:30,4109.335,4112.01,4102.345,4105.985,9664
2026-07-31T05:30:00+05:30,4106.065,4107.225,4090.585,4094.855,16640
2026-07-31T06:30:00+05:30,4094.835,4101.71,4082.15,4084.325,19559
2026-07-31T07:30:00+05:30,4084.39,4090.405,4074.27,4076.275,16135
2026-07-31T08:30:00+05:30,4076.07,4079.65,4072.145,4075.14,7505
2026-07-31T09:30:00+05:30,4075.07,4081.535,4073.32,4080.16,8214
2026-07-31T10:30:00+05:30,4080.17,4083.315,4073.44,4074.43,9875
2026-07-31T11:30:00+05:30,4074.45,4087.665,4072.785,4077.765,14880
2026-07-31T12:30:00+05:30,4077.735,4079.315,4067.62,4067.81,11695
2026-07-31T13:30:00+05:30,4067.795,4067.89,4054.175,4060.98,13714
2026-07-31T14:30:00+05:30,4060.895,4064.115,4050.315,4055.25,13799
2026-07-31T15:30:00+05:30,4055.185,4058.435,4052.015,4054.565,6420
2026-07-31T16:30:00+05:30,4054.58,4061.15,4050.69,4053.84,10460
2026-07-31T17:30:00+05:30,4053.83,4059.495,4040.575,4040.765,18920
2026-07-31T18:30:00+05:30,4040.75,4047.035,4022.13,4025.51,24904
2026-07-31T19:30:00+05:30,4025.41,4050.435,4020.975,4049.315,29460
2026-07-31T20:30:00+05:30,4049.345,4052.695,4036.82,4045.58,15875
2026-07-31T21:30:00+05:30,4045.585,4049.995,4041.3,4043.415,8694
2026-07-31T22:30:00+05:30,4043.41,4054.805,4041.6,4053.66,13204
2026-07-31T23:30:00+05:30,4053.665,4055.245,4047.18,4050.82,8065
2026-08-01T00:30:00+05:30,4050.785,4055.665,4046.955,4050.935,8710
2026-08-01T01:30:00+05:30,4050.915,4053.105,4043.04,4045.165,10065
2026-08-03T03:30:00+05:30,4075.055,4078.785,4063.515,4063.755,15269
2026-08-03T04:30:00+05:30,4063.705,4075.09,4063.3,4075.065,11789
2026-08-03T05:30:00+05:30,4075.07,4079.185,4055.88,4057.35,23304
2026-08-03T06:30:00+05:30,4057.355,4063.7,4047.345,4056.77,16355
2026-08-03T07:30:00+05:30,4056.775,4067.275,4052.11,4062.605,15164
2026-08-03T08:30:00+05:30,4062.51,4068.1,4059.5,4065.115,8599
2026-08-03T09:30:00+05:30,4065.145,4072.055,4064.0,4064.045,8054
2026-08-03T10:30:00+05:30,4063.99,4070.045,4054.17,4069.035,15875
2026-08-03T11:30:00+05:30,4069.03,4072.185,4060.51,4063.94,11674
2026-08-03T12:30:00+05:30,4063.95,4065.305,4052.19,4061.155,13114
2026-08-03T13:30:00+05:30,4061.1,4062.595,4054.335,4059.42,8259
2026-08-03T14:30:00+05:30,4059.43,4062.21,4046.685,4055.355,15525
2026-08-03T15:30:00+05:30,4055.375,4057.13,4045.84,4049.495,11289
2026-08-03T16:30:00+05:30,4049.485,4063.245,4045.57,4062.505,17674
2026-08-03T17:30:00+05:30,4062.465,4064.74,4042.34,4047.85,22399
2026-08-03T18:30:00+05:30,4047.865,4053.855,4019.24,4032.35,34615
2026-08-03T19:30:00+05:30,4031.91,4039.16,4026.75,4036.375,12409
2026-08-03T20:30:00+05:30,4036.475,4041.03,4030.54,4036.135,10490
2026-08-03T21:30:00+05:30,4036.14,4039.335,4034.805,4037.03,4530
2026-08-03T22:30:00+05:30,4037.06,4037.8,4030.27,4030.57,7530
2026-08-03T23:30:00+05:30,4030.62,4045.12,4029.675,4043.535,15444
2026-08-04T00:30:00+05:30,4043.53,4055.815,4043.485,4052.08,12329
2026-08-04T01:30:00+05:30,4052.145,4058.215,4050.325,4055.33,7890
2026-08-04T03:30:00+05:30,4052.12,4053.58,4049.04,4052.765,4539
2026-08-04T04:30:00+05:30,4052.725,4055.22,4050.22,4053.96,5000
2026-08-04T05:30:00+05:30,4053.93,4069.465,4048.64,4049.425,20825
2026-08-04T06:30:00+05:30,4049.345,4061.97,4042.72,4058.82,19250
2026-08-04T07:30:00+05:30,4058.825,4065.235,4055.62,4059.08,9615
2026-08-04T08:30:00+05:30,4059.0,4061.855,4052.25,4052.56,9605
2026-08-04T09:30:00+05:30,4052.61,4066.425,4051.25,4063.765,15175
2026-08-04T10:30:00+05:30,4063.785,4067.835,4057.2,4061.975,10635
2026-08-04T11:30:00+05:30,4061.96,4066.215,4055.7,4063.515,10515
2026-08-04T12:30:00+05:30,4063.58,4066.79,4060.845,4065.535,5945
2026-08-04T13:30:00+05:30,4065.635,4072.97,4054.455,4055.19,18514
2026-08-04T14:30:00+05:30,4055.16,4055.505,4046.255,4049.93,9250
2026-08-04T15:30:00+05:30,4049.935,4060.84,4045.62,4053.99,15220
2026-08-04T16:30:00+05:30,4053.995,4084.345,4052.44,4074.995,31904
2026-08-04T17:30:00+05:30,4075.055,4084.56,4061.115,4070.945,23445
2026-08-04T18:30:00+05:30,4070.925,4093.88,4061.23,4083.955,32650
2026-08-04T19:30:00+05:30,4083.995,4092.075,4074.55,4083.64,17524
2026-08-04T20:30:00+05:30,4083.645,4088.885,4074.735,4087.35,14150
2026-08-04T21:30:00+05:30,4087.44,4093.685,4083.195,4093.41,10489
2026-08-04T22:30:00+05:30,4093.36,4106.475,4086.205,4086.21,20270
2026-08-04T23:30:00+05:30,4086.18,4089.06,4075.285,4079.945,13775
2026-08-05T00:30:00+05:30,4079.995,4084.86,4076.39,4078.615,8470
2026-08-05T01:30:00+05:30,4078.61,4080.295,4074.69,4077.055,5605
2026-08-05T03:30:00+05:30,4078.39,4085.87,4075.735,4075.805,10134
2026-08-05T04:30:00+05:30,4075.89,4077.205,4065.33,4072.605,11875
2026-08-05T05:30:00+05:30,4072.6,4083.63,4070.505,4082.55,13125
2026-08-05T06:30:00+05:30,4082.57,4102.58,4077.725,4101.43,24855
2026-08-05T07:30:00+05:30,4101.44,4135.435,4095.42,4129.195,40015
2026-08-05T08:30:00+05:30,4129.2,4136.69,4126.92,4128.33,9769
2026-08-05T09:30:00+05:30,4128.335,4141.505,4128.26,4135.595,13244
2026-08-05T10:30:00+05:30,4135.575,4173.1,4134.885,4161.545,38215
2026-08-05T11:30:00+05:30,4161.535,4178.565,4160.3,4177.565,18264
2026-08-05T12:30:00+05:30,4177.645,4179.555,4162.225,4170.81,17329
2026-08-05T13:30:00+05:30,4170.8,4172.68,4159.045,4160.515,13635
2026-08-05T14:30:00+05:30,4160.64,4167.17,4153.145,4157.98,14024
2026-08-05T15:30:00+05:30,4157.97,4161.495,4150.28,4161.42,11215
2026-08-05T16:30:00+05:30,4161.455,4192.625,4160.85,4188.93,31774
2026-08-05T17:30:00+05:30,4188.945,4213.54,4183.305,4183.985,30234
2026-08-05T18:30:00+05:30,4183.965,4206.845,4183.795,4206.17,23050
2026-08-05T19:30:00+05:30,4206.11,4247.64,4203.67,4244.26,43970
2026-08-05T20:30:00+05:30,4244.3,4265.29,4232.375,4233.025,32914
2026-08-05T21:30:00+05:30,4233.03,4247.48,4224.89,4242.26,22589
2026-08-05T22:30:00+05:30,4242.33,4252.555,4237.0,4250.36,15555
2026-08-05T23:30:00+05:30,4249.95,4268.09,4249.26,4260.985,18829
2026-08-06T00:30:00+05:30,4261.0,4262.27,4246.405,4247.13,15865
2026-08-06T01:30:00+05:30,4247.08,4249.76,4243.06,4247.275,6699
2026-08-06T03:30:00+05:30,4249.5,4250.385,4245.825,4250.045,4560
2026-08-06T04:30:00+05:30,4250.055,4282.05,4249.12,4278.305,32930
2026-08-06T05:30:00+05:30,4278.315,4300.39,4264.64,4294.985,35750
2026-08-06T06:30:00+05:30,4294.99,4302.74,4272.98,4286.64,29760
2026-08-06T07:30:00+05:30,4286.405,4304.31,4274.93,4278.71,29380
2026-08-06T08:30:00+05:30,4278.735,4280.95,4260.48,4265.795,20470
2026-08-06T09:30:00+05:30,4265.78,4267.27,4253.045,4262.265,14225
2026-08-06T10:30:00+05:30,4262.1,4268.675,4247.24,4267.345,21435
2026-08-06T11:30:00+05:30,4267.325,4268.64,4249.39,4256.225,19250
2026-08-06T12:30:00+05:30,4256.22,4265.47,4252.6,4262.79,12869
2026-08-06T13:30:00+05:30,4262.96,4278.915,4260.345,4278.33,18569
2026-08-06T14:30:00+05:30,4278.405,4284.885,4271.27,4273.16,13614
2026-08-06T15:30:00+05:30,4273.11,4273.7,4264.545,4270.915,9154
2026-08-06T16:30:00+05:30,4270.91,4273.405,4254.26,4263.3,19144
2026-08-06T17:30:00+05:30,4263.305,4271.115,4249.145,4250.27,21969
2026-08-06T18:30:00+05:30,4250.235,4274.29,4230.46,4267.025,43829
2026-08-06T19:30:00+05:30,4267.025,4275.44,4260.255,4273.055,15184
2026-08-06T20:30:00+05:30,4273.065,4274.39,4229.505,4233.82,44885
2026-08-06T21:30:00+05:30,4233.815,4243.18,4223.505,4241.525,19675
2026-08-06T22:30:00+05:30,4241.51,4248.2,4238.545,4247.27,9654
2026-08-06T23:30:00+05:30,4247.345,4249.74,4240.755,4243.535,8984
2026-08-07T00:30:00+05:30,4243.56,4251.385,4233.12,4248.95,18265
2026-08-07T01:30:00+05:30,4248.81,4250.215,4234.78,4240.75,15435
2026-08-07T03:30:00+05:30,4236.61,4243.5,4236.605,4240.83,6895
2026-08-07T04:30:00+05:30,4240.555,4253.245,4240.36,4252.425,12885
2026-08-07T05:30:00+05:30,4252.42,4253.015,4229.875,4232.9,23140
2026-08-07T06:30:00+05:30,4232.925,4259.365,4231.59,4256.97,27774
2026-08-07T07:30:00+05:30,4256.955,4261.785,4247.21,4250.36,14574
2026-08-07T08:30:00+05:30,4250.39,4266.545,4249.57,4266.265,16975
2026-08-07T09:30:00+05:30,4266.245,4269.215,4260.81,4265.045,8404
2026-08-07T10:30:00+05:30,4264.995,4280.635,4262.1,4278.815,18534
2026-08-07T11:30:00+05:30,4278.875,4298.945,4278.535,4297.275,20409
2026-08-07T12:30:00+05:30,4297.3,4298.095,4282.99,4290.18,15105
2026-08-07T13:30:00+05:30,4290.17,4316.735,4289.13,4306.245,27604
2026-08-07T14:30:00+05:30,4306.25,4320.865,4302.29,4316.08,18574
2026-08-07T15:30:00+05:30,4316.075,4320.695,4308.09,4316.97,12604
2026-08-07T16:30:00+05:30,4316.965,4327.745,4316.9,4321.245,10845
2026-08-07T17:30:00+05:30,4321.24,4371.84,4301.015,4361.425,70824
2026-08-07T18:30:00+05:30,4361.415,4368.01,4338.98,4348.255,29030
2026-08-07T19:30:00+05:30,4348.265,4353.025,4327.455,4341.605,25569
2026-08-07T20:30:00+05:30,4341.615,4358.545,4339.895,4341.13,18649
2026-08-07T21:30:00+05:30,4341.185,4349.745,4329.28,4329.305,20465
2026-08-07T22:30:00+05:30,4329.3,4343.15,4327.865,4340.275,15284
2026-08-07T23:30:00+05:30,4340.325,4343.03,4332.255,4335.695,10774
2026-08-08T00:30:00+05:30,4335.7,4350.41,4335.565,4344.08,14845
2026-08-08T01:30:00+05:30,4344.12,4345.38,4336.015,4341.935,9364
2026-08-10T03:30:00+05:30,4340.28,4346.235,4334.605,4341.59,11630
2026-08-10T04:30:00+05:30,4341.605,4349.11,4332.32,4333.115,16789
2026-08-10T05:30:00+05:30,4333.075,4347.215,4330.84,4332.21,16375
2026-08-10T06:30:00+05:30,4332.27,4340.655,4313.43,4322.67,27224
2026-08-10T07:30:00+05:30,4322.695,4332.405,4318.79,4319.735,13614
2026-08-10T08:30:00+05:30,4319.72,4330.025,4317.805,4326.735,12219
2026-08-10T09:30:00+05:30,4326.79,4339.64,4323.21,4339.535,16430
2026-08-10T10:30:00+05:30,4339.475,4352.41,4331.74,4347.405,20670
2026-08-10T11:30:00+05:30,4347.475,4359.935,4341.97,4358.31,17965
2026-08-10T12:30:00+05:30,4358.22,4362.06,4350.23,4355.46,11830
2026-08-10T13:30:00+05:30,4355.445,4356.76,4343.905,4346.65,12855
2026-08-10T14:30:00+05:30,4346.715,4350.07,4340.395,4341.29,9674
2026-08-10T15:30:00+05:30,4341.34,4344.275,4335.45,4335.75,8824
2026-08-10T16:30:00+05:30,4335.78,4339.535,4329.045,4335.12,10489
2026-08-10T17:30:00+05:30,4335.095,4337.635,4324.125,4332.625,13510
2026-08-10T18:30:00+05:30,4332.66,4340.165,4316.675,4317.985,23489
2026-08-10T19:30:00+05:30,4317.98,4352.04,4317.965,4345.435,34074
2026-08-10T20:30:00+05:30,4345.6,4359.545,4343.325,4358.51,16220
2026-08-10T21:30:00+05:30,4358.53,4364.8,4349.19,4356.845,15610
2026-08-10T22:30:00+05:30,4356.855,4365.315,4351.75,4360.23,13564
2026-08-10T23:30:00+05:30,4360.3,4383.05,4359.84,4378.49,23210
2026-08-11T00:30:00+05:30,4378.495,4395.385,4378.495,4388.555,16890
2026-08-11T01:30:00+05:30,4388.55,4392.135,4386.005,4390.235,6130
2026-08-11T03:30:00+05:30,4389.775,4401.065,4389.34,4399.895,11724
2026-08-11T04:30:00+05:30,4399.935,4402.715,4394.7,4402.355,8015
2026-08-11T05:30:00+05:30,4402.41,4419.335,4396.44,4409.495,22895
2026-08-11T06:30:00+05:30,4409.49,4434.265,4393.78,4429.815,40485
2026-08-11T07:30:00+05:30,4429.705,4435.245,4408.09,4410.975,27154
2026-08-11T08:30:00+05:30,4410.96,4421.675,4409.835,4416.9,11840
2026-08-11T09:30:00+05:30,4416.895,4420.5,4403.49,4409.005,17010
2026-08-11T10:30:00+05:30,4408.995,4409.15,4367.52,4375.47,41629
2026-08-11T11:30:00+05:30,4375.47,4382.7,4359.675,4366.315,23024
2026-08-11T12:30:00+05:30,4366.335,4367.97,4356.7,4357.655,11270
2026-08-11T13:30:00+05:30,4357.635,4376.765,4357.0,4369.29,19765
2026-08-11T14:30:00+05:30,4369.245,4375.655,4367.675,4372.505,7979
2026-08-11T15:30:00+05:30,4372.57,4382.77,4371.37,4382.56,11400
2026-08-11T16:30:00+05:30,4382.485,4393.11,4380.565,4387.8,12545
2026-08-11T17:30:00+05:30,4387.8,4400.185,4383.875,4392.53,16310
2026-08-11T18:30:00+05:30,4392.52,4404.29,4384.645,4389.5,19644
2026-08-11T19:30:00+05:30,4389.35,4397.99,4381.29,4394.125,16699
2026-08-11T20:30:00+05:30,4394.175,4398.83,4369.15,4383.905,29680
2026-08-11T21:30:00+05:30,4383.92,4385.9,4378.52,4383.46,7379
2026-08-11T22:30:00+05:30,4383.5,4385.765,4368.935,4369.19,16829
2026-08-11T23:30:00+05:30,4369.225,4372.69,4360.295,4371.59,12394
2026-08-12T00:30:00+05:30,4371.655,4374.28,4361.265,4370.745,13014
2026-08-12T01:30:00+05:30,4370.78,4371.225,4367.18,4368.245,4045
2026-08-12T03:30:00+05:30,4372.355,4378.52,4367.28,4369.2,11240
2026-08-12T04:30:00+05:30,4369.19,4374.77,4362.655,4371.645,12115
2026-08-12T05:30:00+05:30,4371.65,4383.8,4366.54,4380.5,17260
2026-08-12T06:30:00+05:30,4380.585,4397.42,4378.445,4396.5,18975
2026-08-12T07:30:00+05:30,4396.505,4414.5,4394.21,4411.32,20289
2026-08-12T08:30:00+05:30,4411.355,4416.25,4401.065,4402.36,15185
2026-08-12T09:30:00+05:30,4402.365,4403.425,4395.44,4401.175,7985
2026-08-12T10:30:00+05:30,4401.125,4404.88,4384.02,4391.025,20859
2026-08-12T11:30:00+05:30,4391.01,4406.445,4385.235,4403.545,21210
2026-08-12T12:30:00+05:30,4403.535,4410.145,4398.345,4406.355,11800
2026-08-12T13:30:00+05:30,4406.355,4410.545,4401.8,4401.895,8744
2026-08-12T14:30:00+05:30,4401.95,4424.46,4401.925,4416.055,22534
2026-08-12T15:30:00+05:30,4416.09,4421.025,4407.575,4412.88,13449
2026-08-12T16:30:00+05:30,4412.885,4416.805,4407.995,4412.935,8810
2026-08-12T17:30:00+05:30,4412.955,4438.305,4382.485,4437.37,55820
2026-08-12T18:30:00+05:30,4437.37,4441.315,4408.65,4427.53,32664
2026-08-12T19:30:00+05:30,4427.535,4439.75,4416.545,4422.16,23204
2026-08-12T20:30:00+05:30,4422.245,4430.14,4411.145,4421.17,18994
2026-08-12T21:30:00+05:30,4421.145,4426.57,4396.575,4401.68,29994
2026-08-12T22:30:00+05:30,4401.685,4411.575,4399.135,4399.62,12439
2026-08-12T23:30:00+05:30,4399.625,4418.005,4396.575,4413.165,21430
2026-08-13T00:30:00+05:30,4413.185,4418.475,4408.335,4414.08,10140
2026-08-13T01:30:00+05:30,4413.99,4414.37,4406.725,4408.525,7644
2026-08-13T03:30:00+05:30,4405.785,4405.8,4398.43,4401.835,7369
2026-08-13T04:30:00+05:30,4401.925,4414.62,4401.875,4414.515,12744
2026-08-13T05:30:00+05:30,4414.565,4449.83,4413.06,4427.76,36769
2026-08-13T06:30:00+05:30,4427.71,4435.44,4406.33,4408.55,29109
2026-08-13T07:30:00+05:30,4408.5,4414.245,4399.135,4407.215,15109
2026-08-13T08:30:00+05:30,4407.145,4412.29,4398.78,4400.3,13510
2026-08-13T09:30:00+05:30,4400.235,4400.525,4391.615,4397.825,8909
2026-08-13T10:30:00+05:30,4397.85,4407.31,4380.63,4383.06,26680
2026-08-13T11:30:00+05:30,4383.12,4385.68,4369.035,4381.06,16645
2026-08-13T12:30:00+05:30,4380.955,4381.84,4369.405,4369.93,12435
2026-08-13T13:30:00+05:30,4369.935,4379.355,4364.17,4376.025,15184
2026-08-13T14:30:00+05:30,4375.995,4384.92,4372.605,4384.635,12315
2026-08-13T15:30:00+05:30,4384.66,4393.86,4381.51,4392.245,12349
2026-08-13T16:30:00+05:30,4392.215,4396.715,4382.99,4387.865,13725
2026-08-13T17:30:00+05:30,4387.8,4401.9,4380.88,4401.82,21019
2026-08-13T18:30:00+05:30,4401.745,4402.215,4370.84,4373.045,31375
2026-08-13T19:30:00+05:30,4373.055,4387.19,4357.395,4383.705,29794
2026-08-13T20:30:00+05:30,4383.725,4385.73,4357.755,4365.145,27974
2026-08-13T21:30:00+05:30,4365.13,4368.5,4351.355,4367.0,17145
2026-08-13T22:30:00+05:30,4367.055,4373.435,4355.81,4356.06,17625
2026-08-13T23:30:00+05:30,4356.05,4363.73,4354.75,4357.045,8979
2026-08-14T00:30:00+05:30,4357.125,4358.97,4343.65,4350.255,15320
2026-08-14T01:30:00+05:30,4350.235,4352.28,4346.985,4351.27,5295
2026-08-14T03:30:00+05:30,4353.405,4362.945,4353.015,4354.91,9929
2026-08-14T04:30:00+05:30,4354.92,4364.45,4349.315,4356.475,15135
2026-08-14T05:30:00+05:30,4356.46,4362.045,4329.42,4341.095,32625
2026-08-14T06:30:00+05:30,4341.085,4341.325,4312.22,4318.255,29104
2026-08-14T07:30:00+05:30,4318.26,4322.94,4311.27,4315.84,11669
2026-08-14T08:30:00+05:30,4315.76,4328.465,4313.835,4323.66,14630
2026-08-14T09:30:00+05:30,4323.67,4328.225,4322.855,4327.015,5370
2026-08-14T10:30:00+05:30,4327.055,4333.67,4311.04,4333.67,22630
2026-08-14T11:30:00+05:30,4333.62,4336.82,4328.05,4335.785,8769
2026-08-14T12:30:00+05:30,4335.76,4345.385,4329.81,4343.83,15574
2026-08-14T13:30:00+05:30,4343.855,4349.845,4341.935,4348.605,7909
2026-08-14T14:30:00+05:30,4348.555,4357.525,4346.14,4357.17,11384
2026-08-14T15:30:00+05:30,4357.175,4358.76,4348.095,4349.425,10664
2026-08-14T16:30:00+05:30,4349.47,4369.46,4348.63,4369.195,20829
2026-08-14T17:30:00+05:30,4369.19,4386.965,4365.79,4373.725,21175
2026-08-14T18:30:00+05:30,4373.785,4397.06,4370.32,4384.68,26740
2026-08-14T19:30:00+05:30,4384.62,4394.745,4378.885,4381.445,15859
2026-08-14T20:30:00+05:30,4381.47,4394.785,4379.075,4391.695,15710
2026-08-14T21:30:00+05:30,4391.7,4396.845,4380.415,4386.015,16430
2026-08-14T22:30:00+05:30,4386.105,4386.53,4376.47,4378.59,10059
2026-08-14T23:30:00+05:30,4378.585,4382.84,4371.005,4373.6,11835
2026-08-15T00:30:00+05:30,4373.525,4379.99,4372.115,4376.23,7875
2026-08-15T01:30:00+05:30,4376.22,4377.005,4371.495,4376.82,5510
2026-08-17T03:30:00+05:30,4372.68,4386.86,4372.31,4386.04,14549
2026-08-17T04:30:00+05:30,4386.0,4386.345,4367.29,4370.235,19055
2026-08-17T05:30:00+05:30,4370.315,4402.015,4368.1,4401.005,33914
2026-08-17T06:30:00+05:30,4400.995,4416.55,4392.055,4395.755,24494
2026-08-17T07:30:00+05:30,4395.75,4398.315,4388.455,4393.255,9859
2026-08-17T08:30:00+05:30,4393.25,4397.69,4388.285,4397.045,9404
2026-08-17T09:30:00+05:30,4397.035,4399.635,4389.015,4390.86,10619
2026-08-17T10:30:00+05:30,4390.78,4401.475,4386.94,4394.86,14535
2026-08-17T11:30:00+05:30,4394.855,4404.71,4392.815,4403.17,11895
2026-08-17T12:30:00+05:30,4403.085,4411.32,4396.08,4405.19,15239
2026-08-17T13:30:00+05:30,4405.195,4405.195,4392.69,4395.18,12505
2026-08-17T14:30:00+05:30,4395.19,4400.625,4392.55,4395.62,8074
2026-08-17T15:30:00+05:30,4395.655,4405.97,4392.03,4399.08,13940
2026-08-17T16:30:00+05:30,4399.115,4404.98,4395.46,4396.75,9519
2026-08-17T17:30:00+05:30,4396.755,4398.82,4377.355,4384.935,21465
2026-08-17T18:30:00+05:30,4385.015,4416.31,4381.94,4408.645,34370
2026-08-17T19:30:00+05:30,4408.695,4427.6,4403.805,4417.48,23795
2026-08-17T20:30:00+05:30,4417.485,4427.85,4415.335,4427.615,12515
2026-08-17T21:30:00+05:30,4427.63,4428.89,4422.675,4424.245,6215
2026-08-17T22:30:00+05:30,4424.255,4426.23,4411.205,4413.765,15024
2026-08-17T23:30:00+05:30,4413.765,4416.255,4398.205,4406.77,18050
2026-08-18T00:30:00+05:30,4406.68,4421.055,4400.405,4419.965,20650
2026-08-18T01:30:00+05:30,4419.935,4421.47,4414.61,4416.68,6860
2026-08-18T03:30:00+05:30,4416.205,4417.28,4410.49,4411.87,6789
2026-08-18T04:30:00+05:30,4411.92,4426.305,4409.89,4426.12,16414
2026-08-18T05:30:00+05:30,4426.095,4434.88,4419.06,4434.435,15819
2026-08-18T06:30:00+05:30,4434.455,4436.23,4404.32,4408.185,31909
2026-08-18T07:30:00+05:30,4408.01,4408.39,4394.175,4399.985,14215
2026-08-18T08:30:00+05:30,4400.0,4404.175,4390.63,4391.965,13545
2026-08-18T09:30:00+05:30,4391.98,4395.58,4389.02,4393.69,6559
2026-08-18T10:30:00+05:30,4393.66,4397.66,4386.185,4394.465,11474
2026-08-18T11:30:00+05:30,4394.43,4400.395,4387.755,4398.93,12640
2026-08-18T12:30:00+05:30,4398.92,4403.735,4395.495,4395.71,8239
2026-08-18T13:30:00+05:30,4395.825,4398.775,4386.91,4393.44,11864
2026-08-18T14:30:00+05:30,4393.385,4395.08,4387.03,4393.32,8050
2026-08-18T15:30:00+05:30,4393.375,4399.68,4389.8,4397.63,9880
2026-08-18T16:30:00+05:30,4397.705,4399.055,4388.675,4396.07,10380
2026-08-18T17:30:00+05:30,4396.21,4400.85,4389.67,4394.225,11180
2026-08-18T18:30:00+05:30,4394.23,4406.9,4376.195,4394.695,30704
2026-08-18T19:30:00+05:30,4394.705,4406.48,4363.775,4366.685,42704
2026-08-18T20:30:00+05:30,4366.725,4377.795,4351.765,4364.925,26029
2026-08-18T21:30:00+05:30,4364.92,4371.73,4363.125,4363.83,8604
2026-08-18T22:30:00+05:30,4363.805,4368.355,4356.85,4357.725,11504
2026-08-18T23:30:00+05:30,4357.755,4361.12,4352.705,4354.43,8414
2026-08-19T00:30:00+05:30,4354.43,4358.76,4338.395,4345.785,20364
2026-08-19T01:30:00+05:30,4345.705,4346.665,4329.265,4334.575,17399
2026-08-19T03:30:00+05:30,4341.965,4343.83,4332.77,4333.83,11059
2026-08-19T04:30:00+05:30,4334.045,4338.45,4327.27,4333.105,11179
2026-08-19T05:30:00+05:30,4333.14,4347.42,4331.635,4338.155,15784
2026-08-19T06:30:00+05:30,4338.015,4357.765,4324.68,4356.63,33085
2026-08-19T07:30:00+05:30,4356.72,4362.165,4351.545,4355.085,10619
2026-08-19T08:30:00+05:30,4355.055,4360.51,4351.96,4355.06,8550
2026-08-19T09:30:00+05:30,4355.15,4356.29,4344.005,4348.555,12284
2026-08-19T10:30:00+05:30,4348.53,4350.865,4335.175,4335.695,15689
2026-08-19T11:30:00+05:30,4335.635,4349.465,4335.415,4349.15,14050
2026-08-19T12:30:00+05:30,4349.095,4363.34,4347.54,4354.905,15800
2026-08-19T13:30:00+05:30,4354.805,4363.2,4351.105,4355.735,12095
2026-08-19T14:30:00+05:30,4355.66,4362.095,4353.45,4362.025,8645
2026-08-19T15:30:00+05:30,4362.045,4369.585,4359.755,4367.41,9829
2026-08-19T16:30:00+05:30,4367.435,4374.19,4363.305,4364.655,10884
2026-08-19T17:30:00+05:30,4364.65,4442.47,4362.115,4438.87,80355
2026-08-19T18:30:00+05:30,4438.875,4466.29,4424.285,4459.6,42005
2026-08-19T19:30:00+05:30,4459.59,4498.73,4455.22,4488.245,43509
2026-08-19T20:30:00+05:30,4488.215,4494.465,4478.355,4493.87,16110
2026-08-19T21:30:00+05:30,4493.9,4499.425,4490.655,4493.395,8770
2026-08-19T22:30:00+05:30,4493.52,4499.1,4484.425,4486.965,14675
2026-08-19T23:30:00+05:30,4486.96,4497.215,4472.18,4495.185,25034
2026-08-20T00:30:00+05:30,4495.15,4512.27,4494.49,4511.31,17780
2026-08-20T01:30:00+05:30,4511.265,4524.34,4505.165,4523.05,19175
2026-08-20T03:30:00+05:30,4521.405,4523.72,4516.415,4518.915,7305
2026-08-20T04:30:00+05:30,4518.98,4523.86,4511.36,4511.74,12500
2026-08-20T05:30:00+05:30,4511.69,4521.44,4503.835,4504.68,17604
2026-08-20T06:30:00+05:30,4504.705,4510.22,4484.48,4489.88,25740
2026-08-20T07:30:00+05:30,4489.89,4499.76,4488.68,4490.825,11079
2026-08-20T08:30:00+05:30,4490.83,4501.255,4488.05,4498.925,13204
2026-08-20T09:30:00+05:30,4498.95,4499.345,4486.395,4488.63,12949
2026-08-20T10:30:00+05:30,4488.64,4494.135,4478.075,4481.425,16060
2026-08-20T11:30:00+05:30,4481.35,4496.065,4480.17,4493.935,15894
2026-08-20T12:30:00+05:30,4493.89,4494.145,4483.645,4491.105,10500
2026-08-20T13:30:00+05:30,4491.105,4498.78,4487.34,4489.35,11439
2026-08-20T14:30:00+05:30,4489.39,4494.295,4482.005,4482.735,12289
2026-08-20T15:30:00+05:30,4482.75,4495.145,4480.865,4490.18,14280
2026-08-20T16:30:00+05:30,4490.21,4491.34,4465.57,4467.175,25770
2026-08-20T17:30:00+05:30,4467.18,4477.1,4450.745,4474.855,26355
2026-08-20T18:30:00+05:30,4474.875,4489.335,4469.35,4481.715,19984
2026-08-20T19:30:00+05:30,4481.705,4516.315,4480.87,4516.06,35444
2026-08-20T20:30:00+05:30,4516.145,4541.045,4508.76,4521.735,32284
2026-08-20T21:30:00+05:30,4521.755,4524.885,4502.825,4510.07,22060
2026-08-20T22:30:00+05:30,4510.1,4520.485,4507.79,4520.025,12694
2026-08-20T23:30:00+05:30,4520.06,4525.365,4508.395,4522.08,16969
2026-08-21T00:30:00+05:30,4522.065,4532.235,4518.19,4528.745,14045
2026-08-21T01:30:00+05:30,4528.755,4529.205,4516.835,4518.955,12369
2026-08-21T03:30:00+05:30,4519.545,4524.42,4517.04,4524.225,7380
2026-08-21T04:30:00+05:30,4524.215,4533.05,4520.99,4526.405,12060
2026-08-21T05:30:00+05:30,4526.39,4527.555,4509.8,4510.765,17755
2026-08-21T06:30:00+05:30,4510.755,4544.01,4508.995,4530.785,35015
2026-08-21T07:30:00+05:30,4530.82,4542.96,4518.505,4533.9,24454
2026-08-21T08:30:00+05:30,4533.845,4538.81,4526.795,4535.57,12015
2026-08-21T09:30:00+05:30,4535.61,4548.215,4535.515,4540.7,12699
2026-08-21T10:30:00+05:30,4540.75,4556.46,4529.115,4553.735,27345
2026-08-21T11:30:00+05:30,4553.82,4567.785,4545.6,4560.955,22184
2026-08-21T12:30:00+05:30,4560.95,4568.13,4558.565,4564.42,9565
2026-08-21T13:30:00+05:30,4564.535,4585.13,4559.155,4584.255,25975
2026-08-21T14:30:00+05:30,4584.285,4602.27,4580.545,4582.725,21725
2026-08-21T15:30:00+05:30,4582.62,4594.22,4577.93,4588.57,16289
2026-08-21T16:30:00+05:30,4588.64,4604.61,4587.255,4597.045,17354
2026-08-21T17:30:00+05:30,4597.125,4601.655,4563.57,4578.08,38085
2026-08-21T18:30:00+05:30,4578.025,4593.135,4573.4,4581.095,19735
2026-08-21T19:30:00+05:30,4581.02,4603.625,4579.845,4591.57,23779
2026-08-21T20:30:00+05:30,4591.575,4615.45,4587.28,4614.625,28170
2026-08-21T21:30:00+05:30,4614.645,4629.165,4609.11,4628.88,20055
2026-08-21T22:30:00+05:30,4628.92,4632.145,4615.32,4620.67,16825
2026-08-21T23:30:00+05:30,4620.68,4627.845,4619.555,4624.515,8289
2026-08-22T00:30:00+05:30,4624.555,4625.66,4615.645,4617.03,10014
2026-08-22T01:30:00+05:30,4617.06,4617.815,4602.67,4602.99,15144
