datetime,open,high,low,close,volume
2026-07-01T08:45:00+05:30,3983.645,3987.095,3980.24,3981.51,6855
2026-07-01T09:00:00+05:30,3981.56,3982.45,3976.765,3977.615,5684
2026-07-01T09:15:00+05:30,3977.61,3980.68,3976.995,3980.58,3684
2026-07-01T09:30:00+05:30,3980.615,3981.14,3974.265,3976.54,6875
2026-07-01T09:45:00+05:30,3976.335,3978.255,3974.525,3977.745,3730
2026-07-01T10:00:00+05:30,3977.7,3980.89,3972.515,3974.745,8375
2026-07-01T10:15:00+05:30,3974.73,3982.985,3974.475,3976.7,8510
2026-07-01T10:30:00+05:30,3976.685,3977.335,3969.98,3972.15,7355
2026-07-01T10:45:00+05:30,3972.145,3975.325,3970.14,3972.98,5184
2026-07-01T11:00:00+05:30,3973.12,3979.15,3970.575,3974.84,8575
2026-07-01T11:15:00+05:30,3974.85,3979.08,3973.715,3974.13,5364
2026-07-01T11:30:00+05:30,3974.135,3977.605,3963.51,3965.355,14094
2026-07-01T11:45:00+05:30,3965.345,3969.975,3963.385,3967.53,6589
2026-07-01T12:00:00+05:30,3967.565,3973.6,3963.34,3971.885,10259
2026-07-01T12:15:00+05:30,3971.935,3973.705,3969.15,3971.99,4554
2026-07-01T12:30:00+05:30,3971.965,3973.905,3960.435,3961.71,13470
2026-07-01T12:45:00+05:30,3961.65,3972.36,3960.275,3964.32,12085
2026-07-01T13:00:00+05:30,3964.315,3971.385,3960.82,3971.205,10565
2026-07-01T13:15:00+05:30,3971.225,3978.585,3968.96,3976.065,9625
2026-07-01T13:30:00+05:30,3976.1,3976.32,3969.465,3974.44,6855
2026-07-01T13:45:00+05:30,3974.465,3984.555,3974.305,3978.875,10250
2026-07-01T14:00:00+05:30,3978.88,3979.755,3972.375,3977.0,7380
2026-07-01T14:15:00+05:30,3977.01,3977.57,3971.395,3974.665,6175
2026-07-01T14:30:00+05:30,3974.645,3977.745,3972.95,3975.855,4795
2026-07-01T14:45:00+05:30,3975.85,3980.46,3975.57,3978.865,4889
2026-07-01T15:00:00+05:30,3978.83,3982.645,3977.635,3981.72,5009
2026-07-01T15:15:00+05:30,3981.76,3986.145,3981.76,3984.545,4384
2026-07-01T15:30:00+05:30,3984.535,3989.69,3982.97,3984.36,6720
2026-07-01T15:45:00+05:30,3984.555,3987.625,3981.39,3987.27,6235
2026-07-01T16:00:00+05:30,3987.245,3994.52,3986.63,3987.36,7889
2026-07-01T16:15:00+05:30,3987.385,3998.75,3987.04,3998.41,11710
2026-07-01T16:30:00+05:30,3998.51,4019.58,3997.975,4016.16,21605
2026-07-01T16:45:00+05:30,4016.165,4028.715,4015.135,4026.83,13579
2026-07-01T17:00:00+05:30,4026.795,4031.96,4023.26,4029.365,8699
2026-07-01T17:15:00+05:30,4029.37,4035.595,4028.71,4030.475,6884
2026-07-01T17:30:00+05:30,4030.5,4034.045,4019.65,4021.7,14394
2026-07-01T17:45:00+05:30,4021.69,4030.47,4021.69,4025.925,8779
2026-07-01T18:00:00+05:30,4025.875,4033.14,4023.235,4026.14,9904
2026-07-01T18:15:00+05:30,4026.19,4028.99,4022.765,4022.905,6224
2026-07-01T18:30:00+05:30,4022.93,4025.08,4012.865,4021.35,12215
2026-07-01T18:45:00+05:30,4021.33,4047.31,4021.275,4046.72,26034
2026-07-01T19:00:00+05:30,4046.88,4100.305,4041.685,4098.5,58620
2026-07-01T19:15:00+05:30,4098.48,4108.205,4085.11,4089.65,23094
2026-07-01T19:30:00+05:30,4090.045,4101.63,4082.925,4092.96,18704
2026-07-01T19:45:00+05:30,4092.99,4106.84,4089.53,4100.69,17309
2026-07-01T20:00:00+05:30,4100.665,4115.81,4092.01,4092.9,23800
2026-07-01T20:15:00+05:30,4092.835,4095.17,4086.475,4093.46,8695
2026-07-01T20:30:00+05:30,4093.475,4094.665,4081.885,4085.215,12779
2026-07-01T20:45:00+05:30,4085.305,4092.005,4078.615,4084.015,13390
2026-07-01T21:00:00+05:30,4083.925,4084.17,4076.75,4082.495,7420
2026-07-01T21:15:00+05:30,4082.49,4088.22,4079.505,4081.16,8714
2026-07-01T21:30:00+05:30,4081.165,4088.435,4081.165,4082.48,7269
2026-07-01T21:45:00+05:30,4082.465,4085.165,4080.62,4081.465,4545
2026-07-01T22:00:00+05:30,4081.415,4083.43,4072.97,4074.255,10460
2026-07-01T22:15:00+05:30,4074.28,4076.545,4070.55,4071.285,5994
2026-07-01T22:30:00+05:30,4071.18,4073.725,4067.885,4071.465,5839
2026-07-01T22:45:00+05:30,4071.545,4072.15,4067.75,4068.085,4400
2026-07-01T23:00:00+05:30,4068.155,4073.235,4067.98,4070.815,5255
2026-07-01T23:15:00+05:30,4070.82,4072.44,4067.33,4068.21,5110
2026-07-01T23:30:00+05:30,4068.21,4070.85,4067.285,4068.945,3565
2026-07-01T23:45:00+05:30,4069.01,4069.24,4061.18,4061.24,8059
2026-07-02T00:00:00+05:30,4061.27,4066.06,4061.27,4063.16,4789
2026-07-02T00:15:00+05:30,4063.185,4063.305,4057.865,4062.19,5440
2026-07-02T00:30:00+05:30,4062.175,4068.365,4061.69,4065.515,6674
2026-07-02T00:45:00+05:30,4065.475,4066.325,4056.725,4058.975,9599
2026-07-02T01:00:00+05:30,4058.965,4059.825,4053.21,4053.93,6614
2026-07-02T01:15:00+05:30,4053.92,4054.345,4034.58,4038.88,19764
2026-07-02T01:30:00+05:30,4038.87,4039.83,4028.265,4035.81,11565
2026-07-02T01:45:00+05:30,4035.805,4039.43,4034.705,4038.835,4724
2026-07-02T02:00:00+05:30,4038.84,4039.35,4033.4,4033.92,5949
2026-07-02T02:15:00+05:30,4033.99,4036.145,4030.155,4031.705,5989
2026-07-02T03:30:00+05:30,4038.71,4041.17,4035.635,4037.07,5534
2026-07-02T03:45:00+05:30,4037.065,4039.44,4035.155,4038.47,4284
2026-07-02T04:00:00+05:30,4038.27,4040.875,4037.185,4040.13,3690
2026-07-02T04:15:00+05:30,4040.18,4045.155,4039.98,4045.035,5175
2026-07-02T04:30:00+05:30,4045.025,4045.185,4037.66,4037.86,7525
2026-07-02T04:45:00+05:30,4037.87,4039.515,4033.945,4037.315,5569
2026-07-02T05:00:00+05:30,4037.365,4040.69,4034.625,4035.84,6065
2026-07-02T05:15:00+05:30,4035.85,4037.12,4033.245,4035.325,3875
2026-07-02T05:30:00+05:30,4035.335,4046.28,4030.895,4044.915,15385
2026-07-02T05:45:00+05:30,4044.92,4048.545,4040.495,4046.51,8050
2026-07-02T06:00:00+05:30,4046.55,4046.825,4038.14,4039.3,8684
2026-07-02T06:15:00+05:30,4039.285,4052.795,4039.205,4052.095,13590
2026-07-02T06:30:00+05:30,4052.14,4068.73,4050.705,4065.385,18025
2026-07-02T06:45:00+05:30,4065.41,4065.98,4050.37,4053.4,15610
2026-07-02T07:00:00+05:30,4053.51,4055.45,4046.4,4047.75,9049
2026-07-02T07:15:00+05:30,4047.605,4056.375,4045.29,4050.32,11085
2026-07-02T07:30:00+05:30,4050.315,4050.995,4041.515,4048.12,9480
2026-07-02T07:45:00+05:30,4048.23,4055.135,4047.88,4051.72,7255
2026-07-02T08:00:00+05:30,4051.77,4057.395,4047.675,4056.335,9719
2026-07-02T08:15:00+05:30,4056.285,4061.065,4054.36,4057.085,6704
2026-07-02T08:30:00+05:30,4057.09,4059.915,4055.51,4057.645,4404
2026-07-02T08:45:00+05:30,4057.595,4067.31,4057.555,4065.35,9755
2026-07-02T09:00:00+05:30,4065.48,4067.97,4061.875,4065.685,6094
2026-07-02T09:15:00+05:30,4065.825,4074.235,4063.16,4070.03,11075
2026-07-02T09:30:00+05:30,4070.025,4073.325,4068.335,4070.32,4989
2026-07-02T09:45:00+05:30,4070.46,4070.635,4064.195,4065.76,6440
2026-07-02T10:00:00+05:30,4065.78,4066.68,4061.63,4063.58,5049
2026-07-02T10:15:00+05:30,4063.565,4065.4,4060.77,4060.87,4630
2026-07-02T10:30:00+05:30,4060.885,4061.425,4054.61,4055.88,6815
2026-07-02T10:45:00+05:30,4055.875,4062.355,4054.75,4057.615,7605
2026-07-02T11:00:00+05:30,4057.635,4066.505,4053.245,4061.92,13260
2026-07-02T11:15:00+05:30,4061.86,4067.865,4059.85,4066.275,8014
2026-07-02T11:30:00+05:30,4066.36,4076.105,4066.11,4068.67,9994
2026-07-02T11:45:00+05:30,4068.655,4079.92,4067.35,4074.255,12570
2026-07-02T12:00:00+05:30,4074.265,4076.83,4066.155,4068.25,10674
2026-07-02T12:15:00+05:30,4068.255,4076.51,4066.96,4073.275,9550
2026-07-02T12:30:00+05:30,4073.305,4074.29,4067.175,4067.845,7114
2026-07-02T12:45:00+05:30,4067.8,4068.59,4060.815,4062.425,7775
2026-07-02T13:00:00+05:30,4062.42,4075.585,4061.04,4074.615,14545
2026-07-02T13:15:00+05:30,4074.62,4075.025,4063.705,4064.375,11320
2026-07-02T13:30:00+05:30,4064.34,4074.335,4061.475,4070.01,12860
2026-07-02T13:45:00+05:30,4070.03,4078.0,4068.835,4075.06,9164
2026-07-02T14:00:00+05:30,4075.01,4078.035,4072.16,4075.395,5875
2026-07-02T14:15:00+05:30,4075.36,4080.12,4073.145,4076.19,6974
2026-07-02T14:30:00+05:30,4076.195,4077.225,4069.46,4072.35,7764
2026-07-02T14:45:00+05:30,4072.33,4073.82,4066.275,4067.82,7545
2026-07-02T15:00:00+05:30,4067.845,4072.24,4064.095,4069.435,8144
2026-07-02T15:15:00+05:30,4069.43,4072.365,4064.595,4065.275,7769
2026-07-02T15:30:00+05:30,4065.425,4066.54,4062.61,4063.51,3929
2026-07-02T15:45:00+05:30,4063.45,4067.975,4062.045,4066.195,5929
2026-07-02T16:00:00+05:30,4066.245,4068.8,4063.185,4064.715,5615
2026-07-02T16:15:00+05:30,4064.7,4068.17,4061.665,4066.365,6505
2026-07-02T16:30:00+05:30,4066.37,4067.0,4057.44,4063.435,9559
2026-07-02T16:45:00+05:30,4063.43,4067.47,4062.835,4065.65,4634
2026-07-02T17:00:00+05:30,4065.66,4071.785,4063.41,4071.175,8375
2026-07-02T17:15:00+05:30,4071.29,4072.325,4065.33,4065.33,6994
2026-07-02T17:30:00+05:30,4065.34,4073.715,4061.31,4064.175,12405
2026-07-02T17:45:00+05:30,4064.17,4069.795,4061.745,4064.48,8050
2026-07-02T18:00:00+05:30,4064.495,4140.525,4064.495,4132.37,76029
2026-07-02T18:15:00+05:30,4132.355,4134.245,4112.14,4117.58,22104
2026-07-02T18:30:00+05:30,4117.55,4129.715,4115.54,4124.41,14175
2026-07-02T18:45:00+05:30,4124.465,4124.825,4109.445,4113.3,15380
2026-07-02T19:00:00+05:30,4113.19,4138.5,4110.125,4134.85,28375
2026-07-02T19:15:00+05:30,4134.865,4144.08,4132.68,4136.79,11399
2026-07-02T19:30:00+05:30,4136.81,4138.265,4123.935,4128.705,14329
2026-07-02T19:45:00+05:30,4128.685,4136.39,4114.06,4116.375,22329
2026-07-02T20:00:00+05:30,4116.35,4125.62,4114.77,4118.83,10849
2026-07-02T20:15:00+05:30,4118.835,4129.885,4115.835,4128.655,14050
2026-07-02T20:30:00+05:30,4128.64,4131.365,4114.745,4126.435,16619
2026-07-02T20:45:00+05:30,4126.43,4131.665,4120.71,4122.575,10954
2026-07-02T21:00:00+05:30,4122.545,4131.075,4122.515,4125.45,8559
2026-07-02T21:15:00+05:30,4125.445,4130.31,4124.265,4128.54,6045
2026-07-02T21:30:00+05:30,4128.6,4130.39,4121.99,4123.39,8400
2026-07-02T21:45:00+05:30,4123.385,4124.09,4115.58,4116.555,8510
2026-07-02T22:00:00+05:30,4116.53,4116.765,4100.355,4114.75,16410
2026-07-02T22:15:00+05:30,4114.675,4120.355,4114.125,4118.185,6229
2026-07-02T22:30:00+05:30,4118.02,4120.045,4113.51,4118.25,6534
2026-07-02T22:45:00+05:30,4118.18,4119.895,4111.54,4112.6,8355
2026-07-02T23:00:00+05:30,4112.585,4114.605,4105.98,4107.315,8625
2026-07-02T23:15:00+05:30,4107.265,4110.41,4105.855,4106.89,4555
2026-07-02T23:30:00+05:30,4106.815,4123.83,4105.895,4119.115,17934
2026-07-02T23:45:00+05:30,4119.12,4123.245,4115.58,4123.22,7664
2026-07-03T00:00:00+05:30,4123.195,4127.09,4121.26,4121.3,5829
2026-07-03T00:15:00+05:30,4121.265,4124.415,4119.88,4122.75,4534
2026-07-03T00:30:00+05:30,4122.755,4124.485,4113.34,4114.555,11144
2026-07-03T00:45:00+05:30,4114.505,4115.08,4108.295,4112.755,6784
2026-07-03T01:00:00+05:30,4112.745,4114.96,4111.125,4113.615,3835
2026-07-03T01:15:00+05:30,4113.605,4124.12,4112.84,4121.425,11279
2026-07-03T01:30:00+05:30,4121.385,4122.43,4116.365,4119.99,6065
2026-07-03T01:45:00+05:30,4120.04,4125.19,4119.18,4123.715,6009
2026-07-03T02:00:00+05:30,4123.72,4125.135,4120.855,4120.855,4280
2026-07-03T02:15:00+05:30,4120.885,4124.33,4118.73,4123.605,5600
2026-07-03T03:30:00+05:30,4125.815,4128.335,4124.555,4124.555,3779
2026-07-03T03:45:00+05:30,4124.78,4125.5,4122.64,4124.295,2859
2026-07-03T04:00:00+05:30,4124.3,4126.425,4122.62,4123.285,3805
2026-07-03T04:15:00+05:30,4123.265,4126.565,4122.905,4124.745,3659
2026-07-03T04:30:00+05:30,4124.725,4127.485,4124.44,4125.53,3045
2026-07-03T04:45:00+05:30,4125.595,4130.38,4124.405,4129.835,5975
2026-07-03T05:00:00+05:30,4129.68,4135.08,4121.47,4124.86,13609
2026-07-03T05:15:00+05:30,4124.92,4131.865,4124.415,4126.105,7449
2026-07-03T05:30:00+05:30,4126.015,4137.105,4122.775,4135.08,14329
2026-07-03T05:45:00+05:30,4134.955,4141.02,4131.73,4137.395,9290
2026-07-03T06:00:00+05:30,4137.415,4139.79,4133.21,4136.625,6579
2026-07-03T06:15:00+05:30,4136.585,4151.14,4135.51,4147.115,15630
2026-07-03T06:30:00+05:30,4147.175,4179.385,4146.725,4176.42,32659
2026-07-03T06:45:00+05:30,4176.5,4194.625,4174.075,4187.67,20550
2026-07-03T07:00:00+05:30,4187.635,4195.51,4179.51,4180.005,16000
2026-07-03T07:15:00+05:30,4179.995,4184.28,4175.525,4182.51,8755
2026-07-03T07:30:00+05:30,4182.525,4184.495,4177.095,4179.385,7399
2026-07-03T07:45:00+05:30,4179.39,4181.175,4176.485,4179.11,4690
2026-07-03T08:00:00+05:30,4179.16,4186.86,4178.08,4183.41,8779
2026-07-03T08:15:00+05:30,4183.51,4186.71,4178.795,4183.425,7914
2026-07-03T08:30:00+05:30,4183.4,4184.62,4179.645,4182.65,4974
2026-07-03T08:45:00+05:30,4182.795,4183.63,4179.28,4181.46,4350
2026-07-03T09:00:00+05:30,4181.51,4183.31,4177.26,4177.32,6050
2026-07-03T09:15:00+05:30,4177.315,4179.7,4175.205,4176.07,4494
2026-07-03T09:30:00+05:30,4176.02,4178.965,4173.085,4177.725,5880
2026-07-03T09:45:00+05:30,4177.715,4183.06,4176.61,4178.515,6450
2026-07-03T10:00:00+05:30,4178.54,4178.74,4175.445,4177.385,3295
2026-07-03T10:15:00+05:30,4177.425,4179.12,4174.63,4179.065,4489
2026-07-03T10:30:00+05:30,4179.055,4181.3,4177.02,4178.415,4279
2026-07-03T10:45:00+05:30,4178.365,4179.43,4173.155,4176.31,6275
2026-07-03T11:00:00+05:30,4176.305,4182.08,4173.25,4175.32,8829
2026-07-03T11:15:00+05:30,4175.365,4176.73,4169.165,4171.335,7564
2026-07-03T11:30:00+05:30,4171.33,4171.875,4162.17,4162.365,9704
2026-07-03T11:45:00+05:30,4162.41,4167.29,4160.415,4164.795,6875
2026-07-03T12:00:00+05:30,4164.815,4173.76,4164.53,4171.15,9230
2026-07-03T12:15:00+05:30,4171.16,4174.515,4170.345,4173.11,4170
2026-07-03T12:30:00+05:30,4173.145,4181.205,4171.3,4174.09,9904
2026-07-03T12:45:00+05:30,4174.095,4176.185,4169.39,4175.45,6795
2026-07-03T13:00:00+05:30,4175.6,4179.955,4173.835,4179.555,6119
2026-07-03T13:15:00+05:30,4179.695,4181.665,4174.865,4177.535,6800
2026-07-03T13:30:00+05:30,4177.55,4185.915,4177.535,4184.14,8380
2026-07-03T13:45:00+05:30,4184.095,4185.595,4181.24,4183.165,4355
2026-07-03T14:00:00+05:30,4183.15,4186.655,4180.64,4184.16,6014
2026-07-03T14:15:00+05:30,4184.255,4185.55,4176.9,4181.14,8650
2026-07-03T14:30:00+05:30,4181.09,4182.08,4175.965,4180.46,6114
2026-07-03T14:45:00+05:30,4180.5,4180.59,4171.365,4172.01,9225
2026-07-03T15:00:00+05:30,4171.915,4173.05,4168.57,4172.3,4480
2026-07-03T15:15:00+05:30,4172.275,4175.155,4171.665,4172.115,3489
2026-07-03T15:30:00+05:30,4172.08,4180.77,4170.865,4179.72,9905
2026-07-03T15:45:00+05:30,4179.715,4181.275,4178.12,4178.475,3154
2026-07-03T16:00:00+05:30,4178.45,4179.025,4175.425,4177.78,3599
2026-07-03T16:15:00+05:30,4177.79,4178.91,4174.8,4177.16,4109
2026-07-03T16:30:00+05:30,4177.09,4183.95,4175.64,4183.55,8309
2026-07-03T16:45:00+05:30,4183.565,4186.125,4182.63,4183.145,3494
2026-07-03T17:00:00+05:30,4183.095,4186.07,4182.71,4185.54,3359
2026-07-03T17:15:00+05:30,4185.47,4186.46,4178.63,4181.025,7829
2026-07-03T17:30:00+05:30,4181.04,4183.29,4178.005,4178.115,5284
2026-07-03T17:45:00+05:30,4178.065,4178.35,4172.255,4174.81,6095
2026-07-03T18:00:00+05:30,4174.865,4177.765,4172.985,4174.95,4780
2026-07-03T18:15:00+05:30,4174.605,4177.68,4172.395,4176.775,5284
2026-07-03T18:30:00+05:30,4176.905,4179.38,4164.68,4166.915,14699
2026-07-03T18:45:00+05:30,4166.87,4172.455,4166.795,4171.745,5659
2026-07-03T19:00:00+05:30,4171.78,4171.96,4165.325,4167.19,6635
2026-07-03T19:15:00+05:30,4167.195,4169.02,4163.705,4164.76,5315
2026-07-03T19:30:00+05:30,4164.9,4167.255,4155.41,4162.33,11845
2026-07-03T19:45:00+05:30,4162.31,4166.995,4161.455,4166.315,5539
2026-07-03T20:00:00+05:30,4166.325,4167.475,4163.475,4164.045,4000
2026-07-03T20:15:00+05:30,4164.105,4171.295,4163.725,4170.0,7569
2026-07-03T20:30:00+05:30,4169.99,4174.275,4168.755,4172.355,5519
2026-07-03T20:45:00+05:30,4172.35,4174.51,4167.08,4167.6,7430
2026-07-03T21:00:00+05:30,4167.61,4169.03,4166.13,4167.925,2899
2026-07-03T21:15:00+05:30,4167.915,4169.065,4164.54,4164.825,4524
2026-07-03T21:30:00+05:30,4164.815,4166.03,4163.25,4164.345,2779
2026-07-03T21:45:00+05:30,4164.36,4167.855,4163.0,4166.965,4854
2026-07-03T22:00:00+05:30,4166.955,4170.78,4166.94,4170.315,3840
2026-07-03T22:15:00+05:30,4170.31,4176.58,4170.005,4175.695,6574
2026-07-06T03:30:00+05:30,4180.345,4185.89,4178.78,4181.285,7110
2026-07-06T03:45:00+05:30,4181.355,4186.215,4177.305,4185.32,8909
2026-07-06T04:00:00+05:30,4185.25,4191.665,4183.225,4188.995,8439
2026-07-06T04:15:00+05:30,4188.975,4189.99,4183.21,4188.315,6779
2026-07-06T04:30:00+05:30,4188.31,4191.665,4186.745,4187.48,4920
2026-07-06T04:45:00+05:30,4187.475,4202.225,4186.675,4200.455,15550
2026-07-06T05:00:00+05:30,4200.435,4201.505,4193.475,4196.325,8029
2026-07-06T05:15:00+05:30,4196.32,4197.165,4177.22,4183.285,19944
2026-07-06T05:30:00+05:30,4183.275,4185.535,4170.295,4174.96,15239
2026-07-06T05:45:00+05:30,4174.99,4181.99,4171.125,4174.64,10864
2026-07-06T06:00:00+05:30,4174.72,4187.51,4174.14,4185.865,13369
2026-07-06T06:15:00+05:30,4185.925,4189.085,4174.87,4179.715,14215
2026-07-06T06:30:00+05:30,4179.525,4192.71,4172.795,4188.715,19914
2026-07-06T06:45:00+05:30,4188.67,4192.815,4180.675,4189.635,12139
2026-07-06T07:00:00+05:30,4189.745,4200.665,4187.605,4198.25,13060
2026-07-06T07:15:00+05:30,4198.2,4202.705,4185.165,4186.07,17539
2026-07-06T07:30:00+05:30,4186.265,4187.905,4177.16,4181.035,10744
2026-07-06T07:45:00+05:30,4180.985,4186.17,4175.97,4177.885,10199
2026-07-06T08:00:00+05:30,4177.9,4178.825,4168.71,4172.735,10114
2026-07-06T08:15:00+05:30,4172.775,4176.095,4170.09,4174.29,6005
2026-07-06T08:30:00+05:30,4174.215,4176.53,4165.635,4166.715,10894
2026-07-06T08:45:00+05:30,4166.705,4168.01,4162.685,4165.86,5324
2026-07-06T09:00:00+05:30,4165.865,4169.595,4161.75,4162.96,7845
2026-07-06T09:15:00+05:30,4162.975,4167.055,4161.175,4165.375,5880
2026-07-06T09:30:00+05:30,4165.36,4166.78,4161.095,4163.56,5684
2026-07-06T09:45:00+05:30,4163.545,4164.7,4160.375,4161.375,4324
2026-07-06T10:00:00+05:30,4161.33,4162.585,4157.525,4160.325,5060
2026-07-06T10:15:00+05:30,4160.33,4161.34,4158.185,4159.87,3154
2026-07-06T10:30:00+05:30,4159.85,4161.09,4151.375,4152.405,9715
2026-07-06T10:45:00+05:30,4152.42,4154.47,4150.67,4153.0,3800
2026-07-06T11:00:00+05:30,4152.995,4160.705,4149.645,4155.585,11059
2026-07-06T11:15:00+05:30,4155.58,4157.07,4144.83,4148.135,12239
2026-07-06T11:30:00+05:30,4148.13,4152.295,4145.91,4152.075,6385
2026-07-06T11:45:00+05:30,4152.085,4156.855,4148.04,4156.59,8814
2026-07-06T12:00:00+05:30,4156.55,4159.63,4153.11,4155.845,6520
2026-07-06T12:15:00+05:30,4155.84,4156.975,4149.035,4150.475,7940
2026-07-06T12:30:00+05:30,4150.465,4153.65,4147.255,4151.11,6394
2026-07-06T12:45:00+05:30,4151.12,4155.865,4150.455,4153.035,5409
2026-07-06T13:00:00+05:30,4152.975,4164.48,4151.29,4163.74,13189
2026-07-06T13:15:00+05:30,4163.755,4166.52,4162.265,4164.58,4255
2026-07-06T13:30:00+05:30,4164.68,4166.14,4157.33,4158.2,8810
2026-07-06T13:45:00+05:30,4158.23,4158.895,4153.66,4155.58,5235
2026-07-06T14:00:00+05:30,4155.575,4156.115,4148.585,4149.165,7529
2026-07-06T14:15:00+05:30,4149.175,4152.995,4147.265,4150.52,5729
2026-07-06T14:30:00+05:30,4150.53,4151.25,4147.94,4149.705,3310
2026-07-06T14:45:00+05:30,4149.725,4149.845,4141.57,4143.66,8275
2026-07-06T15:00:00+05:30,4143.34,4143.34,4136.555,4139.56,6784
2026-07-06T15:15:00+05:30,4139.515,4144.77,4139.22,4143.24,5550
2026-07-06T15:30:00+05:30,4143.225,4148.68,4142.095,4148.485,6585
2026-07-06T15:45:00+05:30,4148.445,4150.97,4147.56,4149.035,3409
2026-07-06T16:00:00+05:30,4149.05,4155.66,4148.765,4154.445,6894
2026-07-06T16:15:00+05:30,4154.44,4155.92,4152.405,4154.93,3515
2026-07-06T16:30:00+05:30,4154.885,4156.305,4151.54,4154.98,4765
2026-07-06T16:45:00+05:30,4155.02,4159.6,4153.78,4154.975,5820
2026-07-06T17:00:00+05:30,4154.98,4158.8,4152.565,4153.565,6235
2026-07-06T17:15:00+05:30,4153.575,4155.89,4151.915,4155.265,3975
2026-07-06T17:30:00+05:30,4155.28,4158.525,4153.715,4156.095,4809
2026-07-06T17:45:00+05:30,4156.08,4157.66,4145.1,4145.765,12559
2026-07-06T18:00:00+05:30,4145.84,4146.345,4131.52,4133.55,14824
2026-07-06T18:15:00+05:30,4133.545,4142.835,4133.37,4139.65,9465
2026-07-06T18:30:00+05:30,4139.66,4148.52,4137.095,4141.39,11425
2026-07-06T18:45:00+05:30,4141.345,4148.79,4138.635,4142.415,10154
2026-07-06T19:00:00+05:30,4142.38,4150.625,4141.99,4149.135,8635
2026-07-06T19:15:00+05:30,4149.15,4149.48,4136.055,4140.835,13424
2026-07-06T19:30:00+05:30,4140.1,4147.25,4133.63,4140.545,13619
2026-07-06T19:45:00+05:30,4140.535,4140.835,4132.52,4137.295,8314
2026-07-06T20:00:00+05:30,4137.29,4141.885,4128.51,4130.18,13375
2026-07-06T20:15:00+05:30,4130.175,4138.315,4129.065,4138.25,9250
2026-07-06T20:30:00+05:30,4138.23,4146.58,4137.54,4139.845,9039
2026-07-06T20:45:00+05:30,4139.765,4151.075,4138.675,4150.735,12399
2026-07-06T21:00:00+05:30,4150.725,4152.185,4147.225,4150.0,4960
2026-07-06T21:15:00+05:30,4150.135,4150.615,4144.89,4148.43,5724
2026-07-06T21:30:00+05:30,4148.48,4148.55,4140.52,4140.745,8029
2026-07-06T21:45:00+05:30,4140.77,4146.575,4140.295,4145.725,6279
2026-07-06T22:00:00+05:30,4145.765,4150.46,4145.43,4149.425,5029
2026-07-06T22:15:00+05:30,4149.45,4156.34,4148.86,4155.14,7480
2026-07-06T22:30:00+05:30,4155.15,4156.335,4152.52,4153.68,3814
2026-07-06T22:45:00+05:30,4153.675,4159.535,4150.455,4155.63,9079
2026-07-06T23:00:00+05:30,4155.595,4159.36,4154.82,4156.845,4539
2026-07-06T23:15:00+05:30,4156.805,4161.65,4156.305,4161.26,5344
2026-07-06T23:30:00+05:30,4161.295,4161.96,4155.435,4158.265,6524
2026-07-06T23:45:00+05:30,4158.315,4163.075,4158.31,4161.795,4764
2026-07-07T00:00:00+05:30,4161.695,4167.59,4159.765,4164.235,7824
2026-07-07T00:15:00+05:30,4164.245,4165.36,4162.2,4164.08,3159
2026-07-07T00:30:00+05:30,4164.075,4165.53,4159.03,4159.475,6500
2026-07-07T00:45:00+05:30,4159.5,4163.58,4158.895,4162.97,4684
2026-07-07T01:00:00+05:30,4163.01,4163.19,4159.82,4161.255,3369
2026-07-07T01:15:00+05:30,4161.25,4165.095,4161.245,4163.81,3850
2026-07-07T01:30:00+05:30,4163.805,4164.66,4161.025,4161.025,3635
2026-07-07T01:45:00+05:30,4161.02,4163.345,4160.77,4162.98,2574
2026-07-07T02:00:00+05:30,4163.005,4164.915,4162.7,4163.1,2215
2026-07-07T02:15:00+05:30,4163.05,4165.17,4162.99,4165.115,2180
2026-07-07T03:30:00+05:30,4164.735,4166.63,4164.16,4166.105,2470
2026-07-07T03:45:00+05:30,4166.1,4167.48,4165.145,4166.105,2334
2026-07-07T04:00:00+05:30,4166.4,4168.65,4166.18,4167.235,2469
2026-07-07T04:15:00+05:30,4167.22,4167.675,4164.15,4164.275,3525
2026-07-07T04:30:00+05:30,4164.29,4165.77,4163.105,4165.56,2665
2026-07-07T04:45:00+05:30,4165.565,4165.68,4163.065,4163.31,2615
2026-07-07T05:00:00+05:30,4163.295,4165.515,4160.915,4161.995,4600
2026-07-07T05:15:00+05:30,4161.99,4163.995,4157.005,4157.425,6989
2026-07-07T05:30:00+05:30,4157.435,4158.505,4152.67,4156.09,5835
2026-07-07T05:45:00+05:30,4156.11,4160.79,4152.125,4159.85,8664
2026-07-07T06:00:00+05:30,4159.855,4162.75,4148.5,4149.7,14250
2026-07-07T06:15:00+05:30,4149.735,4153.93,4145.195,4146.13,8735
2026-07-07T06:30:00+05:30,4146.095,4148.07,4137.91,4141.63,10159
2026-07-07T06:45:00+05:30,4141.715,4142.8,4125.7,4132.865,17100
2026-07-07T07:00:00+05:30,4132.87,4142.435,4132.4,4142.185,10035
2026-07-07T07:15:00+05:30,4142.225,4146.235,4140.575,4141.91,5659
2026-07-07T07:30:00+05:30,4141.975,4144.705,4137.56,4142.64,7144
2026-07-07T07:45:00+05:30,4142.64,4145.39,4137.955,4140.715,7435
2026-07-07T08:00:00+05:30,4140.71,4144.825,4136.43,4139.805,8394
2026-07-07T08:15:00+05:30,4139.8,4139.92,4131.59,4136.815,8329
2026-07-07T08:30:00+05:30,4136.805,4140.35,4135.15,4136.83,5200
2026-07-07T08:45:00+05:30,4136.74,4137.895,4129.345,4132.28,8550
2026-07-07T09:00:00+05:30,4132.215,4135.1,4127.295,4129.825,7805
2026-07-07T09:15:00+05:30,4129.83,4131.86,4124.535,4131.3,7324
2026-07-07T09:30:00+05:30,4131.355,4141.415,4130.6,4136.4,10814
2026-07-07T09:45:00+05:30,4136.405,4137.62,4130.935,4132.425,6684
2026-07-07T10:00:00+05:30,4132.4,4132.565,4128.92,4128.92,3644
2026-07-07T10:15:00+05:30,4128.925,4131.5,4126.065,4126.835,5435
2026-07-07T10:30:00+05:30,4126.885,4131.535,4122.27,4122.555,9264
2026-07-07T10:45:00+05:30,4122.575,4128.79,4121.035,4128.52,7755
2026-07-07T11:00:00+05:30,4128.48,4128.885,4116.7,4122.79,12185
2026-07-07T11:15:00+05:30,4122.76,4127.43,4120.54,4124.15,6890
2026-07-07T11:30:00+05:30,4124.145,4129.59,4121.675,4123.595,7914
2026-07-07T11:45:00+05:30,4123.62,4129.73,4123.48,4126.79,6250
2026-07-07T12:00:00+05:30,4126.745,4132.525,4124.955,4132.49,7569
2026-07-07T12:15:00+05:30,4132.445,4133.03,4128.49,4130.54,4539
2026-07-07T12:30:00+05:30,4130.535,4131.425,4124.465,4129.61,6960
2026-07-07T12:45:00+05:30,4129.465,4132.31,4126.085,4126.715,6225
2026-07-07T13:00:00+05:30,4126.7,4131.205,4125.875,4130.13,5329
2026-07-07T13:15:00+05:30,4130.12,4133.665,4124.64,4124.815,9024
2026-07-07T13:30:00+05:30,4124.765,4139.395,4124.535,4136.9,14860
2026-07-07T13:45:00+05:30,4136.915,4138.875,4134.055,4138.615,4819
2026-07-07T14:00:00+05:30,4138.61,4139.305,4128.915,4131.245,10390
2026-07-07T14:15:00+05:30,4131.26,4131.26,4121.94,4126.08,9320
2026-07-07T14:30:00+05:30,4126.065,4129.305,4124.535,4127.525,4770
2026-07-07T14:45:00+05:30,4127.575,4131.035,4119.81,4121.66,11224
2026-07-07T15:00:00+05:30,4121.655,4133.9,4121.64,4133.1,12259
2026-07-07T15:15:00+05:30,4133.085,4133.29,4125.105,4131.235,8185
2026-07-07T15:30:00+05:30,4131.22,4135.16,4131.205,4132.55,3954
2026-07-07T15:45:00+05:30,4132.57,4138.875,4132.1,4137.48,6774
2026-07-07T16:00:00+05:30,4137.485,4137.57,4134.61,4135.575,2960
2026-07-07T16:15:00+05:30,4135.65,4137.235,4133.5,4135.83,3734
2026-07-07T16:30:00+05:30,4135.835,4136.32,4131.84,4133.16,4479
2026-07-07T16:45:00+05:30,4133.29,4145.395,4132.995,4143.145,12400
2026-07-07T17:00:00+05:30,4143.095,4148.98,4139.605,4148.385,9375
2026-07-07T17:15:00+05:30,4148.325,4158.36,4147.13,4157.175,11229
2026-07-07T17:30:00+05:30,4157.185,4174.725,4154.625,4173.37,20100
2026-07-07T17:45:00+05:30,4173.41,4175.085,4163.065,4166.045,12020
2026-07-07T18:00:00+05:30,4165.94,4168.28,4161.695,4166.44,6585
2026-07-07T18:15:00+05:30,4166.36,4172.8,4164.235,4172.4,8565
2026-07-07T18:30:00+05:30,4172.505,4178.415,4160.2,4171.615,18215
2026-07-07T18:45:00+05:30,4171.6,4172.57,4164.34,4166.69,8229
2026-07-07T19:00:00+05:30,4166.74,4180.52,4163.66,4177.65,16860
2026-07-07T19:15:00+05:30,4177.6,4180.075,4156.16,4158.71,23914
2026-07-07T19:30:00+05:30,4158.64,4163.95,4151.17,4152.45,12779
2026-07-07T19:45:00+05:30,4152.44,4159.905,4151.21,4158.235,8694
2026-07-07T20:00:00+05:30,4158.24,4159.29,4143.73,4152.405,15560
2026-07-07T20:15:00+05:30,4152.41,4157.745,4151.995,4154.32,5750
2026-07-07T20:30:00+05:30,4154.215,4155.7,4148.4,4148.84,7300
2026-07-07T20:45:00+05:30,4148.83,4149.15,4141.875,4143.22,7274
2026-07-07T21:00:00+05:30,4143.27,4148.455,4142.385,4146.775,6069
2026-07-07T21:15:00+05:30,4146.675,4148.215,4135.945,4139.055,12270
2026-07-07T21:30:00+05:30,4139.07,4143.745,4137.135,4141.28,6609
2026-07-07T21:45:00+05:30,4141.265,4147.31,4140.87,4146.04,6440
2026-07-07T22:00:00+05:30,4146.065,4146.62,4142.525,4143.405,4095
2026-07-07T22:15:00+05:30,4143.42,4146.865,4141.12,4145.235,5744
2026-07-07T22:30:00+05:30,4145.19,4147.165,4142.37,4143.195,4795
2026-07-07T22:45:00+05:30,4143.215,4146.88,4140.685,4146.22,6194
2026-07-07T23:00:00+05:30,4146.26,4148.345,4144.68,4147.26,3664
2026-07-07T23:15:00+05:30,4147.255,4147.5,4143.12,4144.575,4380
2026-07-07T23:30:00+05:30,4144.635,4145.365,4141.01,4142.46,4354
2026-07-07T23:45:00+05:30,4142.465,4144.34,4140.28,4141.84,4060
2026-07-08T00:00:00+05:30,4141.67,4142.58,4136.37,4142.075,6210
2026-07-08T00:15:00+05:30,4142.095,4142.76,4125.23,4127.105,17530
2026-07-08T00:30:00+05:30,4127.06,4127.88,4103.235,4106.15,24645
2026-07-08T00:45:00+05:30,4106.145,4107.065,4092.295,4103.745,14769
2026-07-08T01:00:00+05:30,4103.725,4115.19,4103.65,4109.29,11539
2026-07-08T01:15:00+05:30,4109.405,4117.815,4108.22,4114.215,9594
2026-07-08T01:30:00+05:30,4114.205,4115.905,4112.375,4113.04,3529
2026-07-08T01:45:00+05:30,4112.975,4113.26,4106.575,4110.9,6685
2026-07-08T02:00:00+05:30,4110.895,4111.185,4104.565,4105.995,6620
2026-07-08T02:15:00+05:30,4106.005,4107.085,4103.53,4106.12,3555
2026-07-08T03:30:00+05:30,4105.04,4106.35,4100.36,4104.08,5990
2026-07-08T03:45:00+05:30,4104.04,4104.16,4099.645,4099.715,4514
2026-07-08T04:00:00+05:30,4099.72,4102.625,4098.695,4101.015,3930
2026-07-08T04:15:00+05:30,4101.025,4101.085,4095.74,4098.375,5345
2026-07-08T04:30:00+05:30,4098.355,4108.01,4096.185,4105.775,11824
2026-07-08T04:45:00+05:30,4105.745,4106.82,4101.135,4105.06,5684
2026-07-08T05:00:00+05:30,4105.065,4105.585,4097.505,4098.55,8079
2026-07-08T05:15:00+05:30,4098.555,4101.56,4096.065,4098.775,5495
2026-07-08T05:30:00+05:30,4098.78,4104.14,4097.125,4100.365,7015
2026-07-08T05:45:00+05:30,4100.36,4108.06,4098.995,4105.605,9065
2026-07-08T06:00:00+05:30,4105.61,4126.82,4103.905,4123.33,22914
2026-07-08T06:15:00+05:30,4123.34,4125.18,4111.23,4111.74,13950
2026-07-08T06:30:00+05:30,4111.58,4117.89,4098.24,4108.55,19650
2026-07-08T06:45:00+05:30,4108.6,4110.435,4102.27,4102.685,8164
2026-07-08T07:00:00+05:30,4102.73,4106.09,4096.56,4103.49,9529
2026-07-08T07:15:00+05:30,4103.48,4113.07,4102.47,4111.23,10599
2026-07-08T07:30:00+05:30,4111.275,4118.185,4106.08,4112.32,12105
2026-07-08T07:45:00+05:30,4112.305,4125.11,4112.135,4119.03,12974
2026-07-08T08:00:00+05:30,4119.0,4121.255,4116.395,4120.26,4859
2026-07-08T08:15:00+05:30,4120.355,4120.865,4113.42,4114.57,7444
2026-07-08T08:30:00+05:30,4114.61,4130.82,4114.56,4128.24,16259
2026-07-08T08:45:00+05:30,4128.245,4130.855,4124.635,4129.94,6219
2026-07-08T09:00:00+05:30,4129.975,4131.22,4125.59,4126.61,5630
2026-07-08T09:15:00+05:30,4126.675,4129.23,4122.83,4123.55,6399
2026-07-08T09:30:00+05:30,4123.45,4128.955,4121.69,4124.405,7265
2026-07-08T09:45:00+05:30,4124.395,4127.555,4120.61,4125.96,6945
2026-07-08T10:00:00+05:30,4125.97,4128.38,4122.18,4125.32,6199
2026-07-08T10:15:00+05:30,4125.28,4127.185,4123.81,4125.295,3375
2026-07-08T10:30:00+05:30,4125.29,4133.99,4124.915,4125.98,9074
2026-07-08T10:45:00+05:30,4125.905,4129.45,4121.98,4121.98,7470
2026-07-08T11:00:00+05:30,4122.035,4131.77,4121.26,4128.375,10510
2026-07-08T11:15:00+05:30,4128.405,4130.075,4125.01,4127.925,5064
2026-07-08T11:30:00+05:30,4127.895,4131.84,4122.245,4131.68,9595
2026-07-08T11:45:00+05:30,4131.675,4133.805,4128.915,4129.7,4890
2026-07-08T12:00:00+05:30,4129.685,4130.065,4124.725,4126.78,5339
2026-07-08T12:15:00+05:30,4126.785,4127.345,4123.54,4123.67,3805
2026-07-08T12:30:00+05:30,4123.665,4125.425,4116.57,4118.06,8855
2026-07-08T12:45:00+05:30,4118.065,4121.375,4114.9,4120.31,6475
2026-07-08T13:00:00+05:30,4120.315,4127.27,4118.225,4127.205,9045
2026-07-08T13:15:00+05:30,4127.245,4127.245,4119.12,4121.36,8125
2026-07-08T13:30:00+05:30,4121.345,4121.365,4116.495,4117.88,4869
2026-07-08T13:45:00+05:30,4117.86,4121.06,4080.925,4088.735,40135
2026-07-08T14:00:00+05:30,4088.69,4092.115,4060.68,4065.73,31434
2026-07-08T14:15:00+05:30,4065.725,4076.155,4052.285,4057.005,23870
2026-07-08T14:30:00+05:30,4056.93,4056.995,4050.33,4056.01,6664
2026-07-08T14:45:00+05:30,4056.085,4061.105,4053.855,4056.65,7250
2026-07-08T15:00:00+05:30,4056.605,4058.765,4044.96,4048.51,13804
2026-07-08T15:15:00+05:30,4048.445,4052.825,4041.565,4043.515,11259
2026-07-08T15:30:00+05:30,4043.545,4048.59,4040.575,4044.995,8015
2026-07-08T15:45:00+05:30,4045.035,4056.14,4043.58,4050.89,12559
2026-07-08T16:00:00+05:30,4050.78,4058.595,4050.17,4057.28,8424
2026-07-08T16:15:00+05:30,4057.305,4058.77,4053.085,4053.165,5684
2026-07-08T16:30:00+05:30,4053.155,4057.385,4048.305,4050.89,9080
2026-07-08T16:45:00+05:30,4050.885,4054.65,4047.825,4050.24,6825
2026-07-08T17:00:00+05:30,4050.065,4066.07,4041.55,4064.7,24519
2026-07-08T17:15:00+05:30,4064.41,4072.845,4059.435,4062.335,13409
2026-07-08T17:30:00+05:30,4062.235,4073.72,4058.885,4072.125,14834
2026-07-08T17:45:00+05:30,4072.185,4077.905,4065.835,4071.02,12070
2026-07-08T18:00:00+05:30,4070.97,4078.36,4068.11,4078.205,10250
2026-07-08T18:15:00+05:30,4078.215,4086.445,4070.87,4072.325,15575
2026-07-08T18:30:00+05:30,4072.33,4083.185,4069.7,4072.23,13485
2026-07-08T18:45:00+05:30,4072.225,4076.09,4065.34,4066.825,10750
2026-07-08T19:00:00+05:30,4066.83,4080.425,4066.83,4073.305,13595
2026-07-08T19:15:00+05:30,4073.31,4079.325,4068.37,4070.895,10954
2026-07-08T19:30:00+05:30,4070.825,4071.585,4056.98,4057.48,14605
2026-07-08T19:45:00+05:30,4057.5,4065.545,4051.645,4060.205,13900
2026-07-08T20:00:00+05:30,4060.215,4061.415,4035.395,4036.375,26019
2026-07-08T20:15:00+05:30,4036.385,4046.44,4033.885,4040.915,12554
2026-07-08T20:30:00+05:30,4040.955,4043.96,4033.635,4033.745,10324
2026-07-08T20:45:00+05:30,4033.8,4036.15,4026.37,4031.02,9780
2026-07-08T21:00:00+05:30,4031.055,4033.685,4021.815,4032.98,11869
2026-07-08T21:15:00+05:30,4032.945,4038.595,4029.96,4034.46,8634
2026-07-08T21:30:00+05:30,4034.49,4043.015,4033.225,4039.47,9789
2026-07-08T21:45:00+05:30,4039.465,4045.145,4037.925,4043.48,7219
2026-07-08T22:00:00+05:30,4043.2,4057.55,4039.665,4056.67,17885
2026-07-08T22:15:00+05:30,4056.66,4064.48,4053.595,4063.87,10885
2026-07-08T22:30:00+05:30,4063.875,4070.43,4059.77,4065.075,10659
2026-07-08T22:45:00+05:30,4065.125,4073.965,4063.51,4073.175,10454
2026-07-08T23:00:00+05:30,4073.15,4076.495,4068.935,4069.915,7559
2026-07-08T23:15:00+05:30,4069.93,4070.365,4064.47,4065.53,5894
2026-07-08T23:30:00+05:30,4065.45,4075.77,4063.5,4075.26,12269
2026-07-08T23:45:00+05:30,4075.22,4075.335,4067.565,4069.635,7769
2026-07-09T00:00:00+05:30,4069.665,4079.625,4067.06,4079.625,12565
2026-07-09T00:15:00+05:30,4079.545,4091.67,4078.885,4084.285,12784
2026-07-09T00:30:00+05:30,4084.275,4091.0,4084.26,4087.54,6739
2026-07-09T00:45:00+05:30,4087.525,4088.645,4084.695,4088.325,3949
2026-07-09T01:00:00+05:30,4088.41,4091.375,4083.4,4084.225,7974
2026-07-09T01:15:00+05:30,4084.24,4084.525,4078.425,4080.055,6099
2026-07-09T01:30:00+05:30,4080.04,4083.64,4076.185,4079.015,7454
2026-07-09T01:45:00+05:30,4079.02,4079.72,4074.235,4076.9,5484
2026-07-09T02:00:00+05:30,4076.89,4078.585,4071.645,4074.98,6940
2026-07-09T02:15:00+05:30,4075.0,4079.85,4074.21,4077.12,5639
2026-07-09T03:30:00+05:30,4074.405,4079.65,4073.8,4077.055,5849
2026-07-09T03:45:00+05:30,4077.06,4078.905,4073.475,4074.335,5430
2026-07-09T04:00:00+05:30,4074.345,4079.295,4073.54,4076.365,5755
2026-07-09T04:15:00+05:30,4076.32,4079.885,4076.135,4076.57,3750
2026-07-09T04:30:00+05:30,4076.575,4077.72,4073.88,4077.065,3839
2026-07-09T04:45:00+05:30,4077.105,4077.905,4075.415,4077.63,2490
2026-07-09T05:00:00+05:30,4077.6,4077.605,4073.855,4075.135,3750
2026-07-09T05:15:00+05:30,4075.14,4077.735,4072.26,4076.285,5474
2026-07-09T05:30:00+05:30,4076.185,4087.695,4076.185,4087.61,11510
2026-07-09T05:45:00+05:30,4087.615,4090.02,4073.915,4078.055,16105
2026-07-09T06:00:00+05:30,4078.07,4081.905,4075.505,4077.085,6400
2026-07-09T06:15:00+05:30,4077.055,4079.14,4070.38,4073.97,8759
2026-07-09T06:30:00+05:30,4073.985,4078.895,4065.17,4074.255,13724
2026-07-09T06:45:00+05:30,4074.24,4076.845,4066.785,4066.785,10059
2026-07-09T07:00:00+05:30,4066.775,4075.345,4062.475,4073.695,12869
2026-07-09T07:15:00+05:30,4073.705,4076.155,4069.235,4073.09,6920
2026-07-09T07:30:00+05:30,4073.185,4079.75,4072.38,4078.655,7369
2026-07-09T07:45:00+05:30,4078.64,4082.83,4077.005,4080.465,5824
2026-07-09T08:00:00+05:30,4080.46,4081.715,4070.165,4071.065,11550
2026-07-09T08:15:00+05:30,4071.06,4072.035,4064.525,4065.195,7509
2026-07-09T08:30:00+05:30,4065.19,4067.8,4055.375,4059.01,12425
2026-07-09T08:45:00+05:30,4058.95,4061.39,4054.4,4058.495,6989
2026-07-09T09:00:00+05:30,4058.5,4063.625,4056.65,4062.135,6974
2026-07-09T09:15:00+05:30,4062.205,4064.265,4061.245,4064.25,3019
2026-07-09T09:30:00+05:30,4064.37,4064.705,4058.95,4060.53,5755
2026-07-09T09:45:00+05:30,4060.56,4061.11,4057.285,4059.04,3825
2026-07-09T10:00:00+05:30,4059.085,4064.665,4056.49,4057.985,8175
2026-07-09T10:15:00+05:30,4057.93,4064.665,4056.455,4064.405,8210
2026-07-09T10:30:00+05:30,4064.4,4075.98,4063.85,4073.57,12130
2026-07-09T10:45:00+05:30,4073.51,4073.785,4066.98,4072.385,6804
2026-07-09T11:00:00+05:30,4072.405,4077.36,4064.87,4075.63,12490
2026-07-09T11:15:00+05:30,4075.645,4084.325,4073.845,4082.02,10480
2026-07-09T11:30:00+05:30,4081.995,4099.8,4081.44,4092.215,18360
2026-07-09T11:45:00+05:30,4092.22,4103.29,4091.53,4102.38,11759
2026-07-09T12:00:00+05:30,4102.425,4107.175,4096.09,4102.875,11085
2026-07-09T12:15:00+05:30,4102.925,4108.185,4102.455,4108.04,5730
2026-07-09T12:30:00+05:30,4108.065,4110.35,4101.54,4101.54,8810
2026-07-09T12:45:00+05:30,4101.58,4110.105,4101.555,4108.86,8549
2026-07-09T13:00:00+05:30,4108.85,4110.975,4103.705,4109.1,7270
2026-07-09T13:15:00+05:30,4109.135,4111.24,4104.725,4107.95,6514
2026-07-09T13:30:00+05:30,4108.02,4110.6,4105.315,4108.185,5285
2026-07-09T13:45:00+05:30,4108.195,4118.005,4107.84,4114.985,10164
2026-07-09T14:00:00+05:30,4114.95,4116.835,4110.23,4113.625,6605
2026-07-09T14:15:00+05:30,4113.635,4113.885,4107.905,4108.34,5980
2026-07-09T14:30:00+05:30,4108.34,4109.74,4105.945,4108.73,3795
2026-07-09T14:45:00+05:30,4108.72,4112.52,4107.525,4108.41,4995
2026-07-09T15:00:00+05:30,4108.41,4110.045,4103.3,4103.835,6744
2026-07-09T15:15:00+05:30,4103.795,4107.63,4103.09,4106.355,4539
2026-07-09T15:30:00+05:30,4106.35,4110.22,4104.12,4105.195,6100
2026-07-09T15:45:00+05:30,4105.325,4106.71,4104.105,4104.385,2605
2026-07-09T16:00:00+05:30,4104.41,4105.485,4102.43,4103.4,3054
2026-07-09T16:15:00+05:30,4103.42,4104.64,4093.855,4099.23,10785
2026-07-09T16:30:00+05:30,4099.205,4105.19,4097.915,4104.97,7274
2026-07-09T16:45:00+05:30,4104.94,4107.315,4099.06,4100.705,8254
2026-07-09T17:00:00+05:30,4100.595,4109.56,4098.905,4106.23,10655
2026-07-09T17:15:00+05:30,4106.26,4110.59,4104.695,4108.61,5895
2026-07-09T17:30:00+05:30,4108.605,4120.165,4106.08,4112.685,14085
2026-07-09T17:45:00+05:30,4112.805,4113.545,4105.225,4107.275,8319
2026-07-09T18:00:00+05:30,4107.28,4122.63,4107.245,4113.23,15385
2026-07-09T18:15:00+05:30,4113.35,4114.7,4107.46,4107.69,7239
2026-07-09T18:30:00+05:30,4107.665,4121.295,4106.875,4120.655,14420
2026-07-09T18:45:00+05:30,4120.705,4127.445,4118.72,4126.045,8724
2026-07-09T19:00:00+05:30,4126.235,4129.59,4119.69,4127.525,9900
2026-07-09T19:15:00+05:30,4127.39,4127.93,4117.9,4122.085,10030
2026-07-09T19:30:00+05:30,4122.015,4136.605,4120.47,4122.545,16134
2026-07-09T19:45:00+05:30,4122.505,4125.63,4114.305,4124.83,11324
2026-07-09T20:00:00+05:30,4124.855,4126.77,4120.66,4124.385,6110
2026-07-09T20:15:00+05:30,4124.495,4128.08,4118.255,4127.84,9824
2026-07-09T20:30:00+05:30,4127.915,4130.995,4124.885,4125.21,6109
2026-07-09T20:45:00+05:30,4125.225,4130.72,4125.035,4127.955,5685
2026-07-09T21:00:00+05:30,4128.045,4131.405,4126.36,4130.165,5045
2026-07-09T21:15:00+05:30,4130.18,4132.84,4126.455,4126.885,6385
2026-07-09T21:30:00+05:30,4126.885,4131.315,4125.785,4130.275,5529
2026-07-09T21:45:00+05:30,4130.3,4133.265,4128.925,4132.765,4340
2026-07-09T22:00:00+05:30,4132.63,4138.035,4131.775,4133.34,6260
2026-07-09T22:15:00+05:30,4133.335,4134.505,4128.135,4128.155,6369
2026-07-09T22:30:00+05:30,4128.115,4128.995,4125.845,4127.62,3149
2026-07-09T22:45:00+05:30,4127.65,4132.085,4125.095,4131.715,6989
2026-07-09T23:00:00+05:30,4131.765,4134.465,4129.38,4132.36,5085
2026-07-09T23:15:00+05:30,4132.355,4138.06,4132.145,4136.24,5914
2026-07-09T23:30:00+05:30,4136.225,4136.48,4127.495,4128.825,8984
2026-07-09T23:45:00+05:30,4128.83,4128.88,4123.19,4124.06,5690
2026-07-10T00:00:00+05:30,4124.085,4125.49,4121.53,4125.46,3960
2026-07-10T00:15:00+05:30,4125.455,4125.6,4122.47,4124.59,3130
2026-07-10T00:30:00+05:30,4124.58,4127.06,4123.06,4124.47,4000
2026-07-10T00:45:00+05:30,4124.45,4125.64,4120.795,4121.02,4845
2026-07-10T01:00:00+05:30,4121.005,4122.77,4118.91,4120.36,3860
2026-07-10T01:15:00+05:30,4120.315,4123.685,4120.145,4122.56,3539
2026-07-10T01:30:00+05:30,4122.44,4124.24,4120.82,4121.48,3420
2026-07-10T01:45:00+05:30,4121.485,4122.79,4120.7,4121.24,2090
2026-07-10T02:00:00+05:30,4121.205,4125.745,4120.89,4124.575,4854
2026-07-10T02:15:00+05:30,4124.57,4124.655,4123.18,4123.79,1474
2026-07-10T03:30:00+05:30,4125.25,4127.815,4122.395,4123.76,5419
2026-07-10T03:45:00+05:30,4123.775,4124.91,4122.635,4123.295,2274
2026-07-10T04:00:00+05:30,4123.315,4124.84,4122.43,4123.765,2409
2026-07-10T04:15:00+05:30,4123.75,4124.34,4121.65,4121.9,2690
2026-07-10T04:30:00+05:30,4121.94,4124.58,4121.35,4123.91,3229
2026-07-10T04:45:00+05:30,4123.92,4125.24,4121.42,4122.225,3819
2026-07-10T05:00:00+05:30,4122.28,4123.07,4121.065,4122.87,2005
2026-07-10T05:15:00+05:30,4122.915,4124.685,4121.725,4123.535,2960
2026-07-10T05:30:00+05:30,4123.54,4125.835,4119.88,4122.285,5954
2026-07-10T05:45:00+05:30,4122.3,4123.78,4117.195,4119.615,6585
2026-07-10T06:00:00+05:30,4119.665,4124.1,4114.545,4123.235,9555
2026-07-10T06:15:00+05:30,4123.195,4128.47,4121.445,4126.51,7025
2026-07-10T06:30:00+05:30,4126.565,4131.26,4119.065,4125.19,12195
2026-07-10T06:45:00+05:30,4125.16,4127.64,4120.385,4121.7,7255
2026-07-10T07:00:00+05:30,4121.685,4123.635,4109.075,4111.79,14560
2026-07-10T07:15:00+05:30,4111.78,4121.47,4108.72,4116.895,12750
2026-07-10T07:30:00+05:30,4116.995,4128.995,4116.12,4124.89,12875
2026-07-10T07:45:00+05:30,4124.94,4128.07,4121.9,4125.99,6170
2026-07-10T08:00:00+05:30,4126.015,4128.685,4122.055,4125.83,6630
2026-07-10T08:15:00+05:30,4125.805,4129.105,4123.49,4127.77,5614
2026-07-10T08:30:00+05:30,4127.76,4134.92,4125.985,4126.6,8935
2026-07-10T08:45:00+05:30,4126.58,4128.55,4120.71,4125.35,7840
2026-07-10T09:00:00+05:30,4125.3,4127.875,4121.245,4121.625,6630
2026-07-10T09:15:00+05:30,4121.62,4122.36,4119.55,4120.355,2809
2026-07-10T09:30:00+05:30,4120.375,4121.15,4116.865,4121.03,4284
2026-07-10T09:45:00+05:30,4121.01,4121.285,4112.265,4117.79,9019
2026-07-10T10:00:00+05:30,4117.74,4119.85,4116.87,4119.34,2980
2026-07-10T10:15:00+05:30,4119.335,4119.335,4115.08,4115.32,4255
2026-07-10T10:30:00+05:30,4115.315,4116.335,4112.965,4114.125,3369
2026-07-10T10:45:00+05:30,4114.115,4117.285,4113.0,4114.365,4284
2026-07-10T11:00:00+05:30,4114.375,4115.59,4109.305,4114.18,6284
2026-07-10T11:15:00+05:30,4114.075,4117.235,4108.39,4116.89,8844
2026-07-10T11:30:00+05:30,4116.845,4119.405,4114.88,4115.24,4524
2026-07-10T11:45:00+05:30,4115.28,4120.19,4113.935,4114.595,6254
2026-07-10T12:00:00+05:30,4114.59,4116.21,4111.16,4111.565,5050
2026-07-10T12:15:00+05:30,4111.575,4114.57,4111.345,4111.785,3224
2026-07-10T12:30:00+05:30,4111.68,4113.78,4108.98,4111.6,4800
2026-07-10T12:45:00+05:30,4111.605,4115.52,4108.8,4112.55,6720
2026-07-10T13:00:00+05:30,4112.56,4114.675,4105.425,4106.895,9250
2026-07-10T13:15:00+05:30,4106.945,4110.125,4104.44,4109.07,5685
2026-07-10T13:30:00+05:30,4108.985,4109.65,4104.085,4107.36,5564
2026-07-10T13:45:00+05:30,4107.445,4109.06,4103.305,4104.47,5755
2026-07-10T14:00:00+05:30,4104.485,4105.765,4099.525,4101.805,6240
2026-07-10T14:15:00+05:30,4101.69,4101.895,4094.86,4098.03,7035
2026-07-10T14:30:00+05:30,4098.02,4100.915,4094.535,4100.915,6380
2026-07-10T14:45:00+05:30,4100.83,4103.61,4099.99,4102.775,3619
2026-07-10T15:00:00+05:30,4102.76,4104.15,4098.585,4102.99,5564
2026-07-10T15:15:00+05:30,4103.03,4105.625,4102.42,4104.5,3204
2026-07-10T15:30:00+05:30,4104.525,4108.6,4104.28,4106.405,4320
2026-07-10T15:45:00+05:30,4106.48,4112.815,4106.335,4109.505,6479
2026-07-10T16:00:00+05:30,4109.51,4110.62,4106.255,4109.195,4364
2026-07-10T16:15:00+05:30,4109.16,4109.195,4104.49,4104.67,4704
2026-07-10T16:30:00+05:30,4104.595,4108.2,4104.485,4106.45,3715
2026-07-10T16:45:00+05:30,4106.46,4108.205,4100.19,4100.26,8015
2026-07-10T17:00:00+05:30,4100.245,4107.615,4096.155,4106.84,11460
2026-07-10T17:15:00+05:30,4106.775,4108.045,4102.195,4102.415,5850
2026-07-10T17:30:00+05:30,4102.465,4117.585,4101.11,4115.05,16475
2026-07-10T17:45:00+05:30,4115.065,4116.465,4103.46,4106.15,13005
2026-07-10T18:00:00+05:30,4106.19,4107.115,4097.63,4098.455,9484
2026-07-10T18:15:00+05:30,4098.405,4105.155,4097.92,4100.765,7234
2026-07-10T18:30:00+05:30,4100.865,4106.42,4098.865,4104.395,7555
2026-07-10T18:45:00+05:30,4104.465,4106.765,4085.855,4087.6,20910
2026-07-10T19:00:00+05:30,4087.59,4102.66,4087.185,4098.605,15474
2026-07-10T19:15:00+05:30,4098.62,4105.62,4097.475,4099.995,8144
2026-07-10T19:30:00+05:30,4099.99,4103.635,4097.68,4100.29,5954
2026-07-10T19:45:00+05:30,4100.3,4109.145,4097.63,4105.445,11515
2026-07-10T20:00:00+05:30,4105.46,4107.895,4072.8,4099.235,35095
2026-07-10T20:15:00+05:30,4099.22,4107.61,4091.675,4092.94,15934
2026-07-10T20:30:00+05:30,4092.945,4101.035,4091.46,4097.635,9574
2026-07-10T20:45:00+05:30,4097.685,4107.795,4097.56,4102.265,10234
2026-07-10T21:00:00+05:30,4102.28,4106.99,4101.515,4106.38,5474
2026-07-10T21:15:00+05:30,4106.41,4113.595,4105.85,4113.115,7744
2026-07-10T21:30:00+05:30,4113.215,4114.965,4108.1,4110.235,6864
2026-07-10T21:45:00+05:30,4110.255,4114.63,4107.355,4114.56,7275
2026-07-10T22:00:00+05:30,4114.54,4115.51,4108.995,4109.1,6515
2026-07-10T22:15:00+05:30,4109.15,4109.775,4104.48,4104.525,5295
2026-07-10T22:30:00+05:30,4104.52,4105.61,4102.47,4104.01,3139
2026-07-10T22:45:00+05:30,4104.045,4106.965,4103.86,4105.7,3105
2026-07-10T23:00:00+05:30,4105.715,4107.035,4103.36,4103.965,3675
2026-07-10T23:15:00+05:30,4103.97,4105.42,4100.58,4100.785,4840
2026-07-10T23:30:00+05:30,4100.815,4105.215,4100.075,4104.805,5140
2026-07-10T23:45:00+05:30,4104.855,4105.58,4102.26,4103.06,3319
2026-07-11T00:00:00+05:30,4103.085,4103.86,4098.79,4099.19,5069
2026-07-11T00:15:00+05:30,4099.15,4101.83,4098.21,4101.375,3619
2026-07-11T00:30:00+05:30,4101.415,4102.685,4097.925,4101.8,4760
2026-07-11T00:45:00+05:30,4101.805,4103.5,4101.425,4101.925,2074
2026-07-11T01:00:00+05:30,4101.9,4103.765,4100.62,4102.7,3145
2026-07-11T01:15:00+05:30,4102.69,4109.155,4102.5,4108.465,6654
2026-07-11T01:30:00+05:30,4108.47,4115.19,4108.4,4112.28,6789
2026-07-11T01:45:00+05:30,4112.2,4112.865,4110.725,4111.475,2139
2026-07-11T02:00:00+05:30,4111.295,4112.635,4110.515,4111.935,2119
2026-07-11T02:15:00+05:30,4111.98,4121.375,4111.695,4120.67,9680
2026-07-13T03:30:00+05:30,4090.98,4094.82,4080.74,4081.59,14080
2026-07-13T03:45:00+05:30,4081.57,4088.2,4079.975,4084.7,8224
2026-07-13T04:00:00+05:30,4084.67,4086.755,4078.1,4078.81,8655
2026-07-13T04:15:00+05:30,4078.795,4081.095,4069.68,4076.745,11414
2026-07-13T04:30:00+05:30,4076.795,4076.83,4068.61,4070.38,8219
2026-07-13T04:45:00+05:30,4070.18,4075.34,4068.81,4075.01,6530
2026-07-13T05:00:00+05:30,4074.985,4079.485,4071.905,4077.83,7579
2026-07-13T05:15:00+05:30,4077.825,4084.885,4075.75,4084.7,9135
2026-07-13T05:30:00+05:30,4084.72,4091.295,4080.78,4087.04,10514
2026-07-13T05:45:00+05:30,4087.055,4088.11,4074.525,4074.895,13585
2026-07-13T06:00:00+05:30,4074.845,4075.8,4061.115,4073.14,14685
2026-07-13T06:15:00+05:30,4073.165,4077.695,4068.655,4074.105,9039
2026-07-13T06:30:00+05:30,4074.36,4081.17,4065.74,4079.685,15430
2026-07-13T06:45:00+05:30,4079.69,4082.16,4071.3,4080.095,10859
2026-07-13T07:00:00+05:30,4080.115,4089.905,4077.81,4084.785,12095
2026-07-13T07:15:00+05:30,4084.82,4088.195,4067.71,4072.59,20485
2026-07-13T07:30:00+05:30,4072.74,4075.315,4070.065,4072.33,5250
2026-07-13T07:45:00+05:30,4072.19,4074.485,4066.8,4067.51,7684
2026-07-13T08:00:00+05:30,4067.505,4077.405,4064.695,4072.82,12710
2026-07-13T08:15:00+05:30,4072.825,4073.075,4068.42,4068.735,4654
2026-07-13T08:30:00+05:30,4068.57,4069.545,4053.27,4058.395,16275
2026-07-13T08:45:00+05:30,4058.335,4062.58,4058.11,4061.985,4469
2026-07-13T09:00:00+05:30,4061.935,4062.56,4057.115,4057.97,5445
2026-07-13T09:15:00+05:30,4058.01,4061.375,4057.725,4060.66,3650
2026-07-13T09:30:00+05:30,4060.69,4060.69,4052.53,4054.82,8159
2026-07-13T09:45:00+05:30,4054.83,4058.115,4050.465,4055.64,7649
2026-07-13T10:00:00+05:30,4055.615,4057.785,4053.28,4054.38,4504
2026-07-13T10:15:00+05:30,4054.385,4059.305,4052.69,4058.95,6614
2026-07-13T10:30:00+05:30,4058.935,4073.27,4054.985,4069.72,18284
2026-07-13T10:45:00+05:30,4069.7,4069.83,4057.655,4058.445,12174
2026-07-13T11:00:00+05:30,4058.365,4065.805,4052.17,4063.715,13634
2026-07-13T11:15:00+05:30,4063.725,4064.365,4052.815,4053.76,11549
2026-07-13T11:30:00+05:30,4053.765,4056.36,4044.06,4050.9,12300
2026-07-13T11:45:00+05:30,4050.93,4061.495,4050.805,4061.2,10690
2026-07-13T12:00:00+05:30,4061.335,4063.72,4058.69,4060.32,5029
2026-07-13T12:15:00+05:30,4060.35,4060.605,4052.195,4055.655,8409
2026-07-13T12:30:00+05:30,4055.66,4061.28,4049.045,4055.645,12235
2026-07-13T12:45:00+05:30,4055.675,4059.485,4055.675,4058.955,3809
2026-07-13T13:00:00+05:30,4058.815,4062.97,4056.315,4057.465,6654
2026-07-13T13:15:00+05:30,4057.515,4065.225,4056.2,4065.055,9025
2026-07-13T13:30:00+05:30,4065.04,4075.12,4063.29,4073.975,11829
2026-07-13T13:45:00+05:30,4074.01,4080.845,4073.595,4074.085,7250
2026-07-13T14:00:00+05:30,4074.07,4076.46,4071.82,4075.745,4639
2026-07-13T14:15:00+05:30,4075.75,4078.595,4072.22,4074.585,6375
2026-07-13T14:30:00+05:30,4074.555,4076.325,4072.815,4074.66,3509
2026-07-13T14:45:00+05:30,4074.63,4076.715,4071.36,4072.61,5355
2026-07-13T15:00:00+05:30,4072.605,4073.885,4069.515,4072.715,4370
2026-07-13T15:15:00+05:30,4072.79,4073.85,4068.18,4068.43,5670
2026-07-13T15:30:00+05:30,4068.26,4070.705,4066.84,4067.78,3864
2026-07-13T15:45:00+05:30,4067.715,4069.47,4064.48,4065.27,4989
2026-07-13T16:00:00+05:30,4065.275,4068.34,4046.43,4052.22,21910
2026-07-13T16:15:00+05:30,4051.975,4061.72,4048.07,4060.815,13649
2026-07-13T16:30:00+05:30,4060.835,4068.14,4058.175,4064.195,9964
2026-07-13T16:45:00+05:30,4064.17,4065.345,4058.365,4062.98,6980
2026-07-13T17:00:00+05:30,4062.84,4068.63,4062.255,4065.37,6375
2026-07-13T17:15:00+05:30,4065.515,4065.955,4055.08,4056.525,10875
2026-07-13T17:30:00+05:30,4056.55,4060.525,4053.62,4056.555,6905
2026-07-13T17:45:00+05:30,4056.44,4063.665,4055.265,4059.135,8400
2026-07-13T18:00:00+05:30,4059.13,4064.14,4058.81,4062.91,5329
2026-07-13T18:15:00+05:30,4062.98,4067.6,4062.98,4067.56,4619
2026-07-13T18:30:00+05:30,4067.61,4067.8,4059.37,4062.06,8430
2026-07-13T18:45:00+05:30,4062.045,4066.17,4058.705,4062.37,7465
2026-07-13T19:00:00+05:30,4062.33,4064.13,4051.555,4054.95,12575
2026-07-13T19:15:00+05:30,4054.945,4058.515,4042.005,4043.425,16509
2026-07-13T19:30:00+05:30,4043.39,4047.025,4029.805,4036.075,17220
2026-07-13T19:45:00+05:30,4036.015,4037.44,4002.875,4016.915,34565
2026-07-13T20:00:00+05:30,4016.86,4017.2,4000.23,4005.465,16969
2026-07-13T20:15:00+05:30,4005.49,4015.465,4001.78,4015.415,13684
2026-07-13T20:30:00+05:30,4015.4,4017.775,4011.04,4014.865,6735
2026-07-13T20:45:00+05:30,4014.785,4020.355,4013.085,4016.61,7269
2026-07-13T21:00:00+05:30,4016.665,4017.795,4012.44,4013.495,5355
2026-07-13T21:15:00+05:30,4013.47,4016.19,4010.37,4016.09,5820
2026-07-13T21:30:00+05:30,4016.155,4018.115,4012.665,4014.105,5449
2026-07-13T21:45:00+05:30,4014.075,4014.19,4000.58,4004.03,13610
2026-07-13T22:00:00+05:30,4004.04,4004.95,3990.91,4000.84,14039
2026-07-13T22:15:00+05:30,4000.835,4002.87,3986.58,3993.5,16289
2026-07-13T22:30:00+05:30,3993.655,3999.07,3992.245,3997.685,6825
2026-07-13T22:45:00+05:30,3997.75,4002.025,3996.805,3999.065,5220
2026-07-13T23:00:00+05:30,3999.105,4001.01,3996.415,3997.045,4595
2026-07-13T23:15:00+05:30,3997.07,3999.545,3992.055,3993.27,7490
2026-07-13T23:30:00+05:30,3993.335,3995.16,3990.065,3993.9,5094
2026-07-13T23:45:00+05:30,3993.895,3996.915,3986.92,3995.31,9994
2026-07-14T00:00:00+05:30,3995.295,4000.825,3994.215,4000.2,6609
2026-07-14T00:15:00+05:30,4000.22,4005.215,3998.405,4001.51,6809
2026-07-14T00:30:00+05:30,4001.585,4004.615,3997.9,3998.13,6714
2026-07-14T00:45:00+05:30,3998.2,4001.03,3996.925,3998.33,4105
2026-07-14T01:00:00+05:30,3998.255,4001.085,3993.62,3999.29,7465
2026-07-14T01:15:00+05:30,3999.25,4002.465,3996.975,4002.07,5490
2026-07-14T01:30:00+05:30,4002.065,4006.245,3998.6,3998.83,7644
2026-07-14T01:45:00+05:30,3998.855,4000.45,3996.59,4000.04,3859
2026-07-14T02:00:00+05:30,4000.065,4000.585,3997.42,4000.21,3164
2026-07-14T02:15:00+05:30,4000.105,4002.39,3998.16,4001.185,4230
2026-07-14T03:30:00+05:30,4001.64,4004.67,4001.63,4004.1,3039
2026-07-14T03:45:00+05:30,4004.095,4005.925,4004.095,4004.555,1830
2026-07-14T04:00:00+05:30,4004.51,4005.715,4003.03,4004.05,2684
2026-07-14T04:15:00+05:30,4004.03,4005.415,4000.9,4001.075,4514
2026-07-14T04:30:00+05:30,4001.12,4003.18,3999.625,4000.335,3554
2026-07-14T04:45:00+05:30,4000.295,4000.65,3997.085,3997.565,3565
2026-07-14T05:00:00+05:30,3997.43,3997.54,3993.665,3995.32,3875
2026-07-14T05:15:00+05:30,3995.32,4002.19,3992.855,4001.26,9335
2026-07-14T05:30:00+05:30,4001.355,4004.93,3983.545,3995.715,21384
2026-07-14T05:45:00+05:30,3995.725,3997.24,3985.835,3995.425,11404
2026-07-14T06:00:00+05:30,3995.46,4007.145,3994.265,4002.825,12880
2026-07-14T06:15:00+05:30,4002.835,4007.41,4000.565,4004.285,6844
2026-07-14T06:30:00+05:30,4004.32,4004.59,3992.1,3995.36,12490
2026-07-14T06:45:00+05:30,3995.38,4005.02,3995.15,3997.845,9869
2026-07-14T07:00:00+05:30,3997.785,4004.285,3992.83,4002.15,11454
2026-07-14T07:15:00+05:30,4002.145,4012.385,3998.845,4010.58,13540
2026-07-14T07:30:00+05:30,4010.6,4018.04,4006.15,4016.8,11889
2026-07-14T07:45:00+05:30,4016.83,4019.235,4013.94,4018.045,5295
2026-07-14T08:00:00+05:30,4018.04,4019.135,4010.71,4011.125,8425
2026-07-14T08:15:00+05:30,4011.12,4014.09,4009.16,4012.515,4930
2026-07-14T08:30:00+05:30,4012.5,4016.935,4012.19,4014.355,4744
2026-07-14T08:45:00+05:30,4014.38,4019.055,4011.09,4018.16,7964
2026-07-14T09:00:00+05:30,4018.155,4019.25,4013.86,4015.335,5389
2026-07-14T09:15:00+05:30,4015.33,4018.23,4014.685,4017.13,3545
2026-07-14T09:30:00+05:30,4017.195,4018.935,4013.57,4015.79,5364
2026-07-14T09:45:00+05:30,4015.84,4017.5,4013.98,4015.8,3519
2026-07-14T10:00:00+05:30,4015.75,4023.575,4015.75,4020.765,7824
2026-07-14T10:15:00+05:30,4020.715,4021.57,4016.145,4020.26,5425
2026-07-14T10:30:00+05:30,4020.275,4023.98,4019.635,4023.235,4344
2026-07-14T10:45:00+05:30,4023.22,4024.12,4020.2,4022.845,3920
2026-07-14T11:00:00+05:30,4022.85,4034.25,4022.465,4032.065,11784
2026-07-14T11:15:00+05:30,4032.075,4032.66,4029.085,4031.42,3574
2026-07-14T11:30:00+05:30,4031.475,4033.35,4028.75,4031.15,4599
2026-07-14T11:45:00+05:30,4031.17,4031.34,4022.995,4023.105,8345
2026-07-14T12:00:00+05:30,4023.12,4026.46,4021.75,4025.215,4710
2026-07-14T12:15:00+05:30,4025.22,4026.975,4023.045,4024.06,3929
2026-07-14T12:30:00+05:30,4024.07,4029.095,4020.83,4024.825,8264
2026-07-14T12:45:00+05:30,4024.815,4029.965,4024.54,4026.445,5425
2026-07-14T13:00:00+05:30,4026.475,4029.695,4023.11,4023.83,6585
2026-07-14T13:15:00+05:30,4023.88,4026.305,4020.3,4020.83,6004
2026-07-14T13:30:00+05:30,4020.89,4022.63,4014.515,4017.43,8115
2026-07-14T13:45:00+05:30,4017.435,4023.285,4017.345,4021.875,5940
2026-07-14T14:00:00+05:30,4021.835,4024.03,4018.86,4019.365,5170
2026-07-14T14:15:00+05:30,4019.35,4021.025,4016.02,4016.065,5005
2026-07-14T14:30:00+05:30,4016.075,4024.6,4013.925,4020.765,10674
2026-07-14T14:45:00+05:30,4020.86,4021.94,4015.18,4015.915,6760
2026-07-14T15:00:00+05:30,4015.9,4018.185,4013.965,4017.14,4219
2026-07-14T15:15:00+05:30,4017.13,4023.98,4016.425,4021.745,7554
2026-07-14T15:30:00+05:30,4021.66,4022.23,4016.91,4018.305,5320
2026-07-14T15:45:00+05:30,4018.285,4020.1,4015.68,4017.9,4420
2026-07-14T16:00:00+05:30,4017.865,4020.325,4015.175,4019.23,5149
2026-07-14T16:15:00+05:30,4019.215,4023.015,4018.17,4021.875,4844
2026-07-14T16:30:00+05:30,4021.855,4024.22,4015.485,4023.085,8734
2026-07-14T16:45:00+05:30,4023.005,4028.45,4020.785,4025.025,7664
2026-07-14T17:00:00+05:30,4025.005,4030.43,4024.525,4028.06,5904
2026-07-14T17:15:00+05:30,4028.08,4031.915,4025.82,4031.185,6094
2026-07-14T17:30:00+05:30,4031.11,4035.99,4025.295,4026.085,10694
2026-07-14T17:45:00+05:30,4026.08,4031.035,4023.33,4030.35,7704
2026-07-14T18:00:00+05:30,4030.18,4104.05,4029.375,4093.12,74675
2026-07-14T18:15:00+05:30,4093.19,4095.255,4068.985,4076.225,26269
2026-07-14T18:30:00+05:30,4076.335,4083.7,4071.0,4075.15,12699
2026-07-14T18:45:00+05:30,4075.1,4086.485,4072.27,4081.665,14215
2026-07-14T19:00:00+05:30,4081.785,4088.795,4075.825,4087.52,12970
2026-07-14T19:15:00+05:30,4087.515,4087.55,4074.325,4076.63,13225
2026-07-14T19:30:00+05:30,4076.68,4085.23,4072.67,4082.315,12559
2026-07-14T19:45:00+05:30,4082.305,4085.33,4070.71,4077.1,14619
2026-07-14T20:00:00+05:30,4077.02,4090.655,4073.315,4080.1,17340
2026-07-14T20:15:00+05:30,4080.09,4087.595,4077.615,4085.16,9980
2026-07-14T20:30:00+05:30,4085.21,4100.685,4078.815,4090.125,21870
2026-07-14T20:45:00+05:30,4090.095,4091.14,4082.52,4085.08,8619
2026-07-14T21:00:00+05:30,4085.07,4087.05,4066.845,4074.165,20205
2026-07-14T21:15:00+05:30,4074.135,4076.555,4064.725,4066.415,11829
2026-07-14T21:30:00+05:30,4066.4,4067.31,4057.865,4063.13,9445
2026-07-14T21:45:00+05:30,4063.09,4065.325,4057.895,4059.42,7429
2026-07-14T22:00:00+05:30,4059.455,4062.885,4057.815,4060.89,5070
2026-07-14T22:15:00+05:30,4060.885,4062.31,4057.81,4061.625,4500
2026-07-14T22:30:00+05:30,4061.605,4064.81,4055.48,4056.7,9329
2026-07-14T22:45:00+05:30,4056.69,4064.12,4054.57,4062.87,9549
2026-07-14T23:00:00+05:30,4062.905,4065.17,4059.625,4059.88,5545
2026-07-14T23:15:00+05:30,4059.885,4063.925,4058.445,4062.885,5480
2026-07-14T23:30:00+05:30,4062.68,4062.93,4059.745,4061.695,3184
2026-07-14T23:45:00+05:30,4061.69,4063.195,4056.685,4058.535,6510
2026-07-15T00:00:00+05:30,4058.51,4059.68,4042.885,4046.72,16794
2026-07-15T00:15:00+05:30,4046.715,4054.8,4044.895,4054.35,9905
2026-07-15T00:30:00+05:30,4054.355,4057.395,4052.385,4056.62,5009
2026-07-15T00:45:00+05:30,4056.6,4056.96,4051.415,4051.695,5545
2026-07-15T01:00:00+05:30,4051.7,4052.96,4047.835,4052.53,5125
2026-07-15T01:15:00+05:30,4052.54,4056.975,4051.735,4055.84,5239
2026-07-15T01:30:00+05:30,4055.83,4056.575,4053.815,4053.82,2759
2026-07-15T01:45:00+05:30,4053.815,4054.645,4052.3,4052.99,2344
2026-07-15T02:00:00+05:30,4053.07,4053.525,4049.79,4050.605,3735
2026-07-15T02:15:00+05:30,4050.59,4053.22,4049.31,4052.775,3909
2026-07-15T03:30:00+05:30,4053.215,4053.24,4049.125,4050.8,4114
2026-07-15T03:45:00+05:30,4050.85,4052.15,4049.255,4051.805,2894
2026-07-15T04:00:00+05:30,4051.795,4052.845,4049.065,4050.64,3779
2026-07-15T04:15:00+05:30,4050.625,4050.805,4048.62,4049.05,2184
2026-07-15T04:30:00+05:30,4049.11,4050.3,4047.06,4047.66,3240
2026-07-15T04:45:00+05:30,4047.68,4054.125,4046.925,4053.83,7199
2026-07-15T05:00:00+05:30,4053.85,4056.215,4051.42,4054.795,4795
2026-07-15T05:15:00+05:30,4054.79,4055.165,4052.025,4053.035,3139
2026-07-15T05:30:00+05:30,4052.935,4056.13,4051.05,4051.51,5079
2026-07-15T05:45:00+05:30,4051.46,4058.315,4051.285,4058.315,7030
2026-07-15T06:00:00+05:30,4058.33,4058.56,4052.33,4054.705,6230
2026-07-15T06:15:00+05:30,4054.8,4060.845,4054.33,4059.295,6514
2026-07-15T06:30:00+05:30,4059.285,4062.125,4055.025,4055.82,7099
2026-07-15T06:45:00+05:30,4055.77,4057.495,4052.775,4054.455,4719
2026-07-15T07:00:00+05:30,4054.41,4054.675,4036.76,4039.095,17914
2026-07-15T07:15:00+05:30,4039.18,4042.74,4035.54,4037.43,7199
2026-07-15T07:30:00+05:30,4037.25,4042.305,4034.2,4036.95,8105
2026-07-15T07:45:00+05:30,4036.96,4037.205,4029.38,4033.34,7824
2026-07-15T08:00:00+05:30,4033.29,4041.89,4032.83,4041.645,9059
2026-07-15T08:15:00+05:30,4041.655,4041.965,4034.67,4035.335,7295
2026-07-15T08:30:00+05:30,4035.285,4040.455,4032.91,4034.07,7545
2026-07-15T08:45:00+05:30,4034.09,4035.28,4030.275,4031.01,5005
2026-07-15T09:00:00+05:30,4031.0,4035.84,4028.1,4029.51,7740
2026-07-15T09:15:00+05:30,4029.46,4033.73,4029.41,4031.4,4320
2026-07-15T09:30:00+05:30,4031.45,4033.345,4030.145,4031.78,3199
2026-07-15T09:45:00+05:30,4031.765,4035.315,4031.135,4033.845,4179
2026-07-15T10:00:00+05:30,4033.83,4035.25,4028.325,4030.35,6925
2026-07-15T10:15:00+05:30,4030.4,4034.555,4030.4,4033.245,4154
2026-07-15T10:30:00+05:30,4033.32,4036.28,4025.105,4026.365,11175
2026-07-15T10:45:00+05:30,4026.275,4028.745,4024.865,4025.285,3880
2026-07-15T11:00:00+05:30,4025.25,4037.16,4022.245,4029.785,14914
2026-07-15T11:15:00+05:30,4029.855,4035.1,4027.48,4034.84,7619
2026-07-15T11:30:00+05:30,4034.735,4035.63,4027.255,4027.68,8375
2026-07-15T11:45:00+05:30,4027.665,4028.76,4021.465,4026.595,7295
2026-07-15T12:00:00+05:30,4026.56,4033.335,4022.89,4032.73,10445
2026-07-15T12:15:00+05:30,4032.72,4033.9,4029.74,4032.1,4160
2026-07-15T12:30:00+05:30,4032.155,4034.485,4028.22,4029.54,6265
2026-07-15T12:45:00+05:30,4029.61,4030.115,4020.165,4024.13,9949
2026-07-15T13:00:00+05:30,4024.16,4027.2,4019.71,4022.975,7489
2026-07-15T13:15:00+05:30,4022.96,4026.92,4021.535,4024.615,5385
2026-07-15T13:30:00+05:30,4024.735,4026.13,4017.475,4018.13,8655
2026-07-15T13:45:00+05:30,4018.14,4026.92,4018.1,4026.765,8820
2026-07-15T14:00:00+05:30,4026.795,4029.47,4024.78,4028.665,4689
2026-07-15T14:15:00+05:30,4028.715,4033.29,4027.77,4031.35,5519
2026-07-15T14:30:00+05:30,4031.385,4034.475,4029.59,4030.36,4884
2026-07-15T14:45:00+05:30,4030.415,4033.07,4027.115,4027.54,5955
2026-07-15T15:00:00+05:30,4027.455,4029.75,4025.605,4027.32,4144
2026-07-15T15:15:00+05:30,4027.325,4030.49,4026.25,4030.31,4239
2026-07-15T15:30:00+05:30,4030.405,4036.14,4028.855,4033.75,7284
2026-07-15T15:45:00+05:30,4033.74,4035.725,4026.61,4028.97,9114
2026-07-15T16:00:00+05:30,4028.915,4034.14,4028.43,4031.24,5710
2026-07-15T16:15:00+05:30,4031.225,4031.395,4027.18,4028.27,4215
2026-07-15T16:30:00+05:30,4028.26,4033.08,4028.01,4030.425,5069
2026-07-15T16:45:00+05:30,4030.475,4031.39,4027.77,4030.82,3619
2026-07-15T17:00:00+05:30,4030.835,4039.535,4029.405,4037.635,10129
2026-07-15T17:15:00+05:30,4037.725,4040.25,4035.66,4038.435,4590
2026-07-15T17:30:00+05:30,4038.45,4042.725,4035.955,4038.065,6769
2026-07-15T17:45:00+05:30,4038.1,4040.95,4037.645,4039.625,3304
2026-07-15T18:00:00+05:30,4039.6,4066.295,4039.425,4063.045,26869
2026-07-15T18:15:00+05:30,4063.06,4071.595,4060.975,4067.85,10619
2026-07-15T18:30:00+05:30,4068.045,4074.175,4061.705,4061.705,12470
2026-07-15T18:45:00+05:30,4061.67,4066.59,4054.105,4055.715,12485
2026-07-15T19:00:00+05:30,4055.725,4063.225,4055.54,4061.35,7684
2026-07-15T19:15:00+05:30,4061.25,4066.44,4054.995,4061.69,11445
2026-07-15T19:30:00+05:30,4061.855,4065.685,4060.045,4064.325,5639
2026-07-15T19:45:00+05:30,4064.435,4066.07,4055.585,4058.595,10485
2026-07-15T20:00:00+05:30,4058.61,4064.09,4057.045,4057.385,7045
2026-07-15T20:15:00+05:30,4057.43,4061.06,4053.325,4060.61,7735
2026-07-15T20:30:00+05:30,4060.605,4063.01,4043.34,4044.23,19670
2026-07-15T20:45:00+05:30,4044.235,4049.87,4039.655,4049.11,10214
2026-07-15T21:00:00+05:30,4049.095,4050.665,4044.915,4049.78,5750
2026-07-15T21:15:00+05:30,4049.79,4050.99,4046.49,4046.985,4500
2026-07-15T21:30:00+05:30,4047.03,4048.02,4037.405,4038.375,10614
2026-07-15T21:45:00+05:30,4038.36,4040.87,4033.055,4034.73,7815
2026-07-15T22:00:00+05:30,4034.715,4037.12,4026.945,4028.75,10174
2026-07-15T22:15:00+05:30,4028.745,4038.14,4027.63,4033.83,10509
2026-07-15T22:30:00+05:30,4033.82,4039.315,4033.11,4036.055,6204
2026-07-15T22:45:00+05:30,4035.88,4048.28,4033.335,4047.645,14945
2026-07-15T23:00:00+05:30,4047.595,4063.08,4047.135,4062.43,15944
2026-07-15T23:15:00+05:30,4062.37,4066.3,4060.385,4062.36,5914
2026-07-15T23:30:00+05:30,4062.41,4070.52,4061.86,4068.04,8659
2026-07-15T23:45:00+05:30,4068.045,4075.42,4066.815,4074.305,8605
2026-07-16T00:00:00+05:30,4074.395,4081.52,4067.805,4067.815,13715
2026-07-16T00:15:00+05:30,4067.84,4068.69,4058.1,4059.29,10590
2026-07-16T00:30:00+05:30,4059.265,4063.055,4057.375,4061.15,5679
2026-07-16T00:45:00+05:30,4061.065,4061.565,4052.865,4056.15,8700
2026-07-16T01:00:00+05:30,4056.26,4057.645,4048.1,4051.19,9545
2026-07-16T01:15:00+05:30,4051.175,4057.355,4050.62,4057.12,6735
2026-07-16T01:30:00+05:30,4057.03,4058.57,4055.255,4057.55,3315
2026-07-16T01:45:00+05:30,4057.635,4062.305,4057.415,4061.475,4889
2026-07-16T02:00:00+05:30,4061.545,4063.225,4060.43,4061.8,2795
2026-07-16T02:15:00+05:30,4061.755,4063.035,4059.96,4060.695,3074
2026-07-16T03:30:00+05:30,4060.64,4064.71,4060.565,4063.435,4144
2026-07-16T03:45:00+05:30,4063.39,4064.2,4061.39,4062.195,2809
2026-07-16T04:00:00+05:30,4062.2,4062.365,4059.135,4060.04,3229
2026-07-16T04:15:00+05:30,4060.03,4061.485,4058.235,4059.68,3250
2026-07-16T04:30:00+05:30,4059.57,4062.075,4058.995,4060.39,3079
2026-07-16T04:45:00+05:30,4060.375,4060.455,4057.185,4057.905,3269
2026-07-16T05:00:00+05:30,4057.915,4059.625,4055.825,4058.005,3800
2026-07-16T05:15:00+05:30,4057.99,4061.1,4056.305,4058.02,4795
2026-07-16T05:30:00+05:30,4058.035,4059.595,4054.845,4056.46,4750
2026-07-16T05:45:00+05:30,4056.38,4060.47,4055.105,4058.545,5364
2026-07-16T06:00:00+05:30,4058.64,4061.21,4054.045,4055.34,7164
2026-07-16T06:15:00+05:30,4055.28,4061.05,4043.745,4044.605,17305
2026-07-16T06:30:00+05:30,4044.595,4050.735,4041.11,4045.495,9625
2026-07-16T06:45:00+05:30,4045.52,4045.62,4034.075,4037.055,11545
2026-07-16T07:00:00+05:30,4037.065,4046.195,4036.775,4042.245,9420
2026-07-16T07:15:00+05:30,4042.235,4044.0,4037.385,4039.14,6614
2026-07-16T07:30:00+05:30,4039.145,4040.21,4031.39,4032.72,8820
2026-07-16T07:45:00+05:30,4032.505,4035.145,4028.78,4034.7,6364
2026-07-16T08:00:00+05:30,4034.695,4035.915,4024.27,4027.805,11644
2026-07-16T08:15:00+05:30,4027.755,4032.715,4024.78,4031.525,7934
2026-07-16T08:30:00+05:30,4031.455,4033.24,4029.295,4030.055,3944
2026-07-16T08:45:00+05:30,4030.055,4034.155,4027.8,4034.08,6355
2026-07-16T09:00:00+05:30,4034.03,4036.415,4032.475,4035.59,3940
2026-07-16T09:15:00+05:30,4035.575,4037.075,4034.125,4036.385,2949
2026-07-16T09:30:00+05:30,4036.435,4038.045,4032.05,4037.025,5994
2026-07-16T09:45:00+05:30,4037.04,4037.045,4032.0,4034.08,5045
2026-07-16T10:00:00+05:30,4034.13,4035.58,4032.075,4032.71,3505
2026-07-16T10:15:00+05:30,4032.72,4035.365,4032.34,4033.305,3024
2026-07-16T10:30:00+05:30,4033.305,4034.13,4029.485,4030.925,4644
2026-07-16T10:45:00+05:30,4030.95,4033.17,4026.885,4027.855,6284
2026-07-16T11:00:00+05:30,4027.875,4033.165,4025.47,4032.39,7695
2026-07-16T11:15:00+05:30,4032.4,4032.87,4025.46,4027.445,7409
2026-07-16T11:30:00+05:30,4027.375,4036.62,4027.11,4032.28,9509
2026-07-16T11:45:00+05:30,4032.235,4033.095,4028.085,4030.495,5009
2026-07-16T12:00:00+05:30,4030.48,4031.005,4023.21,4027.23,7795
2026-07-16T12:15:00+05:30,4027.245,4031.535,4026.555,4030.705,4980
2026-07-16T12:30:00+05:30,4030.7,4030.855,4025.71,4026.285,5144
2026-07-16T12:45:00+05:30,4026.295,4027.14,4023.925,4024.69,3214
2026-07-16T13:00:00+05:30,4024.63,4028.47,4023.03,4026.205,5439
2026-07-16T13:15:00+05:30,4026.235,4031.99,4026.03,4030.805,5959
2026-07-16T13:30:00+05:30,4030.745,4034.31,4025.56,4025.94,8750
2026-07-16T13:45:00+05:30,4025.96,4033.86,4025.43,4032.46,8430
2026-07-16T14:00:00+05:30,4032.435,4035.655,4032.07,4033.72,3585
2026-07-16T14:15:00+05:30,4033.715,4036.645,4033.175,4035.29,3469
2026-07-16T14:30:00+05:30,4035.295,4037.485,4035.27,4036.95,2215
2026-07-16T14:45:00+05:30,4036.995,4037.98,4030.955,4033.31,7025
2026-07-16T15:00:00+05:30,4033.29,4035.165,4030.55,4034.43,4614
2026-07-16T15:15:00+05:30,4034.44,4036.305,4031.65,4031.755,4654
2026-07-16T15:30:00+05:30,4031.695,4032.96,4029.665,4031.925,3295
2026-07-16T15:45:00+05:30,4031.945,4034.805,4031.57,4033.295,3234
2026-07-16T16:00:00+05:30,4033.27,4034.645,4031.54,4033.18,3105
2026-07-16T16:15:00+05:30,4033.175,4033.3,4028.65,4029.565,4650
2026-07-16T16:30:00+05:30,4029.645,4030.25,4026.555,4028.195,3695
2026-07-16T16:45:00+05:30,4028.19,4028.19,4021.375,4024.61,6815
2026-07-16T17:00:00+05:30,4024.57,4036.14,4023.73,4034.88,12409
2026-07-16T17:15:00+05:30,4034.885,4042.43,4027.335,4038.465,15094
2026-07-16T17:30:00+05:30,4038.45,4043.36,4027.72,4031.89,15640
2026-07-16T17:45:00+05:30,4031.87,4032.36,4012.915,4025.175,19445
2026-07-16T18:00:00+05:30,4025.125,4029.845,4000.655,4002.96,29189
2026-07-16T18:15:00+05:30,4002.975,4008.985,3990.58,3992.54,18405
2026-07-16T18:30:00+05:30,3992.55,3997.055,3973.8,3992.455,23254
2026-07-16T18:45:00+05:30,3992.465,4006.315,3991.37,4005.64,14945
2026-07-16T19:00:00+05:30,4005.66,4008.485,3981.915,3986.395,26570
2026-07-16T19:15:00+05:30,3986.43,3997.215,3986.055,3990.265,11160
2026-07-16T19:30:00+05:30,3990.23,3997.485,3987.19,3989.125,10295
2026-07-16T19:45:00+05:30,3989.17,4000.66,3987.705,3999.335,12954
2026-07-16T20:00:00+05:30,3999.15,4004.975,3995.66,4004.92,9315
2026-07-16T20:15:00+05:30,4005.0,4006.815,3992.63,3997.92,14184
2026-07-16T20:30:00+05:30,3997.97,3998.79,3989.47,3992.935,9320
2026-07-16T20:45:00+05:30,3992.88,4017.03,3992.765,4011.555,24265
2026-07-16T21:00:00+05:30,4011.545,4016.475,4007.705,4010.43,8769
2026-07-16T21:15:00+05:30,4010.445,4013.245,4005.595,4007.125,7650
2026-07-16T21:30:00+05:30,4007.17,4007.775,3989.79,3989.79,17985
2026-07-16T21:45:00+05:30,3989.81,3991.89,3982.455,3987.635,9434
2026-07-16T22:00:00+05:30,3987.64,3992.73,3987.075,3992.165,5655
2026-07-16T22:15:00+05:30,3992.145,3997.04,3989.38,3992.05,7659
2026-07-16T22:30:00+05:30,3992.085,3992.99,3984.565,3985.83,8424
2026-07-16T22:45:00+05:30,3985.85,3988.87,3982.87,3987.84,6000
2026-07-16T23:00:00+05:30,3987.86,3988.835,3980.095,3981.79,8740
2026-07-16T23:15:00+05:30,3981.83,3987.69,3981.18,3984.71,6510
2026-07-16T23:30:00+05:30,3984.74,3989.435,3983.675,3985.33,5759
2026-07-16T23:45:00+05:30,3985.295,3990.51,3984.46,3986.5,6050
2026-07-17T00:00:00+05:30,3986.555,3986.555,3976.69,3983.17,9864
2026-07-17T00:15:00+05:30,3983.155,3985.005,3979.54,3980.36,5465
2026-07-17T00:30:00+05:30,3980.4,3986.13,3979.125,3980.575,7005
2026-07-17T00:45:00+05:30,3980.58,3984.16,3978.775,3979.05,5384
2026-07-17T01:00:00+05:30,3979.045,3979.73,3969.345,3975.92,10385
2026-07-17T01:15:00+05:30,3975.885,3982.705,3973.165,3980.085,9539
2026-07-17T01:30:00+05:30,3980.2,3980.27,3974.51,3975.2,5759
2026-07-17T01:45:00+05:30,3975.155,3975.475,3971.905,3975.01,3569
2026-07-17T02:00:00+05:30,3975.02,3976.495,3973.555,3974.56,2940
2026-07-17T02:15:00+05:30,3974.565,3976.81,3974.25,3976.58,2559
2026-07-17T03:30:00+05:30,3979.265,3979.325,3976.02,3976.41,3304
2026-07-17T03:45:00+05:30,3976.475,3977.765,3974.875,3976.63,2889
2026-07-17T04:00:00+05:30,3976.61,3977.105,3973.655,3973.725,3449
2026-07-17T04:15:00+05:30,3973.71,3978.585,3973.365,3978.445,5220
2026-07-17T04:30:00+05:30,3978.455,3980.425,3975.25,3980.21,5175
2026-07-17T04:45:00+05:30,3980.215,3980.845,3977.9,3978.69,2944
2026-07-17T05:00:00+05:30,3978.71,3982.085,3975.71,3981.565,6375
2026-07-17T05:15:00+05:30,3981.62,3986.585,3976.78,3986.105,9804
2026-07-17T05:30:00+05:30,3986.135,3987.51,3983.29,3983.98,4220
2026-07-17T05:45:00+05:30,3984.01,3990.98,3983.88,3984.995,7099
2026-07-17T06:00:00+05:30,3984.985,3985.29,3980.61,3982.245,4679
2026-07-17T06:15:00+05:30,3982.23,3992.06,3981.685,3992.0,10375
2026-07-17T06:30:00+05:30,3991.975,3995.34,3987.315,3992.245,8025
2026-07-17T06:45:00+05:30,3992.255,3996.3,3988.13,3991.265,8170
2026-07-17T07:00:00+05:30,3991.26,3995.54,3988.885,3991.325,6654
2026-07-17T07:15:00+05:30,3991.335,3992.91,3979.385,3983.44,13524
2026-07-17T07:30:00+05:30,3983.475,3987.52,3980.005,3980.945,7514
2026-07-17T07:45:00+05:30,3980.95,3984.635,3980.405,3983.345,4230
2026-07-17T08:00:00+05:30,3983.28,3984.37,3970.74,3975.08,13630
2026-07-17T08:15:00+05:30,3975.115,3980.235,3974.51,3979.19,5724
2026-07-17T08:30:00+05:30,3979.2,3992.91,3979.025,3988.915,13884
2026-07-17T08:45:00+05:30,3988.92,4008.795,3988.77,4001.18,20025
2026-07-17T09:00:00+05:30,4001.23,4001.645,3995.95,3997.59,5695
2026-07-17T09:15:00+05:30,3997.625,3998.69,3990.695,3991.435,7994
2026-07-17T09:30:00+05:30,3991.415,3991.765,3987.235,3988.845,4529
2026-07-17T09:45:00+05:30,3988.925,3990.35,3985.24,3986.475,5110
2026-07-17T10:00:00+05:30,3986.465,3988.425,3980.245,3982.02,8180
2026-07-17T10:15:00+05:30,3982.035,3984.695,3980.3,3981.97,4394
2026-07-17T10:30:00+05:30,3981.965,3983.005,3977.24,3979.72,5765
2026-07-17T10:45:00+05:30,3979.525,3981.79,3975.295,3979.985,6494
2026-07-17T11:00:00+05:30,3979.755,3990.655,3978.47,3986.96,12185
2026-07-17T11:15:00+05:30,3986.995,3991.54,3981.86,3985.2,9679
2026-07-17T11:30:00+05:30,3985.21,4000.955,3985.21,3999.75,15744
2026-07-17T11:45:00+05:30,3999.82,4006.16,3998.035,4003.905,8125
2026-07-17T12:00:00+05:30,4003.925,4007.295,3995.76,3996.395,11534
2026-07-17T12:15:00+05:30,3996.4,4001.665,3996.185,3999.475,5480
2026-07-17T12:30:00+05:30,3999.43,4002.76,3993.385,3996.63,9375
2026-07-17T12:45:00+05:30,3996.595,3999.43,3994.155,3996.48,5274
2026-07-17T13:00:00+05:30,3996.475,3998.79,3994.175,3998.79,4614
2026-07-17T13:15:00+05:30,3998.775,3998.855,3992.69,3992.775,6164
2026-07-17T13:30:00+05:30,3992.81,3999.985,3991.45,3993.23,8535
2026-07-17T13:45:00+05:30,3993.215,3995.135,3988.21,3992.47,6925
2026-07-17T14:00:00+05:30,3992.465,3993.49,3987.945,3993.38,5544
2026-07-17T14:15:00+05:30,3993.39,3999.505,3991.835,3994.265,7670
2026-07-17T14:30:00+05:30,3994.255,3998.745,3992.93,3998.035,5815
2026-07-17T14:45:00+05:30,3998.05,4002.455,3995.76,3999.035,6694
2026-07-17T15:00:00+05:30,3999.045,3999.68,3995.235,3995.885,4444
2026-07-17T15:15:00+05:30,3995.89,3998.775,3994.835,3998.055,3940
2026-07-17T15:30:00+05:30,3998.06,3998.735,3994.945,3997.38,3789
2026-07-17T15:45:00+05:30,3997.375,3999.23,3994.49,3996.3,4740
2026-07-17T16:00:00+05:30,3996.265,3997.695,3994.12,3996.565,3575
2026-07-17T16:15:00+05:30,3996.585,3997.385,3990.595,3990.995,6790
2026-07-17T16:30:00+05:30,3990.99,3994.455,3990.43,3991.77,4025
2026-07-17T16:45:00+05:30,3991.78,3996.35,3990.12,3995.77,6230
2026-07-17T17:00:00+05:30,3995.775,3996.63,3991.505,3992.145,5125
2026-07-17T17:15:00+05:30,3992.195,3998.805,3991.53,3994.225,7274
2026-07-17T17:30:00+05:30,3994.165,3995.71,3988.51,3990.11,7199
2026-07-17T17:45:00+05:30,3990.185,3992.42,3984.45,3987.565,7970
2026-07-17T18:00:00+05:30,3987.575,3988.47,3965.61,3969.715,22859
2026-07-17T18:15:00+05:30,3969.635,3973.28,3964.155,3966.32,9125
2026-07-17T18:30:00+05:30,3966.34,3975.93,3959.8,3970.235,16129
2026-07-17T18:45:00+05:30,3970.22,3975.245,3967.315,3968.465,7929
2026-07-17T19:00:00+05:30,3968.47,4003.745,3963.72,3985.07,40025
2026-07-17T19:15:00+05:30,3985.015,3997.605,3981.16,3997.37,16445
2026-07-17T19:30:00+05:30,3997.3,4000.935,3990.19,3994.8,10744
2026-07-17T19:45:00+05:30,3994.845,4004.605,3993.785,3998.62,10820
2026-07-17T20:00:00+05:30,3998.675,3999.855,3992.29,3997.885,7565
2026-07-17T20:15:00+05:30,3997.895,4001.55,3992.94,4001.365,8610
2026-07-17T20:30:00+05:30,4001.255,4014.205,3997.74,4006.17,16465
2026-07-17T20:45:00+05:30,4006.185,4013.515,4004.605,4013.515,8909
2026-07-17T21:00:00+05:30,4013.57,4016.32,4009.335,4015.34,6985
2026-07-17T21:15:00+05:30,4015.335,4021.345,4013.725,4019.2,7619
2026-07-17T21:30:00+05:30,4019.36,4020.495,4011.035,4017.95,9460
2026-07-17T21:45:00+05:30,4018.035,4023.835,4016.805,4018.695,7030
2026-07-17T22:00:00+05:30,4018.7,4019.32,4012.83,4017.52,6490
2026-07-17T22:15:00+05:30,4017.535,4020.61,4014.65,4014.98,5960
2026-07-17T22:30:00+05:30,4015.09,4019.27,4013.345,4013.44,5925
2026-07-17T22:45:00+05:30,4013.37,4015.935,4012.585,4013.96,3349
2026-07-17T23:00:00+05:30,4013.97,4014.755,4009.855,4011.08,4900
2026-07-17T23:15:00+05:30,4011.03,4013.37,4008.32,4010.14,5049
2026-07-17T23:30:00+05:30,4010.145,4013.02,4007.805,4010.49,5215
2026-07-17T23:45:00+05:30,4010.465,4016.26,4009.02,4015.465,7240
2026-07-18T00:00:00+05:30,4015.445,4016.22,4007.275,4008.275,8944
2026-07-18T00:15:00+05:30,4008.245,4012.365,4006.68,4011.385,5684
2026-07-18T00:30:00+05:30,4011.305,4011.59,4004.475,4005.965,7115
2026-07-18T00:45:00+05:30,4005.905,4006.815,4002.42,4005.455,4394
2026-07-18T01:00:00+05:30,4005.53,4010.195,4005.1,4010.065,5095
2026-07-18T01:15:00+05:30,4010.08,4016.605,4009.415,4015.475,7190
2026-07-18T01:30:00+05:30,4015.585,4015.965,4012.045,4012.21,3920
2026-07-18T01:45:00+05:30,4012.2,4012.665,4008.935,4011.09,3730
2026-07-18T02:00:00+05:30,4011.1,4013.86,4008.7,4013.62,5160
2026-07-18T02:15:00+05:30,4013.61,4019.04,4013.3,4017.315,5739
2026-07-20T03:30:00+05:30,3995.57,4002.31,3994.88,3996.52,7429
2026-07-20T03:45:00+05:30,3996.51,4000.42,3994.805,3995.18,5615
2026-07-20T04:00:00+05:30,3995.14,3999.38,3993.485,3996.78,5894
2026-07-20T04:15:00+05:30,3996.755,3998.415,3994.65,3994.725,3764
2026-07-20T04:30:00+05:30,3994.8,3995.555,3990.73,3991.08,4824
2026-07-20T04:45:00+05:30,3991.09,3994.205,3990.645,3993.3,3559
2026-07-20T05:00:00+05:30,3993.42,3994.75,3989.905,3992.61,4844
2026-07-20T05:15:00+05:30,3992.57,3996.2,3989.5,3995.515,6699
2026-07-20T05:30:00+05:30,3995.5,3998.96,3982.63,3996.17,16329
2026-07-20T05:45:00+05:30,3996.13,4005.575,3993.67,4003.98,11904
2026-07-20T06:00:00+05:30,4003.985,4007.465,3998.41,3998.755,9055
2026-07-20T06:15:00+05:30,3998.765,4010.325,3998.59,4008.695,11734
2026-07-20T06:30:00+05:30,4008.73,4021.1,4005.405,4010.3,15694
2026-07-20T06:45:00+05:30,4010.2,4010.49,3999.835,4003.34,10654
2026-07-20T07:00:00+05:30,4003.36,4005.755,3995.82,3997.25,9934
2026-07-20T07:15:00+05:30,3997.275,4004.455,3997.13,4002.215,7324
2026-07-20T07:30:00+05:30,4002.205,4009.975,4001.38,4006.33,8594
2026-07-20T07:45:00+05:30,4006.325,4008.955,4004.105,4007.02,4849
2026-07-20T08:00:00+05:30,4007.01,4016.29,4006.04,4014.9,10250
2026-07-20T08:15:00+05:30,4014.895,4028.94,4014.0,4022.015,14940
2026-07-20T08:30:00+05:30,4021.965,4024.65,4018.65,4024.295,6000
2026-07-20T08:45:00+05:30,4024.28,4026.915,4021.705,4022.4,5210
2026-07-20T09:00:00+05:30,4022.435,4028.04,4018.765,4027.26,9275
2026-07-20T09:15:00+05:30,4027.285,4027.97,4022.905,4024.175,5064
2026-07-20T09:30:00+05:30,4024.165,4026.845,4021.42,4021.57,5424
2026-07-20T09:45:00+05:30,4021.55,4025.685,4021.45,4025.425,4235
2026-07-20T10:00:00+05:30,4025.42,4025.595,4022.16,4023.105,3434
2026-07-20T10:15:00+05:30,4023.09,4023.09,4018.55,4018.935,4539
2026-07-20T10:30:00+05:30,4019.04,4021.295,4011.875,4013.945,9420
2026-07-20T10:45:00+05:30,4013.955,4014.995,4010.11,4011.005,4884
2026-07-20T11:00:00+05:30,4011.01,4014.685,4008.055,4010.035,6630
2026-07-20T11:15:00+05:30,4010.02,4010.945,4005.52,4008.72,5425
2026-07-20T11:30:00+05:30,4008.715,4011.855,4006.85,4007.485,5005
2026-07-20T11:45:00+05:30,4007.575,4009.655,4004.065,4004.955,5590
2026-07-20T12:00:00+05:30,4004.96,4006.56,4002.95,4004.865,3610
2026-07-20T12:15:00+05:30,4004.85,4007.74,4003.24,4003.775,4500
2026-07-20T12:30:00+05:30,4003.785,4006.93,4002.185,4004.465,4744
2026-07-20T12:45:00+05:30,4004.47,4008.78,4002.445,4006.765,6335
2026-07-20T13:00:00+05:30,4006.755,4021.11,4006.635,4021.06,14474
2026-07-20T13:15:00+05:30,4021.065,4021.895,4015.875,4017.34,6019
2026-07-20T13:30:00+05:30,4017.26,4025.59,4017.145,4024.125,8445
2026-07-20T13:45:00+05:30,4024.17,4030.875,4021.875,4021.95,9000
2026-07-20T14:00:00+05:30,4021.94,4025.065,4018.91,4021.905,6155
2026-07-20T14:15:00+05:30,4022.095,4023.065,4017.51,4019.03,5554
2026-07-20T14:30:00+05:30,4019.005,4021.245,4015.235,4019.52,6009
2026-07-20T14:45:00+05:30,4019.515,4022.305,4015.65,4016.51,6654
2026-07-20T15:00:00+05:30,4016.355,4021.07,4014.845,4019.165,6225
2026-07-20T15:15:00+05:30,4019.175,4023.34,4017.59,4021.315,5750
2026-07-20T15:30:00+05:30,4021.34,4021.785,4018.31,4020.82,3474
2026-07-20T15:45:00+05:30,4020.79,4023.385,4018.825,4021.98,4560
2026-07-20T16:00:00+05:30,4021.965,4024.455,4021.28,4022.28,3174
2026-07-20T16:15:00+05:30,4022.33,4025.725,4020.995,4024.225,4730
2026-07-20T16:30:00+05:30,4024.355,4027.37,4019.855,4022.135,7514
2026-07-20T16:45:00+05:30,4022.245,4024.025,4019.97,4022.33,4055
2026-07-20T17:00:00+05:30,4022.32,4040.815,4021.575,4032.625,19240
2026-07-20T17:15:00+05:30,4032.615,4032.615,4024.905,4025.315,7709
2026-07-20T17:30:00+05:30,4025.325,4025.325,4011.58,4012.865,13744
2026-07-20T17:45:00+05:30,4012.85,4015.065,4006.795,4013.08,8269
2026-07-20T18:00:00+05:30,4013.045,4014.875,4006.505,4010.075,8369
2026-07-20T18:15:00+05:30,4010.06,4015.61,4008.085,4008.165,7525
2026-07-20T18:30:00+05:30,4008.18,4013.98,4007.94,4008.74,6039
2026-07-20T18:45:00+05:30,4008.75,4012.785,4007.02,4008.79,5764
2026-07-20T19:00:00+05:30,4008.86,4017.48,4008.33,4013.13,9150
2026-07-20T19:15:00+05:30,4013.14,4013.53,4005.77,4005.825,7760
2026-07-20T19:30:00+05:30,4005.795,4008.13,3998.42,3998.875,9710
2026-07-20T19:45:00+05:30,3998.95,4006.95,3998.33,4006.89,8619
2026-07-20T20:00:00+05:30,4006.9,4010.99,4006.185,4007.345,4804
2026-07-20T20:15:00+05:30,4007.385,4013.88,4005.185,4006.3,8695
2026-07-20T20:30:00+05:30,4006.335,4019.63,4004.63,4014.23,15000
2026-07-20T20:45:00+05:30,4014.28,4016.635,4011.185,4016.43,5450
2026-07-20T21:00:00+05:30,4016.48,4016.93,4010.26,4013.035,6669
2026-07-20T21:15:00+05:30,4013.02,4016.525,4011.79,4011.855,4735
2026-07-20T21:30:00+05:30,4011.835,4018.385,4011.225,4013.81,7160
2026-07-20T21:45:00+05:30,4013.81,4014.435,4010.75,4012.59,3684
2026-07-20T22:00:00+05:30,4012.585,4012.76,4001.58,4009.73,11180
2026-07-20T22:15:00+05:30,4009.705,4010.63,4006.815,4009.775,3815
2026-07-20T22:30:00+05:30,4009.77,4012.395,4009.605,4010.175,2789
2026-07-20T22:45:00+05:30,4010.18,4013.095,4009.015,4012.19,4079
2026-07-20T23:00:00+05:30,4012.335,4013.09,4007.78,4007.995,5309
2026-07-20T23:15:00+05:30,4007.99,4007.995,4003.885,4005.38,4109
2026-07-20T23:30:00+05:30,4005.415,4010.9,4005.385,4008.82,5514
2026-07-20T23:45:00+05:30,4008.845,4011.87,4003.405,4006.775,8464
2026-07-21T00:00:00+05:30,4006.8,4007.46,4004.31,4006.315,3150
2026-07-21T00:15:00+05:30,4006.345,4008.815,4005.435,4007.34,3380
2026-07-21T00:30:00+05:30,4007.35,4008.11,4004.39,4004.67,3720
2026-07-21T00:45:00+05:30,4004.66,4013.01,4004.305,4013.01,8705
2026-07-21T01:00:00+05:30,4012.965,4018.035,4005.26,4005.795,12774
2026-07-21T01:15:00+05:30,4005.8,4010.225,4005.465,4006.995,4759
2026-07-21T01:30:00+05:30,4007.005,4009.55,4005.87,4007.82,3680
2026-07-21T01:45:00+05:30,4007.815,4009.31,4007.27,4008.405,2039
2026-07-21T02:00:00+05:30,4008.385,4009.485,4007.41,4008.9,2075
2026-07-21T02:15:00+05:30,4008.88,4008.955,4007.07,4007.585,1884
2026-07-21T03:30:00+05:30,4008.105,4008.125,4005.65,4007.225,2474
2026-07-21T03:45:00+05:30,4007.175,4011.025,4005.255,4010.055,5769
2026-07-21T04:00:00+05:30,4010.04,4010.06,4002.815,4004.135,7244
2026-07-21T04:15:00+05:30,4004.14,4008.515,3999.915,4000.555,8599
2026-07-21T04:30:00+05:30,4000.67,4010.01,4000.305,4003.26,9705
2026-07-21T04:45:00+05:30,4003.24,4007.49,4003.24,4003.665,4250
2026-07-21T05:00:00+05:30,4003.63,4008.695,4003.445,4007.88,5250
2026-07-21T05:15:00+05:30,4007.89,4010.85,4004.495,4010.055,6355
2026-07-21T05:30:00+05:30,4010.06,4012.855,4003.565,4010.47,9289
2026-07-21T05:45:00+05:30,4010.48,4018.685,4007.72,4015.045,10965
2026-07-21T06:00:00+05:30,4015.005,4023.875,4014.08,4022.63,9795
2026-07-21T06:15:00+05:30,4022.605,4027.225,4022.135,4024.8,5089
2026-07-21T06:30:00+05:30,4024.81,4030.27,4018.46,4029.12,11809
2026-07-21T06:45:00+05:30,4029.145,4036.16,4026.12,4028.195,10039
2026-07-21T07:00:00+05:30,4028.21,4031.075,4023.17,4024.545,7904
2026-07-21T07:15:00+05:30,4024.53,4028.39,4021.47,4023.34,6920
2026-07-21T07:30:00+05:30,4023.345,4026.78,4022.145,4024.515,4635
2026-07-21T07:45:00+05:30,4024.48,4030.0,4022.055,4028.78,7945
2026-07-21T08:00:00+05:30,4028.735,4045.365,4027.935,4035.765,17429
2026-07-21T08:15:00+05:30,4035.77,4038.495,4031.11,4038.145,7384
2026-07-21T08:30:00+05:30,4038.135,4042.435,4037.655,4038.0,4779
2026-07-21T08:45:00+05:30,4037.99,4051.515,4036.75,4047.62,14764
2026-07-21T09:00:00+05:30,4047.65,4049.755,4041.975,4041.975,7780
2026-07-21T09:15:00+05:30,4041.96,4047.56,4041.895,4046.96,5664
2026-07-21T09:30:00+05:30,4046.995,4051.92,4045.68,4045.975,6240
2026-07-21T09:45:00+05:30,4045.985,4046.97,4043.725,4044.77,3244
2026-07-21T10:00:00+05:30,4044.79,4047.69,4044.34,4047.3,3349
2026-07-21T10:15:00+05:30,4047.26,4049.875,4045.545,4049.67,4329
2026-07-21T10:30:00+05:30,4049.68,4051.855,4046.375,4051.615,5480
2026-07-21T10:45:00+05:30,4051.55,4056.525,4048.0,4054.43,8525
2026-07-21T11:00:00+05:30,4054.45,4066.63,4054.45,4066.17,12180
2026-07-21T11:15:00+05:30,4066.26,4068.095,4061.31,4061.6,6784
2026-07-21T11:30:00+05:30,4061.61,4072.535,4061.395,4071.51,11139
2026-07-21T11:45:00+05:30,4071.525,4074.595,4068.425,4072.605,6169
2026-07-21T12:00:00+05:30,4072.665,4080.83,4071.86,4077.095,8969
2026-07-21T12:15:00+05:30,4077.085,4084.305,4077.085,4078.605,7219
2026-07-21T12:30:00+05:30,4078.65,4080.285,4071.725,4072.11,8559
2026-07-21T12:45:00+05:30,4072.145,4073.57,4068.34,4069.52,5230
2026-07-21T13:00:00+05:30,4069.51,4075.525,4067.62,4071.4,7905
2026-07-21T13:15:00+05:30,4071.405,4072.71,4069.83,4071.255,2880
2026-07-21T13:30:00+05:30,4071.195,4072.52,4065.675,4067.975,6844
2026-07-21T13:45:00+05:30,4067.97,4068.77,4062.985,4063.645,5784
2026-07-21T14:00:00+05:30,4063.55,4065.175,4060.98,4062.275,4195
2026-07-21T14:15:00+05:30,4062.325,4063.58,4059.175,4062.875,4404
2026-07-21T14:30:00+05:30,4062.92,4066.725,4062.92,4065.23,3804
2026-07-21T14:45:00+05:30,4065.255,4068.555,4062.5,4062.75,6054
2026-07-21T15:00:00+05:30,4062.755,4065.695,4061.0,4062.52,4695
2026-07-21T15:15:00+05:30,4062.545,4069.745,4062.28,4065.975,7464
2026-07-21T15:30:00+05:30,4065.945,4068.65,4060.975,4066.47,7675
2026-07-21T15:45:00+05:30,4066.38,4069.39,4064.825,4066.86,4565
2026-07-21T16:00:00+05:30,4066.905,4070.235,4066.725,4067.185,3510
2026-07-21T16:15:00+05:30,4067.18,4068.765,4062.575,4063.06,6190
2026-07-21T16:30:00+05:30,4063.055,4063.75,4055.46,4058.65,8289
2026-07-21T16:45:00+05:30,4058.56,4059.86,4056.29,4058.16,3570
2026-07-21T17:00:00+05:30,4058.215,4061.3,4055.65,4056.18,5650
2026-07-21T17:15:00+05:30,4056.135,4058.49,4054.52,4056.175,3969
2026-07-21T17:30:00+05:30,4056.2,4061.125,4055.77,4059.53,5355
2026-07-21T17:45:00+05:30,4059.525,4065.725,4055.765,4061.625,9960
2026-07-21T18:00:00+05:30,4061.74,4063.81,4051.255,4054.085,12554
2026-07-21T18:15:00+05:30,4054.08,4062.245,4053.015,4054.0,9230
2026-07-21T18:30:00+05:30,4053.9,4060.685,4053.87,4059.92,6815
2026-07-21T18:45:00+05:30,4059.915,4061.795,4050.455,4051.015,11340
2026-07-21T19:00:00+05:30,4050.995,4057.545,4044.725,4046.725,12820
2026-07-21T19:15:00+05:30,4046.7,4053.64,4044.735,4053.245,8904
2026-07-21T19:30:00+05:30,4053.2,4065.945,4051.61,4065.89,14335
2026-07-21T19:45:00+05:30,4065.87,4069.485,4061.055,4069.42,8430
2026-07-21T20:00:00+05:30,4069.43,4074.08,4062.245,4067.51,11835
2026-07-21T20:15:00+05:30,4067.56,4070.825,4066.305,4068.64,4519
2026-07-21T20:30:00+05:30,4068.49,4073.965,4065.74,4073.315,8225
2026-07-21T20:45:00+05:30,4073.325,4079.15,4073.315,4076.875,5835
2026-07-21T21:00:00+05:30,4076.705,4083.405,4075.49,4075.92,7915
2026-07-21T21:15:00+05:30,4075.945,4078.365,4072.22,4074.255,6144
2026-07-21T21:30:00+05:30,4074.265,4079.265,4073.67,4078.46,5594
2026-07-21T21:45:00+05:30,4078.505,4078.58,4074.055,4075.68,4525
2026-07-21T22:00:00+05:30,4075.7,4076.385,4071.28,4072.1,5105
2026-07-21T22:15:00+05:30,4071.99,4073.295,4069.945,4071.555,3349
2026-07-21T22:30:00+05:30,4071.55,4072.52,4069.275,4070.595,3244
2026-07-21T22:45:00+05:30,4070.585,4072.855,4068.97,4072.31,3885
2026-07-21T23:00:00+05:30,4072.15,4072.295,4066.86,4068.25,5434
2026-07-21T23:15:00+05:30,4068.245,4068.75,4066.83,4068.75,1920
2026-07-21T23:30:00+05:30,4068.81,4072.36,4067.79,4071.555,4570
2026-07-21T23:45:00+05:30,4071.575,4087.135,4071.28,4083.78,15855
2026-07-22T00:00:00+05:30,4083.815,4085.6,4081.305,4082.295,4295
2026-07-22T00:15:00+05:30,4082.32,4083.465,4079.29,4082.23,4175
2026-07-22T00:30:00+05:30,4082.25,4085.815,4080.085,4080.87,5730
2026-07-22T00:45:00+05:30,4080.895,4085.375,4080.895,4084.07,4480
2026-07-22T01:00:00+05:30,4084.085,4085.175,4082.01,4083.465,3164
2026-07-22T01:15:00+05:30,4083.495,4085.47,4082.965,4084.485,2504
2026-07-22T01:30:00+05:30,4084.435,4086.455,4083.385,4084.485,3069
2026-07-22T01:45:00+05:30,4084.475,4084.565,4081.6,4082.81,2965
2026-07-22T02:00:00+05:30,4082.825,4085.455,4080.565,4081.13,4889
2026-07-22T02:15:00+05:30,4081.09,4081.12,4076.915,4077.325,4204
2026-07-22T03:30:00+05:30,4078.675,4079.805,4077.165,4079.03,2639
2026-07-22T03:45:00+05:30,4079.04,4083.29,4078.25,4082.875,5039
2026-07-22T04:00:00+05:30,4082.91,4085.32,4082.795,4084.235,2525
2026-07-22T04:15:00+05:30,4084.21,4084.61,4078.36,4080.59,6250
2026-07-22T04:30:00+05:30,4080.595,4082.12,4079.685,4081.31,2434
2026-07-22T04:45:00+05:30,4081.285,4082.57,4080.905,4081.22,1664
2026-07-22T05:00:00+05:30,4081.235,4082.315,4079.18,4080.55,3135
2026-07-22T05:15:00+05:30,4080.58,4083.135,4079.315,4080.71,3820
2026-07-22T05:30:00+05:30,4080.68,4092.85,4076.755,4092.3,16094
2026-07-22T05:45:00+05:30,4092.34,4098.795,4092.335,4098.245,6460
2026-07-22T06:00:00+05:30,4098.23,4102.575,4089.565,4092.91,13009
2026-07-22T06:15:00+05:30,4092.845,4099.725,4091.53,4097.58,8195
2026-07-22T06:30:00+05:30,4097.67,4121.505,4096.78,4121.435,24725
2026-07-22T06:45:00+05:30,4121.48,4121.855,4111.765,4115.63,10089
2026-07-22T07:00:00+05:30,4115.64,4123.05,4113.055,4121.75,9994
2026-07-22T07:15:00+05:30,4121.995,4123.72,4117.35,4122.265,6369
2026-07-22T07:30:00+05:30,4122.16,4123.505,4118.81,4122.07,4694
2026-07-22T07:45:00+05:30,4122.065,4126.11,4119.98,4124.3,6130
2026-07-22T08:00:00+05:30,4124.29,4130.545,4122.385,4128.28,8159
2026-07-22T08:15:00+05:30,4128.225,4131.015,4126.375,4130.66,4640
2026-07-22T08:30:00+05:30,4130.69,4140.8,4129.32,4137.375,11480
2026-07-22T08:45:00+05:30,4137.38,4141.715,4136.875,4138.295,4840
2026-07-22T09:00:00+05:30,4138.305,4138.32,4132.475,4133.57,5844
2026-07-22T09:15:00+05:30,4133.575,4134.42,4130.23,4130.875,4190
2026-07-22T09:30:00+05:30,4130.785,4131.23,4126.355,4126.995,4875
2026-07-22T09:45:00+05:30,4126.98,4129.73,4126.98,4128.855,2750
2026-07-22T10:00:00+05:30,4128.85,4129.145,4124.725,4127.365,4420
2026-07-22T10:15:00+05:30,4127.435,4127.645,4125.185,4126.995,2460
2026-07-22T10:30:00+05:30,4127.01,4130.065,4125.88,4128.67,4184
2026-07-22T10:45:00+05:30,4128.62,4128.805,4123.21,4123.74,5595
2026-07-22T11:00:00+05:30,4123.79,4134.12,4123.08,4132.61,11039
2026-07-22T11:15:00+05:30,4132.615,4133.37,4128.1,4131.26,5269
2026-07-22T11:30:00+05:30,4131.235,4135.415,4129.555,4129.99,5859
2026-07-22T11:45:00+05:30,4129.965,4132.1,4114.08,4117.72,18020
2026-07-22T12:00:00+05:30,4117.73,4120.53,4114.715,4119.015,5814
2026-07-22T12:15:00+05:30,4118.985,4120.815,4113.475,4116.58,7339
2026-07-22T12:30:00+05:30,4116.565,4117.34,4111.86,4116.57,5480
2026-07-22T12:45:00+05:30,4116.52,4122.53,4116.065,4119.615,6465
2026-07-22T13:00:00+05:30,4119.625,4123.065,4111.15,4112.375,11914
2026-07-22T13:15:00+05:30,4112.38,4114.465,4109.395,4110.78,5069
2026-07-22T13:30:00+05:30,4110.785,4116.085,4110.635,4114.63,5449
2026-07-22T13:45:00+05:30,4114.62,4117.91,4113.42,4117.525,4489
2026-07-22T14:00:00+05:30,4117.5,4119.14,4114.18,4114.605,4960
2026-07-22T14:15:00+05:30,4114.66,4120.21,4113.41,4118.28,6800
2026-07-22T14:30:00+05:30,4118.305,4122.255,4117.825,4121.705,4430
2026-07-22T14:45:00+05:30,4121.78,4122.325,4117.84,4118.72,4484
2026-07-22T15:00:00+05:30,4118.805,4121.755,4114.37,4116.125,7385
2026-07-22T15:15:00+05:30,4116.115,4117.955,4113.32,4115.0,4635
2026-07-22T15:30:00+05:30,4115.025,4120.105,4114.8,4117.525,5304
2026-07-22T15:45:00+05:30,4117.56,4121.89,4116.445,4119.345,5445
2026-07-22T16:00:00+05:30,4119.35,4119.945,4115.955,4117.155,3989
2026-07-22T16:15:00+05:30,4117.135,4120.335,4116.205,4117.59,4130
2026-07-22T16:30:00+05:30,4117.555,4120.985,4115.25,4119.225,5734
2026-07-22T16:45:00+05:30,4119.23,4123.1,4117.535,4118.795,5565
2026-07-22T17:00:00+05:30,4118.785,4120.73,4112.605,4115.26,8125
2026-07-22T17:15:00+05:30,4115.28,4123.17,4114.85,4122.695,8319
2026-07-22T17:30:00+05:30,4122.705,4127.475,4121.895,4127.36,5579
2026-07-22T17:45:00+05:30,4127.405,4133.17,4124.89,4132.62,8279
2026-07-22T18:00:00+05:30,4132.635,4134.46,4124.755,4127.435,9704
2026-07-22T18:15:00+05:30,4127.425,4127.72,4106.72,4113.16,21000
2026-07-22T18:30:00+05:30,4113.155,4126.06,4112.93,4125.88,13130
2026-07-22T18:45:00+05:30,4125.885,4135.09,4125.09,4131.815,10000
2026-07-22T19:00:00+05:30,4131.865,4147.03,4131.865,4142.7,15164
2026-07-22T19:15:00+05:30,4142.695,4155.87,4142.62,4154.525,13250
2026-07-22T19:30:00+05:30,4154.52,4163.54,4153.295,4156.625,10244
2026-07-22T19:45:00+05:30,4156.595,4156.615,4144.48,4146.505,12135
2026-07-22T20:00:00+05:30,4146.52,4152.98,4146.335,4150.98,6644
2026-07-22T20:15:00+05:30,4150.975,4152.945,4144.165,4148.58,8779
2026-07-22T20:30:00+05:30,4148.6,4158.615,4148.59,4157.595,10024
2026-07-22T20:45:00+05:30,4157.6,4161.585,4153.405,4157.25,8180
2026-07-22T21:00:00+05:30,4157.245,4161.015,4155.62,4160.035,5395
2026-07-22T21:15:00+05:30,4160.06,4166.13,4158.61,4159.475,7520
2026-07-22T21:30:00+05:30,4159.475,4159.605,4153.265,4154.525,6339
2026-07-22T21:45:00+05:30,4154.55,4155.74,4147.92,4149.185,7819
2026-07-22T22:00:00+05:30,4149.19,4151.455,4144.55,4146.98,6904
2026-07-22T22:15:00+05:30,4146.99,4149.0,4144.6,4146.84,4399
2026-07-22T22:30:00+05:30,4146.83,4147.93,4143.23,4145.465,4700
2026-07-22T22:45:00+05:30,4145.385,4147.27,4142.77,4146.12,4500
2026-07-22T23:00:00+05:30,4146.1,4147.635,4138.44,4140.735,9195
2026-07-22T23:15:00+05:30,4140.74,4143.905,4140.63,4142.47,3274
2026-07-22T23:30:00+05:30,4142.475,4142.885,4136.92,4138.135,5965
2026-07-22T23:45:00+05:30,4138.14,4139.85,4134.84,4135.295,5010
2026-07-23T00:00:00+05:30,4135.27,4136.4,4132.125,4136.05,4274
2026-07-23T00:15:00+05:30,4136.04,4138.96,4135.42,4136.125,3539
2026-07-23T00:30:00+05:30,4136.115,4137.29,4133.1,4134.15,4189
2026-07-23T00:45:00+05:30,4134.185,4135.595,4131.805,4134.48,3789
2026-07-23T01:00:00+05:30,4134.495,4136.31,4132.73,4133.99,3580
2026-07-23T01:15:00+05:30,4134.0,4135.355,4129.02,4131.905,6334
2026-07-23T01:30:00+05:30,4131.875,4135.665,4130.485,4134.56,5180
2026-07-23T01:45:00+05:30,4134.555,4137.92,4134.125,4136.725,3795
2026-07-23T02:00:00+05:30,4136.73,4137.65,4130.92,4131.02,6729
2026-07-23T02:15:00+05:30,4130.96,4131.245,4128.42,4129.76,2824
2026-07-23T03:30:00+05:30,4119.635,4126.24,4119.59,4124.355,6649
2026-07-23T03:45:00+05:30,4124.375,4129.355,4120.88,4129.01,8474
2026-07-23T04:00:00+05:30,4128.96,4130.195,4119.965,4121.79,10229
2026-07-23T04:15:00+05:30,4121.77,4126.705,4120.64,4121.525,6064
2026-07-23T04:30:00+05:30,4121.625,4124.84,4116.73,4123.85,8110
2026-07-23T04:45:00+05:30,4123.865,4124.175,4119.29,4120.11,4885
2026-07-23T05:00:00+05:30,4120.12,4124.69,4119.275,4123.805,5414
2026-07-23T05:15:00+05:30,4123.755,4134.4,4123.045,4133.495,11354
2026-07-23T05:30:00+05:30,4133.505,4134.41,4126.17,4126.81,8239
2026-07-23T05:45:00+05:30,4126.815,4134.67,4126.655,4129.315,8015
2026-07-23T06:00:00+05:30,4129.315,4132.495,4127.23,4127.935,5265
2026-07-23T06:15:00+05:30,4127.925,4133.255,4125.2,4132.15,8055
2026-07-23T06:30:00+05:30,4131.855,4139.445,4129.785,4134.685,9659
2026-07-23T06:45:00+05:30,4134.675,4141.275,4133.745,4137.71,7529
2026-07-23T07:00:00+05:30,4137.755,4139.59,4121.695,4121.75,17895
2026-07-23T07:15:00+05:30,4121.735,4123.905,4114.425,4118.11,9479
2026-07-23T07:30:00+05:30,4118.035,4119.065,4112.315,4117.9,6750
2026-07-23T07:45:00+05:30,4117.92,4118.36,4113.425,4116.37,4934
2026-07-23T08:00:00+05:30,4116.345,4122.42,4114.115,4122.405,8305
2026-07-23T08:15:00+05:30,4122.31,4129.025,4121.365,4128.14,7659
2026-07-23T08:30:00+05:30,4128.15,4129.295,4124.32,4127.265,4975
2026-07-23T08:45:00+05:30,4127.355,4133.25,4126.755,4130.67,6494
2026-07-23T09:00:00+05:30,4130.655,4131.165,4125.89,4128.765,5274
2026-07-23T09:15:00+05:30,4128.78,4128.815,4124.34,4124.87,4474
2026-07-23T09:30:00+05:30,4124.855,4127.83,4122.605,4127.82,5225
2026-07-23T09:45:00+05:30,4127.87,4130.07,4125.265,4130.015,4804
2026-07-23T10:00:00+05:30,4130.025,4130.54,4123.13,4123.35,7409
2026-07-23T10:15:00+05:30,4123.255,4124.37,4120.07,4121.265,4300
2026-07-23T10:30:00+05:30,4121.26,4125.205,4119.645,4124.48,5559
2026-07-23T10:45:00+05:30,4124.435,4125.67,4119.93,4125.655,5739
2026-07-23T11:00:00+05:30,4125.625,4128.71,4123.495,4127.885,5215
2026-07-23T11:15:00+05:30,4127.835,4130.625,4120.755,4124.165,9869
2026-07-23T11:30:00+05:30,4124.16,4128.37,4121.27,4123.365,7099
2026-07-23T11:45:00+05:30,4123.3,4127.89,4121.405,4122.235,6485
2026-07-23T12:00:00+05:30,4122.23,4124.04,4117.06,4120.215,6979
2026-07-23T12:15:00+05:30,4120.195,4122.515,4117.89,4118.67,4625
2026-07-23T12:30:00+05:30,4118.69,4119.525,4102.015,4106.71,17509
2026-07-23T12:45:00+05:30,4106.69,4112.215,4105.75,4108.64,6465
2026-07-23T13:00:00+05:30,4108.705,4109.04,4091.345,4095.795,17695
2026-07-23T13:15:00+05:30,4095.88,4097.03,4090.055,4095.47,6974
2026-07-23T13:30:00+05:30,4095.42,4097.855,4090.275,4091.65,7579
2026-07-23T13:45:00+05:30,4091.72,4092.56,4088.56,4092.07,4000
2026-07-23T14:00:00+05:30,4092.005,4093.865,4088.74,4092.545,5125
2026-07-23T14:15:00+05:30,4092.515,4094.985,4087.11,4093.52,7875
2026-07-23T14:30:00+05:30,4093.54,4099.63,4092.77,4095.055,6860
2026-07-23T14:45:00+05:30,4095.01,4097.255,4089.47,4091.695,7785
2026-07-23T15:00:00+05:30,4091.685,4093.345,4088.705,4091.905,4639
2026-07-23T15:15:00+05:30,4091.925,4094.445,4088.465,4089.96,5980
2026-07-23T15:30:00+05:30,4089.955,4091.85,4088.09,4090.975,3759
2026-07-23T15:45:00+05:30,4090.945,4092.675,4086.185,4089.935,6490
2026-07-23T16:00:00+05:30,4089.915,4092.98,4086.665,4089.57,6315
2026-07-23T16:15:00+05:30,4089.575,4095.46,4087.41,4093.405,8050
2026-07-23T16:30:00+05:30,4093.375,4094.07,4087.185,4087.93,6885
2026-07-23T16:45:00+05:30,4087.865,4089.5,4081.255,4084.555,8244
2026-07-23T17:00:00+05:30,4084.34,4084.34,4073.2,4078.785,11140
2026-07-23T17:15:00+05:30,4078.775,4089.255,4077.94,4085.765,11315
2026-07-23T17:30:00+05:30,4085.645,4086.045,4081.27,4081.685,4775
2026-07-23T17:45:00+05:30,4081.62,4083.365,4070.395,4075.47,12969
2026-07-23T18:00:00+05:30,4075.46,4075.46,4064.27,4069.145,11190
2026-07-23T18:15:00+05:30,4069.16,4069.425,4061.2,4061.85,8225
2026-07-23T18:30:00+05:30,4061.815,4063.665,4040.595,4041.14,23070
2026-07-23T18:45:00+05:30,4041.145,4059.225,4040.76,4058.84,18464
2026-07-23T19:00:00+05:30,4058.745,4067.415,4055.62,4056.27,11795
2026-07-23T19:15:00+05:30,4056.29,4059.22,4042.815,4043.45,16404
2026-07-23T19:30:00+05:30,4043.52,4051.385,4040.185,4047.97,11200
2026-07-23T19:45:00+05:30,4047.93,4057.07,4042.35,4056.48,14720
2026-07-23T20:00:00+05:30,4056.585,4060.56,4051.615,4057.095,8945
2026-07-23T20:15:00+05:30,4057.055,4061.8,4056.2,4057.98,5600
2026-07-23T20:30:00+05:30,4058.165,4059.64,4049.625,4051.52,10014
2026-07-23T20:45:00+05:30,4051.345,4056.875,4045.57,4046.97,11304
2026-07-23T21:00:00+05:30,4046.96,4053.435,4042.41,4048.31,11025
2026-07-23T21:15:00+05:30,4048.295,4051.14,4046.83,4048.815,4309
2026-07-23T21:30:00+05:30,4048.89,4051.185,4047.475,4050.275,3710
2026-07-23T21:45:00+05:30,4050.25,4051.8,4045.96,4050.14,5840
2026-07-23T22:00:00+05:30,4050.19,4051.36,4047.115,4050.02,4245
2026-07-23T22:15:00+05:30,4050.015,4051.83,4048.135,4051.535,3694
2026-07-23T22:30:00+05:30,4051.535,4054.58,4046.985,4047.345,7594
2026-07-23T22:45:00+05:30,4047.465,4050.7,4046.25,4047.325,4449
2026-07-23T23:00:00+05:30,4047.305,4049.285,4042.04,4043.065,7244
2026-07-23T23:15:00+05:30,4043.06,4044.54,4041.7,4041.88,2840
2026-07-23T23:30:00+05:30,4041.94,4044.345,4040.76,4042.04,3584
2026-07-23T23:45:00+05:30,4042.045,4045.21,4040.745,4044.575,4465
2026-07-24T00:00:00+05:30,4044.53,4048.395,4044.465,4046.6,3929
2026-07-24T00:15:00+05:30,4046.6,4048.445,4044.655,4046.175,3789
2026-07-24T00:30:00+05:30,4046.145,4048.755,4043.115,4043.38,5640
2026-07-24T00:45:00+05:30,4043.385,4049.345,4043.195,4048.365,6149
2026-07-24T01:00:00+05:30,4048.375,4051.14,4045.895,4045.945,5244
2026-07-24T01:15:00+05:30,4045.965,4051.13,4044.995,4049.935,6135
2026-07-24T01:30:00+05:30,4049.945,4051.44,4048.365,4049.625,3075
2026-07-24T01:45:00+05:30,4049.62,4050.785,4047.495,4050.355,3289
2026-07-24T02:00:00+05:30,4050.36,4050.765,4048.97,4050.03,1795
2026-07-24T02:15:00+05:30,4050.025,4050.125,4047.565,4049.78,2559
2026-07-24T03:30:00+05:30,4048.875,4050.625,4048.645,4049.12,1980
2026-07-24T03:45:00+05:30,4049.175,4050.485,4049.175,4049.965,1309
2026-07-24T04:00:00+05:30,4049.985,4050.635,4048.995,4049.615,1640
2026-07-24T04:15:00+05:30,4049.575,4050.655,4048.665,4049.785,1990
2026-07-24T04:30:00+05:30,4049.78,4050.035,4047.505,4048.57,2529
2026-07-24T04:45:00+05:30,4048.59,4050.205,4047.155,4049.245,3049
2026-07-24T05:00:00+05:30,4049.16,4050.825,4047.065,4048.355,3759
2026-07-24T05:15:00+05:30,4048.37,4049.91,4046.71,4047.29,3199
2026-07-24T05:30:00+05:30,4047.33,4050.16,4041.4,4041.71,8759
2026-07-24T05:45:00+05:30,4041.73,4047.995,4041.375,4046.815,6619
2026-07-24T06:00:00+05:30,4046.855,4050.43,4045.025,4049.31,5404
2026-07-24T06:15:00+05:30,4049.305,4051.01,4048.56,4049.88,2450
2026-07-24T06:30:00+05:30,4049.89,4050.39,4039.97,4042.685,10420
2026-07-24T06:45:00+05:30,4042.7,4046.24,4041.645,4042.915,4594
2026-07-24T07:00:00+05:30,4042.88,4050.37,4041.725,4049.965,8644
2026-07-24T07:15:00+05:30,4049.955,4050.17,4041.49,4043.68,8680
2026-07-24T07:30:00+05:30,4043.64,4046.075,4041.185,4045.885,4889
2026-07-24T07:45:00+05:30,4045.88,4048.59,4042.665,4046.59,5925
2026-07-24T08:00:00+05:30,4046.585,4048.215,4041.285,4041.74,6930
2026-07-24T08:15:00+05:30,4041.745,4041.955,4023.07,4024.54,18884
2026-07-24T08:30:00+05:30,4024.535,4032.55,4023.04,4031.935,9510
2026-07-24T08:45:00+05:30,4031.925,4033.84,4028.295,4030.47,5545
2026-07-24T09:00:00+05:30,4030.465,4033.405,4030.465,4031.57,2940
2026-07-24T09:15:00+05:30,4031.585,4032.28,4028.475,4029.54,3805
2026-07-24T09:30:00+05:30,4029.52,4030.42,4027.195,4028.365,3224
2026-07-24T09:45:00+05:30,4028.37,4030.54,4027.715,4029.885,2824
2026-07-24T10:00:00+05:30,4029.925,4030.495,4026.02,4026.96,4474
2026-07-24T10:15:00+05:30,4026.975,4028.935,4025.72,4027.12,3215
2026-07-24T10:30:00+05:30,4027.13,4032.335,4025.43,4027.7,6905
2026-07-24T10:45:00+05:30,4027.545,4029.98,4022.495,4026.33,7485
2026-07-24T11:00:00+05:30,4026.31,4031.645,4024.085,4025.065,7559
2026-07-24T11:15:00+05:30,4025.055,4029.36,4022.06,4023.135,7300
2026-07-24T11:30:00+05:30,4023.195,4031.505,4023.055,4030.975,8450
2026-07-24T11:45:00+05:30,4030.99,4039.185,4029.29,4036.72,9894
2026-07-24T12:00:00+05:30,4036.73,4037.28,4033.445,4033.965,3835
2026-07-24T12:15:00+05:30,4033.95,4038.985,4031.79,4035.845,7195
2026-07-24T12:30:00+05:30,4035.855,4047.49,4035.245,4045.535,12244
2026-07-24T12:45:00+05:30,4045.455,4051.06,4044.125,4048.945,6934
2026-07-24T13:00:00+05:30,4048.955,4053.84,4045.905,4048.46,7934
2026-07-24T13:15:00+05:30,4048.49,4049.875,4045.98,4048.415,3894
2026-07-24T13:30:00+05:30,4048.435,4049.265,4045.395,4047.02,3869
2026-07-24T13:45:00+05:30,4046.99,4052.78,4045.28,4052.775,7500
2026-07-24T14:00:00+05:30,4052.735,4055.665,4049.005,4054.665,6659
2026-07-24T14:15:00+05:30,4054.615,4058.775,4052.33,4057.65,6445
2026-07-24T14:30:00+05:30,4057.645,4060.74,4053.36,4054.31,7379
2026-07-24T14:45:00+05:30,4054.28,4056.815,4052.59,4053.125,4224
2026-07-24T15:00:00+05:30,4053.1,4056.405,4051.84,4055.82,4565
2026-07-24T15:15:00+05:30,4055.85,4059.975,4054.79,4059.885,5184
2026-07-24T15:30:00+05:30,4059.935,4061.605,4057.84,4058.23,3764
2026-07-24T15:45:00+05:30,4058.275,4063.825,4057.635,4062.18,6189
2026-07-24T16:00:00+05:30,4062.165,4064.025,4058.285,4058.44,5740
2026-07-24T16:15:00+05:30,4058.47,4060.355,4057.165,4060.205,3190
2026-07-24T16:30:00+05:30,4060.2,4063.495,4058.64,4061.305,4855
2026-07-24T16:45:00+05:30,4061.415,4062.17,4059.28,4059.28,2889
2026-07-24T17:00:00+05:30,4059.18,4060.61,4055.41,4055.425,5200
2026-07-24T17:15:00+05:30,4055.435,4061.77,4051.49,4057.795,10280
2026-07-24T17:30:00+05:30,4057.81,4058.66,4052.47,4056.71,6190
2026-07-24T17:45:00+05:30,4056.68,4060.285,4055.0,4059.855,5284
2026-07-24T18:00:00+05:30,4059.835,4059.84,4052.12,4055.28,7720
2026-07-24T18:15:00+05:30,4055.29,4056.49,4051.815,4056.095,4674
2026-07-24T18:30:00+05:30,4056.07,4058.54,4044.92,4048.3,13619
2026-07-24T18:45:00+05:30,4048.23,4049.475,4044.81,4046.525,4664
2026-07-24T19:00:00+05:30,4046.515,4056.96,4044.835,4052.3,12125
2026-07-24T19:15:00+05:30,4051.805,4068.68,4048.555,4067.865,20125
2026-07-24T19:30:00+05:30,4067.86,4069.98,4057.43,4059.075,12550
2026-07-24T19:45:00+05:30,4059.09,4069.53,4056.115,4066.26,13415
2026-07-24T20:00:00+05:30,4066.245,4068.185,4059.355,4060.52,8829
2026-07-24T20:15:00+05:30,4060.525,4066.58,4058.64,4063.35,7940
2026-07-24T20:30:00+05:30,4063.4,4076.77,4061.955,4074.795,14815
2026-07-24T20:45:00+05:30,4074.745,4082.16,4071.96,4075.245,10199
2026-07-24T21:00:00+05:30,4075.26,4079.775,4071.61,4072.24,8164
2026-07-24T21:15:00+05:30,4072.265,4078.075,4070.93,4077.535,7144
2026-07-24T21:30:00+05:30,4077.575,4077.61,4074.485,4074.925,3125
2026-07-24T21:45:00+05:30,4074.975,4078.245,4073.56,4073.74,4684
2026-07-24T22:00:00+05:30,4073.73,4074.095,4066.855,4067.85,7239
2026-07-24T22:15:00+05:30,4067.84,4067.905,4064.285,4067.175,3620
2026-07-24T22:30:00+05:30,4067.18,4068.515,4062.985,4064.215,5529
2026-07-24T22:45:00+05:30,4064.22,4069.94,4063.645,4068.455,6295
2026-07-24T23:00:00+05:30,4068.365,4069.96,4066.23,4066.605,3730
2026-07-24T23:15:00+05:30,4066.54,4067.455,4063.16,4063.505,4295
2026-07-24T23:30:00+05:30,4063.555,4064.615,4061.375,4061.73,3239
2026-07-24T23:45:00+05:30,4061.72,4063.11,4054.985,4055.46,8125
2026-07-25T00:00:00+05:30,4055.52,4057.14,4051.255,4052.275,5884
2026-07-25T00:15:00+05:30,4052.28,4056.105,4051.945,4054.47,4159
2026-07-25T00:30:00+05:30,4054.52,4056.385,4052.245,4052.37,4140
2026-07-25T00:45:00+05:30,4052.385,4052.48,4049.38,4051.625,3099
2026-07-25T01:00:00+05:30,4051.6,4058.01,4051.415,4056.975,6595
2026-07-25T01:15:00+05:30,4057.0,4057.52,4052.865,4053.895,4655
2026-07-25T01:30:00+05:30,4053.875,4055.35,4052.34,4052.64,3009
2026-07-25T01:45:00+05:30,4052.66,4054.835,4052.155,4053.775,2679
2026-07-25T02:00:00+05:30,4053.755,4056.225,4051.665,4055.55,4559
2026-07-25T02:15:00+05:30,4055.45,4056.465,4052.28,4052.845,4184
2026-07-27T03:30:00+05:30,4090.16,4091.89,4086.54,4088.16,5349
2026-07-27T03:45:00+05:30,4088.295,4090.28,4084.03,4086.85,6250
2026-07-27T04:00:00+05:30,4086.675,4093.17,4085.83,4091.365,7340
2026-07-27T04:15:00+05:30,4091.305,4093.84,4088.955,4089.575,4885
2026-07-27T04:30:00+05:30,4089.795,4091.435,4084.53,4084.895,6904
2026-07-27T04:45:00+05:30,4084.985,4086.485,4083.8,4084.905,2684
2026-07-27T05:00:00+05:30,4084.865,4089.55,4084.69,4089.195,4860
2026-07-27T05:15:00+05:30,4089.205,4096.515,4088.415,4094.11,8100
2026-07-27T05:30:00+05:30,4094.105,4116.185,4093.88,4115.58,22305
2026-07-27T05:45:00+05:30,4115.57,4115.57,4090.64,4094.74,24929
2026-07-27T06:00:00+05:30,4094.715,4102.645,4093.755,4100.085,8890
2026-07-27T06:15:00+05:30,4100.075,4109.37,4099.075,4100.815,10295
2026-07-27T06:30:00+05:30,4100.83,4112.48,4100.71,4107.365,11769
2026-07-27T06:45:00+05:30,4107.38,4109.23,4097.13,4100.2,12099
2026-07-27T07:00:00+05:30,4100.22,4104.23,4098.015,4102.88,6214
2026-07-27T07:15:00+05:30,4102.855,4110.265,4102.855,4110.255,7410
2026-07-27T07:30:00+05:30,4110.3,4111.105,4103.455,4105.72,7649
2026-07-27T07:45:00+05:30,4105.695,4106.08,4102.065,4103.305,4015
2026-07-27T08:00:00+05:30,4103.3,4103.3,4095.63,4096.61,7670
2026-07-27T08:15:00+05:30,4096.545,4097.76,4093.75,4093.765,4010
2026-07-27T08:30:00+05:30,4093.68,4095.955,4089.32,4092.0,6634
2026-07-27T08:45:00+05:30,4092.08,4093.675,4085.435,4085.685,8240
2026-07-27T09:00:00+05:30,4085.555,4091.03,4085.23,4089.685,5800
2026-07-27T09:15:00+05:30,4089.735,4091.315,4088.725,4091.045,2590
2026-07-27T09:30:00+05:30,4091.055,4092.925,4088.785,4090.135,4140
2026-07-27T09:45:00+05:30,4090.14,4090.545,4087.08,4089.15,3465
2026-07-27T10:00:00+05:30,4089.115,4092.53,4089.115,4090.585,3415
2026-07-27T10:15:00+05:30,4090.55,4091.375,4089.32,4090.39,2054
2026-07-27T10:30:00+05:30,4090.395,4094.99,4088.665,4094.95,6324
2026-07-27T10:45:00+05:30,4094.935,4094.935,4086.22,4087.235,8715
2026-07-27T11:00:00+05:30,4087.1,4090.395,4085.805,4088.305,4590
2026-07-27T11:15:00+05:30,4088.37,4093.84,4084.49,4093.365,9350
2026-07-27T11:30:00+05:30,4093.33,4096.505,4091.81,4094.555,4695
2026-07-27T11:45:00+05:30,4094.505,4096.545,4091.36,4096.285,5184
2026-07-27T12:00:00+05:30,4096.24,4099.365,4094.38,4098.76,4984
2026-07-27T12:15:00+05:30,4098.7,4099.22,4095.21,4096.02,4010
2026-07-27T12:30:00+05:30,4095.98,4102.13,4095.98,4102.105,6150
2026-07-27T12:45:00+05:30,4102.115,4106.24,4099.96,4103.24,6279
2026-07-27T13:00:00+05:30,4103.27,4103.85,4096.03,4097.445,7820
2026-07-27T13:15:00+05:30,4097.44,4099.41,4088.635,4088.885,10774
2026-07-27T13:30:00+05:30,4088.98,4093.21,4087.24,4091.405,5970
2026-07-27T13:45:00+05:30,4091.395,4092.68,4089.155,4090.93,3524
2026-07-27T14:00:00+05:30,4090.925,4093.075,4087.435,4091.49,5639
2026-07-27T14:15:00+05:30,4091.47,4096.985,4090.99,4095.28,5994
2026-07-27T14:30:00+05:30,4095.215,4098.485,4093.145,4094.135,5339
2026-07-27T14:45:00+05:30,4094.165,4096.025,4091.26,4091.71,4764
2026-07-27T15:00:00+05:30,4091.675,4094.94,4090.575,4094.275,4365
2026-07-27T15:15:00+05:30,4094.275,4100.38,4093.8,4096.14,6579
2026-07-27T15:30:00+05:30,4096.12,4096.42,4086.62,4091.08,9800
2026-07-27T15:45:00+05:30,4091.06,4094.015,4089.37,4093.09,4644
2026-07-27T16:00:00+05:30,4093.085,4101.885,4093.085,4100.355,8800
2026-07-27T16:15:00+05:30,4100.375,4102.45,4098.94,4099.625,3510
2026-07-27T16:30:00+05:30,4099.66,4104.205,4097.08,4101.955,7125
2026-07-27T16:45:00+05:30,4101.995,4103.385,4096.94,4097.115,6445
2026-07-27T17:00:00+05:30,4097.265,4100.105,4094.665,4095.68,5439
2026-07-27T17:15:00+05:30,4095.7,4097.415,4093.695,4094.015,3719
2026-07-27T17:30:00+05:30,4094.03,4097.845,4086.505,4087.825,11340
2026-07-27T17:45:00+05:30,4087.83,4089.195,4081.835,4086.795,7360
2026-07-27T18:00:00+05:30,4086.725,4088.73,4083.25,4086.77,5480
2026-07-27T18:15:00+05:30,4086.74,4089.18,4081.73,4083.82,7449
2026-07-27T18:30:00+05:30,4083.875,4088.895,4080.965,4085.025,7929
2026-07-27T18:45:00+05:30,4085.005,4087.255,4076.035,4076.275,11220
2026-07-27T19:00:00+05:30,4076.32,4089.36,4075.695,4086.91,13664
2026-07-27T19:15:00+05:30,4087.05,4089.59,4070.495,4074.445,19095
2026-07-27T19:30:00+05:30,4074.48,4079.23,4071.31,4077.075,7920
2026-07-27T19:45:00+05:30,4077.115,4078.735,4067.27,4068.345,11465
2026-07-27T20:00:00+05:30,4068.335,4070.71,4065.415,4068.915,5295
2026-07-27T20:15:00+05:30,4068.91,4077.63,4068.91,4076.335,8720
2026-07-27T20:30:00+05:30,4076.315,4076.655,4071.915,4076.07,4740
2026-07-27T20:45:00+05:30,4076.005,4079.495,4074.675,4076.66,4819
2026-07-27T21:00:00+05:30,4076.69,4078.135,4072.825,4076.16,5310
2026-07-27T21:15:00+05:30,4076.13,4080.05,4074.8,4078.62,5250
2026-07-27T21:30:00+05:30,4078.625,4085.005,4077.965,4081.55,7039
2026-07-27T21:45:00+05:30,4081.565,4088.895,4079.84,4085.235,9054
2026-07-27T22:00:00+05:30,4085.26,4094.105,4085.155,4088.24,8949
2026-07-27T22:15:00+05:30,4088.245,4088.65,4080.915,4082.56,7735
2026-07-27T22:30:00+05:30,4082.565,4082.565,4070.785,4073.78,11780
2026-07-27T22:45:00+05:30,4073.775,4076.995,4072.47,4074.855,4525
2026-07-27T23:00:00+05:30,4074.865,4076.075,4072.34,4074.7,3734
2026-07-27T23:15:00+05:30,4074.705,4077.28,4073.445,4076.505,3835
2026-07-27T23:30:00+05:30,4076.51,4079.31,4076.145,4076.79,3164
2026-07-27T23:45:00+05:30,4076.775,4077.14,4074.3,4076.945,2839
2026-07-28T00:00:00+05:30,4076.955,4079.58,4073.0,4076.34,6579
2026-07-28T00:15:00+05:30,4076.33,4079.53,4075.065,4078.005,4465
2026-07-28T00:30:00+05:30,4078.04,4081.895,4076.22,4080.435,5675
2026-07-28T00:45:00+05:30,4080.44,4088.815,4079.505,4085.765,9309
2026-07-28T01:00:00+05:30,4085.77,4087.3,4083.875,4086.945,3425
2026-07-28T01:15:00+05:30,4086.94,4089.485,4082.505,4083.5,6980
2026-07-28T01:30:00+05:30,4083.535,4084.21,4081.56,4082.23,2650
2026-07-28T01:45:00+05:30,4082.225,4082.28,4078.3,4078.755,3980
2026-07-28T02:00:00+05:30,4078.79,4079.225,4075.825,4077.185,3400
2026-07-28T02:15:00+05:30,4077.16,4077.395,4075.325,4076.425,2070
2026-07-28T03:30:00+05:30,4080.685,4081.415,4076.6,4077.62,4815
2026-07-28T03:45:00+05:30,4077.32,4077.32,4071.16,4072.545,6160
2026-07-28T04:00:00+05:30,4072.585,4075.155,4072.445,4075.03,2710
2026-07-28T04:15:00+05:30,4075.08,4075.08,4073.725,4074.32,1355
2026-07-28T04:30:00+05:30,4074.22,4075.14,4071.96,4074.195,3179
2026-07-28T04:45:00+05:30,4074.2,4074.715,4072.2,4073.32,2515
2026-07-28T05:00:00+05:30,4073.27,4073.755,4071.73,4072.17,2025
2026-07-28T05:15:00+05:30,4072.21,4073.455,4070.035,4073.385,3420
2026-07-28T05:30:00+05:30,4073.365,4074.26,4062.11,4067.08,12150
2026-07-28T05:45:00+05:30,4067.07,4067.495,4059.245,4062.08,8250
2026-07-28T06:00:00+05:30,4062.145,4066.405,4060.675,4065.67,5730
2026-07-28T06:15:00+05:30,4065.65,4065.73,4057.665,4058.245,8065
2026-07-28T06:30:00+05:30,4058.23,4060.43,4053.975,4058.185,6454
2026-07-28T06:45:00+05:30,4058.17,4059.215,4046.57,4047.57,12644
2026-07-28T07:00:00+05:30,4047.535,4050.58,4043.46,4048.985,7119
2026-07-28T07:15:00+05:30,4049.015,4049.04,4042.77,4045.23,6269
2026-07-28T07:30:00+05:30,4045.245,4047.745,4042.555,4046.54,5190
2026-07-28T07:45:00+05:30,4046.3,4049.215,4045.41,4046.26,3805
2026-07-28T08:00:00+05:30,4046.235,4048.095,4041.645,4044.425,6449
2026-07-28T08:15:00+05:30,4044.4,4045.715,4040.935,4042.115,4780
2026-07-28T08:30:00+05:30,4042.11,4047.465,4040.455,4045.96,7010
2026-07-28T08:45:00+05:30,4045.965,4049.48,4045.425,4047.83,4054
2026-07-28T09:00:00+05:30,4047.825,4051.24,4047.41,4048.52,3829
2026-07-28T09:15:00+05:30,4048.525,4050.855,4048.135,4049.615,2719
2026-07-28T09:30:00+05:30,4049.605,4049.7,4043.53,4044.195,6169
2026-07-28T09:45:00+05:30,4044.15,4047.99,4043.715,4045.725,4274
2026-07-28T10:00:00+05:30,4045.735,4047.915,4043.995,4047.745,3920
2026-07-28T10:15:00+05:30,4047.75,4048.06,4041.395,4042.305,6664
2026-07-28T10:30:00+05:30,4042.3,4044.03,4040.045,4042.575,3985
2026-07-28T10:45:00+05:30,4042.57,4043.865,4041.055,4043.195,2809
2026-07-28T11:00:00+05:30,4043.2,4045.695,4034.795,4041.8,10900
2026-07-28T11:15:00+05:30,4041.805,4046.625,4039.66,4045.2,6965
2026-07-28T11:30:00+05:30,4045.195,4047.9,4043.015,4044.34,4885
2026-07-28T11:45:00+05:30,4044.345,4049.055,4044.105,4047.87,4949
2026-07-28T12:00:00+05:30,4047.885,4052.405,4047.0,4049.89,5405
2026-07-28T12:15:00+05:30,4049.865,4051.54,4047.985,4048.425,3554
2026-07-28T12:30:00+05:30,4048.395,4051.3,4047.58,4048.97,3720
2026-07-28T12:45:00+05:30,4048.985,4052.425,4048.715,4050.275,3710
2026-07-28T13:00:00+05:30,4050.355,4051.175,4048.5,4049.42,2675
2026-07-28T13:15:00+05:30,4049.415,4049.94,4046.235,4047.395,3704
2026-07-28T13:30:00+05:30,4047.355,4055.21,4043.15,4044.355,12059
2026-07-28T13:45:00+05:30,4044.36,4051.225,4044.25,4049.54,6974
2026-07-28T14:00:00+05:30,4049.58,4049.86,4041.95,4043.1,7910
2026-07-28T14:15:00+05:30,4043.095,4046.195,4041.72,4045.56,4475
2026-07-28T14:30:00+05:30,4045.46,4045.955,4040.83,4041.105,5125
2026-07-28T14:45:00+05:30,4041.12,4044.13,4039.155,4040.415,4974
2026-07-28T15:00:00+05:30,4040.425,4040.44,4029.8,4033.475,10639
2026-07-28T15:15:00+05:30,4033.45,4034.375,4019.575,4023.42,14800
2026-07-28T15:30:00+05:30,4023.49,4027.055,4020.64,4024.375,6414
2026-07-28T15:45:00+05:30,4024.12,4026.06,4017.115,4017.705,8945
2026-07-28T16:00:00+05:30,4017.685,4023.76,4017.29,4022.61,6470
2026-07-28T16:15:00+05:30,4022.66,4028.63,4022.315,4026.67,6315
2026-07-28T16:30:00+05:30,4026.66,4028.96,4023.275,4024.075,5684
2026-07-28T16:45:00+05:30,4024.03,4032.555,4023.975,4027.585,8579
2026-07-28T17:00:00+05:30,4027.61,4031.625,4026.54,4027.135,5085
2026-07-28T17:15:00+05:30,4027.155,4028.36,4024.03,4028.19,4329
2026-07-28T17:30:00+05:30,4028.195,4028.905,4022.965,4027.91,5940
2026-07-28T17:45:00+05:30,4027.9,4034.935,4026.19,4034.585,8744
2026-07-28T18:00:00+05:30,4034.65,4035.0,4026.005,4033.645,8994
2026-07-28T18:15:00+05:30,4033.71,4038.22,4028.35,4029.69,9869
2026-07-28T18:30:00+05:30,4029.74,4035.725,4029.615,4032.945,6110
2026-07-28T18:45:00+05:30,4032.97,4036.04,4028.56,4029.07,7480
2026-07-28T19:00:00+05:30,4028.99,4032.91,4020.33,4025.325,12579
2026-07-28T19:15:00+05:30,4025.33,4029.135,4021.75,4022.11,7385
2026-07-28T19:30:00+05:30,4022.16,4033.6,4021.95,4025.93,11650
2026-07-28T19:45:00+05:30,4025.965,4026.855,4011.765,4022.465,15090
2026-07-28T20:00:00+05:30,4022.455,4025.27,4019.035,4022.94,6235
2026-07-28T20:15:00+05:30,4022.935,4029.6,4021.415,4024.375,8184
2026-07-28T20:30:00+05:30,4024.43,4036.5,4022.16,4033.735,14340
2026-07-28T20:45:00+05:30,4033.73,4040.87,4031.78,4035.405,9089
2026-07-28T21:00:00+05:30,4035.44,4042.02,4032.36,4041.415,9659
2026-07-28T21:15:00+05:30,4041.365,4047.195,4041.175,4046.13,6019
2026-07-28T21:30:00+05:30,4046.145,4046.68,4042.185,4044.725,4494
2026-07-28T21:45:00+05:30,4044.735,4045.88,4042.115,4042.285,3765
2026-07-28T22:00:00+05:30,4042.305,4043.885,4040.49,4040.72,3395
2026-07-28T22:15:00+05:30,4040.61,4041.235,4036.715,4037.605,4519
2026-07-28T22:30:00+05:30,4037.69,4041.16,4035.575,4037.105,5585
2026-07-28T22:45:00+05:30,4037.115,4041.73,4035.36,4037.835,6369
2026-07-28T23:00:00+05:30,4037.845,4037.93,4027.765,4028.425,10164
2026-07-28T23:15:00+05:30,4028.38,4029.695,4025.755,4027.935,3940
2026-07-28T23:30:00+05:30,4027.985,4030.58,4027.145,4028.385,3434
2026-07-28T23:45:00+05:30,4028.435,4030.155,4026.025,4027.215,4130
2026-07-29T00:00:00+05:30,4027.18,4027.65,4023.115,4024.345,4535
2026-07-29T00:15:00+05:30,4024.355,4026.18,4021.715,4023.15,4464
2026-07-29T00:30:00+05:30,4023.19,4025.935,4022.53,4024.195,3404
2026-07-29T00:45:00+05:30,4024.185,4025.315,4021.935,4023.45,3380
2026-07-29T01:00:00+05:30,4023.49,4027.89,4023.12,4026.315,4769
2026-07-29T01:15:00+05:30,4026.32,4028.07,4025.48,4026.465,2590
2026-07-29T01:30:00+05:30,4026.455,4026.56,4022.6,4023.7,3960
2026-07-29T01:45:00+05:30,4023.68,4027.845,4023.645,4027.41,4199
2026-07-29T02:00:00+05:30,4027.42,4030.33,4027.41,4029.97,2920
2026-07-29T02:15:00+05:30,4030.005,4030.555,4026.565,4028.67,3989
2026-07-29T03:30:00+05:30,4026.565,4028.165,4024.525,4024.535,3639
2026-07-29T03:45:00+05:30,4024.685,4025.295,4017.415,4021.0,7880
2026-07-29T04:00:00+05:30,4021.025,4021.265,4013.975,4018.545,7289
2026-07-29T04:15:00+05:30,4018.48,4019.815,4015.365,4018.44,4450
2026-07-29T04:30:00+05:30,4018.45,4023.24,4016.465,4022.165,6774
2026-07-29T04:45:00+05:30,4022.15,4022.245,4015.21,4018.72,7034
2026-07-29T05:00:00+05:30,4018.775,4023.52,4017.475,4022.82,6045
2026-07-29T05:15:00+05:30,4022.84,4026.345,4019.085,4024.945,7259
2026-07-29T05:30:00+05:30,4024.99,4026.265,4017.57,4020.755,8694
2026-07-29T05:45:00+05:30,4020.685,4029.815,4020.64,4022.625,9175
2026-07-29T06:00:00+05:30,4022.62,4027.995,4021.485,4026.085,6509
2026-07-29T06:15:00+05:30,4025.955,4026.105,4020.57,4022.08,5534
2026-07-29T06:30:00+05:30,4022.075,4022.075,4010.41,4013.37,11664
2026-07-29T06:45:00+05:30,4013.345,4020.46,4011.78,4018.635,8679
2026-07-29T07:00:00+05:30,4018.62,4030.675,4015.18,4027.715,15495
2026-07-29T07:15:00+05:30,4027.765,4028.61,4022.105,4026.16,6505
2026-07-29T07:30:00+05:30,4026.165,4029.32,4023.265,4028.325,6055
2026-07-29T07:45:00+05:30,4028.36,4035.51,4026.545,4033.17,8965
2026-07-29T08:00:00+05:30,4033.105,4038.08,4030.665,4035.05,7414
2026-07-29T08:15:00+05:30,4034.945,4035.35,4029.245,4029.435,6105
2026-07-29T08:30:00+05:30,4029.42,4032.84,4027.415,4027.86,5425
2026-07-29T08:45:00+05:30,4027.885,4028.96,4025.755,4027.26,3204
2026-07-29T09:00:00+05:30,4027.25,4029.69,4024.765,4026.22,4925
2026-07-29T09:15:00+05:30,4026.21,4027.05,4023.25,4023.73,3800
2026-07-29T09:30:00+05:30,4023.74,4025.09,4021.52,4021.91,3570
2026-07-29T09:45:00+05:30,4021.935,4025.635,4020.655,4023.71,4980
2026-07-29T10:00:00+05:30,4023.665,4027.44,4023.585,4027.25,3855
2026-07-29T10:15:00+05:30,4027.265,4027.845,4023.62,4027.4,4224
2026-07-29T10:30:00+05:30,4027.425,4031.835,4026.735,4030.655,5099
2026-07-29T10:45:00+05:30,4030.62,4031.46,4027.155,4030.6,4304
2026-07-29T11:00:00+05:30,4030.545,4039.825,4029.855,4039.225,9969
2026-07-29T11:15:00+05:30,4039.235,4040.15,4031.655,4033.135,8494
2026-07-29T11:30:00+05:30,4033.14,4038.345,4033.08,4037.465,5264
2026-07-29T11:45:00+05:30,4037.435,4043.225,4035.91,4041.065,7315
2026-07-29T12:00:00+05:30,4041.08,4044.845,4040.86,4042.83,3984
2026-07-29T12:15:00+05:30,4042.825,4043.035,4039.705,4041.25,3329
2026-07-29T12:30:00+05:30,4041.2,4046.67,4041.2,4045.51,5470
2026-07-29T12:45:00+05:30,4045.505,4047.88,4044.205,4046.11,3675
2026-07-29T13:00:00+05:30,4046.075,4047.515,4044.705,4045.92,2809
2026-07-29T13:15:00+05:30,4045.91,4046.945,4042.72,4043.825,4225
2026-07-29T13:30:00+05:30,4043.82,4044.555,4039.105,4039.105,5449
2026-07-29T13:45:00+05:30,4039.115,4042.155,4035.67,4037.235,6485
2026-07-29T14:00:00+05:30,4037.25,4039.35,4035.8,4038.415,3549
2026-07-29T14:15:00+05:30,4038.465,4040.225,4037.125,4037.64,3099
2026-07-29T14:30:00+05:30,4037.73,4038.38,4035.58,4036.4,2800
2026-07-29T14:45:00+05:30,4036.335,4037.85,4033.55,4033.915,4299
2026-07-29T15:00:00+05:30,4033.9,4035.04,4031.36,4034.48,3679
2026-07-29T15:15:00+05:30,4034.435,4036.46,4031.95,4032.695,4510
2026-07-29T15:30:00+05:30,4032.68,4034.245,4030.93,4032.01,3315
2026-07-29T15:45:00+05:30,4031.99,4033.43,4030.2,4033.21,3230
2026-07-29T16:00:00+05:30,4033.165,4034.57,4026.355,4027.44,8215
2026-07-29T16:15:00+05:30,4027.435,4028.665,4026.065,4027.535,2599
2026-07-29T16:30:00+05:30,4027.555,4029.74,4025.105,4029.725,4634
2026-07-29T16:45:00+05:30,4029.86,4033.59,4028.42,4032.935,5170
2026-07-29T17:00:00+05:30,4032.95,4033.135,4030.15,4030.99,2985
2026-07-29T17:15:00+05:30,4031.0,4036.195,4030.62,4032.845,5575
2026-07-29T17:30:00+05:30,4032.85,4033.5,4026.105,4027.22,7394
2026-07-29T17:45:00+05:30,4027.225,4027.71,4012.7,4013.29,15010
2026-07-29T18:00:00+05:30,4013.175,4022.68,4009.39,4021.15,13289
2026-07-29T18:15:00+05:30,4021.105,4023.815,4019.035,4022.65,4780
2026-07-29T18:30:00+05:30,4022.82,4026.565,4015.22,4015.78,11345
2026-07-29T18:45:00+05:30,4015.775,4023.24,4013.68,4014.725,9559
2026-07-29T19:00:00+05:30,4014.735,4018.12,4010.265,4013.64,7855
2026-07-29T19:15:00+05:30,4013.62,4015.99,4002.6,4007.445,13389
2026-07-29T19:30:00+05:30,4007.455,4008.845,3996.055,3999.46,12789
2026-07-29T19:45:00+05:30,3999.415,4010.215,3999.04,4005.665,11175
2026-07-29T20:00:00+05:30,4005.675,4009.42,3999.09,4001.275,10329
2026-07-29T20:15:00+05:30,4001.195,4005.855,3998.44,4004.875,7414
2026-07-29T20:30:00+05:30,4004.93,4009.8,4003.4,4006.93,6400
2026-07-29T20:45:00+05:30,4006.975,4011.365,4003.815,4010.72,7549
2026-07-29T21:00:00+05:30,4010.795,4013.68,4007.26,4010.69,6419
2026-07-29T21:15:00+05:30,4010.645,4013.815,4008.36,4009.975,5454
2026-07-29T21:30:00+05:30,4010.015,4015.73,4007.63,4009.525,8099
2026-07-29T21:45:00+05:30,4009.485,4017.59,4007.84,4016.595,9750
2026-07-29T22:00:00+05:30,4016.585,4019.145,4015.065,4017.1,4079
2026-07-29T22:15:00+05:30,4017.055,4032.915,4015.285,4027.46,17630
2026-07-29T22:30:00+05:30,4027.455,4050.745,4027.405,4042.205,23339
2026-07-29T22:45:00+05:30,4042.22,4050.63,4037.375,4039.245,13255
2026-07-29T23:00:00+05:30,4039.24,4047.475,4036.335,4045.84,11139
2026-07-29T23:15:00+05:30,4045.885,4048.155,4041.41,4044.285,6745
2026-07-29T23:30:00+05:30,4044.29,4086.225,4042.775,4081.105,43449
2026-07-29T23:45:00+05:30,4081.115,4083.96,4064.01,4067.93,19949
2026-07-30T00:00:00+05:30,4067.92,4086.99,4052.175,4083.39,34814
2026-07-30T00:15:00+05:30,4083.47,4110.12,4082.05,4106.75,28069
2026-07-30T00:30:00+05:30,4106.74,4116.415,4090.125,4099.63,26289
2026-07-30T00:45:00+05:30,4099.65,4104.72,4080.93,4084.265,23790
2026-07-30T01:00:00+05:30,4084.195,4088.69,4065.415,4069.42,23275
2026-07-30T01:15:00+05:30,4069.385,4072.14,4044.375,4044.74,27764
2026-07-30T01:30:00+05:30,4044.74,4056.185,4042.955,4052.14,13230
2026-07-30T01:45:00+05:30,4052.17,4057.54,4043.95,4055.895,13590
2026-07-30T02:00:00+05:30,4055.835,4069.475,4054.185,4067.285,15289
2026-07-30T02:15:00+05:30,4067.265,4070.195,4063.555,4066.34,6640
2026-07-30T03:30:00+05:30,4074.84,4077.825,4064.505,4076.295,13319
2026-07-30T03:45:00+05:30,4076.27,4077.575,4072.605,4075.0,4969
2026-07-30T04:00:00+05:30,4074.985,4081.45,4072.96,4081.41,8489
2026-07-30T04:15:00+05:30,4081.5,4090.65,4079.885,4088.58,10764
2026-07-30T04:30:00+05:30,4088.61,4100.485,4088.375,4091.7,12109
2026-07-30T04:45:00+05:30,4091.76,4094.86,4090.505,4093.59,4355
2026-07-30T05:00:00+05:30,4093.595,4094.58,4089.235,4090.19,5344
2026-07-30T05:15:00+05:30,4090.21,4093.01,4084.4,4084.59,8610
2026-07-30T05:30:00+05:30,4084.625,4086.735,4079.18,4081.465,7555
2026-07-30T05:45:00+05:30,4081.585,4083.735,4073.02,4075.355,10715
2026-07-30T06:00:00+05:30,4075.385,4077.0,4065.065,4066.225,11934
2026-07-30T06:15:00+05:30,4066.21,4073.025,4064.96,4072.27,8065
2026-07-30T06:30:00+05:30,4072.285,4092.955,4070.36,4075.52,22594
2026-07-30T06:45:00+05:30,4075.485,4084.85,4073.4,4081.27,11449
2026-07-30T07:00:00+05:30,4081.3,4089.89,4080.74,4086.785,9150
2026-07-30T07:15:00+05:30,4086.855,4091.155,4084.005,4084.59,7150
2026-07-30T07:30:00+05:30,4084.46,4090.45,4082.335,4082.535,8114
2026-07-30T07:45:00+05:30,4082.55,4083.78,4080.075,4082.725,3705
2026-07-30T08:00:00+05:30,4082.715,4082.82,4073.7,4076.86,9120
2026-07-30T08:15:00+05:30,4076.875,4077.005,4063.435,4063.71,13570
2026-07-30T08:30:00+05:30,4063.705,4070.345,4060.495,4063.125,9849
2026-07-30T08:45:00+05:30,4063.12,4064.175,4052.74,4054.01,11435
2026-07-30T09:00:00+05:30,4054.02,4056.12,4050.81,4052.505,5309
2026-07-30T09:15:00+05:30,4052.5,4059.865,4052.32,4058.88,7544
2026-07-30T09:30:00+05:30,4058.94,4060.385,4053.0,4053.45,7385
2026-07-30T09:45:00+05:30,4053.425,4055.475,4051.135,4054.105,4339
2026-07-30T10:00:00+05:30,4054.125,4054.125,4047.775,4048.88,6349
2026-07-30T10:15:00+05:30,4048.845,4052.045,4044.34,4046.045,7704
2026-07-30T10:30:00+05:30,4046.05,4046.205,4041.83,4045.895,4375
2026-07-30T10:45:00+05:30,4045.9,4047.385,4037.6,4047.005,9785
2026-07-30T11:00:00+05:30,4046.955,4051.445,4028.69,4033.325,22755
2026-07-30T11:15:00+05:30,4033.32,4038.57,4030.05,4033.82,8519
2026-07-30T11:30:00+05:30,4033.725,4039.505,4031.39,4032.435,8115
2026-07-30T11:45:00+05:30,4032.425,4039.545,4029.4,4033.215,10144
2026-07-30T12:00:00+05:30,4033.265,4038.285,4031.015,4035.745,7269
2026-07-30T12:15:00+05:30,4035.76,4040.63,4034.19,4036.54,6440
2026-07-30T12:30:00+05:30,4036.57,4047.97,4035.41,4046.91,12559
2026-07-30T12:45:00+05:30,4046.92,4051.43,4043.015,4045.965,8414
2026-07-30T13:00:00+05:30,4045.975,4047.365,4036.065,4045.88,11299
2026-07-30T13:15:00+05:30,4045.875,4046.58,4038.155,4038.935,8424
2026-07-30T13:30:00+05:30,4038.825,4056.32,4036.81,4053.31,19510
2026-07-30T13:45:00+05:30,4053.295,4068.525,4052.27,4064.54,16255
2026-07-30T14:00:00+05:30,4064.48,4073.01,4063.055,4065.905,9955
2026-07-30T14:15:00+05:30,4065.9,4070.97,4059.475,4061.49,11494
2026-07-30T14:30:00+05:30,4061.485,4068.995,4060.305,4066.025,8690
2026-07-30T14:45:00+05:30,4066.05,4072.505,4064.54,4067.53,7965
2026-07-30T15:00:00+05:30,4067.525,4069.34,4060.515,4065.635,8825
2026-07-30T15:15:00+05:30,4065.67,4073.155,4062.34,4063.405,10815
2026-07-30T15:30:00+05:30,4063.495,4074.855,4063.065,4068.43,11789
2026-07-30T15:45:00+05:30,4068.425,4077.74,4067.82,4076.52,9919
2026-07-30T16:00:00+05:30,4076.4,4082.785,4075.165,4081.275,7619
2026-07-30T16:15:00+05:30,4081.31,4083.23,4078.085,4078.155,5144
2026-07-30T16:30:00+05:30,4078.105,4082.945,4077.7,4079.695,5245
2026-07-30T16:45:00+05:30,4079.69,4081.94,4076.645,4077.89,5295
2026-07-30T17:00:00+05:30,4078.1,4079.585,4076.23,4077.595,3355
2026-07-30T17:15:00+05:30,4077.61,4080.845,4075.77,4077.815,5074
2026-07-30T17:30:00+05:30,4077.79,4082.555,4074.78,4078.855,7774
2026-07-30T17:45:00+05:30,4078.88,4081.45,4071.75,4076.81,9699
2026-07-30T18:00:00+05:30,4076.865,4086.785,4071.82,4077.245,14964
2026-07-30T18:15:00+05:30,4077.225,4079.41,4067.285,4069.03,12125
2026-07-30T18:30:00+05:30,4069.04,4076.785,4065.315,4076.73,11469
2026-07-30T18:45:00+05:30,4076.735,4084.08,4072.165,4080.01,11914
2026-07-30T19:00:00+05:30,4079.995,4098.765,4074.96,4088.875,23805
2026-07-30T19:15:00+05:30,4088.895,4112.825,4085.63,4112.34,27194
2026-07-30T19:30:00+05:30,4112.415,4120.495,4094.11,4098.325,26384
2026-07-30T19:45:00+05:30,4098.29,4100.295,4087.195,4096.315,13099
2026-07-30T20:00:00+05:30,4096.33,4111.325,4094.9,4110.725,16424
2026-07-30T20:15:00+05:30,4110.68,4113.255,4096.64,4100.01,16614
2026-07-30T20:30:00+05:30,4100.075,4100.27,4083.27,4085.735,17000
2026-07-30T20:45:00+05:30,4085.645,4097.315,4084.99,4096.11,12324
2026-07-30T21:00:00+05:30,4096.105,4106.975,4092.61,4105.555,14365
2026-07-30T21:15:00+05:30,4105.57,4110.23,4103.605,4108.25,6625
2026-07-30T21:30:00+05:30,4108.2,4115.97,4107.86,4114.195,8110
2026-07-30T21:45:00+05:30,4114.095,4119.285,4113.595,4116.0,5689
2026-07-30T22:00:00+05:30,4115.995,4116.42,4108.305,4108.535,8114
2026-07-30T22:15:00+05:30,4108.53,4110.785,4106.645,4110.78,4139
2026-07-30T22:30:00+05:30,4110.75,4111.325,4104.855,4104.945,6470
2026-07-30T22:45:00+05:30,4104.93,4108.28,4098.505,4101.65,9774
2026-07-30T23:00:00+05:30,4101.64,4108.235,4100.055,4106.08,8179
2026-07-30T23:15:00+05:30,4106.145,4108.57,4101.25,4102.765,7319
2026-07-30T23:30:00+05:30,4102.75,4106.89,4102.75,4106.525,4140
2026-07-30T23:45:00+05:30,4106.505,4106.8,4100.75,4103.49,6050
2026-07-31T00:00:00+05:30,4103.45,4107.855,4102.965,4104.81,4889
2026-07-31T00:15:00+05:30,4104.82,4105.175,4098.785,4099.74,6390
2026-07-31T00:30:00+05:30,4099.745,4105.645,4098.77,4104.64,6875
2026-07-31T00:45:00+05:30,4104.62,4114.915,4102.96,4112.915,11954
2026-07-31T01:00:00+05:30,4112.94,4115.375,4111.505,4112.3,3869
2026-07-31T01:15:00+05:30,4112.285,4113.245,4109.33,4112.065,3914
2026-07-31T01:30:00+05:30,4112.2,4117.515,4110.045,4113.96,7470
2026-07-31T01:45:00+05:30,4113.985,4114.99,4111.71,4111.935,3279
2026-07-31T02:00:00+05:30,4111.935,4112.64,4102.41,4102.87,10230
2026-07-31T02:15:00+05:30,4102.905,4103.885,4099.235,4103.27,4650
2026-07-31T03:30:00+05:30,4103.36,4107.97,4102.63,4107.01,5340
2026-07-31T03:45:00+05:30,4106.99,4108.715,4106.65,4107.905,2065
2026-07-31T04:00:00+05:30,4107.855,4110.69,4107.155,4110.405,3534
2026-07-31T04:15:00+05:30,4110.53,4111.455,4109.2,4109.385,2255
2026-07-31T04:30:00+05:30,4109.335,4112.01,4106.595,4107.46,5414
2026-07-31T04:45:00+05:30,4107.415,4107.575,4104.06,4104.41,3514
2026-07-31T05:00:00+05:30,4104.405,4107.59,4102.345,4106.055,5244
2026-07-31T05:15:00+05:30,4106.115,4110.145,4105.535,4105.985,4610
2026-07-31T05:30:00+05:30,4106.065,4107.225,4100.805,4101.405,6420
2026-07-31T05:45:00+05:30,4101.365,4103.725,4096.24,4096.58,7485
2026-07-31T06:00:00+05:30,4096.53,4097.605,4090.585,4093.165,7019
2026-07-31T06:15:00+05:30,4093.12,4096.15,4090.745,4094.855,5404
2026-07-31T06:30:00+05:30,4094.835,4101.71,4088.705,4088.94,13005
2026-07-31T06:45:00+05:30,4088.965,4095.045,4086.63,4092.03,8414
2026-07-31T07:00:00+05:30,4092.095,4092.145,4083.965,4085.71,8179
2026-07-31T07:15:00+05:30,4085.65,4089.46,4082.15,4084.325,7309
2026-07-31T07:30:00+05:30,4084.39,4090.405,4081.78,4085.575,8625
2026-07-31T07:45:00+05:30,4085.58,4085.58,4081.57,4082.21,4009
2026-07-31T08:00:00+05:30,4082.13,4084.375,4075.355,4075.375,9019
2026-07-31T08:15:00+05:30,4075.37,4078.575,4074.27,4076.275,4304
2026-07-31T08:30:00+05:30,4076.07,4076.52,4072.145,4073.585,4375
2026-07-31T08:45:00+05:30,4073.585,4076.305,4072.42,4075.48,3884
2026-07-31T09:00:00+05:30,4075.5,4079.65,4075.2,4076.47,4450
2026-07-31T09:15:00+05:30,4076.43,4077.545,4074.305,4075.14,3240
2026-07-31T09:30:00+05:30,4075.07,4077.14,4073.32,4076.94,3819
2026-07-31T09:45:00+05:30,4076.925,4080.105,4074.59,4080.075,5514
2026-07-31T10:00:00+05:30,4080.09,4081.535,4079.29,4079.345,2244
2026-07-31T10:15:00+05:30,4079.265,4080.215,4074.79,4080.16,5425
2026-07-31T10:30:00+05:30,4080.17,4083.315,4079.75,4079.91,3565
2026-07-31T10:45:00+05:30,4079.975,4083.04,4079.54,4080.975,3500
2026-07-31T11:00:00+05:30,4080.955,4081.835,4075.9,4076.445,5934
2026-07-31T11:15:00+05:30,4076.44,4076.46,4073.44,4074.43,3019
2026-07-31T11:30:00+05:30,4074.45,4082.895,4072.785,4082.445,10110
2026-07-31T11:45:00+05:30,4082.44,4087.665,4081.18,4084.965,6485
2026-07-31T12:00:00+05:30,4084.97,4085.09,4077.275,4078.245,7815
2026-07-31T12:15:00+05:30,4078.24,4081.755,4076.57,4077.765,5184
2026-07-31T12:30:00+05:30,4077.735,4079.3,4075.445,4077.525,3855
2026-07-31T12:45:00+05:30,4077.52,4079.315,4072.13,4072.725,7184
2026-07-31T13:00:00+05:30,4072.8,4073.925,4068.16,4072.255,5765
2026-07-31T13:15:00+05:30,4072.365,4074.415,4067.62,4067.81,6795
2026-07-31T13:30:00+05:30,4067.795,4067.89,4061.245,4062.255,6644
2026-07-31T13:45:00+05:30,4062.25,4067.39,4057.98,4058.615,9409
2026-07-31T14:00:00+05:30,4058.605,4061.645,4054.175,4059.445,7469
2026-07-31T14:15:00+05:30,4059.44,4064.6,4057.95,4060.98,6650
2026-07-31T14:30:00+05:30,4060.895,4064.115,4055.04,4056.955,9074
2026-07-31T14:45:00+05:30,4056.865,4057.625,4051.53,4052.565,6094
2026-07-31T15:00:00+05:30,4052.57,4054.85,4050.315,4053.305,4534
2026-07-31T15:15:00+05:30,4053.285,4057.355,4052.375,4055.25,4980
2026-07-31T15:30:00+05:30,4055.185,4058.435,4053.37,4055.875,5065
2026-07-31T15:45:00+05:30,4055.91,4056.03,4052.015,4053.315,4015
2026-07-31T16:00:00+05:30,4053.265,4056.565,4052.94,4054.76,3625
2026-07-31T16:15:00+05:30,4054.755,4057.115,4053.725,4054.565,3389
2026-07-31T16:30:00+05:30,4054.58,4059.515,4052.17,4057.095,7344
2026-07-31T16:45:00+05:30,4057.175,4061.15,4054.28,4058.97,6869
2026-07-31T17:00:00+05:30,4058.98,4058.98,4050.69,4052.225,8289
2026-07-31T17:15:00+05:30,4052.155,4055.525,4051.345,4053.84,4180
2026-07-31T17:30:00+05:30,4053.83,4059.475,4052.56,4059.32,6914
2026-07-31T17:45:00+05:30,4059.325,4059.495,4047.16,4047.415,12335
2026-07-31T18:00:00+05:30,4047.38,4051.705,4042.745,4044.75,8960
2026-07-31T18:15:00+05:30,4044.705,4046.515,4040.575,4040.765,5940
2026-07-31T18:30:00+05:30,4040.75,4042.84,4034.805,4036.405,8035
2026-07-31T18:45:00+05:30,4036.435,4047.035,4035.695,4042.665,11339
2026-07-31T19:00:00+05:30,4042.58,4043.885,4022.545,4025.155,21340
2026-07-31T19:15:00+05:30,4025.205,4032.405,4022.13,4025.51,10275
2026-07-31T19:30:00+05:30,4025.41,4032.57,4020.975,4032.25,11595
2026-07-31T19:45:00+05:30,4032.21,4040.28,4029.925,4038.925,10355
2026-07-31T20:00:00+05:30,4038.905,4043.21,4036.765,4041.48,6445
2026-07-31T20:15:00+05:30,4041.52,4050.435,4041.075,4049.315,9360
2026-07-31T20:30:00+05:30,4049.345,4050.9,4042.81,4046.96,8090
2026-07-31T20:45:00+05:30,4046.955,4052.695,4040.24,4041.295,12455
2026-07-31T21:00:00+05:30,4041.295,4043.675,4036.82,4042.32,6855
2026-07-31T21:15:00+05:30,4042.35,4046.825,4039.89,4045.58,6934
2026-07-31T21:30:00+05:30,4045.585,4046.98,4041.34,4046.395,5639
2026-07-31T21:45:00+05:30,4046.415,4048.52,4043.18,4047.55,5340
2026-07-31T22:00:00+05:30,4047.56,4049.995,4041.3,4042.615,8694
2026-07-31T22:15:00+05:30,4042.68,4045.27,4042.265,4043.415,3005
2026-07-31T22:30:00+05:30,4043.41,4046.45,4041.6,4045.615,4849
2026-07-31T22:45:00+05:30,4045.62,4053.485,4044.895,4050.525,8590
2026-07-31T23:00:00+05:30,4050.755,4053.325,4047.755,4051.98,5569
2026-07-31T23:15:00+05:30,4051.995,4054.805,4050.365,4053.66,4440
2026-07-31T23:30:00+05:30,4053.665,4055.245,4047.18,4048.23,8065
2026-07-31T23:45:00+05:30,4048.24,4051.81,4047.725,4051.145,4085
2026-08-01T00:00:00+05:30,4051.115,4051.765,4048.085,4049.545,3679
2026-08-01T00:15:00+05:30,4049.525,4051.68,4048.25,4050.82,3429
2026-08-01T00:30:00+05:30,4050.785,4052.98,4046.955,4048.09,6025
2026-08-01T00:45:00+05:30,4048.095,4050.645,4047.195,4050.61,3449
2026-08-01T01:00:00+05:30,4050.585,4054.77,4049.035,4054.19,5735
2026-08-01T01:15:00+05:30,4054.185,4055.665,4050.195,4050.935,5469
2026-08-01T01:30:00+05:30,4050.915,4051.88,4045.285,4047.995,6595
2026-08-01T01:45:00+05:30,4048.01,4049.05,4046.45,4048.205,2600
2026-08-01T02:00:00+05:30,4048.045,4053.105,4047.35,4051.315,5755
2026-08-01T02:15:00+05:30,4051.335,4052.55,4043.04,4045.165,9510
2026-08-03T03:30:00+05:30,4075.055,4078.785,4071.54,4076.56,7244
2026-08-03T03:45:00+05:30,4076.565,4077.31,4063.965,4066.03,13344
2026-08-03T04:00:00+05:30,4066.045,4068.555,4064.165,4066.86,4389
2026-08-03T04:15:00+05:30,4066.805,4067.215,4063.515,4063.755,3700
2026-08-03T04:30:00+05:30,4063.705,4067.275,4063.3,4066.585,3974
2026-08-03T04:45:00+05:30,4066.575,4072.77,4066.25,4072.19,6519
2026-08-03T05:00:00+05:30,4072.2,4072.5,4068.04,4069.795,4460
2026-08-03T05:15:00+05:30,4069.775,4075.09,4068.34,4075.065,6750
2026-08-03T05:30:00+05:30,4075.07,4079.185,4070.085,4072.105,9099
2026-08-03T05:45:00+05:30,4072.0,4073.015,4061.48,4064.435,11534
2026-08-03T06:00:00+05:30,4064.445,4070.125,4057.02,4058.31,13105
2026-08-03T06:15:00+05:30,4058.29,4060.87,4055.88,4057.35,4989
2026-08-03T06:30:00+05:30,4057.355,4063.7,4051.465,4052.34,12234
2026-08-03T06:45:00+05:30,4052.38,4055.33,4047.345,4052.86,7985
2026-08-03T07:00:00+05:30,4052.875,4057.245,4047.49,4051.325,9755
2026-08-03T07:15:00+05:30,4051.37,4057.485,4050.145,4056.77,7340
2026-08-03T07:30:00+05:30,4056.775,4061.04,4053.315,4055.785,7724
2026-08-03T07:45:00+05:30,4055.735,4060.86,4052.11,4058.23,8750
2026-08-03T08:00:00+05:30,4058.305,4060.875,4052.46,4059.695,8414
2026-08-03T08:15:00+05:30,4059.7,4067.275,4058.57,4062.605,8704
2026-08-03T08:30:00+05:30,4062.51,4065.595,4061.03,4064.425,4564
2026-08-03T08:45:00+05:30,4064.385,4068.1,4061.63,4063.925,6469
2026-08-03T09:00:00+05:30,4063.97,4064.98,4060.785,4060.815,4195
2026-08-03T09:15:00+05:30,4060.82,4066.96,4059.5,4065.115,7460
2026-08-03T09:30:00+05:30,4065.145,4068.375,4064.365,4066.68,4010
2026-08-03T09:45:00+05:30,4066.69,4071.16,4066.165,4068.295,4994
2026-08-03T10:00:00+05:30,4068.295,4071.375,4068.295,4070.68,3079
2026-08-03T10:15:00+05:30,4070.645,4072.055,4064.0,4064.045,8054
2026-08-03T10:30:00+05:30,4063.99,4065.31,4056.85,4057.675,8460
2026-08-03T10:45:00+05:30,4057.65,4062.815,4054.17,4060.5,8644
2026-08-03T11:00:00+05:30,4060.35,4064.865,4055.26,4063.53,9604
2026-08-03T11:15:00+05:30,4063.575,4070.045,4058.875,4069.035,11170
2026-08-03T11:30:00+05:30,4069.03,4071.275,4066.115,4066.175,5160
2026-08-03T11:45:00+05:30,4066.16,4072.185,4065.55,4068.605,6634
2026-08-03T12:00:00+05:30,4068.62,4068.95,4060.51,4065.575,8439
2026-08-03T12:15:00+05:30,4065.425,4067.005,4062.83,4063.94,4175
2026-08-03T12:30:00+05:30,4063.95,4065.305,4059.665,4061.595,5639
2026-08-03T12:45:00+05:30,4061.515,4062.305,4052.19,4058.17,10114
2026-08-03T13:00:00+05:30,4058.195,4061.29,4056.685,4059.77,4605
2026-08-03T13:15:00+05:30,4059.775,4063.425,4058.52,4061.155,4905
2026-08-03T13:30:00+05:30,4061.1,4062.26,4058.485,4061.96,3775
2026-08-03T13:45:00+05:30,4061.955,4062.595,4054.335,4056.24,8259
2026-08-03T14:00:00+05:30,4056.235,4060.81,4054.895,4058.46,5914
2026-08-03T14:15:00+05:30,4058.485,4061.155,4057.67,4059.42,3485
2026-08-03T14:30:00+05:30,4059.43,4062.21,4057.305,4061.65,4905
2026-08-03T14:45:00+05:30,4061.565,4061.645,4052.25,4052.62,9394
2026-08-03T15:00:00+05:30,4052.645,4054.835,4046.685,4053.57,8150
2026-08-03T15:15:00+05:30,4053.565,4058.28,4053.42,4055.355,4860
2026-08-03T15:30:00+05:30,4055.375,4057.07,4053.2,4056.295,3870
2026-08-03T15:45:00+05:30,4056.265,4057.13,4051.91,4053.495,5220
2026-08-03T16:00:00+05:30,4053.535,4053.76,4048.73,4049.29,5030
2026-08-03T16:15:00+05:30,4049.305,4050.79,4045.84,4049.495,4949
2026-08-03T16:30:00+05:30,4049.485,4052.925,4047.58,4049.875,5345
2026-08-03T16:45:00+05:30,4049.8,4050.09,4045.57,4048.505,4519
2026-08-03T17:00:00+05:30,4048.485,4055.085,4048.015,4053.56,7070
2026-08-03T17:15:00+05:30,4053.545,4063.245,4052.72,4062.505,10525
2026-08-03T17:30:00+05:30,4062.465,4064.74,4054.75,4056.02,9989
2026-08-03T17:45:00+05:30,4056.06,4056.565,4048.725,4050.985,7840
2026-08-03T18:00:00+05:30,4051.025,4053.005,4042.34,4045.165,10664
2026-08-03T18:15:00+05:30,4045.16,4049.07,4043.445,4047.85,5625
2026-08-03T18:30:00+05:30,4047.865,4053.855,4038.945,4038.99,14909
2026-08-03T18:45:00+05:30,4039.005,4040.66,4031.63,4034.35,9029
2026-08-03T19:00:00+05:30,4034.26,4035.715,4019.24,4032.165,16475
2026-08-03T19:15:00+05:30,4032.195,4035.525,4028.465,4032.35,7059
2026-08-03T19:30:00+05:30,4031.91,4036.165,4026.75,4033.44,9414
2026-08-03T19:45:00+05:30,4033.33,4036.12,4029.915,4032.685,6204
2026-08-03T20:00:00+05:30,4032.61,4038.22,4032.1,4036.485,6119
2026-08-03T20:15:00+05:30,4036.645,4039.16,4033.79,4036.375,5369
2026-08-03T20:30:00+05:30,4036.475,4037.245,4030.54,4033.435,6704
2026-08-03T20:45:00+05:30,4033.395,4038.52,4030.73,4032.805,7789
2026-08-03T21:00:00+05:30,4032.81,4039.025,4031.1,4036.905,7925
2026-08-03T21:15:00+05:30,4037.06,4041.03,4035.46,4036.135,5570
2026-08-03T21:30:00+05:30,4036.14,4037.735,4034.805,4036.635,2930
2026-08-03T21:45:00+05:30,4036.63,4038.73,4034.965,4037.075,3764
2026-08-03T22:00:00+05:30,4036.975,4039.335,4035.66,4038.725,3675
2026-08-03T22:15:00+05:30,4038.82,4038.885,4035.75,4037.03,3135
2026-08-03T22:30:00+05:30,4037.06,4037.71,4033.365,4034.435,4345
2026-08-03T22:45:00+05:30,4034.43,4037.8,4033.99,4034.42,3810
2026-08-03T23:00:00+05:30,4034.53,4037.005,4034.16,4036.09,2845
2026-08-03T23:15:00+05:30,4036.11,4036.47,4030.27,4030.57,6199
2026-08-03T23:30:00+05:30,4030.62,4038.695,4029.675,4035.14,9019
2026-08-03T23:45:00+05:30,4035.185,4039.025,4035.06,4038.005,3965
2026-08-04T00:00:00+05:30,4037.95,4041.61,4036.655,4041.55,4954
2026-08-04T00:15:00+05:30,4041.495,4045.12,4040.645,4043.535,4474
2026-08-04T00:30:00+05:30,4043.53,4049.57,4043.485,4046.345,6085
2026-08-04T00:45:00+05:30,4046.345,4054.38,4046.345,4053.025,8035
2026-08-04T01:00:00+05:30,4053.07,4055.815,4052.08,4054.11,3735
2026-08-04T01:15:00+05:30,4054.145,4055.7,4051.72,4052.08,3980
2026-08-04T01:30:00+05:30,4052.145,4053.06,4050.325,4052.745,2735
2026-08-04T01:45:00+05:30,4052.755,4055.995,4051.635,4054.495,4359
2026-08-04T02:00:00+05:30,4054.555,4058.215,4054.09,4056.37,4125
2026-08-04T02:15:00+05:30,4056.315,4057.295,4054.54,4055.33,2755
2026-08-04T03:30:00+05:30,4052.12,4052.24,4049.04,4051.305,3199
2026-08-04T03:45:00+05:30,4051.315,4052.805,4050.725,4052.285,2079
2026-08-04T04:00:00+05:30,4052.28,4053.58,4051.73,4052.82,1849
2026-08-04T04:15:00+05:30,4052.815,4053.52,4051.22,4052.765,2300
2026-08-04T04:30:00+05:30,4052.725,4055.22,4050.22,4051.53,5000
2026-08-04T04:45:00+05:30,4051.505,4054.75,4050.72,4051.805,4030
2026-08-04T05:00:00+05:30,4051.815,4052.9,4051.205,4052.475,1695
2026-08-04T05:15:00+05:30,4052.435,4054.19,4051.38,4053.96,2809
2026-08-04T05:30:00+05:30,4053.93,4069.465,4053.06,4063.715,16405
2026-08-04T05:45:00+05:30,4063.59,4064.545,4058.17,4059.145,6375
2026-08-04T06:00:00+05:30,4059.17,4060.835,4055.705,4056.62,5130
2026-08-04T06:15:00+05:30,4056.645,4058.08,4048.64,4049.425,9440
2026-08-04T06:30:00+05:30,4049.345,4050.85,4042.72,4047.025,8130
2026-08-04T06:45:00+05:30,4047.045,4052.65,4047.045,4049.36,5605
2026-08-04T07:00:00+05:30,4049.395,4060.375,4048.575,4059.36,11800
2026-08-04T07:15:00+05:30,4059.375,4061.97,4056.715,4058.82,5254
2026-08-04T07:30:00+05:30,4058.825,4061.3,4055.74,4058.365,5560
2026-08-04T07:45:00+05:30,4058.41,4059.96,4055.88,4056.88,4079
2026-08-04T08:00:00+05:30,4056.925,4065.235,4055.62,4061.885,9615
2026-08-04T08:15:00+05:30,4061.865,4062.475,4058.195,4059.08,4279
2026-08-04T08:30:00+05:30,4059.0,4060.8,4056.54,4058.11,4260
2026-08-04T08:45:00+05:30,4058.15,4061.855,4057.715,4057.815,4139
2026-08-04T09:00:00+05:30,4057.81,4058.89,4052.705,4052.94,6184
2026-08-04T09:15:00+05:30,4052.91,4055.63,4052.25,4052.56,3380
2026-08-04T09:30:00+05:30,4052.61,4056.97,4051.25,4056.935,5719
2026-08-04T09:45:00+05:30,4057.0,4061.76,4056.055,4061.52,5705
2026-08-04T10:00:00+05:30,4061.57,4064.37,4060.655,4062.815,3714
2026-08-04T10:15:00+05:30,4062.82,4066.425,4062.62,4063.765,3805
2026-08-04T10:30:00+05:30,4063.785,4064.825,4057.2,4058.075,7625
2026-08-04T10:45:00+05:30,4058.035,4064.04,4057.48,4063.36,6559
2026-08-04T11:00:00+05:30,4063.315,4067.835,4059.29,4062.955,8545
2026-08-04T11:15:00+05:30,4063.005,4064.495,4058.775,4061.975,5719
2026-08-04T11:30:00+05:30,4061.96,4066.215,4061.875,4064.34,4340
2026-08-04T11:45:00+05:30,4064.215,4065.03,4059.55,4059.89,5480
2026-08-04T12:00:00+05:30,4059.895,4060.195,4055.7,4060.16,4495
2026-08-04T12:15:00+05:30,4060.18,4063.85,4058.855,4063.515,4994
2026-08-04T12:30:00+05:30,4063.58,4065.895,4060.845,4061.07,5050
2026-08-04T12:45:00+05:30,4061.055,4065.62,4060.94,4063.015,4679
2026-08-04T13:00:00+05:30,4063.03,4066.79,4061.505,4062.855,5284
2026-08-04T13:15:00+05:30,4062.86,4066.21,4062.27,4065.535,3940
2026-08-04T13:30:00+05:30,4065.635,4072.97,4064.58,4068.165,8389
2026-08-04T13:45:00+05:30,4068.15,4068.755,4060.44,4063.505,8315
2026-08-04T14:00:00+05:30,4063.44,4064.59,4058.47,4059.45,6120
2026-08-04T14:15:00+05:30,4059.39,4059.66,4054.455,4055.19,5204
2026-08-04T14:30:00+05:30,4055.16,4055.505,4048.67,4050.835,6835
2026-08-04T14:45:00+05:30,4050.79,4052.23,4048.74,4050.44,3490
2026-08-04T15:00:00+05:30,4050.475,4051.395,4046.255,4050.51,5139
2026-08-04T15:15:00+05:30,4050.46,4051.095,4047.52,4049.93,3574
2026-08-04T15:30:00+05:30,4049.935,4049.95,4047.025,4049.145,2924
2026-08-04T15:45:00+05:30,4049.13,4050.07,4045.62,4049.13,4450
2026-08-04T16:00:00+05:30,4049.185,4054.25,4046.645,4052.8,7605
2026-08-04T16:15:00+05:30,4052.765,4060.84,4052.475,4053.99,8365
2026-08-04T16:30:00+05:30,4053.995,4058.93,4052.44,4056.89,6489
2026-08-04T16:45:00+05:30,4056.9,4061.07,4055.565,4060.97,5505
2026-08-04T17:00:00+05:30,4060.985,4070.405,4059.92,4069.715,10485
2026-08-04T17:15:00+05:30,4069.675,4084.345,4067.17,4074.995,17174
2026-08-04T17:30:00+05:30,4075.055,4076.03,4061.115,4062.185,14915
2026-08-04T17:45:00+05:30,4062.22,4070.32,4061.165,4068.235,9155
2026-08-04T18:00:00+05:30,4068.215,4084.56,4068.215,4078.015,16344
2026-08-04T18:15:00+05:30,4078.115,4079.3,4069.565,4070.945,9735
2026-08-04T18:30:00+05:30,4070.925,4071.76,4061.23,4064.015,10530
2026-08-04T18:45:00+05:30,4063.915,4091.44,4062.5,4078.65,28940
2026-08-04T19:00:00+05:30,4078.58,4091.83,4076.045,4083.305,15784
2026-08-04T19:15:00+05:30,4083.29,4093.88,4081.945,4083.955,11934
2026-08-04T19:30:00+05:30,4083.995,4091.495,4083.18,4090.265,8315
2026-08-04T19:45:00+05:30,4090.255,4092.075,4080.75,4083.85,11324
2026-08-04T20:00:00+05:30,4083.835,4086.785,4074.55,4079.76,12234
2026-08-04T20:15:00+05:30,4079.75,4084.905,4077.79,4083.64,7115
2026-08-04T20:30:00+05:30,4083.645,4085.695,4079.835,4084.145,5860
2026-08-04T20:45:00+05:30,4084.23,4084.47,4074.735,4078.52,9734
2026-08-04T21:00:00+05:30,4078.465,4087.36,4076.605,4084.01,10755
2026-08-04T21:15:00+05:30,4083.96,4088.885,4082.765,4087.35,6120
2026-08-04T21:30:00+05:30,4087.44,4088.565,4084.44,4085.155,4125
2026-08-04T21:45:00+05:30,4085.145,4089.95,4083.195,4087.665,6754
2026-08-04T22:00:00+05:30,4087.73,4089.425,4084.985,4089.13,4440
2026-08-04T22:15:00+05:30,4089.12,4093.685,4088.78,4093.41,4904
2026-08-04T22:30:00+05:30,4093.36,4106.475,4092.59,4100.105,13885
2026-08-04T22:45:00+05:30,4100.145,4101.31,4094.32,4094.8,6990
2026-08-04T23:00:00+05:30,4094.795,4096.27,4091.765,4095.575,4505
2026-08-04T23:15:00+05:30,4095.495,4096.495,4086.205,4086.21,10289
2026-08-04T23:30:00+05:30,4086.18,4089.06,4084.995,4088.795,4065
2026-08-04T23:45:00+05:30,4088.655,4088.945,4084.53,4084.725,4414
2026-08-05T00:00:00+05:30,4084.765,4085.905,4076.295,4076.66,9610
2026-08-05T00:15:00+05:30,4076.65,4081.305,4075.285,4079.945,6019
2026-08-05T00:30:00+05:30,4079.995,4084.345,4078.86,4081.76,5484
2026-08-05T00:45:00+05:30,4081.75,4084.86,4079.465,4080.33,5394
2026-08-05T01:00:00+05:30,4080.315,4082.58,4078.98,4081.53,3599
2026-08-05T01:15:00+05:30,4081.49,4082.365,4076.39,4078.615,5974
2026-08-05T01:30:00+05:30,4078.61,4080.295,4078.225,4079.05,2070
2026-08-05T01:45:00+05:30,4078.985,4078.985,4074.69,4075.625,4295
2026-08-05T02:00:00+05:30,4075.6,4078.645,4075.44,4077.72,3204
2026-08-05T02:15:00+05:30,4077.7,4078.33,4076.205,4077.055,2125
2026-08-05T03:30:00+05:30,4078.39,4078.755,4076.57,4077.035,2184
2026-08-05T03:45:00+05:30,4076.87,4080.07,4075.755,4079.875,4315
2026-08-05T04:00:00+05:30,4079.965,4085.87,4079.36,4084.11,6509
2026-08-05T04:15:00+05:30,4084.105,4084.61,4075.735,4075.805,8875
2026-08-05T04:30:00+05:30,4075.89,4077.205,4068.64,4073.73,8565
2026-08-05T04:45:00+05:30,4073.755,4074.95,4065.33,4067.23,9619
2026-08-05T05:00:00+05:30,4067.235,4070.27,4066.095,4069.425,4175
2026-08-05T05:15:00+05:30,4069.485,4073.77,4069.245,4072.605,4525
2026-08-05T05:30:00+05:30,4072.6,4074.305,4070.505,4071.885,3799
2026-08-05T05:45:00+05:30,4071.885,4078.95,4071.495,4078.605,7454
2026-08-05T06:00:00+05:30,4078.61,4083.18,4078.16,4078.265,5019
2026-08-05T06:15:00+05:30,4078.33,4083.63,4077.845,4082.55,5785
2026-08-05T06:30:00+05:30,4082.57,4087.105,4077.725,4085.895,9380
2026-08-05T06:45:00+05:30,4085.91,4088.635,4082.785,4084.555,5850
2026-08-05T07:00:00+05:30,4084.605,4093.22,4080.33,4093.04,12889
2026-08-05T07:15:00+05:30,4093.115,4102.58,4092.74,4101.43,9840
2026-08-05T07:30:00+05:30,4101.44,4102.865,4096.52,4100.085,6344
2026-08-05T07:45:00+05:30,4100.14,4108.66,4095.42,4103.51,13239
2026-08-05T08:00:00+05:30,4103.725,4128.965,4101.53,4128.44,27435
2026-08-05T08:15:00+05:30,4128.445,4135.435,4124.65,4129.195,10785
2026-08-05T08:30:00+05:30,4129.2,4136.24,4126.92,4136.04,9319
2026-08-05T08:45:00+05:30,4136.09,4136.69,4129.89,4130.565,6799
2026-08-05T09:00:00+05:30,4130.56,4130.935,4127.51,4128.745,3425
2026-08-05T09:15:00+05:30,4128.75,4130.365,4127.545,4128.33,2819
2026-08-05T09:30:00+05:30,4128.335,4141.505,4128.26,4138.495,13244
2026-08-05T09:45:00+05:30,4138.515,4141.17,4137.895,4138.585,3274
2026-08-05T10:00:00+05:30,4138.735,4138.775,4133.4,4134.645,5375
2026-08-05T10:15:00+05:30,4134.625,4136.195,4132.355,4135.595,3840
2026-08-05T10:30:00+05:30,4135.575,4138.17,4134.885,4137.265,3284
2026-08-05T10:45:00+05:30,4137.235,4142.215,4135.41,4139.63,6805
2026-08-05T11:00:00+05:30,4139.71,4159.405,4139.71,4157.385,19694
2026-08-05T11:15:00+05:30,4157.365,4173.1,4157.02,4161.545,16079
2026-08-05T11:30:00+05:30,4161.535,4174.45,4160.3,4173.3,14149
2026-08-05T11:45:00+05:30,4173.32,4173.49,4161.31,4168.85,12179
2026-08-05T12:00:00+05:30,4168.845,4178.565,4167.145,4175.85,11419
2026-08-05T12:15:00+05:30,4175.845,4178.49,4172.42,4177.565,6069
2026-08-05T12:30:00+05:30,4177.645,4179.555,4166.335,4166.41,13220
2026-08-05T12:45:00+05:30,4166.415,4169.365,4163.09,4164.3,6274
2026-08-05T13:00:00+05:30,4164.345,4166.88,4162.225,4166.765,4654
2026-08-05T13:15:00+05:30,4166.77,4172.13,4164.29,4170.81,7840
2026-08-05T13:30:00+05:30,4170.8,4172.68,4164.99,4165.595,7690
2026-08-05T13:45:00+05:30,4165.62,4168.245,4162.18,4164.46,6064
2026-08-05T14:00:00+05:30,4164.47,4167.24,4161.495,4166.205,5744
2026-08-05T14:15:00+05:30,4166.225,4166.34,4159.045,4160.515,7295
2026-08-05T14:30:00+05:30,4160.64,4167.17,4160.51,4162.955,6659
2026-08-05T14:45:00+05:30,4162.935,4162.955,4155.275,4157.69,7680
2026-08-05T15:00:00+05:30,4157.75,4159.2,4154.445,4158.28,4755
2026-08-05T15:15:00+05:30,4158.275,4159.26,4153.145,4157.98,6114
2026-08-05T15:30:00+05:30,4157.97,4158.01,4150.42,4151.19,7590
2026-08-05T15:45:00+05:30,4151.225,4158.645,4150.28,4156.85,8365
2026-08-05T16:00:00+05:30,4156.865,4157.895,4153.875,4155.155,4020
2026-08-05T16:15:00+05:30,4155.225,4161.495,4154.05,4161.42,7444
2026-08-05T16:30:00+05:30,4161.455,4171.045,4160.85,4170.995,10194
2026-08-05T16:45:00+05:30,4170.985,4180.82,4169.48,4176.07,11340
2026-08-05T17:00:00+05:30,4176.08,4188.59,4174.155,4184.785,14435
2026-08-05T17:15:00+05:30,4184.815,4192.625,4182.995,4188.93,9630
2026-08-05T17:30:00+05:30,4188.945,4199.945,4188.91,4197.675,11034
2026-08-05T17:45:00+05:30,4197.73,4213.54,4197.675,4205.335,15864
2026-08-05T18:00:00+05:30,4205.4,4209.035,4192.82,4194.64,16215
2026-08-05T18:15:00+05:30,4194.655,4195.7,4183.305,4183.985,12394
2026-08-05T18:30:00+05:30,4183.965,4197.27,4183.795,4188.075,13475
2026-08-05T18:45:00+05:30,4188.05,4198.245,4185.77,4197.125,12474
2026-08-05T19:00:00+05:30,4197.15,4204.76,4192.67,4197.53,12090
2026-08-05T19:15:00+05:30,4197.545,4206.845,4189.59,4206.17,17255
2026-08-05T19:30:00+05:30,4206.11,4234.915,4203.67,4229.655,31244
2026-08-05T19:45:00+05:30,4229.65,4240.58,4226.68,4236.865,13899
2026-08-05T20:00:00+05:30,4236.88,4243.705,4228.805,4243.34,14899
2026-08-05T20:15:00+05:30,4243.43,4247.64,4233.345,4244.26,14295
2026-08-05T20:30:00+05:30,4244.3,4261.06,4242.795,4258.195,18265
2026-08-05T20:45:00+05:30,4258.145,4265.29,4250.275,4257.715,15015
2026-08-05T21:00:00+05:30,4257.695,4259.835,4252.58,4255.96,7255
2026-08-05T21:15:00+05:30,4255.94,4255.97,4232.375,4233.025,23595
2026-08-05T21:30:00+05:30,4233.03,4236.455,4224.89,4234.48,11564
2026-08-05T21:45:00+05:30,4234.445,4241.755,4232.84,4241.34,8914
2026-08-05T22:00:00+05:30,4241.395,4247.075,4239.13,4244.745,7944
2026-08-05T22:15:00+05:30,4244.785,4247.48,4238.445,4242.26,9034
2026-08-05T22:30:00+05:30,4242.33,4244.495,4239.32,4242.15,5175
2026-08-05T22:45:00+05:30,4242.08,4246.68,4237.0,4244.915,9680
2026-08-05T23:00:00+05:30,4244.92,4250.99,4241.03,4248.355,9960
2026-08-05T23:15:00+05:30,4248.315,4252.555,4247.575,4250.36,4980
2026-08-05T23:30:00+05:30,4249.95,4257.615,4249.26,4253.265,8354
2026-08-05T23:45:00+05:30,4253.275,4268.09,4253.035,4263.0,15055
2026-08-06T00:00:00+05:30,4263.02,4263.86,4254.66,4259.455,9199
2026-08-06T00:15:00+05:30,4259.46,4263.71,4258.175,4260.985,5534
2026-08-06T00:30:00+05:30,4261.0,4262.27,4256.235,4258.21,6035
2026-08-06T00:45:00+05:30,4258.245,4258.38,4250.58,4252.975,7800
2026-08-06T01:00:00+05:30,4253.085,4254.265,4248.455,4253.25,5810
2026-08-06T01:15:00+05:30,4253.105,4253.62,4246.405,4247.13,7215
2026-08-06T01:30:00+05:30,4247.08,4249.695,4246.79,4249.23,2904
2026-08-06T01:45:00+05:30,4249.35,4249.76,4245.55,4246.305,4210
2026-08-06T02:00:00+05:30,4246.26,4249.6,4245.23,4245.545,4370
2026-08-06T02:15:00+05:30,4245.48,4247.335,4243.06,4247.275,4274
2026-08-06T03:30:00+05:30,4249.5,4249.715,4245.825,4247.795,3890
2026-08-06T03:45:00+05:30,4247.79,4248.965,4246.99,4248.05,1975
2026-08-06T04:00:00+05:30,4247.955,4250.37,4247.635,4248.345,2734
2026-08-06T04:15:00+05:30,4248.325,4250.385,4247.82,4250.045,2565
2026-08-06T04:30:00+05:30,4250.055,4258.37,4249.12,4256.31,9250
2026-08-06T04:45:00+05:30,4256.26,4264.3,4256.075,4263.62,8225
2026-08-06T05:00:00+05:30,4263.64,4282.05,4261.305,4280.73,20744
2026-08-06T05:15:00+05:30,4280.705,4280.915,4272.155,4278.305,8760
2026-08-06T05:30:00+05:30,4278.315,4278.315,4264.64,4270.915,13674
2026-08-06T05:45:00+05:30,4270.995,4284.755,4270.995,4274.185,13760
2026-08-06T06:00:00+05:30,4274.15,4291.02,4273.98,4286.375,17040
2026-08-06T06:15:00+05:30,4286.395,4300.39,4286.22,4294.985,14170
2026-08-06T06:30:00+05:30,4294.99,4302.74,4280.365,4284.915,22375
2026-08-06T06:45:00+05:30,4284.92,4288.045,4272.98,4276.2,15065
2026-08-06T07:00:00+05:30,4276.21,4297.39,4275.84,4287.68,21550
2026-08-06T07:15:00+05:30,4287.635,4297.415,4282.945,4286.64,14470
2026-08-06T07:30:00+05:30,4286.405,4304.31,4283.515,4295.205,20795
2026-08-06T07:45:00+05:30,4295.22,4300.23,4291.915,4292.285,8314
2026-08-06T08:00:00+05:30,4292.275,4292.49,4281.12,4285.91,11369
2026-08-06T08:15:00+05:30,4285.92,4287.33,4274.93,4278.71,12399
2026-08-06T08:30:00+05:30,4278.735,4280.95,4273.92,4274.05,7029
2026-08-06T08:45:00+05:30,4274.035,4274.035,4260.92,4266.26,13114
2026-08-06T09:00:00+05:30,4266.245,4267.01,4261.575,4262.9,5435
2026-08-06T09:15:00+05:30,4262.905,4265.86,4260.48,4265.795,5380
2026-08-06T09:30:00+05:30,4265.78,4267.27,4262.3,4263.425,4970
2026-08-06T09:45:00+05:30,4263.44,4263.905,4253.045,4255.51,10859
2026-08-06T10:00:00+05:30,4255.5,4261.3,4255.445,4259.25,5855
2026-08-06T10:15:00+05:30,4259.285,4263.065,4258.265,4262.265,4799
2026-08-06T10:30:00+05:30,4262.1,4265.44,4256.56,4259.58,8879
2026-08-06T10:45:00+05:30,4259.605,4259.635,4253.215,4254.03,6420
2026-08-06T11:00:00+05:30,4254.08,4266.09,4247.24,4263.745,18850
2026-08-06T11:15:00+05:30,4263.725,4268.675,4262.21,4267.345,6465
2026-08-06T11:30:00+05:30,4267.325,4268.64,4256.76,4260.48,11880
2026-08-06T11:45:00+05:30,4260.485,4261.37,4254.745,4257.66,6625
2026-08-06T12:00:00+05:30,4257.605,4258.095,4249.39,4256.85,8704
2026-08-06T12:15:00+05:30,4256.805,4258.335,4251.18,4256.225,7154
2026-08-06T12:30:00+05:30,4256.22,4263.89,4253.335,4263.34,10555
2026-08-06T12:45:00+05:30,4263.375,4265.47,4258.385,4261.93,7085
2026-08-06T13:00:00+05:30,4261.925,4262.085,4254.79,4255.025,7295
2026-08-06T13:15:00+05:30,4255.085,4262.97,4252.6,4262.79,10369
2026-08-06T13:30:00+05:30,4262.96,4269.49,4260.345,4269.025,9144
2026-08-06T13:45:00+05:30,4269.0,4270.605,4263.73,4267.965,6875
2026-08-06T14:00:00+05:30,4267.975,4275.08,4266.69,4273.37,8390
2026-08-06T14:15:00+05:30,4273.415,4278.915,4270.615,4278.33,8300
2026-08-06T14:30:00+05:30,4278.405,4283.745,4276.09,4279.96,7654
2026-08-06T14:45:00+05:30,4280.11,4284.885,4278.665,4283.5,6220
2026-08-06T15:00:00+05:30,4283.465,4284.385,4271.905,4271.935,12480
2026-08-06T15:15:00+05:30,4272.005,4276.315,4271.27,4273.16,5044
2026-08-06T15:30:00+05:30,4273.11,4273.7,4268.63,4269.655,5069
2026-08-06T15:45:00+05:30,4269.63,4271.05,4267.3,4269.39,3750
2026-08-06T16:00:00+05:30,4269.485,4269.885,4264.545,4265.475,5340
2026-08-06T16:15:00+05:30,4265.525,4271.635,4264.82,4270.915,6815
2026-08-06T16:30:00+05:30,4270.91,4273.405,4266.68,4269.125,6724
2026-08-06T16:45:00+05:30,4269.19,4271.635,4260.355,4264.39,11280
2026-08-06T17:00:00+05:30,4264.415,4267.09,4259.935,4260.74,7154
2026-08-06T17:15:00+05:30,4260.76,4263.775,4254.26,4263.3,9514
2026-08-06T17:30:00+05:30,4263.305,4265.755,4255.675,4256.405,10079
2026-08-06T17:45:00+05:30,4256.42,4263.11,4253.315,4261.62,9795
2026-08-06T18:00:00+05:30,4261.97,4271.115,4258.245,4266.985,12869
2026-08-06T18:15:00+05:30,4267.055,4267.625,4249.145,4250.27,18479
2026-08-06T18:30:00+05:30,4250.235,4255.93,4230.46,4238.605,25470
2026-08-06T18:45:00+05:30,4238.555,4248.325,4236.01,4247.835,12314
2026-08-06T19:00:00+05:30,4247.855,4274.29,4245.905,4270.16,28385
2026-08-06T19:15:00+05:30,4270.13,4270.325,4262.43,4267.025,7894
2026-08-06T19:30:00+05:30,4267.025,4275.44,4264.12,4268.26,11319
2026-08-06T19:45:00+05:30,4268.27,4269.01,4260.255,4265.35,8755
2026-08-06T20:00:00+05:30,4265.355,4274.945,4265.355,4273.635,9590
2026-08-06T20:15:00+05:30,4273.63,4275.37,4262.78,4273.055,12590
2026-08-06T20:30:00+05:30,4273.065,4274.39,4261.975,4263.885,12414
2026-08-06T20:45:00+05:30,4263.965,4263.965,4250.725,4254.995,13239
2026-08-06T21:00:00+05:30,4255.025,4255.73,4246.07,4251.595,9659
2026-08-06T21:15:00+05:30,4251.645,4251.8,4229.505,4233.82,22295
2026-08-06T21:30:00+05:30,4233.815,4243.18,4230.84,4232.97,12340
2026-08-06T21:45:00+05:30,4232.945,4233.03,4223.505,4230.23,9524
2026-08-06T22:00:00+05:30,4230.185,4236.225,4230.15,4233.71,6075
2026-08-06T22:15:00+05:30,4233.715,4242.615,4231.9,4241.525,10715
2026-08-06T22:30:00+05:30,4241.51,4244.615,4239.54,4240.945,5074
2026-08-06T22:45:00+05:30,4240.98,4242.745,4238.545,4241.76,4199
2026-08-06T23:00:00+05:30,4241.785,4243.58,4238.605,4242.04,4975
2026-08-06T23:15:00+05:30,4242.095,4248.2,4240.455,4247.27,7744
2026-08-06T23:30:00+05:30,4247.345,4249.165,4244.18,4246.92,4984
2026-08-06T23:45:00+05:30,4246.975,4249.74,4246.195,4246.84,3545
2026-08-07T00:00:00+05:30,4246.785,4247.93,4240.755,4241.855,7175
2026-08-07T00:15:00+05:30,4241.86,4245.745,4240.815,4243.535,4930
2026-08-07T00:30:00+05:30,4243.56,4251.385,4243.1,4247.57,8284
2026-08-07T00:45:00+05:30,4247.47,4248.6,4235.245,4237.465,13355
2026-08-07T01:00:00+05:30,4237.48,4239.79,4233.12,4234.77,6670
2026-08-07T01:15:00+05:30,4234.76,4250.845,4234.76,4248.95,16085
2026-08-07T01:30:00+05:30,4248.81,4250.215,4242.835,4244.555,7380
2026-08-07T01:45:00+05:30,4244.55,4245.61,4240.005,4241.9,5604
2026-08-07T02:00:00+05:30,4241.935,4242.5,4235.105,4235.365,7395
2026-08-07T02:15:00+05:30,4235.155,4242.065,4234.78,4240.75,7284
2026-08-07T03:30:00+05:30,4236.61,4239.195,4236.605,4239.195,2590
2026-08-07T03:45:00+05:30,4239.2,4243.5,4239.12,4242.39,4380
2026-08-07T04:00:00+05:30,4242.395,4243.445,4239.03,4239.37,4414
2026-08-07T04:15:00+05:30,4239.36,4242.885,4238.885,4240.83,4000
2026-08-07T04:30:00+05:30,4240.555,4245.785,4240.36,4245.37,5425
2026-08-07T04:45:00+05:30,4245.34,4246.265,4243.19,4245.405,3075
2026-08-07T05:00:00+05:30,4245.415,4248.84,4244.95,4246.725,3890
2026-08-07T05:15:00+05:30,4246.735,4253.245,4245.88,4252.425,7364
2026-08-07T05:30:00+05:30,4252.42,4253.015,4243.525,4245.0,9490
2026-08-07T05:45:00+05:30,4244.98,4246.35,4239.255,4244.025,7095
2026-08-07T06:00:00+05:30,4244.02,4244.03,4230.395,4234.89,13634
2026-08-07T06:15:00+05:30,4234.87,4237.06,4229.875,4232.9,7185
2026-08-07T06:30:00+05:30,4232.925,4246.87,4231.59,4244.34,15279
2026-08-07T06:45:00+05:30,4244.405,4250.32,4240.245,4243.48,10074
2026-08-07T07:00:00+05:30,4243.485,4258.905,4239.335,4256.905,19569
2026-08-07T07:15:00+05:30,4256.9,4259.365,4251.965,4256.97,7399
2026-08-07T07:30:00+05:30,4256.955,4261.785,4256.245,4258.8,5539
2026-08-07T07:45:00+05:30,4258.79,4261.355,4257.56,4260.92,3794
2026-08-07T08:00:00+05:30,4261.0,4261.73,4249.805,4249.805,11924
2026-08-07T08:15:00+05:30,4249.81,4256.185,4247.21,4250.36,8975
2026-08-07T08:30:00+05:30,4250.39,4259.505,4249.57,4254.82,9935
2026-08-07T08:45:00+05:30,4254.75,4258.885,4251.935,4258.775,6949
2026-08-07T09:00:00+05:30,4258.765,4261.4,4257.725,4260.8,3674
2026-08-07T09:15:00+05:30,4260.785,4266.545,4259.285,4266.265,7260
2026-08-07T09:30:00+05:30,4266.245,4269.215,4262.24,4266.125,6975
2026-08-07T09:45:00+05:30,4266.12,4268.455,4261.945,4265.11,6510
2026-08-07T10:00:00+05:30,4264.99,4268.635,4260.81,4264.055,7824
2026-08-07T10:15:00+05:30,4264.09,4267.385,4262.385,4265.045,5000
2026-08-07T10:30:00+05:30,4264.995,4271.55,4262.1,4269.31,9449
2026-08-07T10:45:00+05:30,4269.28,4270.78,4264.795,4266.76,5984
2026-08-07T11:00:00+05:30,4266.8,4277.545,4266.09,4271.56,11454
2026-08-07T11:15:00+05:30,4271.545,4280.635,4271.545,4278.815,9090
2026-08-07T11:30:00+05:30,4278.875,4291.52,4278.535,4286.775,12985
2026-08-07T11:45:00+05:30,4286.755,4291.49,4283.26,4283.435,8229
2026-08-07T12:00:00+05:30,4283.445,4294.93,4280.24,4292.2,14690
2026-08-07T12:15:00+05:30,4292.205,4298.945,4288.915,4297.275,10029
2026-08-07T12:30:00+05:30,4297.3,4298.095,4290.365,4291.31,7730
2026-08-07T12:45:00+05:30,4291.325,4292.84,4284.72,4285.475,8119
2026-08-07T13:00:00+05:30,4285.47,4288.88,4283.92,4285.295,4960
2026-08-07T13:15:00+05:30,4285.245,4291.325,4282.99,4290.18,8335
2026-08-07T13:30:00+05:30,4290.17,4300.605,4289.13,4299.805,11474
2026-08-07T13:45:00+05:30,4299.81,4300.805,4293.435,4295.12,7369
2026-08-07T14:00:00+05:30,4295.155,4316.735,4294.14,4309.25,22594
2026-08-07T14:15:00+05:30,4309.36,4311.67,4303.34,4306.245,8329
2026-08-07T14:30:00+05:30,4306.25,4307.455,4304.655,4306.065,2800
2026-08-07T14:45:00+05:30,4306.055,4311.1,4304.855,4306.96,6245
2026-08-07T15:00:00+05:30,4307.005,4318.48,4302.29,4317.525,16189
2026-08-07T15:15:00+05:30,4317.605,4320.865,4314.425,4316.08,6439
2026-08-07T15:30:00+05:30,4316.075,4319.385,4308.09,4308.29,11295
2026-08-07T15:45:00+05:30,4308.28,4314.48,4308.205,4313.785,6274
2026-08-07T16:00:00+05:30,4313.815,4318.315,4313.2,4316.875,5114
2026-08-07T16:15:00+05:30,4316.885,4320.695,4316.46,4316.97,4234
2026-08-07T16:30:00+05:30,4316.965,4326.405,4316.9,4320.39,9505
2026-08-07T16:45:00+05:30,4320.385,4327.405,4317.29,4325.07,10114
2026-08-07T17:00:00+05:30,4325.14,4327.745,4320.825,4322.885,6920
2026-08-07T17:15:00+05:30,4322.805,4327.025,4320.87,4321.245,6154
2026-08-07T17:30:00+05:30,4321.24,4325.55,4314.975,4315.16,10574
2026-08-07T17:45:00+05:30,4315.14,4317.44,4301.015,4309.88,16424
2026-08-07T18:00:00+05:30,4309.94,4370.8,4309.905,4367.055,60895
2026-08-07T18:15:00+05:30,4367.1,4371.84,4355.655,4361.425,16185
2026-08-07T18:30:00+05:30,4361.415,4364.365,4346.125,4347.99,18239
2026-08-07T18:45:00+05:30,4348.005,4358.115,4338.98,4356.4,19135
2026-08-07T19:00:00+05:30,4356.395,4368.01,4350.8,4358.55,17210
2026-08-07T19:15:00+05:30,4358.545,4360.035,4342.37,4348.255,17664
2026-08-07T19:30:00+05:30,4348.265,4349.065,4327.455,4334.595,21609
2026-08-07T19:45:00+05:30,4334.6,4353.025,4330.515,4348.865,22509
2026-08-07T20:00:00+05:30,4348.875,4350.68,4342.22,4344.185,8460
2026-08-07T20:15:00+05:30,4344.235,4349.015,4340.335,4341.605,8680
2026-08-07T20:30:00+05:30,4341.615,4356.08,4340.385,4355.53,15694
2026-08-07T20:45:00+05:30,4355.53,4358.545,4351.22,4351.495,7324
2026-08-07T21:00:00+05:30,4351.51,4353.985,4347.235,4349.6,6750
2026-08-07T21:15:00+05:30,4349.64,4351.865,4339.895,4341.13,11969
2026-08-07T21:30:00+05:30,4341.185,4349.72,4338.735,4347.46,10985
2026-08-07T21:45:00+05:30,4347.45,4349.745,4334.42,4337.655,15324
2026-08-07T22:00:00+05:30,4337.645,4342.13,4332.74,4338.735,9390
2026-08-07T22:15:00+05:30,4338.73,4342.31,4329.28,4329.305,13030
2026-08-07T22:30:00+05:30,4329.3,4338.585,4327.865,4335.75,10720
2026-08-07T22:45:00+05:30,4335.675,4342.255,4333.905,4339.735,8350
2026-08-07T23:00:00+05:30,4339.71,4340.205,4329.845,4336.275,10359
2026-08-07T23:15:00+05:30,4336.27,4343.15,4335.035,4340.275,8114
2026-08-07T23:30:00+05:30,4340.325,4343.03,4334.905,4335.06,8125
2026-08-07T23:45:00+05:30,4335.08,4338.035,4332.255,4334.535,5779
2026-08-08T00:00:00+05:30,4334.565,4339.08,4333.43,4334.355,5649
2026-08-08T00:15:00+05:30,4334.315,4337.6,4333.22,4335.695,4380
2026-08-08T00:30:00+05:30,4335.7,4345.795,4335.565,4343.57,10230
2026-08-08T00:45:00+05:30,4343.585,4350.41,4342.995,4348.63,7414
2026-08-08T01:00:00+05:30,4348.6,4348.875,4344.355,4347.96,4520
2026-08-08T01:15:00+05:30,4347.95,4349.535,4340.09,4344.08,9444
2026-08-08T01:30:00+05:30,4344.12,4345.38,4338.14,4342.54,7239
2026-08-08T01:45:00+05:30,4342.525,4343.035,4337.21,4337.855,5824
2026-08-08T02:00:00+05:30,4337.82,4342.38,4336.015,4341.525,6364
2026-08-08T02:15:00+05:30,4341.39,4343.46,4339.085,4341.935,4375
2026-08-10T03:30:00+05:30,4340.28,4346.235,4334.605,4343.645,11630
2026-08-10T03:45:00+05:30,4343.6,4344.755,4338.425,4343.76,6329
2026-08-10T04:00:00+05:30,4343.765,4345.265,4340.085,4340.33,5180
2026-08-10T04:15:00+05:30,4340.315,4344.11,4340.06,4341.59,4049
2026-08-10T04:30:00+05:30,4341.605,4347.68,4341.15,4346.45,6530
2026-08-10T04:45:00+05:30,4346.465,4349.11,4344.12,4346.385,4989
2026-08-10T05:00:00+05:30,4346.31,4347.375,4340.175,4342.35,7199
2026-08-10T05:15:00+05:30,4342.365,4343.55,4332.32,4333.115,11230
2026-08-10T05:30:00+05:30,4333.075,4347.215,4332.81,4344.4,14404
2026-08-10T05:45:00+05:30,4344.51,4345.955,4337.36,4337.78,8595
2026-08-10T06:00:00+05:30,4337.7,4339.43,4333.74,4334.47,5690
2026-08-10T06:15:00+05:30,4334.5,4337.515,4330.84,4332.21,6675
2026-08-10T06:30:00+05:30,4332.27,4340.655,4322.055,4322.975,18599
2026-08-10T06:45:00+05:30,4322.965,4328.3,4316.47,4316.515,11829
2026-08-10T07:00:00+05:30,4316.48,4321.24,4313.43,4317.465,7809
2026-08-10T07:15:00+05:30,4317.455,4324.27,4316.1,4322.67,8170
2026-08-10T07:30:00+05:30,4322.695,4325.935,4318.79,4324.68,7145
2026-08-10T07:45:00+05:30,4324.685,4332.405,4323.595,4330.94,8809
2026-08-10T08:00:00+05:30,4330.93,4332.345,4323.28,4326.51,9065
2026-08-10T08:15:00+05:30,4326.58,4327.325,4318.81,4319.735,8514
2026-08-10T08:30:00+05:30,4319.72,4321.395,4317.805,4320.165,3590
2026-08-10T08:45:00+05:30,4320.18,4328.445,4319.695,4327.355,8750
2026-08-10T09:00:00+05:30,4327.34,4330.025,4324.9,4325.28,5125
2026-08-10T09:15:00+05:30,4325.23,4328.04,4324.2,4326.735,3840
2026-08-10T09:30:00+05:30,4326.79,4332.86,4323.21,4332.45,9649
2026-08-10T09:45:00+05:30,4332.49,4337.745,4330.895,4334.875,6849
2026-08-10T10:00:00+05:30,4334.825,4336.325,4329.99,4332.41,6335
2026-08-10T10:15:00+05:30,4332.405,4339.64,4332.145,4339.535,7494
2026-08-10T10:30:00+05:30,4339.475,4339.85,4333.485,4335.07,6365
2026-08-10T10:45:00+05:30,4335.095,4336.53,4332.88,4333.97,3649
2026-08-10T11:00:00+05:30,4333.925,4344.425,4331.74,4343.73,12685
2026-08-10T11:15:00+05:30,4343.725,4352.41,4340.75,4347.405,11659
2026-08-10T11:30:00+05:30,4347.475,4350.295,4341.97,4347.34,8324
2026-08-10T11:45:00+05:30,4347.31,4349.81,4342.705,4348.43,7105
2026-08-10T12:00:00+05:30,4348.42,4356.1,4346.12,4355.37,9980
2026-08-10T12:15:00+05:30,4355.375,4359.935,4355.185,4358.31,4750
2026-08-10T12:30:00+05:30,4358.22,4358.965,4350.23,4351.29,8735
2026-08-10T12:45:00+05:30,4351.295,4359.03,4350.645,4355.145,8384
2026-08-10T13:00:00+05:30,4355.095,4360.1,4352.61,4359.475,7490
2026-08-10T13:15:00+05:30,4359.46,4362.06,4354.775,4355.46,7285
2026-08-10T13:30:00+05:30,4355.445,4356.465,4351.645,4354.635,4819
2026-08-10T13:45:00+05:30,4354.7,4356.44,4352.37,4355.715,4069
2026-08-10T14:00:00+05:30,4355.675,4356.76,4345.8,4346.315,10960
2026-08-10T14:15:00+05:30,4346.31,4349.13,4343.905,4346.65,5225
2026-08-10T14:30:00+05:30,4346.715,4350.07,4345.75,4349.835,4319
2026-08-10T14:45:00+05:30,4349.845,4349.92,4344.8,4346.985,5119
2026-08-10T15:00:00+05:30,4346.945,4346.945,4340.395,4344.275,6549
2026-08-10T15:15:00+05:30,4344.16,4345.44,4340.915,4341.29,4524
2026-08-10T15:30:00+05:30,4341.34,4341.635,4339.295,4340.735,2340
2026-08-10T15:45:00+05:30,4340.715,4344.275,4339.41,4343.66,4864
2026-08-10T16:00:00+05:30,4343.665,4344.18,4337.805,4337.94,6375
2026-08-10T16:15:00+05:30,4337.91,4340.68,4335.45,4335.75,5230
2026-08-10T16:30:00+05:30,4335.78,4336.825,4329.43,4331.655,7394
2026-08-10T16:45:00+05:30,4331.45,4336.45,4329.045,4334.7,7404
2026-08-10T17:00:00+05:30,4334.69,4339.535,4334.595,4337.4,4939
2026-08-10T17:15:00+05:30,4337.45,4338.02,4332.12,4335.12,5900
2026-08-10T17:30:00+05:30,4335.095,4337.635,4331.215,4331.925,6420
2026-08-10T17:45:00+05:30,4331.98,4332.735,4324.125,4327.82,8609
2026-08-10T18:00:00+05:30,4327.745,4332.71,4326.43,4329.22,6279
2026-08-10T18:15:00+05:30,4329.225,4335.68,4328.815,4332.625,6865
2026-08-10T18:30:00+05:30,4332.66,4337.935,4326.045,4337.345,11890
2026-08-10T18:45:00+05:30,4337.355,4337.715,4329.08,4335.115,8635
2026-08-10T19:00:00+05:30,4335.19,4340.165,4330.105,4331.035,10060
2026-08-10T19:15:00+05:30,4331.04,4332.08,4316.675,4317.985,15404
2026-08-10T19:30:00+05:30,4317.98,4331.13,4317.965,4330.195,13164
2026-08-10T19:45:00+05:30,4330.205,4348.185,4328.565,4345.62,19620
2026-08-10T20:00:00+05:30,4345.645,4352.04,4344.725,4349.48,7314
2026-08-10T20:15:00+05:30,4349.49,4350.715,4342.655,4345.435,8060
2026-08-10T20:30:00+05:30,4345.6,4352.09,4343.325,4346.985,8765
2026-08-10T20:45:00+05:30,4346.97,4352.435,4345.905,4349.245,6530
2026-08-10T21:00:00+05:30,4349.26,4351.945,4347.895,4350.315,4049
2026-08-10T21:15:00+05:30,4350.295,4359.545,4348.645,4358.51,10899
2026-08-10T21:30:00+05:30,4358.53,4364.8,4356.835,4361.425,7965
2026-08-10T21:45:00+05:30,4361.44,4364.59,4360.93,4362.695,3659
2026-08-10T22:00:00+05:30,4362.7,4363.005,4349.19,4351.785,13815
2026-08-10T22:15:00+05:30,4351.835,4357.025,4351.705,4356.845,5319
2026-08-10T22:30:00+05:30,4356.855,4358.28,4351.75,4357.115,6529
2026-08-10T22:45:00+05:30,4356.99,4361.27,4356.455,4361.14,4815
2026-08-10T23:00:00+05:30,4361.085,4365.315,4359.565,4360.38,5750
2026-08-10T23:15:00+05:30,4360.375,4361.3,4357.655,4360.23,3645
2026-08-10T23:30:00+05:30,4360.3,4365.315,4359.84,4363.195,5474
2026-08-10T23:45:00+05:30,4363.22,4367.22,4361.505,4365.9,5715
2026-08-11T00:00:00+05:30,4365.935,4383.05,4365.17,4379.72,17880
2026-08-11T00:15:00+05:30,4379.745,4379.875,4373.46,4378.49,6414
2026-08-11T00:30:00+05:30,4378.495,4382.96,4378.495,4382.115,4465
2026-08-11T00:45:00+05:30,4382.12,4391.665,4381.37,4390.81,10295
2026-08-11T01:00:00+05:30,4390.845,4394.115,4384.42,4388.265,9694
2026-08-11T01:15:00+05:30,4388.275,4395.385,4387.36,4388.555,8025
2026-08-11T01:30:00+05:30,4388.55,4390.75,4386.005,4389.275,4744
2026-08-11T01:45:00+05:30,4389.31,4392.06,4386.63,4391.09,5430
2026-08-11T02:00:00+05:30,4391.1,4392.135,4389.95,4389.95,2185
2026-08-11T02:15:00+05:30,4389.92,4390.77,4388.765,4390.235,2005
2026-08-11T03:30:00+05:30,4389.775,4392.95,4389.34,4391.37,3609
2026-08-11T03:45:00+05:30,4391.35,4393.58,4390.925,4392.09,2654
2026-08-11T04:00:00+05:30,4392.14,4396.225,4392.085,4395.36,4140
2026-08-11T04:15:00+05:30,4395.355,4401.065,4395.3,4399.895,5764
2026-08-11T04:30:00+05:30,4399.935,4402.25,4395.77,4397.46,6479
2026-08-11T04:45:00+05:30,4397.425,4397.485,4394.7,4395.47,2784
2026-08-11T05:00:00+05:30,4395.465,4398.97,4395.305,4398.79,3664
2026-08-11T05:15:00+05:30,4398.775,4402.715,4396.465,4402.355,6250
2026-08-11T05:30:00+05:30,4402.41,4409.125,4396.44,4405.695,12685
2026-08-11T05:45:00+05:30,4405.67,4416.36,4404.735,4414.08,11625
2026-08-11T06:00:00+05:30,4414.1,4414.285,4407.615,4414.265,6670
2026-08-11T06:15:00+05:30,4414.28,4419.335,4408.435,4409.495,10899
2026-08-11T06:30:00+05:30,4409.49,4415.435,4393.78,4414.77,21655
2026-08-11T06:45:00+05:30,4414.78,4420.38,4412.845,4419.425,7534
2026-08-11T07:00:00+05:30,4419.43,4422.365,4415.185,4415.305,7179
2026-08-11T07:15:00+05:30,4415.425,4434.265,4414.7,4429.815,19565
2026-08-11T07:30:00+05:30,4429.705,4434.59,4421.79,4433.995,12800
2026-08-11T07:45:00+05:30,4434.02,4435.245,4426.205,4428.63,9039
2026-08-11T08:00:00+05:30,4428.635,4429.305,4414.02,4418.615,15284
2026-08-11T08:15:00+05:30,4418.63,4419.2,4408.09,4410.975,11109
2026-08-11T08:30:00+05:30,4410.96,4415.46,4409.835,4413.57,5625
2026-08-11T08:45:00+05:30,4413.61,4420.86,4413.005,4420.48,7854
2026-08-11T09:00:00+05:30,4420.38,4421.675,4415.7,4416.135,5975
2026-08-11T09:15:00+05:30,4416.13,4419.0,4414.225,4416.9,4774
2026-08-11T09:30:00+05:30,4416.895,4419.685,4412.19,4414.03,7495
2026-08-11T09:45:00+05:30,4414.045,4415.865,4409.975,4415.39,5889
2026-08-11T10:00:00+05:30,4415.385,4420.5,4408.345,4410.22,12154
2026-08-11T10:15:00+05:30,4410.225,4411.595,4403.49,4409.005,8105
2026-08-11T10:30:00+05:30,4408.995,4409.15,4399.345,4402.26,9804
2026-08-11T10:45:00+05:30,4402.16,4402.265,4390.875,4392.42,11390
2026-08-11T11:00:00+05:30,4392.05,4392.235,4372.695,4377.28,19539
2026-08-11T11:15:00+05:30,4377.295,4378.34,4367.52,4375.47,10819
2026-08-11T11:30:00+05:30,4375.47,4382.7,4371.83,4372.885,10869
2026-08-11T11:45:00+05:30,4372.875,4376.235,4362.09,4363.58,14144
2026-08-11T12:00:00+05:30,4363.59,4369.45,4359.865,4363.67,9585
2026-08-11T12:15:00+05:30,4363.815,4367.68,4359.675,4366.315,8005
2026-08-11T12:30:00+05:30,4366.335,4367.97,4361.29,4363.28,6680
2026-08-11T12:45:00+05:30,4363.275,4366.015,4357.51,4363.045,8505
2026-08-11T13:00:00+05:30,4363.115,4364.89,4356.845,4358.725,8045
2026-08-11T13:15:00+05:30,4358.825,4361.635,4356.7,4357.655,4935
2026-08-11T13:30:00+05:30,4357.635,4366.755,4357.0,4365.175,9755
2026-08-11T13:45:00+05:30,4365.18,4369.91,4359.14,4369.38,10769
2026-08-11T14:00:00+05:30,4369.265,4376.075,4368.89,4374.91,7184
2026-08-11T14:15:00+05:30,4374.935,4376.765,4369.27,4369.29,7494
2026-08-11T14:30:00+05:30,4369.245,4373.175,4367.675,4372.61,5500
2026-08-11T14:45:00+05:30,4372.62,4375.655,4370.795,4372.045,4859
2026-08-11T15:00:00+05:30,4372.02,4375.16,4370.17,4370.58,4989
2026-08-11T15:15:00+05:30,4370.585,4374.845,4370.51,4372.505,4335
2026-08-11T15:30:00+05:30,4372.57,4376.18,4371.37,4373.265,4810
2026-08-11T15:45:00+05:30,4373.38,4381.955,4372.425,4378.46,9529
2026-08-11T16:00:00+05:30,4378.425,4381.05,4377.025,4377.835,4025
2026-08-11T16:15:00+05:30,4377.81,4382.77,4377.72,4382.56,5050
2026-08-11T16:30:00+05:30,4382.485,4393.11,4380.565,4391.62,12545
2026-08-11T16:45:00+05:30,4391.725,4392.56,4385.29,4387.48,7270
2026-08-11T17:00:00+05:30,4387.51,4388.27,4383.19,4386.24,5080
2026-08-11T17:15:00+05:30,4386.215,4390.055,4384.995,4387.8,5060
2026-08-11T17:30:00+05:30,4387.8,4397.63,4383.875,4397.025,13755
2026-08-11T17:45:00+05:30,4397.07,4399.8,4387.645,4391.36,12154
2026-08-11T18:00:00+05:30,4391.425,4398.73,4388.905,4398.725,9824
2026-08-11T18:15:00+05:30,4398.74,4400.185,4392.19,4392.53,7995
2026-08-11T18:30:00+05:30,4392.52,4400.98,4391.965,4393.84,9014
2026-08-11T18:45:00+05:30,4393.835,4400.875,4389.63,4397.91,11244
2026-08-11T19:00:00+05:30,4397.92,4401.84,4388.99,4399.78,12850
2026-08-11T19:15:00+05:30,4399.915,4404.29,4384.645,4389.5,19644
2026-08-11T19:30:00+05:30,4389.35,4390.11,4381.29,4387.005,8819
2026-08-11T19:45:00+05:30,4386.985,4390.265,4381.645,4384.0,8619
2026-08-11T20:00:00+05:30,4384.055,4395.32,4384.055,4393.5,11264
2026-08-11T20:15:00+05:30,4393.525,4397.99,4391.87,4394.125,6119
2026-08-11T20:30:00+05:30,4394.175,4398.83,4389.285,4392.365,9545
2026-08-11T20:45:00+05:30,4392.37,4392.37,4382.02,4386.87,10349
2026-08-11T21:00:00+05:30,4386.895,4387.1,4369.15,4375.925,17950
2026-08-11T21:15:00+05:30,4375.915,4383.95,4375.035,4383.905,8914
2026-08-11T21:30:00+05:30,4383.92,4384.95,4378.765,4379.535,6184
2026-08-11T21:45:00+05:30,4379.64,4383.49,4378.52,4383.105,4969
2026-08-11T22:00:00+05:30,4383.1,4385.9,4379.335,4384.81,6564
2026-08-11T22:15:00+05:30,4384.815,4385.62,4381.115,4383.46,4505
2026-08-11T22:30:00+05:30,4383.5,4385.765,4381.165,4381.165,4600
2026-08-11T22:45:00+05:30,4381.245,4384.51,4379.035,4381.485,5475
2026-08-11T23:00:00+05:30,4381.565,4382.095,4374.39,4376.32,7704
2026-08-11T23:15:00+05:30,4376.285,4377.72,4368.935,4369.19,8784
2026-08-11T23:30:00+05:30,4369.225,4369.405,4360.295,4363.825,9109
2026-08-11T23:45:00+05:30,4363.765,4367.39,4360.495,4361.415,6895
2026-08-12T00:00:00+05:30,4361.4,4371.785,4361.225,4371.09,10559
2026-08-12T00:15:00+05:30,4371.1,4372.69,4370.115,4371.59,2574
2026-08-12T00:30:00+05:30,4371.655,4372.29,4363.5,4363.945,8789
2026-08-12T00:45:00+05:30,4363.95,4370.995,4361.265,4370.465,9729
2026-08-12T01:00:00+05:30,4370.47,4374.28,4366.48,4367.645,7800
2026-08-12T01:15:00+05:30,4367.685,4373.41,4366.325,4370.745,7085
2026-08-12T01:30:00+05:30,4370.78,4371.225,4368.56,4370.42,2664
2026-08-12T01:45:00+05:30,4370.445,4371.115,4367.75,4370.2,3364
2026-08-12T02:00:00+05:30,4370.27,4370.47,4367.48,4367.525,2990
2026-08-12T02:15:00+05:30,4367.47,4368.925,4367.18,4368.245,1744
2026-08-12T03:30:00+05:30,4372.355,4375.49,4372.115,4373.995,3375
2026-08-12T03:45:00+05:30,4374.035,4377.215,4373.46,4376.72,3755
2026-08-12T04:00:00+05:30,4376.71,4378.145,4374.88,4376.35,3265
2026-08-12T04:15:00+05:30,4376.38,4378.52,4367.28,4369.2,11240
2026-08-12T04:30:00+05:30,4369.19,4369.895,4362.655,4366.58,7240
2026-08-12T04:45:00+05:30,4366.425,4374.77,4365.265,4373.06,9505
2026-08-12T05:00:00+05:30,4373.01,4373.055,4366.76,4367.975,6295
2026-08-12T05:15:00+05:30,4367.995,4372.075,4367.995,4371.645,4079
2026-08-12T05:30:00+05:30,4371.65,4379.495,4366.54,4378.17,12954
2026-08-12T05:45:00+05:30,4378.105,4381.205,4374.25,4380.675,6954
2026-08-12T06:00:00+05:30,4380.66,4383.8,4379.32,4382.955,4480
2026-08-12T06:15:00+05:30,4382.94,4383.28,4377.595,4380.5,5684
2026-08-12T06:30:00+05:30,4380.585,4390.775,4378.445,4390.405,12329
2026-08-12T06:45:00+05:30,4390.54,4394.165,4386.73,4390.65,7435
2026-08-12T07:00:00+05:30,4390.63,4393.315,4385.225,4393.15,8089
2026-08-12T07:15:00+05:30,4393.18,4397.42,4391.22,4396.5,6199
2026-08-12T07:30:00+05:30,4396.505,4404.7,4394.21,4401.84,10489
2026-08-12T07:45:00+05:30,4401.825,4403.82,4399.54,4402.105,4279
2026-08-12T08:00:00+05:30,4402.11,4408.315,4397.655,4405.46,10659
2026-08-12T08:15:00+05:30,4405.45,4414.5,4405.235,4411.32,9265
2026-08-12T08:30:00+05:30,4411.355,4416.25,4408.585,4410.895,7664
2026-08-12T08:45:00+05:30,4410.85,4410.9,4404.53,4407.41,6369
2026-08-12T09:00:00+05:30,4407.34,4408.675,4401.285,4401.375,7390
2026-08-12T09:15:00+05:30,4401.38,4403.955,4401.065,4402.36,2890
2026-08-12T09:30:00+05:30,4402.365,4403.425,4396.7,4397.54,6725
2026-08-12T09:45:00+05:30,4397.53,4399.53,4395.61,4399.175,3920
2026-08-12T10:00:00+05:30,4399.18,4400.295,4395.44,4400.26,4855
2026-08-12T10:15:00+05:30,4400.27,4402.44,4399.25,4401.175,3189
2026-08-12T10:30:00+05:30,4401.125,4404.88,4400.32,4401.03,4560
2026-08-12T10:45:00+05:30,4401.02,4401.085,4392.58,4392.79,8505
2026-08-12T11:00:00+05:30,4392.555,4397.21,4388.095,4388.105,9114
2026-08-12T11:15:00+05:30,4388.09,4394.16,4384.02,4391.025,10139
2026-08-12T11:30:00+05:30,4391.01,4393.1,4385.235,4387.26,7865
2026-08-12T11:45:00+05:30,4387.235,4390.585,4385.85,4389.875,4734
2026-08-12T12:00:00+05:30,4389.865,4397.485,4388.54,4394.67,8944
2026-08-12T12:15:00+05:30,4394.68,4406.445,4394.675,4403.545,11769
2026-08-12T12:30:00+05:30,4403.535,4406.165,4400.985,4401.585,5180
2026-08-12T12:45:00+05:30,4401.61,4402.895,4398.345,4402.555,4550
2026-08-12T13:00:00+05:30,4402.535,4408.54,4401.555,4407.85,6984
2026-08-12T13:15:00+05:30,4407.845,4410.145,4404.87,4406.355,5275
2026-08-12T13:30:00+05:30,4406.355,4410.545,4405.995,4408.675,4550
2026-08-12T13:45:00+05:30,4408.605,4409.525,4405.745,4407.115,3779
2026-08-12T14:00:00+05:30,4407.105,4407.675,4404.56,4406.24,3114
2026-08-12T14:15:00+05:30,4406.23,4406.235,4401.8,4401.895,4434
2026-08-12T14:30:00+05:30,4401.95,4413.215,4401.925,4413.045,11289
2026-08-12T14:45:00+05:30,4413.13,4424.46,4412.58,4413.315,11880
2026-08-12T15:00:00+05:30,4413.215,4417.24,4412.06,4413.795,5179
2026-08-12T15:15:00+05:30,4413.86,4416.785,4410.945,4416.055,5840
2026-08-12T15:30:00+05:30,4416.09,4419.36,4414.68,4417.905,4679
2026-08-12T15:45:00+05:30,4417.975,4421.025,4417.5,4419.795,3524
2026-08-12T16:00:00+05:30,4419.63,4420.035,4412.89,4414.835,7144
2026-08-12T16:15:00+05:30,4414.745,4415.8,4407.575,4412.88,8225
2026-08-12T16:30:00+05:30,4412.885,4415.415,4407.995,4408.1,7420
2026-08-12T16:45:00+05:30,4408.15,4416.805,4408.085,4415.105,8720
2026-08-12T17:00:00+05:30,4415.06,4415.925,4410.305,4413.305,5619
2026-08-12T17:15:00+05:30,4413.285,4415.635,4412.73,4412.935,2905
2026-08-12T17:30:00+05:30,4412.955,4413.235,4406.485,4408.87,6750
2026-08-12T17:45:00+05:30,4408.745,4427.625,4404.855,4427.49,22770
2026-08-12T18:00:00+05:30,4427.57,4438.305,4382.485,4428.425,55820
2026-08-12T18:15:00+05:30,4428.405,4438.115,4416.75,4437.37,21364
2026-08-12T18:30:00+05:30,4437.37,4441.315,4420.835,4421.95,20479
2026-08-12T18:45:00+05:30,4422.015,4429.1,4414.595,4418.575,14505
2026-08-12T19:00:00+05:30,4418.585,4421.08,4408.65,4416.57,12430
2026-08-12T19:15:00+05:30,4416.565,4434.035,4415.465,4427.53,18569
2026-08-12T19:30:00+05:30,4427.535,4434.87,4421.08,4431.84,13789
2026-08-12T19:45:00+05:30,4431.835,4439.75,4429.975,4431.63,9774
2026-08-12T20:00:00+05:30,4431.64,4436.255,4416.545,4425.13,19710
2026-08-12T20:15:00+05:30,4425.16,4432.525,4416.62,4422.16,15904
2026-08-12T20:30:00+05:30,4422.245,4430.14,4415.045,4426.645,15095
2026-08-12T20:45:00+05:30,4426.67,4428.17,4419.76,4421.69,8409
2026-08-12T21:00:00+05:30,4421.71,4425.565,4416.945,4418.185,8619
2026-08-12T21:15:00+05:30,4418.18,4422.52,4411.145,4421.17,11375
2026-08-12T21:30:00+05:30,4421.145,4425.85,4416.84,4423.56,9010
2026-08-12T21:45:00+05:30,4423.54,4426.57,4422.44,4423.25,4130
2026-08-12T22:00:00+05:30,4423.23,4423.92,4409.435,4411.08,14484
2026-08-12T22:15:00+05:30,4411.07,4411.43,4396.575,4401.68,14855
2026-08-12T22:30:00+05:30,4401.685,4407.705,4400.05,4403.815,7654
2026-08-12T22:45:00+05:30,4403.82,4409.885,4402.14,4406.655,7744
2026-08-12T23:00:00+05:30,4406.72,4411.575,4401.435,4402.05,10139
2026-08-12T23:15:00+05:30,4402.055,4405.68,4399.135,4399.62,6545
2026-08-12T23:30:00+05:30,4399.625,4406.77,4396.575,4405.92,10195
2026-08-12T23:45:00+05:30,4405.99,4411.33,4404.73,4408.655,6600
2026-08-13T00:00:00+05:30,4408.64,4413.84,4408.06,4413.775,5779
2026-08-13T00:15:00+05:30,4413.745,4418.005,4412.905,4413.165,5100
2026-08-13T00:30:00+05:30,4413.185,4418.475,4412.97,4416.49,5505
2026-08-13T00:45:00+05:30,4416.45,4418.115,4415.79,4416.865,2324
2026-08-13T01:00:00+05:30,4416.895,4416.925,4411.435,4413.335,5489
2026-08-13T01:15:00+05:30,4413.285,4414.23,4408.335,4414.08,5894
2026-08-13T01:30:00+05:30,4413.99,4414.37,4408.83,4409.08,5539
2026-08-13T01:45:00+05:30,4409.095,4410.02,4406.725,4407.925,3295
2026-08-13T02:00:00+05:30,4407.885,4408.895,4406.88,4408.05,2015
2026-08-13T02:15:00+05:30,4408.13,4409.035,4406.755,4408.525,2279
2026-08-13T03:30:00+05:30,4405.785,4405.8,4402.565,4403.27,3235
2026-08-13T03:45:00+05:30,4403.235,4403.29,4398.43,4399.485,4859
2026-08-13T04:00:00+05:30,4399.48,4402.01,4398.865,4400.11,3145
2026-08-13T04:15:00+05:30,4400.29,4403.135,4399.885,4401.835,3250
2026-08-13T04:30:00+05:30,4401.925,4406.105,4401.875,4405.74,4229
2026-08-13T04:45:00+05:30,4405.755,4410.03,4405.705,4408.425,4324
2026-08-13T05:00:00+05:30,4408.46,4410.54,4407.285,4408.655,3255
2026-08-13T05:15:00+05:30,4408.745,4414.62,4408.03,4414.515,6590
2026-08-13T05:30:00+05:30,4414.565,4422.37,4413.06,4419.26,9309
2026-08-13T05:45:00+05:30,4419.395,4437.545,4419.36,4428.43,18185
2026-08-13T06:00:00+05:30,4428.37,4449.83,4424.6,4440.225,25229
2026-08-13T06:15:00+05:30,4440.205,4440.335,4424.175,4427.76,16159
2026-08-13T06:30:00+05:30,4427.71,4435.44,4422.835,4430.035,12604
2026-08-13T06:45:00+05:30,4430.075,4435.35,4419.105,4419.425,16245
2026-08-13T07:00:00+05:30,4419.395,4430.34,4417.865,4419.335,12475
2026-08-13T07:15:00+05:30,4419.28,4419.28,4406.33,4408.55,12949
2026-08-13T07:30:00+05:30,4408.5,4414.245,4405.56,4410.875,8684
2026-08-13T07:45:00+05:30,4410.86,4412.62,4405.87,4406.68,6750
2026-08-13T08:00:00+05:30,4406.58,4410.285,4399.135,4410.285,11149
2026-08-13T08:15:00+05:30,4410.29,4410.74,4405.56,4407.215,5179
2026-08-13T08:30:00+05:30,4407.145,4412.29,4404.04,4407.11,8250
2026-08-13T08:45:00+05:30,4407.095,4410.275,4405.51,4409.26,4764
2026-08-13T09:00:00+05:30,4409.34,4410.56,4405.525,4406.015,5035
2026-08-13T09:15:00+05:30,4406.0,4407.68,4398.78,4400.3,8900
2026-08-13T09:30:00+05:30,4400.235,4400.525,4391.615,4394.59,8909
2026-08-13T09:45:00+05:30,4394.595,4399.265,4392.56,4398.23,6704
2026-08-13T10:00:00+05:30,4398.275,4399.59,4395.2,4395.945,4390
2026-08-13T10:15:00+05:30,4395.9,4398.95,4395.325,4397.825,3625
2026-08-13T10:30:00+05:30,4397.85,4404.735,4393.075,4404.61,11659
2026-08-13T10:45:00+05:30,4404.63,4407.31,4400.795,4406.31,6515
2026-08-13T11:00:00+05:30,4406.48,4407.12,4386.39,4387.745,20729
2026-08-13T11:15:00+05:30,4387.67,4389.515,4380.63,4383.06,8885
2026-08-13T11:30:00+05:30,4383.12,4385.68,4375.1,4375.97,10579
2026-08-13T11:45:00+05:30,4375.975,4378.855,4374.28,4376.12,4574
2026-08-13T12:00:00+05:30,4375.955,4378.64,4369.035,4374.3,9605
2026-08-13T12:15:00+05:30,4374.285,4381.69,4374.18,4381.06,7509
2026-08-13T12:30:00+05:30,4380.955,4381.84,4375.095,4376.965,6744
2026-08-13T12:45:00+05:30,4377.03,4377.805,4373.77,4376.59,4034
2026-08-13T13:00:00+05:30,4376.575,4378.79,4372.24,4378.66,6550
2026-08-13T13:15:00+05:30,4378.655,4378.87,4369.405,4369.93,9465
2026-08-13T13:30:00+05:30,4369.935,4370.715,4364.17,4366.165,6545
2026-08-13T13:45:00+05:30,4366.075,4373.665,4365.005,4372.915,8659
2026-08-13T14:00:00+05:30,4372.925,4375.895,4372.07,4373.735,3825
2026-08-13T14:15:00+05:30,4373.755,4379.355,4373.515,4376.025,5839
2026-08-13T14:30:00+05:30,4375.995,4378.48,4372.605,4376.965,5875
2026-08-13T14:45:00+05:30,4376.935,4382.315,4376.34,4379.88,5974
2026-08-13T15:00:00+05:30,4379.865,4381.755,4378.8,4380.045,2954
2026-08-13T15:15:00+05:30,4379.96,4384.92,4378.505,4384.635,6414
2026-08-13T15:30:00+05:30,4384.66,4385.43,4381.51,4381.63,3920
2026-08-13T15:45:00+05:30,4381.64,4387.67,4381.64,4387.195,6029
2026-08-13T16:00:00+05:30,4387.135,4390.61,4384.57,4390.555,6039
2026-08-13T16:15:00+05:30,4390.585,4393.86,4388.25,4392.245,5609
2026-08-13T16:30:00+05:30,4392.215,4394.49,4388.47,4394.38,6019
2026-08-13T16:45:00+05:30,4394.395,4396.715,4388.14,4388.165,8574
2026-08-13T17:00:00+05:30,4388.255,4390.02,4383.83,4384.07,6190
2026-08-13T17:15:00+05:30,4383.975,4388.24,4382.99,4387.865,5250
2026-08-13T17:30:00+05:30,4387.8,4391.775,4385.81,4389.16,5964
2026-08-13T17:45:00+05:30,4389.19,4392.99,4384.165,4391.145,8824
2026-08-13T18:00:00+05:30,4391.135,4401.47,4380.88,4392.085,20590
2026-08-13T18:15:00+05:30,4392.14,4401.9,4391.69,4401.82,10210
2026-08-13T18:30:00+05:30,4401.745,4402.215,4391.12,4394.07,11095
2026-08-13T18:45:00+05:30,4394.085,4395.445,4383.98,4385.185,11465
2026-08-13T19:00:00+05:30,4385.22,4389.92,4375.43,4379.425,14489
2026-08-13T19:15:00+05:30,4379.435,4383.06,4370.84,4373.045,12220
2026-08-13T19:30:00+05:30,4373.055,4378.965,4366.76,4371.035,12204
2026-08-13T19:45:00+05:30,4371.06,4378.21,4367.765,4367.875,10444
2026-08-13T20:00:00+05:30,4367.795,4381.89,4357.395,4381.29,24494
2026-08-13T20:15:00+05:30,4381.365,4387.19,4381.105,4383.705,6085
2026-08-13T20:30:00+05:30,4383.725,4385.73,4368.415,4369.835,17314
2026-08-13T20:45:00+05:30,4369.77,4374.135,4363.695,4365.385,10440
2026-08-13T21:00:00+05:30,4365.39,4371.625,4357.755,4368.425,13869
2026-08-13T21:15:00+05:30,4368.455,4370.885,4363.38,4365.145,7505
2026-08-13T21:30:00+05:30,4365.13,4367.515,4354.13,4355.27,13385
2026-08-13T21:45:00+05:30,4355.33,4362.89,4351.355,4362.59,11535
2026-08-13T22:00:00+05:30,4362.575,4367.245,4362.57,4365.74,4675
2026-08-13T22:15:00+05:30,4365.77,4368.5,4364.125,4367.0,4375
2026-08-13T22:30:00+05:30,4367.055,4373.435,4365.05,4371.535,8385
2026-08-13T22:45:00+05:30,4371.595,4371.935,4362.48,4363.23,9455
2026-08-13T23:00:00+05:30,4363.255,4364.485,4355.81,4357.315,8674
2026-08-13T23:15:00+05:30,4357.345,4360.18,4355.835,4356.06,4345
2026-08-13T23:30:00+05:30,4356.05,4362.875,4355.925,4361.985,6949
2026-08-13T23:45:00+05:30,4361.99,4363.73,4354.935,4357.67,8794
2026-08-14T00:00:00+05:30,4357.63,4360.635,4356.435,4358.04,4199
2026-08-14T00:15:00+05:30,4358.035,4358.37,4354.75,4357.045,3619
2026-08-14T00:30:00+05:30,4357.125,4358.97,4346.24,4346.8,12730
2026-08-14T00:45:00+05:30,4346.785,4351.79,4343.65,4351.745,8140
2026-08-14T01:00:00+05:30,4351.685,4354.31,4349.76,4351.445,4550
2026-08-14T01:15:00+05:30,4351.465,4351.545,4347.685,4350.255,3859
2026-08-14T01:30:00+05:30,4350.235,4350.7,4346.985,4350.45,3715
2026-08-14T01:45:00+05:30,4350.495,4352.28,4349.34,4351.775,2939
2026-08-14T02:00:00+05:30,4351.77,4351.895,4348.13,4349.64,3765
2026-08-14T02:15:00+05:30,4349.535,4351.27,4348.78,4351.27,2490
2026-08-14T03:30:00+05:30,4353.405,4357.09,4353.09,4354.325,4000
2026-08-14T03:45:00+05:30,4354.35,4358.005,4353.015,4357.37,4989
2026-08-14T04:00:00+05:30,4357.335,4362.945,4355.965,4360.54,6979
2026-08-14T04:15:00+05:30,4360.545,4361.26,4353.415,4354.91,7845
2026-08-14T04:30:00+05:30,4354.92,4360.765,4349.315,4360.755,11450
2026-08-14T04:45:00+05:30,4360.75,4363.22,4356.985,4363.185,6235
2026-08-14T05:00:00+05:30,4363.17,4363.69,4358.715,4360.465,4974
2026-08-14T05:15:00+05:30,4360.545,4364.45,4356.475,4356.475,7974
2026-08-14T05:30:00+05:30,4356.46,4362.045,4350.595,4352.22,11449
2026-08-14T05:45:00+05:30,4352.315,4352.33,4339.48,4339.515,12850
2026-08-14T06:00:00+05:30,4339.515,4347.005,4334.61,4339.86,12395
2026-08-14T06:15:00+05:30,4339.835,4342.93,4329.42,4341.095,13510
2026-08-14T06:30:00+05:30,4341.085,4341.325,4322.14,4324.275,19184
2026-08-14T06:45:00+05:30,4324.34,4326.11,4315.01,4319.715,11099
2026-08-14T07:00:00+05:30,4319.81,4321.63,4313.0,4319.72,8630
2026-08-14T07:15:00+05:30,4319.7,4323.43,4312.22,4318.255,11210
2026-08-14T07:30:00+05:30,4318.26,4322.94,4311.27,4312.54,11669
2026-08-14T07:45:00+05:30,4312.545,4318.415,4312.52,4313.135,5894
2026-08-14T08:00:00+05:30,4313.07,4322.635,4311.645,4321.25,10989
2026-08-14T08:15:00+05:30,4321.175,4322.08,4312.93,4315.84,9149
2026-08-14T08:30:00+05:30,4315.76,4323.88,4313.835,4320.17,10045
2026-08-14T08:45:00+05:30,4320.22,4326.295,4319.915,4325.825,6380
2026-08-14T09:00:00+05:30,4325.775,4328.465,4325.125,4325.76,3340
2026-08-14T09:15:00+05:30,4325.77,4326.92,4323.61,4323.66,3310
2026-08-14T09:30:00+05:30,4323.67,4327.44,4322.855,4326.095,4585
2026-08-14T09:45:00+05:30,4326.08,4328.225,4325.21,4325.27,3015
2026-08-14T10:00:00+05:30,4325.295,4326.625,4323.48,4325.355,3145
2026-08-14T10:15:00+05:30,4325.295,4327.02,4323.89,4327.015,3130
2026-08-14T10:30:00+05:30,4327.055,4327.135,4319.47,4320.37,7664
2026-08-14T10:45:00+05:30,4320.375,4320.6,4317.215,4318.48,3385
2026-08-14T11:00:00+05:30,4318.405,4325.03,4311.04,4317.82,13989
2026-08-14T11:15:00+05:30,4317.875,4333.67,4317.595,4333.67,16074
2026-08-14T11:30:00+05:30,4333.62,4336.82,4329.63,4332.57,7189
2026-08-14T11:45:00+05:30,4332.55,4333.685,4328.365,4329.26,5320
2026-08-14T12:00:00+05:30,4329.27,4333.225,4328.05,4333.225,5175
2026-08-14T12:15:00+05:30,4333.235,4335.95,4332.78,4335.785,3170
2026-08-14T12:30:00+05:30,4335.76,4337.51,4331.245,4331.31,6265
2026-08-14T12:45:00+05:30,4331.39,4336.66,4329.81,4332.04,6849
2026-08-14T13:00:00+05:30,4332.06,4340.31,4331.61,4339.835,8700
2026-08-14T13:15:00+05:30,4339.72,4345.385,4339.435,4343.83,5949
2026-08-14T13:30:00+05:30,4343.855,4348.13,4341.935,4347.8,6194
2026-08-14T13:45:00+05:30,4347.76,4349.345,4343.57,4345.735,5775
2026-08-14T14:00:00+05:30,4345.785,4349.375,4343.64,4343.77,5734
2026-08-14T14:15:00+05:30,4343.785,4349.845,4342.88,4348.605,6965
2026-08-14T14:30:00+05:30,4348.555,4350.985,4346.14,4350.845,4844
2026-08-14T14:45:00+05:30,4350.91,4354.3,4348.855,4351.77,5445
2026-08-14T15:00:00+05:30,4351.8,4354.54,4350.065,4353.545,4475
2026-08-14T15:15:00+05:30,4353.55,4357.525,4352.755,4357.17,4769
2026-08-14T15:30:00+05:30,4357.175,4358.76,4354.065,4354.575,4695
2026-08-14T15:45:00+05:30,4354.67,4355.415,4350.16,4351.395,5255
2026-08-14T16:00:00+05:30,4351.55,4352.035,4348.31,4352.025,3724
2026-08-14T16:15:00+05:30,4351.98,4353.675,4348.095,4349.425,5579
2026-08-14T16:30:00+05:30,4349.47,4351.735,4348.63,4350.64,3104
2026-08-14T16:45:00+05:30,4350.65,4357.105,4350.65,4356.755,6454
2026-08-14T17:00:00+05:30,4356.76,4363.52,4356.505,4362.44,7015
2026-08-14T17:15:00+05:30,4362.445,4369.46,4361.095,4369.195,8364
2026-08-14T17:30:00+05:30,4369.19,4376.83,4365.79,4371.85,11039
2026-08-14T17:45:00+05:30,4371.915,4380.745,4369.76,4379.9,10984
2026-08-14T18:00:00+05:30,4379.87,4386.965,4372.16,4372.91,14805
2026-08-14T18:15:00+05:30,4373.0,4377.885,4370.96,4373.725,6925
2026-08-14T18:30:00+05:30,4373.785,4381.02,4370.32,4375.07,10700
2026-08-14T18:45:00+05:30,4375.085,4386.66,4375.085,4384.68,11574
2026-08-14T19:00:00+05:30,4384.745,4397.06,4383.83,4393.895,13230
2026-08-14T19:15:00+05:30,4393.88,4394.735,4382.99,4384.68,11744
2026-08-14T19:30:00+05:30,4384.62,4393.215,4384.275,4390.585,8940
2026-08-14T19:45:00+05:30,4390.565,4394.745,4385.25,4390.72,9494
2026-08-14T20:00:00+05:30,4390.705,4391.665,4381.585,4384.395,10079
2026-08-14T20:15:00+05:30,4384.41,4384.645,4378.885,4381.445,5760
2026-08-14T20:30:00+05:30,4381.47,4394.205,4381.15,4392.17,13055
2026-08-14T20:45:00+05:30,4392.175,4393.92,4379.075,4384.95,14845
2026-08-14T21:00:00+05:30,4384.955,4390.035,4384.04,4389.615,5994
2026-08-14T21:15:00+05:30,4389.62,4394.785,4389.435,4391.695,5349
2026-08-14T21:30:00+05:30,4391.7,4396.845,4388.88,4389.79,7965
2026-08-14T21:45:00+05:30,4389.77,4393.075,4387.025,4387.635,6050
2026-08-14T22:00:00+05:30,4387.61,4389.12,4380.415,4385.92,8704
2026-08-14T22:15:00+05:30,4385.93,4387.57,4384.91,4386.015,2659
2026-08-14T22:30:00+05:30,4386.105,4386.53,4380.415,4382.39,6114
2026-08-14T22:45:00+05:30,4382.4,4384.81,4379.365,4379.54,5445
2026-08-14T23:00:00+05:30,4379.41,4382.835,4377.19,4377.825,5645
2026-08-14T23:15:00+05:30,4377.81,4379.16,4376.47,4378.59,2689
2026-08-14T23:30:00+05:30,4378.585,4381.8,4376.585,4377.46,5215
2026-08-14T23:45:00+05:30,4377.44,4380.56,4377.09,4379.42,3470
2026-08-15T00:00:00+05:30,4379.48,4382.84,4376.37,4376.54,6470
2026-08-15T00:15:00+05:30,4376.565,4377.01,4371.005,4373.6,6005
2026-08-15T00:30:00+05:30,4373.525,4377.285,4372.115,4376.035,5170
2026-08-15T00:45:00+05:30,4375.985,4377.98,4374.655,4377.395,3324
2026-08-15T01:00:00+05:30,4377.365,4378.31,4375.685,4375.685,2625
2026-08-15T01:15:00+05:30,4375.7,4379.99,4373.55,4376.23,6439
2026-08-15T01:30:00+05:30,4376.22,4376.22,4371.495,4372.81,4725
2026-08-15T01:45:00+05:30,4372.845,4374.97,4372.54,4374.86,2430
2026-08-15T02:00:00+05:30,4374.8,4377.005,4373.815,4375.72,3190
2026-08-15T02:15:00+05:30,4375.67,4376.875,4375.005,4376.82,1869
2026-08-17T03:30:00+05:30,4372.68,4378.94,4372.31,4375.865,6629
2026-08-17T03:45:00+05:30,4375.83,4376.11,4372.795,4374.655,3314
2026-08-17T04:00:00+05:30,4374.68,4379.185,4374.68,4378.055,4505
2026-08-17T04:15:00+05:30,4378.045,4386.86,4377.945,4386.04,8914
2026-08-17T04:30:00+05:30,4386.0,4386.345,4379.59,4379.865,6755
2026-08-17T04:45:00+05:30,4379.835,4381.045,4372.685,4374.87,8359
2026-08-17T05:00:00+05:30,4374.92,4375.425,4367.29,4368.445,8135
2026-08-17T05:15:00+05:30,4368.44,4373.955,4368.32,4370.235,5635
2026-08-17T05:30:00+05:30,4370.315,4379.6,4368.1,4378.92,11500
2026-08-17T05:45:00+05:30,4378.91,4391.08,4378.6,4389.89,12479
2026-08-17T06:00:00+05:30,4389.87,4397.84,4387.61,4396.1,10230
2026-08-17T06:15:00+05:30,4396.07,4402.015,4394.55,4401.005,7465
2026-08-17T06:30:00+05:30,4400.995,4411.915,4399.135,4409.215,12779
2026-08-17T06:45:00+05:30,4409.22,4416.55,4406.165,4407.265,10385
2026-08-17T07:00:00+05:30,4407.32,4408.18,4397.52,4403.535,10659
2026-08-17T07:15:00+05:30,4403.52,4403.925,4392.055,4395.755,11869
2026-08-17T07:30:00+05:30,4395.75,4398.315,4392.63,4394.42,5684
2026-08-17T07:45:00+05:30,4394.405,4397.7,4389.87,4395.48,7829
2026-08-17T08:00:00+05:30,4395.525,4398.225,4389.755,4393.05,8470
2026-08-17T08:15:00+05:30,4393.04,4393.545,4388.455,4393.255,5090
2026-08-17T08:30:00+05:30,4393.25,4394.885,4388.7,4390.405,6185
2026-08-17T08:45:00+05:30,4390.49,4393.7,4388.285,4393.08,5414
2026-08-17T09:00:00+05:30,4393.125,4397.215,4391.15,4395.195,6065
2026-08-17T09:15:00+05:30,4395.185,4397.69,4392.955,4397.045,4734
2026-08-17T09:30:00+05:30,4397.035,4399.635,4396.43,4398.445,3204
2026-08-17T09:45:00+05:30,4398.495,4398.945,4390.235,4391.045,8710
2026-08-17T10:00:00+05:30,4391.055,4396.7,4389.015,4395.695,7684
2026-08-17T10:15:00+05:30,4395.815,4397.935,4389.885,4390.86,8050
2026-08-17T10:30:00+05:30,4390.78,4393.355,4386.98,4387.7,6375
2026-08-17T10:45:00+05:30,4387.7,4399.53,4386.94,4399.485,12590
2026-08-17T11:00:00+05:30,4399.455,4401.475,4392.125,4395.665,9350
2026-08-17T11:15:00+05:30,4395.715,4397.62,4392.345,4394.86,5274
2026-08-17T11:30:00+05:30,4394.855,4398.3,4392.935,4396.985,5364
2026-08-17T11:45:00+05:30,4396.985,4400.22,4392.815,4398.555,7405
2026-08-17T12:00:00+05:30,4398.48,4398.785,4393.66,4396.31,5125
2026-08-17T12:15:00+05:30,4396.315,4404.71,4396.315,4403.17,8395
2026-08-17T12:30:00+05:30,4403.085,4404.14,4396.08,4396.45,8060
2026-08-17T12:45:00+05:30,4396.49,4405.295,4396.215,4405.055,9079
2026-08-17T13:00:00+05:30,4405.12,4411.32,4404.66,4409.34,6659
2026-08-17T13:15:00+05:30,4409.39,4410.01,4403.5,4405.19,6510
2026-08-17T13:30:00+05:30,4405.195,4405.195,4397.575,4403.0,7619
2026-08-17T13:45:00+05:30,4402.965,4403.975,4400.575,4401.88,3400
2026-08-17T14:00:00+05:30,4401.915,4402.255,4396.125,4396.465,6130
2026-08-17T14:15:00+05:30,4396.45,4397.065,4392.69,4395.18,4375
2026-08-17T14:30:00+05:30,4395.19,4400.625,4393.43,4399.155,7194
2026-08-17T14:45:00+05:30,4399.19,4399.96,4395.71,4396.99,4250
2026-08-17T15:00:00+05:30,4397.005,4397.62,4393.535,4394.215,4085
2026-08-17T15:15:00+05:30,4394.23,4395.925,4392.55,4395.62,3375
2026-08-17T15:30:00+05:30,4395.655,4396.46,4393.255,4396.02,3204
2026-08-17T15:45:00+05:30,4395.97,4405.6,4392.03,4405.145,13570
2026-08-17T16:00:00+05:30,4405.06,4405.97,4395.355,4398.27,10615
2026-08-17T16:15:00+05:30,4398.285,4399.675,4396.4,4399.08,3275
2026-08-17T16:30:00+05:30,4399.115,4404.14,4397.97,4399.78,6170
2026-08-17T16:45:00+05:30,4399.875,4404.7,4397.14,4403.53,7559
2026-08-17T17:00:00+05:30,4403.65,4404.98,4399.115,4399.54,5864
2026-08-17T17:15:00+05:30,4399.555,4400.7,4395.46,4396.75,5239
2026-08-17T17:30:00+05:30,4396.755,4397.65,4391.7,4393.92,5949
2026-08-17T17:45:00+05:30,4394.0,4398.82,4381.995,4385.985,16824
2026-08-17T18:00:00+05:30,4385.755,4390.47,4378.45,4378.45,12020
2026-08-17T18:15:00+05:30,4378.455,4386.555,4377.355,4384.935,9200
2026-08-17T18:30:00+05:30,4385.015,4389.645,4381.94,4386.425,7705
2026-08-17T18:45:00+05:30,4386.49,4389.03,4382.38,4386.28,6649
2026-08-17T19:00:00+05:30,4386.27,4392.105,4384.88,4385.79,7224
2026-08-17T19:15:00+05:30,4385.81,4416.31,4384.68,4408.645,31630
2026-08-17T19:30:00+05:30,4408.695,4412.845,4403.805,4412.36,9039
2026-08-17T19:45:00+05:30,4412.355,4427.6,4411.905,4418.2,15695
2026-08-17T20:00:00+05:30,4418.235,4424.71,4416.545,4417.415,8164
2026-08-17T20:15:00+05:30,4417.49,4421.16,4413.97,4417.48,7189
2026-08-17T20:30:00+05:30,4417.485,4422.39,4415.335,4421.29,7055
2026-08-17T20:45:00+05:30,4421.295,4426.08,4419.59,4425.635,6489
2026-08-17T21:00:00+05:30,4425.7,4426.595,4419.01,4419.44,7585
2026-08-17T21:15:00+05:30,4419.405,4427.85,4417.835,4427.615,10015
2026-08-17T21:30:00+05:30,4427.63,4428.89,4423.985,4426.045,4905
2026-08-17T21:45:00+05:30,4426.085,4427.75,4423.05,4424.9,4699
2026-08-17T22:00:00+05:30,4424.95,4427.13,4422.78,4424.705,4350
2026-08-17T22:15:00+05:30,4424.685,4425.665,4422.675,4424.245,2989
2026-08-17T22:30:00+05:30,4424.255,4426.23,4421.245,4422.915,4984
2026-08-17T22:45:00+05:30,4422.95,4423.26,4413.45,4416.76,9810
2026-08-17T23:00:00+05:30,4416.62,4418.955,4411.205,4417.58,7750
2026-08-17T23:15:00+05:30,4417.585,4420.625,4413.325,4413.765,7300
2026-08-17T23:30:00+05:30,4413.765,4414.555,4410.2,4413.755,4355
2026-08-17T23:45:00+05:30,4413.825,4416.255,4404.895,4406.39,11359
2026-08-18T00:00:00+05:30,4406.405,4407.06,4398.205,4401.51,8855
2026-08-18T00:15:00+05:30,4401.49,4407.67,4400.265,4406.77,7404
2026-08-18T00:30:00+05:30,4406.68,4408.675,4400.405,4408.675,8270
2026-08-18T00:45:00+05:30,4408.785,4417.525,4408.77,4414.565,8754
2026-08-18T01:00:00+05:30,4414.545,4420.54,4414.215,4419.445,6324
2026-08-18T01:15:00+05:30,4419.43,4421.055,4416.655,4419.965,4400
2026-08-18T01:30:00+05:30,4419.935,4421.47,4416.665,4417.885,4805
2026-08-18T01:45:00+05:30,4417.9,4418.145,4414.92,4415.11,3225
2026-08-18T02:00:00+05:30,4415.095,4416.005,4414.61,4415.47,1395
2026-08-18T02:15:00+05:30,4415.45,4416.72,4415.13,4416.68,1590
2026-08-18T03:30:00+05:30,4416.205,4416.945,4414.835,4416.73,2109
2026-08-18T03:45:00+05:30,4416.715,4417.28,4412.0,4412.5,5279
2026-08-18T04:00:00+05:30,4412.42,4415.69,4411.665,4414.645,4024
2026-08-18T04:15:00+05:30,4414.625,4416.355,4410.49,4411.87,5864
2026-08-18T04:30:00+05:30,4411.92,4415.055,4409.89,4414.88,5164
2026-08-18T04:45:00+05:30,4415.0,4421.87,4414.975,4420.38,6894
2026-08-18T05:00:00+05:30,4420.315,4422.89,4420.065,4422.73,2825
2026-08-18T05:15:00+05:30,4422.665,4426.305,4421.7,4426.12,4605
2026-08-18T05:30:00+05:30,4426.095,4430.14,4419.06,4421.89,11079
2026-08-18T05:45:00+05:30,4421.93,4431.585,4420.995,4431.15,10590
2026-08-18T06:00:00+05:30,4431.185,4433.725,4428.285,4429.58,5440
2026-08-18T06:15:00+05:30,4429.735,4434.88,4428.46,4434.435,6420
2026-08-18T06:30:00+05:30,4434.455,4436.23,4428.59,4429.21,7639
2026-08-18T06:45:00+05:30,4429.205,4430.935,4420.285,4425.025,10650
2026-08-18T07:00:00+05:30,4425.08,4426.305,4411.705,4411.705,14600
2026-08-18T07:15:00+05:30,4411.74,4412.175,4404.32,4408.185,7855
2026-08-18T07:30:00+05:30,4408.01,4408.39,4398.48,4401.115,9910
2026-08-18T07:45:00+05:30,4401.015,4405.51,4400.215,4402.35,5295
2026-08-18T08:00:00+05:30,4402.4,4402.755,4394.175,4394.985,8579
2026-08-18T08:15:00+05:30,4394.995,4400.715,4394.335,4399.985,6380
2026-08-18T08:30:00+05:30,4400.0,4404.175,4398.865,4401.5,5310
2026-08-18T08:45:00+05:30,4401.525,4402.115,4394.48,4397.27,7635
2026-08-18T09:00:00+05:30,4397.275,4397.355,4394.565,4394.92,2789
2026-08-18T09:15:00+05:30,4394.87,4395.175,4390.63,4391.965,4545
2026-08-18T09:30:00+05:30,4391.98,4392.975,4389.91,4392.385,3065
2026-08-18T09:45:00+05:30,4392.43,4393.76,4390.8,4392.51,2960
2026-08-18T10:00:00+05:30,4392.505,4394.53,4389.02,4393.65,5509
2026-08-18T10:15:00+05:30,4393.61,4395.58,4392.33,4393.69,3250
2026-08-18T10:30:00+05:30,4393.66,4394.235,4391.095,4391.43,3139
2026-08-18T10:45:00+05:30,4391.46,4396.08,4391.235,4391.475,4845
2026-08-18T11:00:00+05:30,4391.455,4394.285,4386.185,4393.75,8099
2026-08-18T11:15:00+05:30,4393.765,4397.66,4393.115,4394.465,4545
2026-08-18T11:30:00+05:30,4394.43,4395.42,4387.755,4395.395,7664
2026-08-18T11:45:00+05:30,4395.39,4400.0,4393.72,4399.65,6279
2026-08-18T12:00:00+05:30,4399.665,4400.395,4395.3,4397.23,5095
2026-08-18T12:15:00+05:30,4397.295,4399.465,4397.295,4398.93,2170
2026-08-18T12:30:00+05:30,4398.92,4400.95,4396.85,4397.6,4099
2026-08-18T12:45:00+05:30,4397.585,4403.55,4397.48,4403.255,6070
2026-08-18T13:00:00+05:30,4403.26,4403.735,4396.395,4401.56,7339
2026-08-18T13:15:00+05:30,4401.66,4402.85,4395.495,4395.71,7355
2026-08-18T13:30:00+05:30,4395.825,4396.33,4388.125,4392.755,8204
2026-08-18T13:45:00+05:30,4392.755,4393.605,4386.91,4389.625,6694
2026-08-18T14:00:00+05:30,4389.635,4398.775,4389.415,4396.59,9359
2026-08-18T14:15:00+05:30,4396.595,4396.935,4391.545,4393.44,5390
2026-08-18T14:30:00+05:30,4393.385,4394.01,4391.215,4392.83,2795
2026-08-18T14:45:00+05:30,4392.78,4392.88,4388.69,4389.37,4190
2026-08-18T15:00:00+05:30,4389.305,4395.08,4387.28,4388.44,7800
2026-08-18T15:15:00+05:30,4388.405,4394.97,4387.03,4393.32,7940
2026-08-18T15:30:00+05:30,4393.375,4395.835,4392.265,4394.665,3569
2026-08-18T15:45:00+05:30,4394.62,4396.33,4389.8,4392.025,6529
2026-08-18T16:00:00+05:30,4392.02,4398.72,4391.685,4398.655,7034
2026-08-18T16:15:00+05:30,4398.67,4399.68,4396.43,4397.63,3250
2026-08-18T16:30:00+05:30,4397.705,4399.055,4392.06,4393.65,6994
2026-08-18T16:45:00+05:30,4393.64,4394.76,4389.71,4390.145,5050
2026-08-18T17:00:00+05:30,4390.135,4392.58,4388.675,4391.04,3904
2026-08-18T17:15:00+05:30,4390.99,4396.885,4389.915,4396.07,6970
2026-08-18T17:30:00+05:30,4396.21,4397.14,4389.67,4393.305,7470
2026-08-18T17:45:00+05:30,4393.335,4400.85,4391.645,4395.305,9204
2026-08-18T18:00:00+05:30,4395.355,4398.035,4391.07,4392.28,6965
2026-08-18T18:15:00+05:30,4392.29,4397.02,4390.83,4394.225,6190
2026-08-18T18:30:00+05:30,4394.23,4397.49,4388.385,4395.895,9104
2026-08-18T18:45:00+05:30,4395.865,4396.195,4388.315,4389.035,7880
2026-08-18T19:00:00+05:30,4389.025,4406.9,4376.195,4401.165,30704
2026-08-18T19:15:00+05:30,4401.18,4402.27,4389.535,4394.695,12735
2026-08-18T19:30:00+05:30,4394.705,4406.48,4391.285,4393.29,15194
2026-08-18T19:45:00+05:30,4393.35,4405.1,4392.38,4394.225,12720
2026-08-18T20:00:00+05:30,4394.22,4396.395,4377.865,4379.785,18530
2026-08-18T20:15:00+05:30,4379.815,4389.03,4363.775,4366.685,25255
2026-08-18T20:30:00+05:30,4366.725,4377.795,4358.56,4360.11,19234
2026-08-18T20:45:00+05:30,4360.09,4365.34,4351.765,4355.105,13574
2026-08-18T21:00:00+05:30,4355.09,4362.49,4354.655,4358.82,7835
2026-08-18T21:15:00+05:30,4358.96,4366.765,4358.96,4364.925,7805
2026-08-18T21:30:00+05:30,4364.92,4371.73,4364.92,4367.78,6809
2026-08-18T21:45:00+05:30,4367.755,4369.76,4363.58,4364.205,6180
2026-08-18T22:00:00+05:30,4364.275,4368.705,4363.125,4367.565,5579
2026-08-18T22:15:00+05:30,4367.57,4368.895,4363.16,4363.83,5735
2026-08-18T22:30:00+05:30,4363.805,4367.26,4363.68,4367.06,3579
2026-08-18T22:45:00+05:30,4367.095,4368.355,4363.21,4365.405,5144
2026-08-18T23:00:00+05:30,4365.405,4366.345,4358.705,4358.705,7640
2026-08-18T23:15:00+05:30,4358.735,4360.53,4356.85,4357.725,3679
2026-08-18T23:30:00+05:30,4357.755,4358.21,4352.705,4357.885,5505
2026-08-18T23:45:00+05:30,4357.905,4361.12,4355.775,4360.35,5345
2026-08-19T00:00:00+05:30,4360.37,4360.715,4353.585,4354.34,7130
2026-08-19T00:15:00+05:30,4354.335,4356.12,4352.905,4354.43,3215
2026-08-19T00:30:00+05:30,4354.43,4358.59,4354.15,4357.1,4440
2026-08-19T00:45:00+05:30,4357.065,4358.76,4352.54,4354.865,6220
2026-08-19T01:00:00+05:30,4354.97,4357.84,4349.725,4349.985,8114
2026-08-19T01:15:00+05:30,4349.99,4353.455,4338.395,4345.785,15059
2026-08-19T01:30:00+05:30,4345.705,4346.665,4340.825,4342.02,5840
2026-08-19T01:45:00+05:30,4342.015,4342.35,4333.585,4337.93,8765
2026-08-19T02:00:00+05:30,4337.975,4339.765,4331.69,4332.335,8075
2026-08-19T02:15:00+05:30,4332.345,4335.435,4329.265,4334.575,6170
2026-08-19T03:30:00+05:30,4341.965,4343.83,4340.385,4341.065,3444
2026-08-19T03:45:00+05:30,4341.375,4342.395,4333.935,4336.35,8460
2026-08-19T04:00:00+05:30,4336.38,4336.595,4332.77,4334.025,3824
2026-08-19T04:15:00+05:30,4334.015,4335.705,4333.195,4333.83,2510
2026-08-19T04:30:00+05:30,4334.045,4338.45,4332.675,4334.12,5774
2026-08-19T04:45:00+05:30,4334.08,4337.51,4330.085,4330.555,7425
2026-08-19T05:00:00+05:30,4330.535,4332.765,4327.27,4329.885,5494
2026-08-19T05:15:00+05:30,4329.99,4334.415,4329.6,4333.105,4814
2026-08-19T05:30:00+05:30,4333.14,4345.055,4331.635,4343.13,13420
2026-08-19T05:45:00+05:30,4343.125,4346.495,4339.115,4343.065,7380
2026-08-19T06:00:00+05:30,4343.075,4347.42,4339.745,4343.875,7675
2026-08-19T06:15:00+05:30,4343.795,4345.025,4337.11,4338.155,7914
2026-08-19T06:30:00+05:30,4338.015,4344.155,4324.68,4344.015,19474
2026-08-19T06:45:00+05:30,4344.0,4346.415,4333.145,4342.28,13269
2026-08-19T07:00:00+05:30,4342.38,4357.765,4342.31,4355.635,15454
2026-08-19T07:15:00+05:30,4355.655,4356.855,4350.675,4356.63,6179
2026-08-19T07:30:00+05:30,4356.72,4357.365,4351.805,4353.69,5559
2026-08-19T07:45:00+05:30,4353.775,4362.165,4352.605,4359.735,9560
2026-08-19T08:00:00+05:30,4359.725,4360.32,4354.36,4355.395,5960
2026-08-19T08:15:00+05:30,4355.405,4357.365,4351.545,4355.085,5819
2026-08-19T08:30:00+05:30,4355.055,4356.325,4352.04,4354.625,4284
2026-08-19T08:45:00+05:30,4354.77,4358.015,4351.96,4357.15,6055
2026-08-19T09:00:00+05:30,4357.175,4360.51,4356.035,4358.715,4475
2026-08-19T09:15:00+05:30,4358.685,4359.02,4354.82,4355.06,4200
2026-08-19T09:30:00+05:30,4355.15,4356.29,4353.235,4354.795,3055
2026-08-19T09:45:00+05:30,4354.785,4355.09,4350.185,4351.28,4904
2026-08-19T10:00:00+05:30,4351.32,4352.19,4345.125,4346.67,7064
2026-08-19T10:15:00+05:30,4346.645,4348.575,4344.005,4348.555,4569
2026-08-19T10:30:00+05:30,4348.53,4350.865,4338.885,4339.02,11979
2026-08-19T10:45:00+05:30,4339.025,4345.44,4336.795,4345.365,8644
2026-08-19T11:00:00+05:30,4345.5,4345.56,4336.845,4342.365,8715
2026-08-19T11:15:00+05:30,4342.335,4342.36,4335.175,4335.695,7184
2026-08-19T11:30:00+05:30,4335.635,4341.96,4335.415,4337.5,6545
2026-08-19T11:45:00+05:30,4337.36,4348.47,4337.01,4343.365,11460
2026-08-19T12:00:00+05:30,4343.3,4345.735,4337.28,4342.0,8454
2026-08-19T12:15:00+05:30,4341.995,4349.465,4340.87,4349.15,8595
2026-08-19T12:30:00+05:30,4349.095,4353.57,4347.54,4350.605,6029
2026-08-19T12:45:00+05:30,4350.585,4357.155,4347.54,4356.905,9614
2026-08-19T13:00:00+05:30,4356.91,4363.34,4352.845,4354.505,10494
2026-08-19T13:15:00+05:30,4354.465,4357.805,4354.29,4354.905,3515
2026-08-19T13:30:00+05:30,4354.805,4362.985,4351.105,4361.725,11880
2026-08-19T13:45:00+05:30,4361.72,4362.585,4357.42,4361.085,5164
2026-08-19T14:00:00+05:30,4361.1,4363.11,4356.475,4362.66,6634
2026-08-19T14:15:00+05:30,4362.69,4363.2,4354.875,4355.735,8324
2026-08-19T14:30:00+05:30,4355.66,4359.995,4355.11,4356.46,4885
2026-08-19T14:45:00+05:30,4356.465,4357.5,4353.45,4356.645,4050
2026-08-19T15:00:00+05:30,4356.615,4361.135,4355.435,4358.865,5699
2026-08-19T15:15:00+05:30,4358.81,4362.095,4358.125,4362.025,3970
2026-08-19T15:30:00+05:30,4362.045,4364.235,4359.755,4363.795,4479
2026-08-19T15:45:00+05:30,4363.85,4369.2,4363.54,4368.785,5659
2026-08-19T16:00:00+05:30,4368.86,4369.585,4365.9,4368.09,3685
2026-08-19T16:15:00+05:30,4368.155,4369.515,4366.33,4367.41,3185
2026-08-19T16:30:00+05:30,4367.435,4374.19,4367.435,4373.445,6754
2026-08-19T16:45:00+05:30,4373.455,4374.12,4368.955,4371.035,5164
2026-08-19T17:00:00+05:30,4371.04,4371.765,4363.305,4363.79,8460
2026-08-19T17:15:00+05:30,4363.78,4367.795,4363.565,4364.655,4230
2026-08-19T17:30:00+05:30,4364.65,4370.83,4362.115,4368.4,8715
2026-08-19T17:45:00+05:30,4368.575,4373.6,4366.12,4369.385,7480
2026-08-19T18:00:00+05:30,4369.39,4420.61,4368.745,4417.685,51864
2026-08-19T18:15:00+05:30,4417.775,4442.47,4411.51,4438.87,30960
2026-08-19T18:30:00+05:30,4438.875,4460.885,4424.285,4456.15,36600
2026-08-19T18:45:00+05:30,4456.155,4464.25,4454.85,4458.17,9399
2026-08-19T19:00:00+05:30,4458.14,4466.29,4442.33,4460.71,23960
2026-08-19T19:15:00+05:30,4460.7,4463.34,4445.13,4459.6,18210
2026-08-19T19:30:00+05:30,4459.59,4475.62,4455.22,4473.995,20399
2026-08-19T19:45:00+05:30,4474.005,4488.08,4470.34,4486.065,17739
2026-08-19T20:00:00+05:30,4486.1,4498.73,4483.92,4489.585,14809
2026-08-19T20:15:00+05:30,4489.58,4489.685,4478.155,4488.245,11530
2026-08-19T20:30:00+05:30,4488.215,4488.49,4479.895,4485.48,8594
2026-08-19T20:45:00+05:30,4485.565,4488.09,4478.355,4483.94,9735
2026-08-19T21:00:00+05:30,4483.875,4492.525,4480.36,4490.29,12164
2026-08-19T21:15:00+05:30,4490.285,4494.465,4488.695,4493.87,5770
2026-08-19T21:30:00+05:30,4493.9,4499.175,4491.2,4497.8,7975
2026-08-19T21:45:00+05:30,4497.785,4499.425,4490.655,4491.2,8770
2026-08-19T22:00:00+05:30,4491.265,4496.535,4490.72,4495.16,5814
2026-08-19T22:15:00+05:30,4495.09,4497.98,4493.295,4493.395,4684
2026-08-19T22:30:00+05:30,4493.52,4499.1,4489.055,4492.57,10045
2026-08-19T22:45:00+05:30,4492.675,4492.865,4486.24,4488.03,6625
2026-08-19T23:00:00+05:30,4488.045,4491.695,4484.44,4488.745,7255
2026-08-19T23:15:00+05:30,4488.725,4489.575,4484.425,4486.965,5149
2026-08-19T23:30:00+05:30,4486.96,4496.745,4485.625,4488.0,11119
2026-08-19T23:45:00+05:30,4487.995,4488.0,4472.915,4475.555,15085
2026-08-20T00:00:00+05:30,4475.605,4491.82,4472.18,4490.64,19639
2026-08-20T00:15:00+05:30,4490.65,4497.215,4489.58,4495.185,7635
2026-08-20T00:30:00+05:30,4495.15,4505.735,4494.49,4503.225,11244
2026-08-20T00:45:00+05:30,4503.215,4507.78,4502.635,4507.09,5144
2026-08-20T01:00:00+05:30,4507.08,4510.855,4502.185,4507.12,8669
2026-08-20T01:15:00+05:30,4507.045,4512.27,4505.32,4511.31,6950
2026-08-20T01:30:00+05:30,4511.265,4512.08,4505.165,4506.8,6914
2026-08-20T01:45:00+05:30,4506.805,4522.19,4506.405,4518.58,15784
2026-08-20T02:00:00+05:30,4518.5,4523.755,4518.065,4519.54,5690
2026-08-20T02:15:00+05:30,4519.62,4524.34,4519.58,4523.05,4760
2026-08-20T03:30:00+05:30,4521.405,4523.72,4518.995,4519.995,4725
2026-08-20T03:45:00+05:30,4519.99,4521.615,4519.1,4520.86,2514
2026-08-20T04:00:00+05:30,4520.895,4522.045,4517.655,4518.54,4390
2026-08-20T04:15:00+05:30,4518.49,4521.895,4516.415,4518.915,5480
2026-08-20T04:30:00+05:30,4518.98,4523.86,4517.485,4519.465,6375
2026-08-20T04:45:00+05:30,4519.46,4520.155,4515.345,4517.685,4809
2026-08-20T05:00:00+05:30,4517.705,4518.2,4513.68,4514.46,4519
2026-08-20T05:15:00+05:30,4514.54,4517.555,4511.36,4511.74,6195
2026-08-20T05:30:00+05:30,4511.69,4518.84,4510.3,4516.26,8539
2026-08-20T05:45:00+05:30,4516.295,4521.44,4508.505,4510.445,12934
2026-08-20T06:00:00+05:30,4510.425,4513.395,4503.835,4505.93,9560
2026-08-20T06:15:00+05:30,4505.925,4510.4,4504.02,4504.68,6379
2026-08-20T06:30:00+05:30,4504.705,4510.22,4491.765,4493.26,18454
2026-08-20T06:45:00+05:30,4493.255,4503.555,4493.185,4500.475,10369
2026-08-20T07:00:00+05:30,4500.485,4501.33,4493.385,4493.875,7944
2026-08-20T07:15:00+05:30,4493.8,4495.575,4484.48,4489.88,11095
2026-08-20T07:30:00+05:30,4489.89,4499.76,4488.68,4497.87,11079
2026-08-20T07:45:00+05:30,4497.795,4497.91,4489.465,4493.075,8444
2026-08-20T08:00:00+05:30,4493.09,4494.66,4490.255,4490.655,4404
2026-08-20T08:15:00+05:30,4490.66,4494.96,4488.86,4490.825,6100
2026-08-20T08:30:00+05:30,4490.83,4497.0,4488.05,4492.775,8949
2026-08-20T08:45:00+05:30,4492.74,4496.65,4490.555,4493.57,6094
2026-08-20T09:00:00+05:30,4493.565,4498.75,4492.325,4498.005,6425
2026-08-20T09:15:00+05:30,4497.925,4501.255,4496.82,4498.925,4435
2026-08-20T09:30:00+05:30,4498.95,4499.345,4495.065,4496.635,4280
2026-08-20T09:45:00+05:30,4496.645,4497.375,4489.825,4489.965,7550
2026-08-20T10:00:00+05:30,4489.995,4490.965,4486.395,4487.37,4569
2026-08-20T10:15:00+05:30,4487.385,4491.63,4487.165,4488.63,4465
2026-08-20T10:30:00+05:30,4488.64,4494.135,4484.19,4485.645,9945
2026-08-20T10:45:00+05:30,4485.655,4487.13,4482.94,4483.395,4190
2026-08-20T11:00:00+05:30,4483.38,4486.195,4478.155,4480.8,8039
2026-08-20T11:15:00+05:30,4480.775,4483.38,4478.075,4481.425,5305
2026-08-20T11:30:00+05:30,4481.35,4493.53,4480.17,4492.97,13359
2026-08-20T11:45:00+05:30,4492.975,4496.065,4491.845,4494.17,4219
2026-08-20T12:00:00+05:30,4494.165,4495.475,4491.96,4492.575,3515
2026-08-20T12:15:00+05:30,4492.59,4495.41,4491.34,4493.935,4069
2026-08-20T12:30:00+05:30,4493.89,4494.01,4487.31,4488.0,6699
2026-08-20T12:45:00+05:30,4487.96,4490.585,4483.765,4484.17,6819
2026-08-20T13:00:00+05:30,4484.185,4493.645,4483.645,4491.385,10000
2026-08-20T13:15:00+05:30,4491.38,4494.145,4488.36,4491.105,5785
2026-08-20T13:30:00+05:30,4491.105,4495.415,4490.835,4494.495,4579
2026-08-20T13:45:00+05:30,4494.5,4498.78,4490.16,4491.56,8619
2026-08-20T14:00:00+05:30,4491.555,4495.475,4487.34,4490.67,8135
2026-08-20T14:15:00+05:30,4490.665,4492.245,4487.695,4489.35,4550
2026-08-20T14:30:00+05:30,4489.39,4494.295,4488.465,4492.425,5829
2026-08-20T14:45:00+05:30,4492.375,4493.995,4488.245,4490.05,5750
2026-08-20T15:00:00+05:30,4490.1,4490.715,4484.7,4489.335,6015
2026-08-20T15:15:00+05:30,4489.235,4489.235,4482.005,4482.735,7229
2026-08-20T15:30:00+05:30,4482.75,4491.46,4480.865,4490.635,10595
2026-08-20T15:45:00+05:30,4490.71,4494.375,4486.495,4494.025,7880
2026-08-20T16:00:00+05:30,4493.985,4495.145,4490.07,4491.27,5075
2026-08-20T16:15:00+05:30,4491.28,4491.37,4487.54,4490.18,3829
2026-08-20T16:30:00+05:30,4490.21,4491.34,4482.795,4485.23,8545
2026-08-20T16:45:00+05:30,4485.175,4489.9,4481.315,4484.315,8585
2026-08-20T17:00:00+05:30,4484.36,4486.985,4474.345,4474.965,12639
2026-08-20T17:15:00+05:30,4474.985,4475.785,4465.57,4467.175,10215
2026-08-20T17:30:00+05:30,4467.18,4467.43,4450.745,4462.64,16685
2026-08-20T17:45:00+05:30,4462.635,4467.945,4457.065,4459.86,10880
2026-08-20T18:00:00+05:30,4460.375,4467.32,4451.205,4466.825,16114
2026-08-20T18:15:00+05:30,4466.8,4477.1,4464.17,4474.855,12930
2026-08-20T18:30:00+05:30,4474.875,4484.62,4471.89,4472.83,12729
2026-08-20T18:45:00+05:30,4472.82,4476.755,4470.285,4471.87,6470
2026-08-20T19:00:00+05:30,4471.91,4488.02,4469.35,4486.59,18670
2026-08-20T19:15:00+05:30,4486.605,4489.335,4479.405,4481.715,9930
2026-08-20T19:30:00+05:30,4481.705,4490.715,4480.87,4485.12,9845
2026-08-20T19:45:00+05:30,4485.11,4494.055,4481.79,4491.8,12265
2026-08-20T20:00:00+05:30,4491.81,4501.2,4491.81,4499.245,9389
2026-08-20T20:15:00+05:30,4499.165,4516.315,4498.695,4516.06,17619
2026-08-20T20:30:00+05:30,4516.145,4537.405,4515.135,4535.135,22269
2026-08-20T20:45:00+05:30,4535.11,4541.045,4523.63,4532.5,17414
2026-08-20T21:00:00+05:30,4532.48,4533.89,4508.76,4511.645,25130
2026-08-20T21:15:00+05:30,4511.635,4524.29,4510.955,4521.735,13335
2026-08-20T21:30:00+05:30,4521.755,4524.885,4510.505,4511.34,14380
2026-08-20T21:45:00+05:30,4511.35,4513.275,4505.49,4509.42,7784
2026-08-20T22:00:00+05:30,4509.425,4512.805,4502.825,4509.395,9980
2026-08-20T22:15:00+05:30,4509.395,4513.75,4507.53,4510.07,6220
2026-08-20T22:30:00+05:30,4510.1,4514.125,4507.79,4509.465,6335
2026-08-20T22:45:00+05:30,4509.455,4516.71,4507.895,4513.05,8814
2026-08-20T23:00:00+05:30,4513.06,4518.77,4510.965,4518.29,7805
2026-08-20T23:15:00+05:30,4518.275,4520.485,4517.155,4520.025,3329
2026-08-20T23:30:00+05:30,4520.06,4522.615,4509.345,4510.85,13269
2026-08-20T23:45:00+05:30,4510.835,4520.295,4508.395,4519.075,11899
2026-08-21T00:00:00+05:30,4518.885,4523.5,4518.6,4520.195,4899
2026-08-21T00:15:00+05:30,4520.2,4525.365,4517.99,4522.08,7375
2026-08-21T00:30:00+05:30,4522.065,4528.13,4518.19,4527.66,9940
2026-08-21T00:45:00+05:30,4527.65,4529.445,4522.78,4522.885,6664
2026-08-21T01:00:00+05:30,4522.875,4529.73,4522.1,4526.225,7629
2026-08-21T01:15:00+05:30,4526.23,4532.235,4525.02,4528.745,7214
2026-08-21T01:30:00+05:30,4528.755,4529.205,4522.49,4522.64,6715
2026-08-21T01:45:00+05:30,4522.645,4522.895,4520.455,4520.97,2440
2026-08-21T02:00:00+05:30,4521.025,4521.16,4516.835,4518.27,4324
2026-08-21T02:15:00+05:30,4518.32,4521.37,4518.055,4518.955,3314
2026-08-21T03:30:00+05:30,4519.545,4520.8,4517.04,4518.51,3760
2026-08-21T03:45:00+05:30,4518.505,4520.945,4517.98,4519.73,2965
2026-08-21T04:00:00+05:30,4519.74,4523.71,4518.38,4522.815,5329
2026-08-21T04:15:00+05:30,4522.78,4524.42,4519.665,4524.225,4755
2026-08-21T04:30:00+05:30,4524.215,4533.05,4523.52,4531.88,9529
2026-08-21T04:45:00+05:30,4531.875,4532.22,4522.585,4527.14,9635
2026-08-21T05:00:00+05:30,4527.27,4528.79,4520.99,4524.605,7800
2026-08-21T05:15:00+05:30,4524.565,4528.25,4523.2,4526.405,5050
2026-08-21T05:30:00+05:30,4526.39,4527.555,4517.5,4518.69,10055
2026-08-21T05:45:00+05:30,4518.655,4520.72,4513.79,4514.785,6930
2026-08-21T06:00:00+05:30,4514.74,4517.125,4510.835,4513.835,6289
2026-08-21T06:15:00+05:30,4513.675,4514.14,4509.8,4510.765,4340
2026-08-21T06:30:00+05:30,4510.755,4521.245,4508.995,4520.885,12250
2026-08-21T06:45:00+05:30,4520.79,4530.76,4520.325,4529.33,10435
2026-08-21T07:00:00+05:30,4529.39,4544.01,4523.78,4526.195,20230
2026-08-21T07:15:00+05:30,4526.215,4533.695,4525.565,4530.785,8130
2026-08-21T07:30:00+05:30,4530.82,4531.4,4518.505,4521.205,12894
2026-08-21T07:45:00+05:30,4521.24,4529.59,4520.365,4527.305,9225
2026-08-21T08:00:00+05:30,4527.335,4538.295,4525.345,4538.29,12949
2026-08-21T08:15:00+05:30,4538.29,4542.96,4532.47,4533.9,10489
2026-08-21T08:30:00+05:30,4533.845,4538.81,4531.9,4532.695,6910
2026-08-21T08:45:00+05:30,4532.735,4534.865,4529.65,4529.74,5215
2026-08-21T09:00:00+05:30,4529.775,4535.98,4526.795,4529.315,9184
2026-08-21T09:15:00+05:30,4529.305,4535.83,4528.39,4535.57,7439
2026-08-21T09:30:00+05:30,4535.61,4541.9,4535.515,4540.14,6384
2026-08-21T09:45:00+05:30,4540.145,4547.475,4537.64,4546.91,9835
2026-08-21T10:00:00+05:30,4546.89,4548.215,4540.76,4541.83,7454
2026-08-21T10:15:00+05:30,4541.78,4542.515,4540.205,4540.7,2310
2026-08-21T10:30:00+05:30,4540.75,4540.845,4534.885,4537.395,5960
2026-08-21T10:45:00+05:30,4537.39,4538.865,4530.66,4530.66,8204
2026-08-21T11:00:00+05:30,4530.435,4543.735,4529.115,4543.385,14619
2026-08-21T11:15:00+05:30,4543.365,4556.46,4541.795,4553.735,14664
2026-08-21T11:30:00+05:30,4553.82,4555.325,4545.6,4549.065,9724
2026-08-21T11:45:00+05:30,4548.97,4558.33,4548.97,4555.455,9359
2026-08-21T12:00:00+05:30,4555.425,4565.88,4554.57,4562.595,11310
2026-08-21T12:15:00+05:30,4562.615,4567.785,4560.915,4560.955,6869
2026-08-21T12:30:00+05:30,4560.95,4566.135,4558.565,4561.625,7570
2026-08-21T12:45:00+05:30,4561.66,4567.965,4559.935,4561.875,8029
2026-08-21T13:00:00+05:30,4561.62,4566.355,4560.18,4564.405,6174
2026-08-21T13:15:00+05:30,4564.44,4568.13,4560.93,4564.42,7199
2026-08-21T13:30:00+05:30,4564.535,4568.055,4559.155,4565.635,8900
2026-08-21T13:45:00+05:30,4565.615,4581.895,4564.015,4579.39,17880
2026-08-21T14:00:00+05:30,4579.45,4584.39,4576.61,4582.645,7780
2026-08-21T14:15:00+05:30,4582.635,4585.13,4580.51,4584.255,4619
2026-08-21T14:30:00+05:30,4584.285,4600.795,4582.315,4599.275,18480
2026-08-21T14:45:00+05:30,4599.395,4602.27,4581.365,4582.29,20905
2026-08-21T15:00:00+05:30,4582.435,4586.86,4580.925,4583.29,5934
2026-08-21T15:15:00+05:30,4583.25,4585.55,4580.545,4582.725,5005
2026-08-21T15:30:00+05:30,4582.62,4589.1,4577.93,4578.795,11170
2026-08-21T15:45:00+05:30,4578.83,4589.405,4578.445,4588.615,10960
2026-08-21T16:00:00+05:30,4588.66,4594.22,4585.73,4593.3,8490
2026-08-21T16:15:00+05:30,4593.34,4593.795,4587.895,4588.57,5899
2026-08-21T16:30:00+05:30,4588.64,4595.545,4587.255,4590.65,8289
2026-08-21T16:45:00+05:30,4590.7,4600.93,4590.65,4598.63,10280
2026-08-21T17:00:00+05:30,4598.625,4604.61,4593.485,4597.205,11125
2026-08-21T17:15:00+05:30,4597.23,4600.71,4595.74,4597.045,4970
2026-08-21T17:30:00+05:30,4597.125,4601.655,4589.285,4592.96,12369
2026-08-21T17:45:00+05:30,4592.95,4596.01,4582.115,4584.875,13895
2026-08-21T18:00:00+05:30,4584.88,4584.88,4563.57,4573.62,21310
2026-08-21T18:15:00+05:30,4573.655,4581.135,4573.22,4578.08,7914
2026-08-21T18:30:00+05:30,4578.025,4587.105,4575.885,4585.325,11219
2026-08-21T18:45:00+05:30,4585.305,4587.815,4579.27,4584.12,8544
2026-08-21T19:00:00+05:30,4584.07,4591.03,4573.4,4587.915,17630
2026-08-21T19:15:00+05:30,4587.815,4593.135,4576.93,4581.095,16204
2026-08-21T19:30:00+05:30,4581.02,4590.79,4579.845,4589.86,10944
2026-08-21T19:45:00+05:30,4589.915,4603.17,4586.575,4603.085,16595
2026-08-21T20:00:00+05:30,4603.1,4603.625,4580.595,4582.675,23029
2026-08-21T20:15:00+05:30,4582.665,4595.45,4580.745,4591.57,14704
2026-08-21T20:30:00+05:30,4591.575,4598.235,4587.28,4595.17,10954
2026-08-21T20:45:00+05:30,4595.175,4607.64,4595.11,4602.955,12530
2026-08-21T21:00:00+05:30,4603.015,4610.665,4599.625,4609.66,11039
2026-08-21T21:15:00+05:30,4609.755,4615.45,4607.21,4614.625,8239
2026-08-21T21:30:00+05:30,4614.645,4617.83,4609.11,4614.565,8720
2026-08-21T21:45:00+05:30,4614.58,4620.895,4610.715,4614.03,10180
2026-08-21T22:00:00+05:30,4614.04,4622.025,4612.32,4621.455,9704
2026-08-21T22:15:00+05:30,4621.47,4629.165,4621.08,4628.88,8085
2026-08-21T22:30:00+05:30,4628.92,4632.145,4621.815,4623.295,10330
2026-08-21T22:45:00+05:30,4623.275,4626.035,4615.32,4622.1,10715
2026-08-21T23:00:00+05:30,4622.105,4624.825,4618.745,4619.465,6079
2026-08-21T23:15:00+05:30,4619.475,4622.66,4616.965,4620.67,5694
2026-08-21T23:30:00+05:30,4620.68,4627.845,4620.4,4624.185,7445
2026-08-21T23:45:00+05:30,4624.165,4627.775,4624.16,4625.16,3614
2026-08-22T00:00:00+05:30,4625.235,4625.235,4619.555,4621.03,5679
2026-08-22T00:15:00+05:30,4621.02,4626.23,4620.945,4624.515,5284
2026-08-22T00:30:00+05:30,4624.555,4625.66,4618.545,4622.85,7114
2026-08-22T00:45:00+05:30,4622.85,4623.475,4617.94,4618.13,5535
2026-08-22T01:00:00+05:30,4618.19,4619.87,4615.755,4618.24,4114
2026-08-22T01:15:00+05:30,4618.305,4623.79,4615.645,4617.03,8144
2026-08-22T01:30:00+05:30,4617.06,4617.815,4615.115,4616.945,2699
2026-08-22T01:45:00+05:30,4616.995,4617.785,4610.305,4610.95,7479
2026-08-22T02:00:00+05:30,4611.005,4612.04,4607.61,4608.17,4430
2026-08-22T02:15:00+05:30,4608.14,4608.925,4602.67,4602.99,6255
