datetime,open,high,low,close,volume
2025-03-06T15:30:00+05:30,2894.245,2909.435,2892.03,2904.595,17404
2025-03-06T19:30:00+05:30,2904.55,2922.85,2903.445,2915.57,19404
2025-03-06T23:30:00+05:30,2915.585,2920.77,2908.45,2911.1,12320
2025-03-07T03:30:00+05:30,2912.935,2913.48,2896.91,2906.965,16570
2025-03-07T07:30:00+05:30,2906.96,2912.54,2901.345,2909.66,11195
2025-03-07T11:30:00+05:30,2909.655,2923.18,2907.82,2921.62,15359
2025-03-07T15:30:00+05:30,2921.605,2926.425,2910.175,2913.835,16250
2025-03-07T19:30:00+05:30,2913.8,2930.54,2903.83,2908.325,26710
2025-03-07T23:30:00+05:30,2908.27,2912.695,2902.065,2909.55,10630
2025-03-10T02:30:00+05:30,2912.41,2918.07,2909.93,2913.865,8140
2025-03-10T06:30:00+05:30,2913.94,2918.385,2908.335,2910.98,10050
2025-03-10T10:30:00+05:30,2911.0,2915.59,2897.625,2897.935,17965
2025-03-10T14:30:00+05:30,2897.84,2915.595,2895.7,2906.8,19894
2025-03-10T18:30:00+05:30,2906.8,2910.635,2895.9,2895.975,14735
2025-03-10T22:30:00+05:30,2895.965,2896.175,2880.31,2889.5,15865
2025-03-11T02:30:00+05:30,2889.865,2889.96,2882.43,2887.415,7530
2025-03-11T06:30:00+05:30,2887.54,2900.515,2880.25,2897.77,20264
2025-03-11T10:30:00+05:30,2897.755,2910.675,2892.815,2910.01,17860
2025-03-11T14:30:00+05:30,2910.015,2916.11,2908.935,2913.11,7175
2025-03-11T18:30:00+05:30,2913.115,2922.225,2906.89,2917.2,15335
2025-03-11T22:30:00+05:30,2917.225,2921.4,2914.21,2915.695,7190
2025-03-12T02:30:00+05:30,2915.36,2919.755,2912.23,2914.25,7525
2025-03-12T06:30:00+05:30,2914.255,2920.11,2910.9,2914.985,9210
2025-03-12T10:30:00+05:30,2914.94,2922.28,2909.095,2922.27,13185
2025-03-12T14:30:00+05:30,2922.28,2925.39,2912.15,2917.56,13239
2025-03-12T18:30:00+05:30,2917.545,2939.195,2906.11,2936.235,33085
2025-03-12T22:30:00+05:30,2936.265,2940.69,2930.965,2933.61,9724
2025-03-13T02:30:00+05:30,2934.88,2939.495,2934.13,2938.71,5364
2025-03-13T06:30:00+05:30,2938.685,2947.195,2936.64,2944.76,10555
2025-03-13T10:30:00+05:30,2944.7,2945.1,2932.98,2941.54,12119
2025-03-13T14:30:00+05:30,2941.545,2949.3,2941.12,2942.575,8180
2025-03-13T18:30:00+05:30,2942.59,2985.29,2939.09,2980.16,46199
2025-03-13T22:30:00+05:30,2980.155,2989.3,2976.525,2988.695,12775
2025-03-14T02:30:00+05:30,2984.23,2990.055,2983.345,2986.76,6710
2025-03-14T06:30:00+05:30,2986.755,2994.0,2981.715,2985.535,12284
2025-03-14T10:30:00+05:30,2985.555,2993.36,2980.915,2993.0,12445
2025-03-14T14:30:00+05:30,2992.995,3005.04,2986.69,2993.955,18349
2025-03-14T18:30:00+05:30,2993.965,2996.23,2978.505,2989.885,17724
2025-03-14T22:30:00+05:30,2989.875,2990.51,2981.85,2984.91,8660
2025-03-17T02:30:00+05:30,2988.225,2994.235,2986.29,2991.005,7945
2025-03-17T06:30:00+05:30,2990.97,2993.235,2982.485,2982.71,10750
2025-03-17T10:30:00+05:30,2982.77,2990.83,2982.34,2988.515,8489
2025-03-17T14:30:00+05:30,2988.51,3001.19,2984.93,2987.275,16260
2025-03-17T18:30:00+05:30,2987.27,3000.55,2986.14,2994.57,14410
2025-03-17T22:30:00+05:30,2994.6,3001.975,2994.6,3001.13,7375
2025-03-18T02:30:00+05:30,3001.16,3003.615,2999.59,3001.565,4024
2025-03-18T06:30:00+05:30,3001.48,3017.2,2999.46,3014.47,17739
2025-03-18T10:30:00+05:30,3014.465,3027.28,3006.145,3026.595,21135
2025-03-18T14:30:00+05:30,3026.64,3035.96,3018.225,3034.36,17735
2025-03-18T18:30:00+05:30,3034.37,3038.35,3024.805,3036.14,13545
2025-03-18T22:30:00+05:30,3036.115,3038.065,3029.83,3034.115,8235
2025-03-19T02:30:00+05:30,3033.97,3035.07,3030.53,3031.485,4539
2025-03-19T06:30:00+05:30,3031.46,3039.045,3027.45,3036.55,11595
2025-03-19T10:30:00+05:30,3036.625,3045.41,3024.79,3025.34,20619
2025-03-19T14:30:00+05:30,3025.31,3041.1,3022.885,3037.245,18214
2025-03-19T18:30:00+05:30,3037.25,3038.455,3025.96,3033.135,12494
2025-03-19T22:30:00+05:30,3033.15,3051.97,3029.52,3047.14,22449
2025-03-20T02:30:00+05:30,3048.72,3055.62,3047.285,3053.285,8335
2025-03-20T06:30:00+05:30,3053.315,3057.59,3045.08,3052.42,12510
2025-03-20T10:30:00+05:30,3052.53,3053.485,3038.805,3042.055,14680
2025-03-20T14:30:00+05:30,3042.045,3046.36,3025.73,3040.925,20630
2025-03-20T18:30:00+05:30,3040.92,3043.27,3030.045,3038.33,13224
2025-03-20T22:30:00+05:30,3038.37,3046.225,3034.85,3044.66,11375
2025-03-21T02:30:00+05:30,3045.005,3047.55,3042.42,3042.925,5130
2025-03-21T06:30:00+05:30,3042.95,3044.635,3028.065,3029.88,16570
2025-03-21T10:30:00+05:30,3029.92,3034.91,3021.845,3033.02,13065
2025-03-21T14:30:00+05:30,3032.975,3038.195,3027.8,3034.115,10394
2025-03-21T18:30:00+05:30,3034.11,3036.95,2999.465,3015.25,37484
2025-03-21T22:30:00+05:30,3015.31,3024.275,3012.885,3023.985,11389
2025-03-24T02:30:00+05:30,3023.165,3026.41,3017.06,3018.41,9349
2025-03-24T06:30:00+05:30,3018.485,3025.705,3013.755,3019.52,11949
2025-03-24T10:30:00+05:30,3019.51,3029.05,3017.385,3028.9,11664
2025-03-24T14:30:00+05:30,3028.995,3033.34,3022.415,3024.205,10925
2025-03-24T18:30:00+05:30,3024.18,3028.37,3005.88,3009.835,22489
2025-03-24T22:30:00+05:30,3009.82,3014.59,3002.495,3012.15,12095
2025-03-25T02:30:00+05:30,3011.705,3014.985,3009.025,3014.47,5960
2025-03-25T06:30:00+05:30,3014.46,3016.465,3007.54,3015.315,8925
2025-03-25T10:30:00+05:30,3015.29,3021.89,3010.595,3021.41,11295
2025-03-25T14:30:00+05:30,3021.325,3026.59,3014.205,3021.86,12385
2025-03-25T18:30:00+05:30,3021.825,3036.07,3018.065,3023.28,18005
2025-03-25T22:30:00+05:30,3023.285,3023.42,3017.835,3020.09,5585
2025-03-26T02:30:00+05:30,3021.175,3022.47,3017.885,3018.195,4584
2025-03-26T06:30:00+05:30,3018.2,3027.17,3014.36,3015.275,12809
2025-03-26T10:30:00+05:30,3015.27,3032.165,3013.32,3024.09,18844
2025-03-26T14:30:00+05:30,3024.115,3030.45,3017.075,3027.19,13375
2025-03-26T18:30:00+05:30,3027.18,3027.52,3012.33,3015.725,15190
2025-03-26T22:30:00+05:30,3015.725,3021.86,3015.375,3019.495,6485
2025-03-27T02:30:00+05:30,3020.345,3025.915,3017.655,3025.47,8259
2025-03-27T06:30:00+05:30,3025.5,3038.695,3023.015,3034.2,15680
2025-03-27T10:30:00+05:30,3034.255,3038.015,3026.765,3036.175,11250
2025-03-27T14:30:00+05:30,3036.18,3056.03,3034.67,3050.075,21360
2025-03-27T18:30:00+05:30,3050.08,3059.755,3033.475,3048.43,26280
2025-03-27T22:30:00+05:30,3048.415,3057.955,3047.87,3056.605,10085
2025-03-28T02:30:00+05:30,3056.07,3063.455,3054.235,3061.985,9219
2025-03-28T06:30:00+05:30,3061.945,3077.68,3061.835,3073.905,15844
2025-03-28T10:30:00+05:30,3073.95,3086.09,3066.145,3072.97,19945
2025-03-28T14:30:00+05:30,3072.965,3082.0,3067.37,3077.505,14630
2025-03-28T18:30:00+05:30,3077.38,3086.965,3067.43,3083.985,19535
2025-03-28T22:30:00+05:30,3083.98,3086.0,3073.655,3085.345,12344
2025-03-31T02:30:00+05:30,3093.01,3097.978,3077.45,3079.125,20528
2025-03-31T06:30:00+05:30,3079.12,3116.09,3076.805,3113.505,39285
2025-03-31T10:30:00+05:30,3113.465,3128.135,3107.565,3122.26,20570
2025-03-31T14:30:00+05:30,3122.295,3126.77,3111.93,3124.575,14840
2025-03-31T18:30:00+05:30,3124.595,3127.3,3099.71,3117.675,27590
2025-03-31T22:30:00+05:30,3117.68,3124.835,3115.925,3123.72,8909
2025-04-01T02:30:00+05:30,3124.935,3128.075,3120.125,3127.275,7949
2025-04-01T06:30:00+05:30,3127.27,3148.01,3126.605,3144.765,21405
2025-04-01T10:30:00+05:30,3144.76,3149.09,3124.105,3131.08,24985
2025-04-01T14:30:00+05:30,3131.13,3139.07,3127.77,3133.495,11300
2025-04-01T18:30:00+05:30,3133.455,3137.195,3100.87,3106.715,36325
2025-04-01T22:30:00+05:30,3106.705,3120.78,3105.77,3114.475,15010
2025-04-02T02:30:00+05:30,3114.095,3123.835,3107.83,3123.015,16005
2025-04-02T06:30:00+05:30,3123.01,3135.805,3115.555,3116.13,20250
2025-04-02T10:30:00+05:30,3116.2,3133.95,3106.705,3131.37,27244
2025-04-02T14:30:00+05:30,3131.45,3131.665,3110.205,3122.5,21460
2025-04-02T18:30:00+05:30,3122.495,3134.37,3116.67,3131.55,17699
2025-04-02T22:30:00+05:30,3131.56,3145.34,3104.79,3134.305,40550
2025-04-03T02:30:00+05:30,3131.44,3167.835,3113.525,3151.335,54309
2025-04-03T06:30:00+05:30,3151.465,3163.12,3139.16,3140.485,23960
2025-04-03T10:30:00+05:30,3140.56,3141.035,3116.515,3129.11,24519
2025-04-03T14:30:00+05:30,3129.12,3129.625,3062.28,3076.32,67344
2025-04-03T18:30:00+05:30,3076.31,3135.665,3054.19,3107.575,81474
2025-04-03T22:30:00+05:30,3107.515,3120.15,3100.055,3114.575,20095
2025-04-04T02:30:00+05:30,3114.52,3116.815,3106.11,3110.69,10704
2025-04-04T06:30:00+05:30,3110.635,3115.78,3087.09,3100.16,28690
2025-04-04T10:30:00+05:30,3100.045,3110.075,3078.515,3084.205,31559
2025-04-04T14:30:00+05:30,3084.135,3136.775,3069.445,3071.295,67329
2025-04-04T18:30:00+05:30,3071.29,3087.49,3016.975,3031.01,70514
2025-04-04T22:30:00+05:30,3031.02,3041.095,3015.65,3037.885,25444
2025-04-07T02:30:00+05:30,3030.77,3035.635,2970.215,2978.98,65420
2025-04-07T06:30:00+05:30,2978.845,3057.305,2972.055,3035.575,85250
2025-04-07T10:30:00+05:30,3035.615,3044.685,3013.36,3031.785,31324
2025-04-07T14:30:00+05:30,3031.83,3046.235,3014.805,3031.25,31430
2025-04-07T18:30:00+05:30,3031.225,3038.005,2969.975,2970.925,68030
2025-04-07T22:30:00+05:30,2970.945,2986.055,2956.565,2981.94,29489
2025-04-08T02:30:00+05:30,2982.095,2992.76,2978.72,2985.475,14040
2025-04-08T06:30:00+05:30,2985.37,3004.96,2983.685,3002.25,21275
2025-04-08T10:30:00+05:30,3002.06,3016.105,2999.565,3007.565,16539
2025-04-08T14:30:00+05:30,3007.44,3019.605,2994.9,3002.67,24704
2025-04-08T18:30:00+05:30,3002.645,3022.76,2984.385,2986.055,38375
2025-04-08T22:30:00+05:30,2986.085,2992.38,2974.795,2982.25,17585
2025-04-09T02:30:00+05:30,2982.735,2990.97,2969.97,2980.495,21000
2025-04-09T06:30:00+05:30,2980.45,3014.245,2972.415,3012.365,41829
2025-04-09T10:30:00+05:30,3012.315,3052.465,3005.515,3044.1,46950
2025-04-09T14:30:00+05:30,3044.1,3073.212,3036.08,3047.515,37132
2025-04-09T18:30:00+05:30,3047.53,3094.92,3047.42,3092.455,47500
2025-04-09T22:30:00+05:30,3092.48,3099.77,3048.76,3082.95,51009
2025-04-10T02:30:00+05:30,3080.48,3101.48,3071.505,3097.145,29974
2025-04-10T06:30:00+05:30,3097.1,3132.035,3078.55,3125.36,53484
2025-04-10T10:30:00+05:30,3125.39,3132.63,3104.57,3104.975,28059
2025-04-10T14:30:00+05:30,3104.98,3134.415,3103.32,3123.075,31094
2025-04-10T18:30:00+05:30,3123.07,3175.085,3116.17,3158.445,58914
2025-04-10T22:30:00+05:30,3158.44,3176.6,3151.66,3175.365,24940
2025-04-11T02:30:00+05:30,3179.765,3218.115,3177.26,3205.655,40854
2025-04-11T06:30:00+05:30,3205.64,3220.1,3201.15,3208.56,18949
2025-04-11T10:30:00+05:30,3208.545,3227.45,3187.265,3216.09,40184
2025-04-11T14:30:00+05:30,3216.075,3237.96,3210.195,3233.75,27764
2025-04-11T18:30:00+05:30,3233.775,3245.485,3219.655,3223.195,25829
2025-04-11T22:30:00+05:30,3223.23,3238.82,3223.23,3237.93,15590
2025-04-14T02:30:00+05:30,3222.955,3227.47,3213.355,3220.885,14114
2025-04-14T06:30:00+05:30,3221.01,3245.845,3215.42,3227.48,30424
2025-04-14T10:30:00+05:30,3227.435,3238.25,3216.525,3227.09,21724
2025-04-14T14:30:00+05:30,3227.035,3231.8,3200.665,3206.74,31135
2025-04-14T18:30:00+05:30,3206.715,3215.66,3193.63,3207.685,22029
2025-04-14T22:30:00+05:30,3207.73,3216.485,3201.38,3210.68,15105
2025-04-15T02:30:00+05:30,3212.565,3215.355,3210.515,3211.995,4840
2025-04-15T06:30:00+05:30,3211.99,3232.755,3210.065,3231.91,22690
2025-04-15T10:30:00+05:30,3231.885,3232.24,3217.375,3227.755,14864
2025-04-15T14:30:00+05:30,3227.78,3230.175,3214.355,3221.655,15820
2025-04-15T18:30:00+05:30,3221.635,3226.97,3211.66,3221.465,15309
2025-04-15T22:30:00+05:30,3221.47,3233.705,3220.42,3229.795,13284
2025-04-16T02:30:00+05:30,3230.675,3268.09,3230.675,3264.52,37414
2025-04-16T06:30:00+05:30,3264.525,3287.83,3256.03,3283.77,31799
2025-04-16T10:30:00+05:30,3283.755,3317.92,3283.725,3307.07,34195
2025-04-16T14:30:00+05:30,3307.105,3313.82,3293.075,3307.33,20745
2025-04-16T18:30:00+05:30,3307.335,3333.11,3296.95,3327.38,36160
2025-04-16T22:30:00+05:30,3327.355,3343.2,3324.385,3343.1,18814
2025-04-17T02:30:00+05:30,3348.59,3357.775,3342.015,3345.6,15760
2025-04-17T06:30:00+05:30,3345.625,3356.5,3320.855,3341.68,35644
2025-04-17T10:30:00+05:30,3341.67,3345.59,3312.755,3324.345,32835
2025-04-17T14:30:00+05:30,3324.32,3342.735,3320.705,3328.365,22030
2025-04-17T18:30:00+05:30,3328.37,3332.185,3283.955,3316.295,48230
2025-04-17T22:30:00+05:30,3316.35,3328.915,3311.06,3327.375,17855
2025-04-21T02:30:00+05:30,3332.26,3370.75,3331.405,3368.82,39344
2025-04-21T06:30:00+05:30,3368.845,3385.435,3367.32,3376.51,18114
2025-04-21T10:30:00+05:30,3376.5,3396.16,3375.875,3392.9,20284
2025-04-21T14:30:00+05:30,3392.94,3415.825,3386.445,3414.91,29379
2025-04-21T18:30:00+05:30,3414.885,3430.35,3405.11,3414.625,25239
2025-04-21T22:30:00+05:30,3414.65,3430.61,3406.07,3424.235,24539
2025-04-22T02:30:00+05:30,3427.86,3444.68,3412.345,3425.66,32335
2025-04-22T06:30:00+05:30,3425.67,3494.97,3421.565,3484.605,73404
2025-04-22T10:30:00+05:30,3484.675,3500.2,3443.175,3444.285,57024
2025-04-22T14:30:00+05:30,3444.32,3468.425,3424.36,3431.545,44065
2025-04-22T18:30:00+05:30,3431.565,3449.98,3372.255,3393.155,77724
2025-04-22T22:30:00+05:30,3393.16,3410.365,3366.905,3381.16,43459
2025-04-23T02:30:00+05:30,3324.79,3371.425,3315.34,3368.11,56085
2025-04-23T06:30:00+05:30,3368.105,3386.77,3329.2,3346.795,57570
2025-04-23T10:30:00+05:30,3346.825,3349.52,3291.735,3321.71,57784
2025-04-23T14:30:00+05:30,3321.73,3340.6,3310.505,3310.735,30094
2025-04-23T18:30:00+05:30,3310.74,3313.9,3260.19,3295.08,53710
2025-04-23T22:30:00+05:30,3295.155,3301.715,3277.905,3288.24,23809
2025-04-24T02:30:00+05:30,3306.065,3339.215,3305.375,3331.73,33840
2025-04-24T06:30:00+05:30,3331.725,3367.685,3320.72,3326.195,46965
2025-04-24T10:30:00+05:30,3326.225,3341.675,3314.8,3336.13,26875
2025-04-24T14:30:00+05:30,3336.195,3344.785,3325.43,3335.935,19355
2025-04-24T18:30:00+05:30,3335.945,3336.345,3306.755,3331.725,29589
2025-04-24T22:30:00+05:30,3331.735,3349.96,3329.95,3348.99,20010
2025-04-25T02:30:00+05:30,3348.99,3370.475,3347.03,3358.005,23444
2025-04-25T06:30:00+05:30,3357.95,3363.215,3316.39,3324.85,46825
2025-04-25T10:30:00+05:30,3324.825,3327.19,3287.265,3304.005,39925
2025-04-25T14:30:00+05:30,3303.99,3308.995,3288.01,3292.76,20984
2025-04-25T18:30:00+05:30,3292.745,3293.02,3265.135,3285.525,27884
2025-04-25T22:30:00+05:30,3285.485,3319.855,3281.925,3319.345,37929
2025-04-28T02:30:00+05:30,3326.365,3330.605,3298.64,3314.075,31965
2025-04-28T06:30:00+05:30,3314.015,3315.3,3268.11,3299.185,47190
2025-04-28T10:30:00+05:30,3299.225,3301.165,3277.69,3282.79,23474
2025-04-28T14:30:00+05:30,3282.8,3302.405,3273.335,3296.225,29070
2025-04-28T18:30:00+05:30,3296.085,3339.33,3286.875,3336.68,52454
2025-04-28T22:30:00+05:30,3336.695,3353.2,3333.215,3343.875,19984
2025-04-29T02:30:00+05:30,3345.47,3345.505,3327.845,3330.025,17660
2025-04-29T06:30:00+05:30,3330.005,3340.135,3306.7,3309.48,33435
2025-04-29T10:30:00+05:30,3309.35,3325.005,3305.14,3311.885,19865
2025-04-29T14:30:00+05:30,3311.86,3316.14,3300.4,3313.0,15739
2025-04-29T18:30:00+05:30,3312.9,3330.065,3299.675,3328.87,30389
2025-04-29T22:30:00+05:30,3328.905,3329.835,3313.3,3317.15,16534
2025-04-30T02:30:00+05:30,3317.76,3328.155,3310.985,3313.14,17170
2025-04-30T06:30:00+05:30,3313.145,3322.935,3301.385,3308.07,21549
2025-04-30T10:30:00+05:30,3308.12,3314.82,3280.285,3284.51,34535
2025-04-30T14:30:00+05:30,3284.54,3304.89,3266.91,3298.735,37980
2025-04-30T18:30:00+05:30,3298.73,3319.8,3292.815,3310.825,26985
2025-04-30T22:30:00+05:30,3310.795,3313.645,3283.085,3288.155,30559
2025-05-01T02:30:00+05:30,3285.63,3288.16,3241.245,3246.69,46914
2025-05-01T06:30:00+05:30,3246.7,3251.85,3221.32,3226.87,30529
2025-05-01T10:30:00+05:30,3226.805,3243.28,3223.405,3235.18,19875
2025-05-01T14:30:00+05:30,3235.175,3236.26,3201.955,3226.935,34305
2025-05-01T18:30:00+05:30,3226.905,3233.37,3205.095,3219.675,28275
2025-05-01T22:30:00+05:30,3219.69,3239.9,3209.86,3238.295,30039
2025-05-02T02:30:00+05:30,3239.43,3244.46,3227.47,3231.195,16990
2025-05-02T06:30:00+05:30,3231.125,3258.795,3231.125,3251.93,27670
2025-05-02T10:30:00+05:30,3251.705,3263.47,3246.42,3258.26,17049
2025-05-02T14:30:00+05:30,3258.31,3269.3,3250.22,3250.425,19080
2025-05-02T18:30:00+05:30,3250.5,3264.72,3222.755,3225.07,41964
2025-05-02T22:30:00+05:30,3225.075,3241.435,3223.62,3240.95,17815
2025-05-05T02:30:00+05:30,3238.295,3252.43,3237.79,3246.76,14639
2025-05-05T06:30:00+05:30,3246.78,3272.545,3246.64,3256.575,25905
2025-05-05T10:30:00+05:30,3256.665,3283.06,3254.11,3282.84,28949
2025-05-05T14:30:00+05:30,3282.865,3322.71,3282.315,3319.7,40394
2025-05-05T18:30:00+05:30,3319.695,3328.85,3305.64,3309.875,23210
2025-05-05T22:30:00+05:30,3309.87,3337.67,3309.29,3334.195,28380
2025-05-06T02:30:00+05:30,3333.575,3335.335,3322.755,3329.745,12579
2025-05-06T06:30:00+05:30,3329.75,3387.015,3329.75,3363.18,57264
2025-05-06T10:30:00+05:30,3363.2,3383.23,3350.26,3377.175,32969
2025-05-06T14:30:00+05:30,3377.275,3392.49,3371.47,3391.14,21019
2025-05-06T18:30:00+05:30,3391.15,3411.8,3378.25,3408.86,33550
2025-05-06T22:30:00+05:30,3408.875,3435.055,3407.625,3431.14,27429
2025-05-07T02:30:00+05:30,3416.915,3422.135,3360.79,3379.38,61345
2025-05-07T06:30:00+05:30,3379.35,3394.035,3360.2,3382.215,33835
2025-05-07T10:30:00+05:30,3382.26,3397.445,3378.19,3383.0,19255
2025-05-07T14:30:00+05:30,3382.985,3393.945,3369.305,3390.92,24640
2025-05-07T18:30:00+05:30,3390.93,3398.145,3375.8,3386.925,22344
2025-05-07T22:30:00+05:30,3386.905,3398.02,3363.735,3364.355,34284
2025-05-08T02:30:00+05:30,3372.725,3386.96,3366.785,3380.62,20175
2025-05-08T06:30:00+05:30,3380.65,3414.79,3379.07,3382.225,35719
2025-05-08T10:30:00+05:30,3382.245,3384.36,3320.38,3339.42,63980
2025-05-08T14:30:00+05:30,3339.395,3358.715,3330.4,3356.255,28315
2025-05-08T18:30:00+05:30,3356.28,3369.6,3304.44,3310.33,65159
2025-05-08T22:30:00+05:30,3310.35,3311.29,3288.805,3305.98,22485
2025-05-09T02:30:00+05:30,3310.125,3324.095,3308.83,3322.355,15264
2025-05-09T06:30:00+05:30,3322.34,3327.625,3274.81,3324.645,52815
2025-05-09T10:30:00+05:30,3324.755,3332.35,3312.95,3328.725,19400
2025-05-09T14:30:00+05:30,3328.685,3338.46,3322.02,3333.7,16440
2025-05-09T18:30:00+05:30,3333.695,3347.625,3320.395,3336.825,27230
2025-05-09T22:30:00+05:30,3336.82,3343.05,3324.87,3325.39,18180
2025-05-12T02:30:00+05:30,3325.39,3325.39,3265.89,3279.315,59500
2025-05-12T06:30:00+05:30,3279.135,3284.785,3258.85,3278.87,25934
2025-05-12T10:30:00+05:30,3278.995,3281.655,3216.115,3231.45,65540
2025-05-12T14:30:00+05:30,3231.455,3234.515,3207.79,3233.685,26724
2025-05-12T18:30:00+05:30,3233.695,3248.7,3223.215,3224.29,25484
2025-05-12T22:30:00+05:30,3224.3,3238.875,3220.325,3235.075,18550
2025-05-13T02:30:00+05:30,3237.93,3243.425,3229.825,3239.96,13600
2025-05-13T06:30:00+05:30,3239.935,3253.675,3215.855,3252.71,37820
2025-05-13T10:30:00+05:30,3252.795,3265.785,3247.34,3255.515,18444
2025-05-13T14:30:00+05:30,3255.575,3258.67,3237.33,3241.87,21340
2025-05-13T18:30:00+05:30,3241.81,3258.0,3225.505,3251.095,32494
2025-05-13T22:30:00+05:30,3251.085,3254.885,3242.115,3250.18,12770
2025-05-14T02:30:00+05:30,3252.0,3257.14,3240.67,3243.805,16469
2025-05-14T06:30:00+05:30,3243.815,3251.905,3222.58,3224.035,29325
2025-05-14T10:30:00+05:30,3224.025,3243.96,3221.565,3232.595,22394
2025-05-14T14:30:00+05:30,3232.62,3239.2,3184.225,3184.87,54974
2025-05-14T18:30:00+05:30,3185.005,3198.395,3173.775,3188.635,24619
2025-05-14T22:30:00+05:30,3188.62,3190.655,3168.065,3177.585,22590
2025-05-15T02:30:00+05:30,3181.06,3188.015,3180.205,3187.845,7809
2025-05-15T06:30:00+05:30,3187.825,3192.83,3135.545,3138.605,57284
2025-05-15T10:30:00+05:30,3138.64,3164.325,3120.765,3162.6,43559
2025-05-15T14:30:00+05:30,3162.605,3189.98,3159.35,3188.865,30630
2025-05-15T18:30:00+05:30,3188.87,3222.815,3185.2,3222.61,37615
2025-05-15T22:30:00+05:30,3222.595,3240.725,3216.535,3239.97,24190
2025-05-16T02:30:00+05:30,3241.785,3252.255,3232.085,3243.175,20170
2025-05-16T06:30:00+05:30,3243.265,3244.675,3206.6,3219.575,38075
2025-05-16T10:30:00+05:30,3219.665,3231.335,3195.53,3207.525,35804
2025-05-16T14:30:00+05:30,3207.475,3213.015,3154.3,3177.435,58714
2025-05-16T18:30:00+05:30,3177.44,3189.9,3165.9,3189.405,24000
2025-05-16T22:30:00+05:30,3189.435,3205.885,3183.47,3204.45,22415
2025-05-19T02:30:00+05:30,3215.99,3249.85,3212.075,3246.52,37775
2025-05-19T06:30:00+05:30,3246.405,3246.95,3206.725,3215.97,40224
2025-05-19T10:30:00+05:30,3216.22,3245.015,3215.005,3244.565,30009
2025-05-19T14:30:00+05:30,3244.695,3248.59,3228.905,3229.5,19684
2025-05-19T18:30:00+05:30,3229.625,3241.75,3217.29,3231.92,24460
2025-05-19T22:30:00+05:30,3231.88,3235.97,3225.32,3230.4,10649
2025-05-20T02:30:00+05:30,3228.025,3230.59,3214.13,3222.83,16460
2025-05-20T06:30:00+05:30,3222.71,3232.85,3204.67,3217.395,28179
2025-05-20T10:30:00+05:30,3217.325,3236.18,3207.98,3236.04,28199
2025-05-20T14:30:00+05:30,3236.035,3251.05,3230.49,3242.855,20560
2025-05-20T18:30:00+05:30,3242.83,3285.93,3232.995,3278.885,52934
2025-05-20T22:30:00+05:30,3278.98,3295.79,3278.345,3289.845,17445
2025-05-21T02:30:00+05:30,3292.7,3304.315,3288.675,3303.575,15639
2025-05-21T06:30:00+05:30,3303.485,3314.82,3285.34,3302.17,29480
2025-05-21T10:30:00+05:30,3302.155,3320.845,3298.51,3308.495,22334
2025-05-21T14:30:00+05:30,3308.51,3318.395,3290.725,3302.79,27670
2025-05-21T18:30:00+05:30,3302.825,3315.315,3295.355,3303.205,19960
2025-05-21T22:30:00+05:30,3303.195,3324.935,3302.95,3315.245,21985
2025-05-22T02:30:00+05:30,3319.9,3326.355,3315.58,3323.84,10775
2025-05-22T06:30:00+05:30,3323.845,3345.47,3320.475,3338.61,24994
2025-05-22T10:30:00+05:30,3338.605,3339.55,3310.245,3311.355,29305
2025-05-22T14:30:00+05:30,3311.245,3314.78,3283.075,3304.225,31705
2025-05-22T18:30:00+05:30,3304.29,3315.91,3279.235,3301.665,36674
2025-05-22T22:30:00+05:30,3301.6,3301.88,3289.11,3295.01,12769
2025-05-23T02:30:00+05:30,3297.82,3309.01,3287.075,3300.89,21935
2025-05-23T06:30:00+05:30,3300.975,3316.4,3291.0,3313.72,25400
2025-05-23T10:30:00+05:30,3313.745,3334.465,3312.595,3326.47,21870
2025-05-23T14:30:00+05:30,3326.595,3360.555,3323.475,3357.0,37079
2025-05-23T18:30:00+05:30,3357.16,3364.82,3336.635,3359.13,28184
2025-05-23T22:30:00+05:30,3359.065,3366.015,3356.24,3358.125,9775
2025-05-26T02:30:00+05:30,3351.4,3352.5,3331.445,3342.19,21054
2025-05-26T06:30:00+05:30,3342.175,3356.995,3335.615,3349.965,21380
2025-05-26T10:30:00+05:30,3350.05,3351.98,3331.12,3334.755,20860
2025-05-26T14:30:00+05:30,3334.765,3336.3,3323.5,3334.4,12800
2025-05-26T18:30:00+05:30,3334.51,3343.72,3331.35,3342.265,12369
2025-05-26T22:30:00+05:30,3342.3,3343.265,3340.57,3342.475,2694
2025-05-27T02:30:00+05:30,3346.38,3350.095,3342.51,3345.175,7584
2025-05-27T06:30:00+05:30,3345.195,3347.425,3330.775,3331.0,16650
2025-05-27T10:30:00+05:30,3331.01,3332.805,3292.655,3298.6,40149
2025-05-27T14:30:00+05:30,3298.585,3309.96,3287.785,3293.88,22175
2025-05-27T18:30:00+05:30,3293.855,3305.035,3285.25,3297.915,19784
2025-05-27T22:30:00+05:30,3297.93,3308.005,3296.885,3300.75,11119
2025-05-28T02:30:00+05:30,3304.215,3315.885,3297.298,3308.605,18587
2025-05-28T06:30:00+05:30,3308.56,3313.99,3291.705,3296.47,22284
2025-05-28T10:30:00+05:30,3296.395,3323.895,3296.04,3321.705,27855
2025-05-28T14:30:00+05:30,3321.71,3325.695,3305.45,3312.415,20245
2025-05-28T18:30:00+05:30,3312.47,3316.505,3288.71,3293.54,27795
2025-05-28T22:30:00+05:30,3293.545,3303.14,3276.355,3288.725,26784
2025-05-29T02:30:00+05:30,3289.59,3295.24,3250.145,3265.05,45094
2025-05-29T06:30:00+05:30,3265.055,3280.22,3245.56,3269.16,34659
2025-05-29T10:30:00+05:30,3269.19,3289.43,3266.08,3281.785,23349
2025-05-29T14:30:00+05:30,3281.705,3317.605,3276.33,3316.525,41275
2025-05-29T18:30:00+05:30,3316.53,3331.47,3304.76,3322.285,26709
2025-05-29T22:30:00+05:30,3322.25,3325.95,3315.28,3317.615,10669
2025-05-30T02:30:00+05:30,3317.9,3318.95,3309.65,3312.565,9299
2025-05-30T06:30:00+05:30,3312.63,3322.925,3291.3,3296.325,31625
2025-05-30T10:30:00+05:30,3296.245,3305.165,3287.435,3295.855,17730
2025-05-30T14:30:00+05:30,3295.795,3306.925,3282.84,3304.075,24085
2025-05-30T18:30:00+05:30,3303.98,3308.38,3271.46,3293.365,36920
2025-05-30T22:30:00+05:30,3293.395,3295.915,3288.795,3289.7,7119
2025-06-02T02:30:00+05:30,3303.415,3316.745,3299.955,3311.455,16789
2025-06-02T06:30:00+05:30,3311.49,3318.295,3301.415,3313.96,16880
2025-06-02T10:30:00+05:30,3313.95,3359.1,3313.95,3352.105,45150
2025-06-02T14:30:00+05:30,3352.11,3363.63,3344.495,3355.49,19135
2025-06-02T18:30:00+05:30,3355.495,3379.435,3350.385,3371.81,29049
2025-06-02T22:30:00+05:30,3371.815,3382.96,3370.875,3381.87,12085
2025-06-03T02:30:00+05:30,3384.61,3392.305,3373.865,3375.84,18440
2025-06-03T06:30:00+05:30,3375.845,3378.07,3359.325,3362.8,18745
2025-06-03T10:30:00+05:30,3362.835,3367.925,3351.11,3361.215,16815
2025-06-03T14:30:00+05:30,3361.195,3363.23,3349.065,3359.41,14164
2025-06-03T18:30:00+05:30,3359.415,3363.25,3333.17,3348.495,30079
2025-06-03T22:30:00+05:30,3348.52,3355.55,3347.36,3353.385,8190
2025-06-04T02:30:00+05:30,3356.735,3361.71,3349.87,3350.215,11840
2025-06-04T06:30:00+05:30,3350.21,3372.715,3346.53,3354.955,26184
2025-06-04T10:30:00+05:30,3354.95,3365.32,3348.11,3362.825,17210
2025-06-04T14:30:00+05:30,3362.885,3365.025,3343.815,3358.99,21210
2025-06-04T18:30:00+05:30,3358.985,3384.76,3350.92,3375.115,33840
2025-06-04T22:30:00+05:30,3375.035,3382.22,3370.675,3372.45,11544
2025-06-05T02:30:00+05:30,3374.615,3381.9,3372.37,3380.335,9530
2025-06-05T06:30:00+05:30,3380.285,3384.285,3363.97,3368.56,20315
2025-06-05T10:30:00+05:30,3368.565,3377.05,3361.22,3375.29,15830
2025-06-05T14:30:00+05:30,3375.295,3403.625,3374.11,3383.15,29514
2025-06-05T18:30:00+05:30,3383.155,3388.6,3339.35,3354.165,49250
2025-06-05T22:30:00+05:30,3354.16,3361.44,3349.01,3352.73,12429
2025-06-06T02:30:00+05:30,3356.29,3364.155,3354.315,3359.495,9840
2025-06-06T06:30:00+05:30,3359.51,3374.665,3356.13,3373.77,18534
2025-06-06T10:30:00+05:30,3373.7,3375.705,3352.785,3365.325,22920
2025-06-06T14:30:00+05:30,3365.415,3365.455,3343.56,3353.295,21894
2025-06-06T18:30:00+05:30,3353.295,3361.125,3316.42,3322.805,44704
2025-06-06T22:30:00+05:30,3322.825,3326.885,3307.195,3309.98,19690
2025-06-09T02:30:00+05:30,3317.785,3321.27,3298.255,3305.475,23014
2025-06-09T06:30:00+05:30,3305.48,3313.56,3293.5,3311.795,20059
2025-06-09T10:30:00+05:30,3311.8,3328.515,3309.695,3319.98,18819
2025-06-09T14:30:00+05:30,3319.97,3323.585,3312.19,3320.095,11394
2025-06-09T18:30:00+05:30,3320.135,3337.96,3310.795,3337.775,27164
2025-06-09T22:30:00+05:30,3337.9,3338.295,3325.005,3325.675,13289
2025-06-10T02:30:00+05:30,3324.31,3327.98,3314.685,3316.725,13295
2025-06-10T06:30:00+05:30,3316.74,3320.03,3302.015,3307.385,18015
2025-06-10T10:30:00+05:30,3307.395,3334.96,3306.805,3329.465,28155
2025-06-10T14:30:00+05:30,3329.45,3342.54,3327.09,3337.205,15449
2025-06-10T18:30:00+05:30,3337.235,3349.28,3320.075,3321.395,29205
2025-06-10T22:30:00+05:30,3321.4,3334.665,3319.535,3322.61,15130
2025-06-11T02:30:00+05:30,3322.375,3335.255,3315.59,3332.475,19664
2025-06-11T06:30:00+05:30,3332.455,3343.0,3327.2,3341.85,15800
2025-06-11T10:30:00+05:30,3341.795,3348.57,3332.555,3344.59,16015
2025-06-11T14:30:00+05:30,3344.525,3360.79,3326.175,3336.835,34614
2025-06-11T18:30:00+05:30,3336.94,3344.77,3327.95,3330.39,16820
2025-06-11T22:30:00+05:30,3330.41,3355.61,3319.38,3355.25,36230
2025-06-12T02:30:00+05:30,3357.905,3373.645,3356.3,3366.035,17344
2025-06-12T06:30:00+05:30,3366.03,3377.895,3362.57,3370.47,15324
2025-06-12T10:30:00+05:30,3370.47,3375.86,3338.59,3356.885,37269
2025-06-12T14:30:00+05:30,3356.88,3390.54,3355.545,3388.325,34994
2025-06-12T18:30:00+05:30,3388.33,3399.05,3377.885,3383.83,21164
2025-06-12T22:30:00+05:30,3383.825,3389.505,3378.165,3386.58,11340
2025-06-13T02:30:00+05:30,3383.865,3420.095,3379.535,3415.35,40559
2025-06-13T06:30:00+05:30,3415.255,3444.495,3414.04,3425.33,30454
2025-06-13T10:30:00+05:30,3425.365,3428.92,3407.925,3424.365,20994
2025-06-13T14:30:00+05:30,3424.42,3438.26,3411.6,3436.51,26660
2025-06-13T18:30:00+05:30,3436.495,3446.88,3419.215,3430.15,27664
2025-06-13T22:30:00+05:30,3430.31,3439.6,3427.415,3432.835,12184
2025-06-16T02:30:00+05:30,3440.48,3451.525,3434.245,3436.43,17280
2025-06-16T06:30:00+05:30,3436.48,3446.51,3426.915,3427.7,19595
2025-06-16T10:30:00+05:30,3427.695,3430.58,3409.58,3414.06,21000
2025-06-16T14:30:00+05:30,3414.045,3422.785,3410.795,3415.625,11989
2025-06-16T18:30:00+05:30,3415.615,3418.11,3382.54,3399.49,35570
2025-06-16T22:30:00+05:30,3399.505,3400.37,3382.91,3385.22,17460
2025-06-17T02:30:00+05:30,3388.445,3403.43,3386.735,3394.315,16694
2025-06-17T06:30:00+05:30,3394.325,3402.57,3373.67,3394.105,28900
2025-06-17T10:30:00+05:30,3394.055,3395.55,3377.85,3378.945,17700
2025-06-17T14:30:00+05:30,3378.92,3400.2,3375.785,3386.775,24414
2025-06-17T18:30:00+05:30,3386.795,3397.57,3366.115,3382.965,31455
2025-06-17T22:30:00+05:30,3382.985,3392.6,3381.365,3388.455,11235
2025-06-18T02:30:00+05:30,3395.865,3395.975,3383.065,3385.8,12909
2025-06-18T06:30:00+05:30,3385.795,3400.11,3370.645,3395.125,29465
2025-06-18T10:30:00+05:30,3395.175,3395.67,3377.18,3383.635,18490
2025-06-18T14:30:00+05:30,3383.585,3389.95,3375.575,3386.635,14375
2025-06-18T18:30:00+05:30,3386.675,3396.945,3373.825,3391.06,23120
2025-06-18T22:30:00+05:30,3391.065,3395.925,3362.605,3369.3,33320
2025-06-19T02:30:00+05:30,3371.415,3383.43,3370.61,3379.6,12819
2025-06-19T06:30:00+05:30,3379.535,3388.175,3369.74,3374.685,18435
2025-06-19T10:30:00+05:30,3374.66,3375.455,3347.53,3368.745,27924
2025-06-19T14:30:00+05:30,3368.685,3379.18,3363.66,3368.005,15519
2025-06-19T18:30:00+05:30,3368.055,3373.005,3361.525,3371.19,11480
2025-06-19T22:30:00+05:30,3371.075,3375.625,3365.93,3370.38,9695
2025-06-20T02:30:00+05:30,3369.735,3370.565,3362.1,3368.23,8465
2025-06-20T06:30:00+05:30,3368.245,3368.38,3344.675,3354.245,23704
2025-06-20T10:30:00+05:30,3354.25,3355.43,3340.415,3351.15,15014
2025-06-20T14:30:00+05:30,3351.14,3359.27,3341.9,3344.555,17369
2025-06-20T18:30:00+05:30,3344.535,3374.63,3343.115,3371.51,31515
2025-06-20T22:30:00+05:30,3371.525,3371.79,3364.685,3368.75,7105
2025-06-23T02:30:00+05:30,3383.825,3389.22,3358.32,3365.77,30899
2025-06-23T06:30:00+05:30,3365.765,3368.18,3351.935,3358.545,16244
2025-06-23T10:30:00+05:30,3358.59,3362.445,3347.035,3361.94,15410
2025-06-23T14:30:00+05:30,3361.93,3382.15,3355.935,3360.485,26215
2025-06-23T18:30:00+05:30,3360.48,3393.64,3359.835,3389.92,33804
2025-06-23T22:30:00+05:30,3389.835,3391.75,3367.325,3369.2,24425
2025-06-24T02:30:00+05:30,3358.435,3363.9,3333.28,3351.18,30619
2025-06-24T06:30:00+05:30,3351.205,3357.955,3342.245,3348.655,15710
2025-06-24T10:30:00+05:30,3348.65,3348.865,3316.075,3327.435,32789
2025-06-24T14:30:00+05:30,3327.36,3329.035,3304.48,3314.825,24554
2025-06-24T18:30:00+05:30,3314.77,3320.495,3295.315,3318.485,25179
2025-06-24T22:30:00+05:30,3318.565,3325.38,3315.73,3323.45,9650
2025-06-25T02:30:00+05:30,3322.825,3330.095,3320.97,3326.99,9125
2025-06-25T06:30:00+05:30,3327.04,3335.335,3325.87,3327.52,9465
2025-06-25T10:30:00+05:30,3327.5,3337.205,3326.515,3327.295,10690
2025-06-25T14:30:00+05:30,3327.305,3329.625,3318.22,3320.755,11405
2025-06-25T18:30:00+05:30,3320.775,3335.22,3312.055,3334.815,23164
2025-06-25T22:30:00+05:30,3334.82,3336.15,3324.81,3332.395,11340
2025-06-26T02:30:00+05:30,3334.315,3340.325,3331.395,3334.04,8929
2025-06-26T06:30:00+05:30,3334.135,3343.255,3329.3,3334.02,13954
2025-06-26T10:30:00+05:30,3334.035,3350.415,3331.025,3348.2,19389
2025-06-26T14:30:00+05:30,3348.2,3348.845,3321.68,3322.095,27164
2025-06-26T18:30:00+05:30,3322.08,3333.415,3309.99,3331.41,23425
2025-06-26T22:30:00+05:30,3331.415,3336.55,3327.725,3327.82,8825
2025-06-27T02:30:00+05:30,3325.33,3325.37,3313.3,3318.98,12069
2025-06-27T06:30:00+05:30,3318.97,3322.18,3291.16,3294.01,31019
2025-06-27T10:30:00+05:30,3294.035,3301.015,3281.9,3289.44,19114
2025-06-27T14:30:00+05:30,3289.345,3291.07,3269.55,3270.295,21519
2025-06-27T18:30:00+05:30,3270.195,3278.685,3255.85,3277.705,22835
2025-06-27T22:30:00+05:30,3277.73,3282.94,3268.43,3274.175,14510
2025-06-30T02:30:00+05:30,3271.64,3274.055,3244.415,3264.57,29639
2025-06-30T06:30:00+05:30,3264.485,3286.48,3259.39,3285.64,27090
2025-06-30T10:30:00+05:30,3285.645,3296.83,3284.69,3289.21,12139
2025-06-30T14:30:00+05:30,3289.15,3289.15,3274.625,3282.155,14525
2025-06-30T18:30:00+05:30,3282.14,3297.575,3277.975,3297.38,19599
2025-06-30T22:30:00+05:30,3297.36,3309.645,3292.14,3303.15,17505
2025-07-01T02:30:00+05:30,3303.3,3314.96,3302.395,3314.825,12565
2025-07-01T06:30:00+05:30,3314.73,3323.15,3313.99,3322.975,9160
2025-07-01T10:30:00+05:30,3322.98,3342.5,3322.975,3339.635,19525
2025-07-01T14:30:00+05:30,3339.66,3358.085,3338.31,3354.625,19775
2025-07-01T18:30:00+05:30,3354.55,3355.615,3337.045,3341.83,18569
2025-07-01T22:30:00+05:30,3341.805,3342.28,3336.92,3338.72,5360
2025-07-02T02:30:00+05:30,3340.125,3345.045,3334.615,3339.025,10430
2025-07-02T06:30:00+05:30,3339.065,3342.955,3328.615,3340.17,14340
2025-07-02T10:30:00+05:30,3340.145,3344.015,3327.655,3333.62,16359
2025-07-02T14:30:00+05:30,3333.615,3351.245,3333.185,3346.775,18059
2025-07-02T18:30:00+05:30,3346.75,3349.355,3333.965,3348.675,15389
2025-07-02T22:30:00+05:30,3348.75,3360.13,3347.44,3357.09,12690
2025-07-03T02:30:00+05:30,3359.515,3365.92,3343.52,3344.795,22400
2025-07-03T06:30:00+05:30,3344.805,3351.895,3342.015,3350.865,9880
2025-07-03T10:30:00+05:30,3350.87,3363.755,3350.185,3356.24,13570
2025-07-03T14:30:00+05:30,3356.125,3356.46,3311.625,3324.525,44835
2025-07-03T18:30:00+05:30,3324.49,3338.59,3322.165,3333.95,16425
2025-07-03T22:30:00+05:30,3333.945,3334.89,3325.255,3326.03,9634
2025-07-04T02:30:00+05:30,3324.24,3332.11,3323.66,3329.09,8450
2025-07-04T06:30:00+05:30,3329.08,3342.43,3326.235,3340.94,16194
2025-07-04T10:30:00+05:30,3340.955,3345.175,3336.45,3342.895,8725
2025-07-04T14:30:00+05:30,3342.855,3343.14,3331.455,3334.035,11684
2025-07-04T18:30:00+05:30,3334.03,3338.095,3330.87,3336.615,7224
2025-07-07T02:30:00+05:30,3341.57,3342.075,3321.845,3326.595,20230
2025-07-07T06:30:00+05:30,3326.585,3327.86,3305.245,3307.855,22615
2025-07-07T10:30:00+05:30,3307.94,3315.29,3300.765,3310.25,14525
2025-07-07T14:30:00+05:30,3310.16,3312.795,3296.28,3309.575,16514
2025-07-07T18:30:00+05:30,3309.565,3328.16,3306.225,3327.49,21934
2025-07-07T22:30:00+05:30,3327.545,3340.47,3327.45,3336.44,13019
2025-07-08T02:30:00+05:30,3340.5,3345.955,3331.3,3334.285,14654
2025-07-08T06:30:00+05:30,3334.33,3338.15,3327.405,3329.66,10744
2025-07-08T10:30:00+05:30,3329.68,3339.59,3323.405,3323.73,16184
2025-07-08T14:30:00+05:30,3323.735,3329.935,3320.035,3328.245,9900
2025-07-08T18:30:00+05:30,3328.24,3328.78,3287.11,3300.505,41670
2025-07-08T22:30:00+05:30,3300.49,3310.525,3299.37,3301.72,11155
2025-07-09T02:30:00+05:30,3302.83,3308.145,3297.29,3307.175,10855
2025-07-09T06:30:00+05:30,3307.11,3307.305,3284.98,3294.05,22324
2025-07-09T10:30:00+05:30,3294.07,3297.885,3282.665,3285.08,15220
2025-07-09T14:30:00+05:30,3285.06,3297.595,3283.295,3296.525,14299
2025-07-09T18:30:00+05:30,3296.54,3313.385,3291.94,3311.93,21445
2025-07-09T22:30:00+05:30,3311.935,3316.99,3308.105,3313.7,8884
2025-07-10T02:30:00+05:30,3315.76,3322.09,3314.89,3317.71,7200
2025-07-10T06:30:00+05:30,3317.7,3326.39,3314.84,3322.295,11549
2025-07-10T10:30:00+05:30,3322.3,3330.275,3319.895,3328.725,10380
2025-07-10T14:30:00+05:30,3328.74,3330.36,3317.94,3323.815,12420
2025-07-10T18:30:00+05:30,3323.885,3329.615,3310.175,3315.17,19439
2025-07-10T22:30:00+05:30,3315.11,3326.065,3314.725,3324.015,11340
2025-07-11T02:30:00+05:30,3325.94,3336.192,3321.915,3330.61,14277
2025-07-11T06:30:00+05:30,3330.455,3336.12,3325.17,3332.08,10949
2025-07-11T10:30:00+05:30,3332.05,3344.13,3331.245,3333.17,12885
2025-07-11T14:30:00+05:30,3333.19,3357.205,3332.83,3355.17,24375
2025-07-11T18:30:00+05:30,3355.16,3368.86,3350.14,3353.8,18720
2025-07-11T22:30:00+05:30,3353.75,3359.82,3349.255,3355.665,10565
2025-07-14T02:30:00+05:30,3362.375,3374.255,3359.905,3367.52,14349
2025-07-14T06:30:00+05:30,3367.51,3370.245,3353.87,3359.835,16375
2025-07-14T10:30:00+05:30,3359.625,3375.085,3353.675,3366.075,21409
2025-07-14T14:30:00+05:30,3366.18,3374.69,3349.385,3350.12,25304
2025-07-14T18:30:00+05:30,3350.1,3359.06,3341.09,3347.83,17969
2025-07-14T22:30:00+05:30,3347.89,3351.77,3341.395,3343.755,10375
2025-07-15T02:30:00+05:30,3343.085,3349.515,3341.55,3347.62,7964
2025-07-15T06:30:00+05:30,3347.635,3361.44,3345.795,3360.26,15644
2025-07-15T10:30:00+05:30,3360.285,3365.725,3356.6,3361.045,9125
2025-07-15T14:30:00+05:30,3361.065,3366.425,3346.61,3348.915,19815
2025-07-15T18:30:00+05:30,3348.945,3352.58,3320.305,3329.32,32275
2025-07-15T22:30:00+05:30,3329.39,3331.99,3324.935,3325.005,7054
2025-07-16T02:30:00+05:30,3326.32,3332.73,3325.635,3330.54,7094
2025-07-16T06:30:00+05:30,3330.555,3338.7,3325.21,3338.295,13489
2025-07-16T10:30:00+05:30,3338.305,3342.775,3335.57,3342.08,7204
2025-07-16T14:30:00+05:30,3342.065,3343.08,3331.01,3334.61,12069
2025-07-16T18:30:00+05:30,3334.695,3377.655,3319.695,3349.17,57960
2025-07-16T22:30:00+05:30,3349.155,3357.525,3346.07,3347.6,11454
2025-07-17T02:30:00+05:30,3350.96,3352.28,3339.775,3340.895,12505
2025-07-17T06:30:00+05:30,3340.85,3344.865,3336.375,3342.795,8489
2025-07-17T10:30:00+05:30,3342.765,3342.995,3325.16,3328.81,17835
2025-07-17T14:30:00+05:30,3328.795,3332.48,3309.79,3313.15,22690
2025-07-17T18:30:00+05:30,3313.195,3340.07,3311.16,3338.865,28910
2025-07-17T22:30:00+05:30,3338.88,3341.17,3335.785,3339.06,5385
2025-07-18T02:30:00+05:30,3341.45,3344.11,3337.965,3339.965,6144
2025-07-18T06:30:00+05:30,3339.985,3344.325,3333.87,3337.185,10454
2025-07-18T10:30:00+05:30,3337.17,3350.43,3331.885,3347.635,18544
2025-07-18T14:30:00+05:30,3347.705,3361.33,3347.52,3360.005,13809
2025-07-18T18:30:00+05:30,3360.01,3360.345,3351.235,3353.705,9109
2025-07-18T22:30:00+05:30,3353.72,3353.865,3347.69,3350.095,6174
2025-07-21T02:30:00+05:30,3348.84,3354.59,3344.905,3352.31,9684
2025-07-21T06:30:00+05:30,3352.305,3358.8,3350.7,3357.875,8100
2025-07-21T10:30:00+05:30,3357.86,3370.82,3357.735,3366.065,13085
2025-07-21T14:30:00+05:30,3366.1,3388.715,3362.845,3387.32,25870
2025-07-21T18:30:00+05:30,3387.34,3401.645,3383.655,3395.655,17989
2025-07-21T22:30:00+05:30,3395.685,3399.885,3391.375,3397.06,8510
2025-07-22T02:30:00+05:30,3399.3,3402.86,3390.585,3394.615,12275
2025-07-22T06:30:00+05:30,3394.61,3396.02,3385.18,3391.13,10840
2025-07-22T10:30:00+05:30,3391.15,3391.96,3383.42,3389.045,8539
2025-07-22T14:30:00+05:30,3389.06,3407.935,3384.715,3407.54,23219
2025-07-22T18:30:00+05:30,3407.545,3433.095,3405.095,3432.305,28000
2025-07-22T22:30:00+05:30,3432.33,3433.51,3426.49,3431.56,7020
2025-07-23T02:30:00+05:30,3430.92,3439.035,3426.255,3428.9,12779
2025-07-23T06:30:00+05:30,3428.88,3430.72,3419.21,3423.735,11509
2025-07-23T10:30:00+05:30,3423.725,3429.77,3416.445,3428.555,13324
2025-07-23T14:30:00+05:30,3428.565,3433.88,3419.925,3420.015,13954
2025-07-23T18:30:00+05:30,3420.005,3420.65,3381.42,3387.47,39230
2025-07-23T22:30:00+05:30,3387.465,3396.16,3385.755,3387.45,10404
2025-07-24T02:30:00+05:30,3390.855,3393.37,3386.66,3391.595,6710
2025-07-24T06:30:00+05:30,3391.62,3393.48,3374.755,3382.685,18724
2025-07-24T10:30:00+05:30,3382.69,3382.995,3365.935,3369.795,17059
2025-07-24T14:30:00+05:30,3369.725,3370.175,3352.72,3353.48,17455
2025-07-24T18:30:00+05:30,3353.51,3377.475,3351.465,3367.015,26009
2025-07-24T22:30:00+05:30,3367.0,3373.475,3366.36,3368.71,7114
2025-07-25T02:30:00+05:30,3369.45,3373.495,3365.205,3372.255,8289
2025-07-25T06:30:00+05:30,3372.285,3372.845,3357.925,3360.96,14919
2025-07-25T10:30:00+05:30,3360.945,3362.425,3344.54,3345.555,17885
2025-07-25T14:30:00+05:30,3345.54,3348.985,3336.345,3340.885,12640
2025-07-25T18:30:00+05:30,3340.88,3347.635,3325.115,3329.94,22520
2025-07-25T22:30:00+05:30,3329.93,3340.335,3329.67,3337.07,10664
2025-07-28T02:30:00+05:30,3329.475,3337.47,3324.02,3333.42,13449
2025-07-28T06:30:00+05:30,3333.45,3344.175,3329.98,3339.725,14195
2025-07-28T10:30:00+05:30,3339.67,3345.52,3332.405,3336.145,13114
2025-07-28T14:30:00+05:30,3336.155,3340.85,3325.67,3328.46,15179
2025-07-28T18:30:00+05:30,3328.48,3330.715,3301.765,3312.265,28950
2025-07-28T22:30:00+05:30,3312.295,3318.96,3308.84,3314.45,10119
2025-07-29T02:30:00+05:30,3313.84,3315.93,3308.16,3311.705,7769
2025-07-29T06:30:00+05:30,3311.65,3320.965,3308.53,3316.535,12434
2025-07-29T10:30:00+05:30,3316.54,3330.1,3311.34,3326.435,18759
2025-07-29T14:30:00+05:30,3326.38,3328.32,3315.0,3323.35,13320
2025-07-29T18:30:00+05:30,3323.37,3334.27,3311.995,3323.28,22275
2025-07-29T22:30:00+05:30,3323.26,3330.89,3322.67,3326.67,8219
2025-07-30T02:30:00+05:30,3327.68,3333.765,3325.965,3330.305,7799
2025-07-30T06:30:00+05:30,3330.205,3333.355,3321.795,3327.19,11559
2025-07-30T10:30:00+05:30,3327.195,3333.485,3323.15,3332.285,10335
2025-07-30T14:30:00+05:30,3332.24,3334.09,3310.815,3313.38,23275
2025-07-30T18:30:00+05:30,3313.375,3316.28,3288.605,3298.175,27675
2025-07-30T22:30:00+05:30,3298.2,3305.19,3268.12,3275.29,37070
2025-07-31T02:30:00+05:30,3277.29,3288.485,3276.285,3286.475,12200
2025-07-31T06:30:00+05:30,3286.48,3298.76,3285.04,3298.15,13720
2025-07-31T10:30:00+05:30,3298.13,3314.985,3294.83,3309.915,20155
2025-07-31T14:30:00+05:30,3309.92,3313.13,3293.785,3307.685,19345
2025-07-31T18:30:00+05:30,3307.69,3310.455,3289.7,3295.14,20755
2025-07-31T22:30:00+05:30,3295.08,3298.495,3289.91,3290.12,8585
2025-08-01T02:30:00+05:30,3291.675,3295.33,3286.61,3290.265,8719
2025-08-01T06:30:00+05:30,3290.21,3297.19,3281.745,3292.19,15445
2025-08-01T10:30:00+05:30,3292.2,3300.54,3285.265,3294.36,15275
2025-08-01T14:30:00+05:30,3294.375,3345.275,3292.825,3341.26,52450
2025-08-01T18:30:00+05:30,3341.275,3355.182,3338.89,3347.4,16291
2025-08-01T22:30:00+05:30,3347.31,3363.6,3345.715,3362.895,17884
2025-08-04T02:30:00+05:30,3364.795,3364.815,3350.2,3352.265,14615
2025-08-04T06:30:00+05:30,3352.2,3362.25,3345.005,3359.0,17244
2025-08-04T10:30:00+05:30,3359.015,3362.705,3351.775,3358.605,10929
2025-08-04T14:30:00+05:30,3358.62,3371.595,3352.89,3367.815,18704
2025-08-04T18:30:00+05:30,3367.81,3385.535,3367.075,3370.97,18460
2025-08-04T22:30:00+05:30,3370.965,3377.205,3370.705,3373.635,6500
2025-08-05T02:30:00+05:30,3376.195,3381.46,3373.76,3379.875,7699
2025-08-05T06:30:00+05:30,3379.9,3382.37,3371.025,3371.27,11344
2025-08-05T10:30:00+05:30,3371.21,3375.51,3365.79,3366.13,9720
2025-08-05T14:30:00+05:30,3366.12,3367.005,3349.89,3366.22,17115
2025-08-05T18:30:00+05:30,3366.225,3390.6,3365.955,3382.11,24644
2025-08-05T22:30:00+05:30,3382.14,3382.915,3378.265,3380.96,4650
2025-08-06T02:30:00+05:30,3381.475,3385.365,3378.245,3383.505,7119
2025-08-06T06:30:00+05:30,3383.5,3383.715,3372.315,3372.56,11400
2025-08-06T10:30:00+05:30,3372.5,3378.845,3364.7,3365.205,14144
2025-08-06T14:30:00+05:30,3365.17,3369.35,3358.255,3367.615,11094
2025-08-06T18:30:00+05:30,3367.6,3380.09,3365.22,3376.175,14870
2025-08-06T22:30:00+05:30,3376.18,3377.74,3367.26,3369.27,10479
2025-08-07T02:30:00+05:30,3372.44,3374.84,3365.305,3372.385,9535
2025-08-07T06:30:00+05:30,3372.375,3384.3,3370.215,3377.74,14085
2025-08-07T10:30:00+05:30,3377.73,3397.58,3371.645,3378.51,25934
2025-08-07T14:30:00+05:30,3378.49,3389.98,3371.87,3380.735,18110
2025-08-07T18:30:00+05:30,3380.74,3393.965,3374.77,3388.9,19195
2025-08-07T22:30:00+05:30,3388.855,3401.885,3384.375,3396.48,17510
2025-08-08T02:30:00+05:30,3400.365,3409.43,3387.155,3388.802,22274
2025-08-08T06:30:00+05:30,3389.42,3399.595,3381.215,3394.475,18379
2025-08-08T10:30:00+05:30,3394.5,3404.28,3388.8,3394.455,15480
2025-08-08T14:30:00+05:30,3394.445,3402.57,3380.455,3391.615,22115
2025-08-08T18:30:00+05:30,3391.575,3401.82,3381.32,3397.57,20500
2025-08-08T22:30:00+05:30,3397.47,3403.96,3376.575,3397.765,27385
2025-08-11T02:30:00+05:30,3399.75,3401.395,3378.895,3381.74,22500
2025-08-11T06:30:00+05:30,3381.745,3383.975,3367.55,3375.975,16424
2025-08-11T10:30:00+05:30,3375.91,3380.2,3357.02,3362.01,23179
2025-08-11T14:30:00+05:30,3361.98,3364.11,3344.42,3356.91,19690
2025-08-11T18:30:00+05:30,3356.86,3363.005,3341.46,3344.21,21545
2025-08-11T22:30:00+05:30,3344.205,3358.88,3341.155,3342.665,17724
2025-08-12T02:30:00+05:30,3344.04,3355.77,3342.495,3354.595,13275
2025-08-12T06:30:00+05:30,3354.59,3357.51,3346.225,3354.47,11285
2025-08-12T10:30:00+05:30,3354.46,3358.25,3342.31,3347.96,15940
2025-08-12T14:30:00+05:30,3347.975,3358.2,3336.215,3349.95,21984
2025-08-12T18:30:00+05:30,3349.88,3359.34,3331.17,3349.525,28170
2025-08-12T22:30:00+05:30,3349.53,3350.93,3345.595,3348.345,5335
2025-08-13T02:30:00+05:30,3350.165,3353.875,3342.635,3343.625,11239
2025-08-13T06:30:00+05:30,3343.64,3354.505,3342.695,3351.82,11809
2025-08-13T10:30:00+05:30,3351.805,3363.615,3345.57,3360.38,18044
2025-08-13T14:30:00+05:30,3360.43,3367.095,3355.545,3358.125,11549
2025-08-13T18:30:00+05:30,3358.095,3370.825,3354.16,3357.915,16664
2025-08-13T22:30:00+05:30,3357.91,3359.44,3350.015,3355.695,9425
2025-08-14T02:30:00+05:30,3357.46,3374.805,3356.71,3369.61,18094
2025-08-14T06:30:00+05:30,3369.585,3370.935,3355.595,3360.5,15340
2025-08-14T10:30:00+05:30,3360.51,3366.65,3341.455,3346.23,25195
2025-08-14T14:30:00+05:30,3346.225,3359.215,3342.125,3350.64,17090
2025-08-14T18:30:00+05:30,3350.555,3356.175,3329.85,3334.44,26325
2025-08-14T22:30:00+05:30,3334.45,3341.08,3331.915,3335.585,9164
2025-08-15T02:30:00+05:30,3336.795,3338.715,3332.34,3337.085,6375
2025-08-15T06:30:00+05:30,3337.105,3346.765,3333.415,3345.515,13349
2025-08-15T10:30:00+05:30,3345.52,3348.915,3338.43,3341.47,10485
2025-08-15T14:30:00+05:30,3341.455,3345.13,3333.6,3342.74,11530
2025-08-15T18:30:00+05:30,3342.775,3346.1,3333.06,3338.225,13039
2025-08-15T22:30:00+05:30,3338.24,3339.685,3334.485,3335.7,5199
2025-08-18T02:30:00+05:30,3335.23,3342.92,3323.685,3340.575,19235
2025-08-18T06:30:00+05:30,3340.57,3358.275,3339.685,3357.63,18590
2025-08-18T10:30:00+05:30,3357.635,3358.49,3344.645,3348.72,13844
2025-08-18T14:30:00+05:30,3348.69,3351.775,3343.125,3344.835,8650
2025-08-18T18:30:00+05:30,3344.815,3345.03,3331.775,3334.33,13255
2025-08-18T22:30:00+05:30,3334.335,3335.0,3330.355,3332.895,4644
2025-08-19T02:30:00+05:30,3333.695,3339.355,3326.285,3335.24,13070
2025-08-19T06:30:00+05:30,3335.3,3341.695,3329.52,3337.77,12175
2025-08-19T10:30:00+05:30,3337.7,3341.885,3334.585,3338.005,7300
2025-08-19T14:30:00+05:30,3338.01,3345.465,3334.345,3334.76,11120
2025-08-19T18:30:00+05:30,3334.745,3339.555,3317.1,3317.575,22454
2025-08-19T22:30:00+05:30,3317.55,3320.335,3315.005,3315.7,5329
2025-08-20T02:30:00+05:30,3316.49,3317.725,3312.815,3316.16,4909
2025-08-20T06:30:00+05:30,3316.165,3320.97,3311.56,3318.7,9409
2025-08-20T10:30:00+05:30,3318.72,3327.61,3318.29,3325.13,9320
2025-08-20T14:30:00+05:30,3325.105,3344.885,3323.67,3342.925,21215
2025-08-20T18:30:00+05:30,3342.93,3350.275,3338.905,3345.285,11369
2025-08-20T22:30:00+05:30,3345.295,3349.42,3344.095,3348.485,5325
2025-08-21T02:30:00+05:30,3351.2,3352.3,3341.585,3342.29,10715
2025-08-21T06:30:00+05:30,3342.295,3346.6,3338.03,3338.385,8569
2025-08-21T10:30:00+05:30,3338.395,3341.615,3334.285,3339.615,7329
2025-08-21T14:30:00+05:30,3339.62,3345.135,3325.28,3341.92,19855
2025-08-21T18:30:00+05:30,3341.945,3348.24,3336.095,3339.805,12144
2025-08-21T22:30:00+05:30,3339.815,3342.175,3336.655,3338.71,5519
2025-08-22T02:30:00+05:30,3340.14,3340.775,3335.185,3339.66,5590
2025-08-22T06:30:00+05:30,3339.665,3340.34,3328.075,3328.51,12265
2025-08-22T10:30:00+05:30,3328.49,3335.15,3325.38,3328.875,9769
2025-08-22T14:30:00+05:30,3328.87,3331.88,3321.455,3323.595,10425
2025-08-22T18:30:00+05:30,3323.6,3378.835,3323.275,3370.47,55559
2025-08-22T22:30:00+05:30,3370.485,3375.555,3368.835,3371.23,6719
2025-08-25T02:30:00+05:30,3368.725,3371.145,3363.435,3364.895,7710
2025-08-25T06:30:00+05:30,3365.015,3368.24,3359.78,3366.21,8459
2025-08-25T10:30:00+05:30,3366.205,3369.965,3363.16,3364.06,6805
2025-08-25T14:30:00+05:30,3364.03,3371.675,3361.985,3364.525,9690
2025-08-25T18:30:00+05:30,3364.55,3376.375,3362.14,3373.975,14235
2025-08-25T22:30:00+05:30,3374.005,3374.945,3364.335,3365.72,10610
2025-08-26T02:30:00+05:30,3366.605,3386.685,3351.33,3383.18,35355
2025-08-26T06:30:00+05:30,3383.145,3384.95,3369.735,3377.57,15214
2025-08-26T10:30:00+05:30,3377.59,3379.98,3367.19,3376.83,12789
2025-08-26T14:30:00+05:30,3376.825,3380.515,3367.09,3372.13,13424
2025-08-26T18:30:00+05:30,3372.13,3389.415,3370.31,3383.075,19105
2025-08-26T22:30:00+05:30,3383.1,3393.745,3380.355,3393.745,13389
2025-08-27T02:30:00+05:30,3390.75,3393.55,3388.88,3389.585,4670
2025-08-27T06:30:00+05:30,3389.59,3390.04,3373.92,3374.99,16119
2025-08-27T10:30:00+05:30,3375.06,3385.075,3373.785,3384.665,11289
2025-08-27T14:30:00+05:30,3384.68,3385.58,3373.75,3381.195,11829
2025-08-27T18:30:00+05:30,3381.265,3398.79,3375.63,3395.55,23159
2025-08-27T22:30:00+05:30,3395.52,3398.315,3392.38,3397.72,5934
2025-08-28T02:30:00+05:30,3398.405,3399.365,3391.19,3391.98,8174
2025-08-28T06:30:00+05:30,3391.985,3392.87,3384.62,3390.39,8250
2025-08-28T10:30:00+05:30,3390.385,3401.12,3387.685,3400.775,13434
2025-08-28T14:30:00+05:30,3400.79,3408.78,3393.955,3397.27,14825
2025-08-28T18:30:00+05:30,3397.275,3417.82,3394.28,3415.59,23539
2025-08-28T22:30:00+05:30,3415.595,3423.18,3414.595,3417.06,8585
2025-08-29T02:30:00+05:30,3417.035,3417.945,3413.095,3413.475,4850
2025-08-29T06:30:00+05:30,3413.5,3414.125,3407.505,3408.915,6619
2025-08-29T10:30:00+05:30,3408.965,3414.92,3406.565,3410.45,8355
2025-08-29T14:30:00+05:30,3410.445,3416.905,3404.315,3416.525,12590
2025-08-29T18:30:00+05:30,3416.51,3449.515,3413.58,3449.355,35934
2025-08-29T22:30:00+05:30,3449.285,3453.97,3441.045,3447.435,12924
2025-09-01T02:30:00+05:30,3445.43,3453.13,3442.39,3444.095,10740
2025-09-01T06:30:00+05:30,3444.1,3486.262,3437.025,3475.305,49237
2025-09-01T10:30:00+05:30,3475.27,3489.845,3467.59,3476.965,22254
2025-09-01T14:30:00+05:30,3476.955,3477.135,3466.385,3469.515,10750
2025-09-01T18:30:00+05:30,3469.58,3481.535,3468.925,3477.41,12609
2025-09-01T22:30:00+05:30,3477.405,3479.07,3476.2,3476.365,2870
2025-09-02T02:30:00+05:30,3475.91,3485.075,3474.565,3479.23,10509
2025-09-02T06:30:00+05:30,3479.21,3508.79,3477.06,3496.83,31730
2025-09-02T10:30:00+05:30,3496.745,3497.99,3470.05,3477.63,27939
2025-09-02T14:30:00+05:30,3477.635,3494.295,3474.42,3482.105,19875
2025-09-02T18:30:00+05:30,3482.1,3528.865,3478.35,3527.885,50514
2025-09-02T22:30:00+05:30,3527.9,3540.06,3522.015,3533.545,18045
2025-09-03T02:30:00+05:30,3532.72,3547.33,3526.54,3536.115,20789
2025-09-03T06:30:00+05:30,3536.05,3546.145,3529.38,3536.985,16764
2025-09-03T10:30:00+05:30,3537.0,3541.505,3526.77,3540.085,14735
2025-09-03T14:30:00+05:30,3540.08,3551.635,3532.37,3550.63,19265
2025-09-03T18:30:00+05:30,3550.625,3572.67,3549.345,3572.46,23325
2025-09-03T22:30:00+05:30,3572.485,3578.66,3558.94,3559.26,19719
2025-09-04T02:30:00+05:30,3560.26,3564.155,3551.895,3561.57,12260
2025-09-04T06:30:00+05:30,3561.595,3563.475,3511.755,3533.255,51719
2025-09-04T10:30:00+05:30,3533.275,3545.63,3524.5,3541.425,21130
2025-09-04T14:30:00+05:30,3541.435,3553.32,3536.575,3548.44,16745
2025-09-04T18:30:00+05:30,3548.342,3558.93,3535.145,3552.625,23784
2025-09-04T22:30:00+05:30,3552.615,3555.54,3542.6,3545.87,12940
2025-09-05T02:30:00+05:30,3545.4,3556.755,3540.015,3552.255,16740
2025-09-05T06:30:00+05:30,3552.27,3559.32,3545.945,3558.52,13375
2025-09-05T10:30:00+05:30,3558.55,3561.28,3544.855,3546.035,16425
2025-09-05T14:30:00+05:30,3546.05,3587.04,3545.945,3580.555,41094
2025-09-05T18:30:00+05:30,3580.565,3600.205,3573.24,3595.175,26965
2025-09-05T22:30:00+05:30,3595.19,3597.585,3586.19,3586.545,11394
2025-09-08T02:30:00+05:30,3591.61,3597.095,3586.95,3594.41,10144
2025-09-08T06:30:00+05:30,3594.33,3597.2,3579.72,3581.63,17480
2025-09-08T10:30:00+05:30,3581.675,3617.295,3581.21,3611.285,36085
2025-09-08T14:30:00+05:30,3611.295,3626.09,3608.7,3624.245,17390
2025-09-08T18:30:00+05:30,3624.21,3646.545,3620.215,3640.765,26329
2025-09-08T22:30:00+05:30,3640.74,3641.25,3631.935,3635.85,9315
2025-09-09T02:30:00+05:30,3636.15,3641.015,3628.48,3638.615,12534
2025-09-09T06:30:00+05:30,3638.605,3657.295,3636.16,3654.995,21135
2025-09-09T10:30:00+05:30,3654.985,3659.435,3636.62,3648.1,22815
2025-09-09T14:30:00+05:30,3648.12,3656.8,3643.775,3647.61,13025
2025-09-09T18:30:00+05:30,3647.615,3674.695,3626.915,3645.065,47780
2025-09-09T22:30:00+05:30,3645.15,3646.5,3626.03,3626.315,20469
2025-09-10T02:30:00+05:30,3627.45,3640.675,3621.5,3624.105,19175
2025-09-10T06:30:00+05:30,3624.13,3643.39,3620.135,3643.035,23254
2025-09-10T10:30:00+05:30,3643.02,3648.605,3639.96,3646.065,8644
2025-09-10T14:30:00+05:30,3645.985,3657.61,3640.34,3644.095,17269
2025-09-10T18:30:00+05:30,3644.11,3655.575,3638.65,3642.825,16924
2025-09-10T22:30:00+05:30,3642.83,3649.69,3635.335,3640.585,14355
2025-09-11T02:30:00+05:30,3644.465,3647.255,3637.96,3643.965,9295
2025-09-11T06:30:00+05:30,3643.925,3649.345,3629.77,3630.7,19574
2025-09-11T10:30:00+05:30,3630.685,3637.92,3622.75,3626.215,15170
2025-09-11T14:30:00+05:30,3626.24,3644.085,3612.835,3628.85,31250
2025-09-11T18:30:00+05:30,3629.09,3642.115,3618.48,3636.215,23634
2025-09-11T22:30:00+05:30,3636.245,3637.67,3630.525,3634.12,7144
2025-09-12T02:30:00+05:30,3635.9,3638.525,3630.625,3636.5,7900
2025-09-12T06:30:00+05:30,3636.535,3656.36,3636.485,3654.985,19875
2025-09-12T10:30:00+05:30,3654.96,3656.7,3639.74,3641.04,16960
2025-09-12T14:30:00+05:30,3641.05,3652.26,3637.63,3645.55,14630
2025-09-12T18:30:00+05:30,3645.58,3654.495,3641.79,3649.305,12704
2025-09-12T22:30:00+05:30,3649.33,3650.865,3641.355,3643.085,9509
2025-09-15T02:30:00+05:30,3644.565,3645.83,3632.025,3633.475,13804
2025-09-15T06:30:00+05:30,3633.37,3646.95,3626.46,3645.86,20489
2025-09-15T10:30:00+05:30,3645.735,3646.385,3633.675,3645.58,12710
2025-09-15T14:30:00+05:30,3645.585,3650.98,3635.66,3650.51,15320
2025-09-15T18:30:00+05:30,3650.55,3685.695,3647.005,3679.26,38690
2025-09-15T22:30:00+05:30,3679.31,3682.79,3675.965,3678.79,6824
2025-09-16T02:30:00+05:30,3680.135,3687.035,3676.165,3686.455,10869
2025-09-16T06:30:00+05:30,3686.49,3689.51,3674.705,3684.32,14805
2025-09-16T10:30:00+05:30,3684.325,3697.405,3680.285,3694.435,17120
2025-09-16T14:30:00+05:30,3694.46,3699.62,3686.465,3689.39,13154
2025-09-16T18:30:00+05:30,3689.355,3703.24,3678.885,3689.88,24354
2025-09-16T22:30:00+05:30,3689.89,3693.94,3686.36,3689.855,7579
2025-09-17T02:30:00+05:30,3691.345,3695.52,3689.935,3691.18,5585
2025-09-17T06:30:00+05:30,3691.215,3692.02,3674.15,3680.775,17869
2025-09-17T10:30:00+05:30,3680.805,3686.07,3662.635,3664.98,23434
2025-09-17T14:30:00+05:30,3664.975,3679.52,3660.02,3678.845,19500
2025-09-17T18:30:00+05:30,3678.895,3688.595,3672.85,3684.81,15744
2025-09-17T22:30:00+05:30,3684.82,3707.555,3646.125,3659.975,61429
2025-09-18T02:30:00+05:30,3659.625,3672.125,3654.815,3665.34,17309
2025-09-18T06:30:00+05:30,3665.365,3668.905,3651.695,3653.6,17210
2025-09-18T10:30:00+05:30,3653.605,3665.975,3634.055,3665.59,31920
2025-09-18T14:30:00+05:30,3665.585,3673.205,3663.02,3663.295,10184
2025-09-18T18:30:00+05:30,3663.3,3664.42,3627.96,3646.29,36460
2025-09-18T22:30:00+05:30,3646.28,3647.235,3640.495,3644.18,6740
2025-09-19T02:30:00+05:30,3642.92,3643.205,3636.145,3640.1,7059
2025-09-19T06:30:00+05:30,3640.105,3660.075,3632.38,3658.875,27694
2025-09-19T10:30:00+05:30,3658.895,3661.355,3643.4,3655.64,17954
2025-09-19T14:30:00+05:30,3655.8,3659.29,3644.495,3649.445,14795
2025-09-19T18:30:00+05:30,3649.42,3676.015,3643.785,3668.345,32230
2025-09-19T22:30:00+05:30,3668.285,3685.74,3668.105,3684.975,17634
2025-09-22T02:30:00+05:30,3687.77,3692.29,3683.545,3691.04,8744
2025-09-22T06:30:00+05:30,3690.99,3697.59,3685.46,3692.215,12130
2025-09-22T10:30:00+05:30,3692.29,3722.58,3691.92,3720.31,30659
2025-09-22T14:30:00+05:30,3720.3,3728.49,3712.25,3721.635,16239
2025-09-22T18:30:00+05:30,3721.67,3739.63,3713.75,3737.085,25880
2025-09-22T22:30:00+05:30,3737.09,3748.86,3737.09,3746.355,11769
2025-09-23T02:30:00+05:30,3747.125,3750.675,3738.125,3747.26,12550
2025-09-23T06:30:00+05:30,3747.25,3759.42,3736.66,3744.87,22760
2025-09-23T10:30:00+05:30,3744.665,3775.285,3743.385,3774.485,31899
2025-09-23T14:30:00+05:30,3774.48,3791.255,3774.205,3784.495,17050
2025-09-23T18:30:00+05:30,3784.48,3788.81,3765.03,3779.35,23779
2025-09-23T22:30:00+05:30,3779.385,3785.84,3752.075,3764.205,33765
2025-09-24T02:30:00+05:30,3765.31,3770.07,3759.09,3765.22,10980
2025-09-24T06:30:00+05:30,3765.28,3771.945,3750.51,3768.34,21434
2025-09-24T10:30:00+05:30,3768.345,3779.34,3767.145,3770.13,12195
2025-09-24T14:30:00+05:30,3770.045,3771.775,3759.68,3768.175,12095
2025-09-24T18:30:00+05:30,3768.16,3772.97,3732.37,3735.765,40599
2025-09-24T22:30:00+05:30,3735.82,3738.965,3717.52,3736.165,21445
2025-09-25T02:30:00+05:30,3739.61,3751.535,3739.025,3749.03,12509
2025-09-25T06:30:00+05:30,3748.845,3750.59,3729.635,3738.18,20954
2025-09-25T10:30:00+05:30,3738.24,3761.69,3734.17,3756.58,27519
2025-09-25T14:30:00+05:30,3756.65,3761.28,3730.66,3738.855,30620
2025-09-25T18:30:00+05:30,3738.89,3745.815,3722.22,3733.7,23595
2025-09-25T22:30:00+05:30,3733.695,3758.43,3732.405,3749.44,26024
2025-09-26T02:30:00+05:30,3747.235,3751.615,3738.175,3749.72,13439
2025-09-26T06:30:00+05:30,3749.75,3753.31,3734.44,3747.72,18869
2025-09-26T10:30:00+05:30,3747.665,3755.24,3739.345,3753.015,15894
2025-09-26T14:30:00+05:30,3752.99,3757.505,3742.955,3752.045,14550
2025-09-26T18:30:00+05:30,3752.055,3783.885,3751.225,3774.365,32660
2025-09-26T22:30:00+05:30,3774.39,3783.355,3759.66,3759.855,23695
2025-09-29T02:30:00+05:30,3764.745,3787.61,3763.45,3787.135,24160
2025-09-29T06:30:00+05:30,3787.075,3809.195,3767.91,3805.1,41285
2025-09-29T10:30:00+05:30,3805.15,3819.915,3801.29,3818.845,18625
2025-09-29T14:30:00+05:30,3818.825,3831.45,3806.47,3813.795,24980
2025-09-29T18:30:00+05:30,3813.84,3833.655,3809.425,3830.45,24230
2025-09-29T22:30:00+05:30,3830.465,3834.3,3822.6,3833.88,11700
2025-09-30T02:30:00+05:30,3832.57,3840.905,3825.78,3839.155,15125
2025-09-30T06:30:00+05:30,3839.03,3867.405,3838.11,3867.175,29295
2025-09-30T10:30:00+05:30,3867.17,3871.89,3807.61,3816.37,64279
2025-09-30T14:30:00+05:30,3816.29,3821.805,3793.175,3819.475,28629
2025-09-30T18:30:00+05:30,3819.495,3854.7,3811.735,3846.025,42964
2025-09-30T22:30:00+05:30,3846.045,3860.79,3839.655,3858.45,21134
2025-10-01T02:30:00+05:30,3860.08,3865.375,3854.775,3860.535,10599
2025-10-01T06:30:00+05:30,3860.47,3875.56,3855.705,3864.99,19855
2025-10-01T10:30:00+05:30,3864.98,3895.5,3853.38,3892.95,42119
2025-10-01T14:30:00+05:30,3892.94,3895.155,3864.65,3870.575,30505
2025-10-01T18:30:00+05:30,3870.585,3878.88,3856.335,3870.955,22545
2025-10-01T22:30:00+05:30,3870.95,3871.91,3855.155,3865.53,16754
2025-10-02T02:30:00+05:30,3864.41,3866.7,3856.075,3856.09,10625
2025-10-02T06:30:00+05:30,3856.055,3870.06,3852.835,3864.3,17224
2025-10-02T10:30:00+05:30,3864.34,3878.86,3861.7,3874.66,17160
2025-10-02T14:30:00+05:30,3874.625,3892.185,3873.465,3884.515,18719
2025-10-02T18:30:00+05:30,3884.525,3897.13,3819.425,3845.035,77704
2025-10-02T22:30:00+05:30,3845.06,3859.395,3840.61,3856.56,18784
2025-10-03T02:30:00+05:30,3857.14,3863.715,3852.07,3856.88,11644
2025-10-03T06:30:00+05:30,3856.82,3862.825,3838.07,3844.1,24754
2025-10-03T10:30:00+05:30,3844.24,3865.805,3844.035,3865.01,21769
2025-10-03T14:30:00+05:30,3865.0,3875.135,3854.66,3873.95,20475
2025-10-03T18:30:00+05:30,3873.965,3891.76,3866.425,3883.74,25335
2025-10-03T22:30:00+05:30,3883.795,3889.295,3876.985,3886.455,12309
2025-10-06T02:30:00+05:30,3891.335,3920.975,3884.115,3900.39,36860
2025-10-06T06:30:00+05:30,3900.445,3940.55,3899.8,3938.89,40750
2025-10-06T10:30:00+05:30,3938.83,3949.67,3922.5,3942.61,27170
2025-10-06T14:30:00+05:30,3942.65,3946.76,3926.465,3934.385,20295
2025-10-06T18:30:00+05:30,3934.375,3970.2,3927.21,3954.175,42989
2025-10-06T22:30:00+05:30,3954.27,3965.155,3951.145,3960.69,14010
2025-10-07T02:30:00+05:30,3960.62,3977.4,3958.86,3962.81,18539
2025-10-07T06:30:00+05:30,3962.805,3977.045,3955.87,3976.05,21175
2025-10-07T10:30:00+05:30,3975.89,3977.015,3941.055,3951.325,35960
2025-10-07T14:30:00+05:30,3951.32,3980.095,3951.135,3979.5,28959
2025-10-07T18:30:00+05:30,3979.38,3991.135,3961.75,3976.825,29385
2025-10-07T22:30:00+05:30,3976.845,3987.855,3974.155,3984.33,13699
2025-10-08T02:30:00+05:30,3986.275,3999.445,3985.015,3992.325,14430
2025-10-08T06:30:00+05:30,3992.305,4027.355,3984.32,4026.9,43034
2025-10-08T10:30:00+05:30,4026.81,4040.595,4021.33,4036.455,19264
2025-10-08T14:30:00+05:30,4036.46,4049.7,4030.77,4040.25,18929
2025-10-08T18:30:00+05:30,4040.2,4059.35,4026.175,4056.7,33174
2025-10-08T22:30:00+05:30,4056.695,4058.1,4032.13,4041.9,25969
2025-10-09T02:30:00+05:30,4036.775,4037.1,4001.33,4023.095,35769
2025-10-09T06:30:00+05:30,4023.11,4041.265,4002.725,4038.98,38539
2025-10-09T10:30:00+05:30,4038.945,4043.7,4022.67,4038.22,21029
2025-10-09T14:30:00+05:30,4038.3,4053.72,4033.63,4053.5,20089
2025-10-09T18:30:00+05:30,4053.575,4058.11,3963.905,3969.025,94204
2025-10-09T22:30:00+05:30,3969.08,3982.175,3944.435,3976.24,37740
2025-10-10T02:30:00+05:30,3977.265,3994.52,3958.855,3991.3,35664
2025-10-10T06:30:00+05:30,3991.27,3992.48,3947.02,3966.29,45460
2025-10-10T10:30:00+05:30,3966.285,3995.005,3952.855,3991.98,42150
2025-10-10T14:30:00+05:30,3992.005,4006.735,3980.12,3985.805,26615
2025-10-10T18:30:00+05:30,3985.765,4023.0,3970.855,3983.545,52144
2025-10-10T22:30:00+05:30,3983.595,4021.51,3975.235,4016.68,46275
2025-10-13T02:30:00+05:30,4017.625,4060.545,3998.15,4043.97,62394
2025-10-13T06:30:00+05:30,4044.145,4059.485,4035.99,4056.255,23495
2025-10-13T10:30:00+05:30,4056.225,4079.25,4054.81,4077.87,24440
2025-10-13T14:30:00+05:30,4077.895,4086.215,4070.215,4079.76,16000
2025-10-13T18:30:00+05:30,4079.795,4117.42,4078.485,4105.715,38934
2025-10-13T22:30:00+05:30,4105.8,4115.61,4090.935,4110.335,24674
2025-10-14T02:30:00+05:30,4112.47,4132.025,4106.68,4124.62,25344
2025-10-14T06:30:00+05:30,4124.54,4170.03,4123.335,4168.16,46694
2025-10-14T10:30:00+05:30,4168.08,4179.935,4090.145,4143.95,89790
2025-10-14T14:30:00+05:30,4143.9,4144.615,4103.28,4106.47,41335
2025-10-14T18:30:00+05:30,4106.465,4155.495,4097.74,4140.39,57755
2025-10-14T22:30:00+05:30,4140.36,4152.955,4134.695,4142.625,18260
2025-10-15T02:30:00+05:30,4140.755,4169.82,4140.735,4162.53,29085
2025-10-15T06:30:00+05:30,4162.505,4190.95,4162.075,4179.805,28875
2025-10-15T10:30:00+05:30,4179.76,4218.405,4176.795,4208.075,41609
2025-10-15T14:30:00+05:30,4208.1,4212.355,4164.24,4190.835,48114
2025-10-15T18:30:00+05:30,4190.865,4212.615,4179.47,4199.155,33144
2025-10-15T22:30:00+05:30,4199.18,4213.54,4182.71,4207.77,30829
2025-10-16T02:30:00+05:30,4212.565,4227.4,4199.965,4210.55,27434
2025-10-16T06:30:00+05:30,4210.535,4242.38,4210.5,4233.53,31880
2025-10-16T10:30:00+05:30,4233.515,4236.21,4203.55,4233.11,32659
2025-10-16T14:30:00+05:30,4233.125,4251.345,4221.98,4236.235,29365
2025-10-16T18:30:00+05:30,4236.25,4292.195,4235.04,4282.81,57154
2025-10-16T22:30:00+05:30,4282.825,4330.9,4273.3,4326.065,57599
2025-10-17T02:30:00+05:30,4338.03,4380.99,4333.165,4358.145,47824
2025-10-17T06:30:00+05:30,4358.17,4377.535,4278.68,4376.62,98854
2025-10-17T10:30:00+05:30,4376.585,4378.765,4306.255,4347.53,72510
2025-10-17T14:30:00+05:30,4347.555,4348.47,4283.665,4314.73,64805
2025-10-17T18:30:00+05:30,4314.8,4317.79,4200.53,4205.12,117260
2025-10-17T22:30:00+05:30,4205.24,4255.31,4185.91,4253.975,69400
2025-10-20T02:30:00+05:30,4267.075,4268.27,4219.115,4249.425,49155
2025-10-20T06:30:00+05:30,4249.36,4271.285,4229.325,4266.15,41960
2025-10-20T10:30:00+05:30,4266.37,4266.815,4221.205,4258.7,45609
2025-10-20T14:30:00+05:30,4258.71,4327.445,4245.77,4323.54,81674
2025-10-20T18:30:00+05:30,4323.55,4355.65,4292.85,4347.75,62799
2025-10-20T22:30:00+05:30,4347.74,4381.44,4337.195,4355.795,44244
2025-10-21T02:30:00+05:30,4366.33,4375.625,4356.25,4368.645,19375
2025-10-21T06:30:00+05:30,4368.61,4372.445,4333.095,4342.005,39349
2025-10-21T10:30:00+05:30,4341.81,4344.31,4245.245,4274.15,99065
2025-10-21T14:30:00+05:30,4274.145,4278.095,4205.87,4211.095,72225
2025-10-21T18:30:00+05:30,4211.33,4225.485,4080.58,4113.455,144904
2025-10-21T22:30:00+05:30,4113.415,4131.1,4093.83,4125.27,37270
2025-10-22T02:30:00+05:30,4124.28,4129.215,4004.28,4075.135,124934
2025-10-22T06:30:00+05:30,4075.145,4143.425,4064.545,4128.375,78880
2025-10-22T10:30:00+05:30,4128.47,4161.535,4053.35,4070.68,108184
2025-10-22T14:30:00+05:30,4070.595,4101.695,4015.125,4033.87,86569
2025-10-22T18:30:00+05:30,4034.005,4085.48,4011.095,4059.27,74385
2025-10-22T22:30:00+05:30,4059.08,4113.8,4044.02,4099.4,69780
2025-10-23T02:30:00+05:30,4110.085,4111.195,4065.9,4082.15,45294
2025-10-23T06:30:00+05:30,4082.17,4101.035,4071.845,4089.605,29190
2025-10-23T10:30:00+05:30,4089.68,4137.745,4084.075,4116.33,53670
2025-10-23T14:30:00+05:30,4116.43,4129.25,4100.14,4127.135,29109
2025-10-23T18:30:00+05:30,4127.225,4154.79,4125.75,4132.995,29039
2025-10-23T22:30:00+05:30,4132.99,4143.6,4107.535,4126.075,36065
2025-10-24T02:30:00+05:30,4125.85,4133.895,4106.035,4132.87,27860
2025-10-24T06:30:00+05:30,4132.9,4144.535,4102.8,4111.555,41734
2025-10-24T10:30:00+05:30,4111.92,4118.025,4047.555,4065.515,70469
2025-10-24T14:30:00+05:30,4065.5,4094.18,4043.515,4082.265,50664
2025-10-24T18:30:00+05:30,4082.36,4138.67,4078.975,4129.495,59695
2025-10-24T22:30:00+05:30,4129.535,4134.39,4096.625,4114.125,37765
2025-10-27T02:30:00+05:30,4085.7,4109.0,4058.205,4081.27,50795
2025-10-27T06:30:00+05:30,4081.295,4097.87,4053.71,4068.835,44159
2025-10-27T10:30:00+05:30,4068.855,4085.17,4024.34,4043.58,60829
2025-10-27T14:30:00+05:30,4043.545,4050.41,4015.29,4046.06,35119
2025-10-27T18:30:00+05:30,4046.115,4050.61,3971.445,3999.44,79164
2025-10-27T22:30:00+05:30,3999.47,4010.305,3979.335,3981.985,30969
2025-10-28T02:30:00+05:30,3990.015,4009.7,3972.93,4006.67,36769
2025-10-28T06:30:00+05:30,4006.65,4019.805,3963.62,3973.695,56184
2025-10-28T10:30:00+05:30,3973.94,3980.1,3896.46,3897.275,83639
2025-10-28T14:30:00+05:30,3897.285,3931.53,3886.465,3912.815,45065
2025-10-28T18:30:00+05:30,3912.95,3969.615,3912.26,3958.73,57354
2025-10-28T22:30:00+05:30,3958.735,3970.465,3945.15,3953.0,25315
2025-10-29T02:30:00+05:30,3955.945,3982.495,3907.925,3975.325,74569
2025-10-29T06:30:00+05:30,3975.285,3979.9,3943.825,3952.085,36075
2025-10-29T10:30:00+05:30,3952.23,4018.595,3950.79,4017.015,67804
2025-10-29T14:30:00+05:30,4016.98,4030.34,4013.5,4025.55,16840
2025-10-29T18:30:00+05:30,4025.56,4025.79,3989.52,3992.865,36269
2025-10-29T22:30:00+05:30,3992.795,4007.875,3927.86,3930.615,80014
2025-10-30T02:30:00+05:30,3921.61,3964.36,3916.59,3950.48,47769
2025-10-30T06:30:00+05:30,3950.485,3982.665,3915.52,3972.47,67144
2025-10-30T10:30:00+05:30,3972.505,3978.24,3947.035,3976.585,31204
2025-10-30T14:30:00+05:30,3976.56,4011.705,3961.215,3961.48,50489
2025-10-30T18:30:00+05:30,3961.44,4015.1,3960.32,4001.55,54779
2025-10-30T22:30:00+05:30,4001.545,4027.235,3994.485,4024.525,32750
2025-10-31T02:30:00+05:30,4021.47,4046.595,4016.46,4025.01,30134
2025-10-31T06:30:00+05:30,4025.04,4039.58,3989.065,4005.9,50514
2025-10-31T10:30:00+05:30,4005.455,4026.82,3994.115,4010.575,32705
2025-10-31T14:30:00+05:30,4010.46,4036.435,3998.875,4023.06,37559
2025-10-31T18:30:00+05:30,4023.05,4035.725,3972.285,3980.72,63440
2025-10-31T22:30:00+05:30,3980.735,4010.08,3980.575,4002.81,29505
2025-11-03T03:30:00+05:30,3995.47,4002.075,3962.275,3996.09,39799
2025-11-03T07:30:00+05:30,3996.055,4018.33,3990.445,4013.935,27884
2025-11-03T11:30:00+05:30,4013.93,4028.13,3993.1,4000.63,35030
2025-11-03T15:30:00+05:30,4000.675,4020.765,3994.34,4016.155,26424
2025-11-03T19:30:00+05:30,4015.96,4030.825,3995.22,4006.23,35605
2025-11-03T23:30:00+05:30,4006.305,4015.06,3995.445,4001.605,19614
2025-11-04T03:30:00+05:30,4005.115,4005.27,3978.675,3987.545,26594
2025-11-04T07:30:00+05:30,3987.52,3999.465,3972.805,3973.355,26660
2025-11-04T11:30:00+05:30,3973.365,4000.855,3966.605,3991.27,34250
2025-11-04T15:30:00+05:30,3991.245,4000.085,3971.855,3975.82,28230
2025-11-04T19:30:00+05:30,3975.8,3977.875,3928.685,3955.08,49190
2025-11-04T23:30:00+05:30,3954.825,3956.93,3930.56,3932.1,26369
2025-11-05T03:30:00+05:30,3937.93,3949.56,3929.35,3937.125,20210
2025-11-05T07:30:00+05:30,3937.06,3978.78,3935.725,3965.055,43055
2025-11-05T11:30:00+05:30,3965.07,3987.34,3962.04,3971.955,25300
2025-11-05T15:30:00+05:30,3971.885,3979.48,3956.1,3975.91,23380
2025-11-05T19:30:00+05:30,3975.925,3990.565,3964.27,3982.12,26295
2025-11-05T23:30:00+05:30,3982.145,3990.175,3977.995,3980.115,12180
2025-11-06T03:30:00+05:30,3968.78,3977.795,3964.455,3976.765,13340
2025-11-06T07:30:00+05:30,3976.785,3990.87,3974.38,3987.645,16489
2025-11-06T11:30:00+05:30,3987.655,4017.06,3982.365,4011.01,34695
2025-11-06T15:30:00+05:30,4011.0,4019.645,4002.95,4012.33,16695
2025-11-06T19:30:00+05:30,4012.315,4014.09,3965.71,3986.34,48380
2025-11-06T23:30:00+05:30,3986.35,3995.365,3976.88,3977.14,18484
2025-11-07T03:30:00+05:30,3979.465,4002.85,3978.435,4001.845,24414
2025-11-07T07:30:00+05:30,4001.82,4003.41,3985.605,3994.95,17804
2025-11-07T11:30:00+05:30,3994.96,4014.29,3992.25,4006.76,22039
2025-11-07T15:30:00+05:30,4006.81,4011.925,3991.69,3997.855,20235
2025-11-07T19:30:00+05:30,3997.885,4027.595,3984.01,4005.6,43584
2025-11-07T23:30:00+05:30,4005.595,4009.325,3994.64,4001.275,14684
2025-11-10T03:30:00+05:30,4005.675,4053.47,4004.355,4044.07,49114
2025-11-10T07:30:00+05:30,4043.99,4070.07,4037.74,4069.56,32330
2025-11-10T11:30:00+05:30,4069.63,4086.375,4066.9,4076.705,19474
2025-11-10T15:30:00+05:30,4076.69,4106.0,4075.86,4091.645,30139
2025-11-10T19:30:00+05:30,4091.635,4102.85,4074.49,4102.72,28360
2025-11-10T23:30:00+05:30,4102.735,4116.69,4101.77,4115.41,14919
2025-11-11T03:30:00+05:30,4116.835,4141.365,4116.075,4136.355,25289
2025-11-11T07:30:00+05:30,4136.33,4149.1,4124.895,4131.13,24204
2025-11-11T11:30:00+05:30,4131.08,4146.035,4124.985,4141.89,21050
2025-11-11T15:30:00+05:30,4141.965,4146.885,4133.34,4142.65,13545
2025-11-11T19:30:00+05:30,4142.71,4143.295,4097.245,4114.535,46050
2025-11-11T23:30:00+05:30,4114.635,4131.97,4106.64,4126.505,25329
2025-11-12T03:30:00+05:30,4130.9,4145.61,4126.315,4131.5,19295
2025-11-12T07:30:00+05:30,4131.455,4135.495,4098.915,4104.725,36579
2025-11-12T11:30:00+05:30,4104.685,4133.855,4103.275,4124.74,30579
2025-11-12T15:30:00+05:30,4124.785,4139.51,4117.945,4127.285,21565
2025-11-12T19:30:00+05:30,4127.34,4206.515,4125.045,4199.535,81470
2025-11-12T23:30:00+05:30,4199.57,4211.795,4190.48,4195.21,21315
2025-11-13T03:30:00+05:30,4202.635,4209.315,4179.735,4192.43,29579
2025-11-13T07:30:00+05:30,4192.405,4219.52,4183.51,4212.02,36010
2025-11-13T11:30:00+05:30,4211.945,4239.66,4203.27,4233.215,36389
2025-11-13T15:30:00+05:30,4233.205,4245.195,4219.35,4231.745,25844
2025-11-13T19:30:00+05:30,4231.83,4232.425,4184.51,4202.05,47914
2025-11-13T23:30:00+05:30,4202.065,4203.46,4145.19,4171.745,58270
2025-11-14T03:30:00+05:30,4177.285,4193.825,4173.72,4190.025,20104
2025-11-14T07:30:00+05:30,4190.03,4211.435,4183.985,4189.9,27450
2025-11-14T11:30:00+05:30,4189.865,4193.53,4158.995,4169.44,34534
2025-11-14T15:30:00+05:30,4169.415,4171.14,4041.37,4055.975,129770
2025-11-14T19:30:00+05:30,4055.835,4111.185,4032.23,4099.92,78955
2025-11-14T23:30:00+05:30,4099.925,4103.75,4075.615,4085.825,28135
2025-11-17T03:30:00+05:30,4078.275,4106.705,4077.96,4091.325,28744
2025-11-17T07:30:00+05:30,4091.32,4093.905,4049.76,4058.48,44144
2025-11-17T11:30:00+05:30,4058.515,4095.935,4054.9,4082.28,41034
2025-11-17T15:30:00+05:30,4082.275,4092.29,4060.65,4065.48,31639
2025-11-17T19:30:00+05:30,4065.505,4082.01,4052.38,4073.345,29630
2025-11-17T23:30:00+05:30,4073.35,4076.33,4007.055,4045.86,69275
2025-11-18T03:30:00+05:30,4050.79,4054.755,4022.425,4025.15,32329
2025-11-18T07:30:00+05:30,4025.14,4035.89,4004.725,4019.005,31164
2025-11-18T11:30:00+05:30,4019.07,4047.335,3997.985,4040.365,49349
2025-11-18T15:30:00+05:30,4040.35,4070.415,4029.33,4065.305,41085
2025-11-18T19:30:00+05:30,4065.3,4081.915,4040.55,4071.67,41364
2025-11-18T23:30:00+05:30,4071.6,4082.58,4063.22,4067.425,19360
2025-11-19T03:30:00+05:30,4067.645,4078.655,4056.39,4059.09,22265
2025-11-19T07:30:00+05:30,4059.115,4097.565,4055.525,4095.63,42039
2025-11-19T11:30:00+05:30,4095.655,4116.4,4078.35,4113.325,38049
2025-11-19T15:30:00+05:30,4113.35,4120.015,4100.85,4110.765,19164
2025-11-19T19:30:00+05:30,4110.84,4132.985,4055.475,4078.835,77509
2025-11-19T23:30:00+05:30,4078.945,4091.4,4065.76,4077.85,25639
2025-11-20T03:30:00+05:30,4088.255,4110.37,4081.195,4081.605,29174
2025-11-20T07:30:00+05:30,4081.595,4085.695,4038.9,4066.79,46795
2025-11-20T11:30:00+05:30,4066.66,4077.945,4038.93,4064.225,39015
2025-11-20T15:30:00+05:30,4064.235,4096.545,4051.16,4080.245,45385
2025-11-20T19:30:00+05:30,4080.225,4107.35,4043.58,4066.225,63770
2025-11-20T23:30:00+05:30,4066.215,4087.445,4056.215,4077.535,31230
2025-11-21T03:30:00+05:30,4073.08,4088.725,4060.5,4068.68,28224
2025-11-21T07:30:00+05:30,4068.695,4080.105,4039.75,4058.69,40355
2025-11-21T11:30:00+05:30,4058.695,4065.095,4022.26,4050.615,42834
2025-11-21T15:30:00+05:30,4050.535,4081.39,4031.1,4079.745,50289
2025-11-21T19:30:00+05:30,4079.685,4101.07,4055.16,4085.645,45909
2025-11-21T23:30:00+05:30,4085.65,4092.185,4054.74,4065.01,37445
2025-11-24T03:30:00+05:30,4067.61,4077.795,4042.755,4044.235,35039
2025-11-24T07:30:00+05:30,4044.125,4061.425,4040.02,4046.545,21405
2025-11-24T11:30:00+05:30,4046.52,4074.415,4045.67,4072.045,28744
2025-11-24T15:30:00+05:30,4072.02,4086.02,4063.285,4077.945,22735
2025-11-24T19:30:00+05:30,4077.9,4100.47,4068.445,4093.02,32025
2025-11-24T23:30:00+05:30,4093.025,4139.89,4088.085,4133.975,51805
2025-11-25T03:30:00+05:30,4135.485,4144.585,4122.55,4134.94,22034
2025-11-25T07:30:00+05:30,4134.905,4155.9,4132.93,4151.09,22969
2025-11-25T11:30:00+05:30,4150.955,4152.21,4109.71,4128.46,42500
2025-11-25T15:30:00+05:30,4128.455,4150.915,4115.51,4147.77,35404
2025-11-25T19:30:00+05:30,4147.785,4159.38,4110.805,4146.215,48574
2025-11-25T23:30:00+05:30,4146.235,4151.085,4127.62,4130.55,23465
2025-11-26T03:30:00+05:30,4134.495,4152.985,4129.99,4148.545,22994
2025-11-26T07:30:00+05:30,4148.525,4169.58,4147.465,4162.46,22114
2025-11-26T11:30:00+05:30,4162.415,4168.63,4146.68,4162.865,21949
2025-11-26T15:30:00+05:30,4162.875,4173.5,4148.57,4153.5,24930
2025-11-26T19:30:00+05:30,4153.51,4169.935,4136.665,4167.275,33270
2025-11-26T23:30:00+05:30,4167.29,4171.905,4158.1,4163.575,13804
2025-11-27T03:30:00+05:30,4165.255,4168.75,4148.76,4154.45,19989
2025-11-27T07:30:00+05:30,4154.48,4156.425,4142.73,4146.99,13695
2025-11-27T11:30:00+05:30,4147.02,4167.26,4146.885,4158.595,20375
2025-11-27T15:30:00+05:30,4158.635,4162.605,4149.085,4155.08,13519
2025-11-27T19:30:00+05:30,4155.075,4161.925,4151.505,4157.985,10420
2025-11-27T23:30:00+05:30,4157.98,4160.46,4155.335,4158.8,5125
2025-11-28T03:30:00+05:30,4159.355,4193.26,4159.325,4191.295,33935
2025-11-28T07:30:00+05:30,4191.28,4192.705,4170.68,4181.97,22024
2025-11-28T11:30:00+05:30,4181.655,4192.46,4153.74,4167.545,38720
2025-11-28T15:30:00+05:30,4167.8,4182.975,4159.32,4182.7,23655
2025-11-28T19:30:00+05:30,4182.785,4217.1,4182.66,4216.97,34440
2025-11-28T23:30:00+05:30,4217.04,4226.915,4210.96,4215.82,15954
2025-12-01T03:30:00+05:30,4226.31,4256.45,4205.785,4255.56,50664
2025-12-01T07:30:00+05:30,4255.55,4256.6,4215.605,4229.675,40995
2025-12-01T11:30:00+05:30,4229.75,4253.715,4226.27,4250.125,27444
2025-12-01T15:30:00+05:30,4250.14,4264.7,4244.225,4247.395,20474
2025-12-01T19:30:00+05:30,4247.455,4249.36,4219.495,4232.285,29864
2025-12-01T23:30:00+05:30,4232.345,4244.81,4229.315,4232.29,15495
2025-12-02T03:30:00+05:30,4231.77,4236.15,4192.915,4219.56,43234
2025-12-02T07:30:00+05:30,4219.555,4226.415,4213.8,4225.005,12614
2025-12-02T11:30:00+05:30,4225.03,4226.35,4181.14,4192.12,45210
2025-12-02T15:30:00+05:30,4192.085,4215.33,4182.31,4212.565,33019
2025-12-02T19:30:00+05:30,4212.495,4230.685,4163.805,4193.885,66880
2025-12-02T23:30:00+05:30,4193.865,4212.495,4183.23,4205.665,29265
2025-12-03T03:30:00+05:30,4202.48,4221.185,4202.38,4214.435,18805
2025-12-03T07:30:00+05:30,4214.435,4229.065,4203.405,4207.705,25659
2025-12-03T11:30:00+05:30,4207.735,4211.995,4197.22,4202.205,14774
2025-12-03T15:30:00+05:30,4202.215,4238.585,4194.645,4237.39,43939
2025-12-03T19:30:00+05:30,4237.49,4241.565,4195.855,4211.075,45710
2025-12-03T23:30:00+05:30,4211.205,4212.825,4195.195,4203.115,17630
2025-12-04T03:30:00+05:30,4206.465,4217.08,4202.9,4209.24,14180
2025-12-04T07:30:00+05:30,4209.31,4209.31,4174.81,4181.1,34500
2025-12-04T11:30:00+05:30,4181.155,4202.28,4178.82,4199.95,23460
2025-12-04T15:30:00+05:30,4199.945,4206.63,4185.45,4198.43,21180
2025-12-04T19:30:00+05:30,4198.385,4219.62,4191.545,4216.715,28074
2025-12-04T23:30:00+05:30,4216.68,4217.675,4199.545,4208.765,18130
2025-12-05T03:30:00+05:30,4209.41,4210.685,4194.815,4203.14,15870
2025-12-05T07:30:00+05:30,4203.17,4221.475,4196.77,4220.65,24704
2025-12-05T11:30:00+05:30,4220.635,4230.9,4215.935,4223.43,14964
2025-12-05T15:30:00+05:30,4223.415,4239.03,4220.15,4234.62,18880
2025-12-05T19:30:00+05:30,4234.54,4259.34,4198.545,4217.565,60795
2025-12-05T23:30:00+05:30,4217.54,4219.35,4192.055,4198.685,27295
2025-12-08T03:30:00+05:30,4198.685,4211.86,4197.54,4201.25,14319
2025-12-08T07:30:00+05:30,4201.19,4217.365,4198.72,4217.3,18644
2025-12-08T11:30:00+05:30,4217.295,4219.175,4203.175,4207.855,16000
2025-12-08T15:30:00+05:30,4207.85,4215.585,4197.895,4201.9,17689
2025-12-08T19:30:00+05:30,4201.905,4211.85,4176.205,4195.045,35645
2025-12-08T23:30:00+05:30,4195.01,4195.74,4184.435,4190.66,11304
2025-12-09T03:30:00+05:30,4191.48,4197.415,4188.885,4196.375,8529
2025-12-09T07:30:00+05:30,4196.315,4198.905,4178.035,4179.665,20869
2025-12-09T11:30:00+05:30,4179.7,4213.05,4169.985,4203.035,43065
2025-12-09T15:30:00+05:30,4203.07,4208.57,4195.725,4201.515,12844
2025-12-09T19:30:00+05:30,4201.54,4221.625,4189.505,4203.14,32119
2025-12-09T23:30:00+05:30,4203.225,4216.035,4201.255,4207.915,14779
2025-12-10T03:30:00+05:30,4209.445,4218.15,4206.93,4213.75,11219
2025-12-10T07:30:00+05:30,4213.73,4218.86,4201.7,4211.575,17159
2025-12-10T11:30:00+05:30,4211.515,4211.855,4192.65,4194.39,19204
2025-12-10T15:30:00+05:30,4194.34,4205.23,4187.8,4200.745,17429
2025-12-10T19:30:00+05:30,4200.7,4207.105,4188.97,4199.735,18134
2025-12-10T23:30:00+05:30,4199.775,4238.785,4182.08,4228.775,56704
2025-12-11T03:30:00+05:30,4228.245,4247.805,4224.255,4238.39,23550
2025-12-11T07:30:00+05:30,4238.365,4240.915,4206.075,4207.35,34840
2025-12-11T11:30:00+05:30,4207.355,4221.615,4204.27,4218.495,17344
2025-12-11T15:30:00+05:30,4218.51,4226.08,4205.35,4221.015,20729
2025-12-11T19:30:00+05:30,4221.035,4281.815,4217.945,4278.71,63869
2025-12-11T23:30:00+05:30,4278.605,4285.89,4262.83,4279.335,23060
2025-12-12T03:30:00+05:30,4282.93,4283.005,4264.525,4270.935,18480
2025-12-12T07:30:00+05:30,4270.95,4280.695,4266.045,4278.94,14649
2025-12-12T11:30:00+05:30,4278.945,4320.425,4276.665,4318.315,43760
2025-12-12T15:30:00+05:30,4318.3,4346.32,4314.695,4341.155,31625
2025-12-12T19:30:00+05:30,4341.145,4353.555,4257.275,4294.255,96280
2025-12-12T23:30:00+05:30,4294.3,4304.215,4288.74,4299.38,15475
2025-12-15T03:30:00+05:30,4302.985,4325.925,4300.41,4322.53,25515
2025-12-15T07:30:00+05:30,4322.39,4344.46,4319.32,4343.615,25140
2025-12-15T11:30:00+05:30,4343.78,4350.285,4333.545,4342.565,16739
2025-12-15T15:30:00+05:30,4342.56,4348.525,4330.74,4332.06,17784
2025-12-15T19:30:00+05:30,4332.075,4336.835,4285.515,4304.425,51319
2025-12-15T23:30:00+05:30,4304.53,4317.81,4299.725,4304.91,18085
2025-12-16T03:30:00+05:30,4307.67,4318.035,4299.355,4308.79,18680
2025-12-16T07:30:00+05:30,4308.68,4312.3,4271.575,4284.185,40725
2025-12-16T11:30:00+05:30,4284.22,4292.345,4275.275,4280.495,17070
2025-12-16T15:30:00+05:30,4280.545,4313.27,4273.885,4313.015,39385
2025-12-16T19:30:00+05:30,4313.04,4335.185,4291.41,4303.725,43775
2025-12-16T23:30:00+05:30,4303.83,4315.92,4296.81,4302.225,19109
2025-12-17T03:30:00+05:30,4303.6,4326.78,4302.405,4326.635,24375
2025-12-17T07:30:00+05:30,4326.69,4342.58,4311.145,4333.9,31434
2025-12-17T11:30:00+05:30,4333.88,4337.64,4308.44,4317.015,29200
2025-12-17T15:30:00+05:30,4316.895,4344.26,4306.515,4342.145,37744
2025-12-17T19:30:00+05:30,4342.125,4349.28,4320.325,4342.58,28954
2025-12-17T23:30:00+05:30,4342.585,4346.61,4328.82,4337.83,17789
2025-12-18T03:30:00+05:30,4338.89,4343.095,4324.02,4331.745,19074
2025-12-18T07:30:00+05:30,4331.78,4337.985,4328.69,4333.32,9295
2025-12-18T11:30:00+05:30,4333.27,4337.785,4320.655,4323.64,17130
2025-12-18T15:30:00+05:30,4323.615,4343.185,4314.68,4336.65,28505
2025-12-18T19:30:00+05:30,4336.635,4374.655,4308.67,4333.565,65984
2025-12-18T23:30:00+05:30,4333.575,4341.455,4322.755,4332.59,18699
2025-12-19T03:30:00+05:30,4335.855,4337.07,4309.095,4323.32,27974
2025-12-19T07:30:00+05:30,4323.365,4328.97,4312.68,4325.97,16289
2025-12-19T11:30:00+05:30,4326.015,4333.67,4321.085,4329.585,12585
2025-12-19T15:30:00+05:30,4329.555,4335.705,4320.775,4328.365,14930
2025-12-19T19:30:00+05:30,4328.325,4355.99,4319.83,4353.555,36159
2025-12-19T23:30:00+05:30,4353.495,4356.625,4336.555,4338.765,20069
2025-12-22T03:30:00+05:30,4340.905,4384.96,4339.9,4382.97,45060
2025-12-22T07:30:00+05:30,4382.995,4409.76,4378.695,4400.21,31065
2025-12-22T11:30:00+05:30,4400.235,4420.515,4398.96,4411.2,21555
2025-12-22T15:30:00+05:30,4411.195,4427.42,4406.06,4423.865,21359
2025-12-22T19:30:00+05:30,4423.905,4442.27,4411.945,4438.51,30325
2025-12-22T23:30:00+05:30,4438.61,4449.385,4429.005,4443.74,20380
2025-12-23T03:30:00+05:30,4449.18,4490.69,4449.045,4486.675,41644
2025-12-23T07:30:00+05:30,4486.66,4497.685,4474.92,4475.335,22765
2025-12-23T11:30:00+05:30,4475.245,4493.49,4469.5,4480.5,23989
2025-12-23T15:30:00+05:30,4480.545,4497.635,4473.51,4479.36,24125
2025-12-23T19:30:00+05:30,4479.425,4480.13,4430.515,4472.965,49614
2025-12-23T23:30:00+05:30,4473.08,4499.82,4472.74,4484.55,27079
2025-12-24T03:30:00+05:30,4488.59,4526.15,4488.0,4518.84,38149
2025-12-24T07:30:00+05:30,4518.815,4519.52,4466.54,4488.645,52980
2025-12-24T11:30:00+05:30,4488.65,4498.025,4478.205,4494.895,19819
2025-12-24T15:30:00+05:30,4494.89,4500.035,4474.72,4488.29,25314
2025-12-24T19:30:00+05:30,4488.135,4489.785,4448.26,4480.745,41524
2025-12-24T23:30:00+05:30,4480.765,4482.5,4477.405,4479.415,5095
2025-12-26T03:30:00+05:30,4502.625,4536.74,4484.195,4504.045,52545
2025-12-26T07:30:00+05:30,4504.02,4514.98,4492.21,4509.82,22769
2025-12-26T11:30:00+05:30,4509.875,4520.7,4507.435,4512.83,13264
2025-12-26T15:30:00+05:30,4512.795,4528.885,4502.91,4525.195,25975
2025-12-26T19:30:00+05:30,4525.19,4550.15,4510.025,4519.07,40125
2025-12-26T23:30:00+05:30,4519.055,4535.795,4514.705,4533.21,21090
2025-12-29T03:30:00+05:30,4542.66,4548.35,4472.25,4497.325,76100
2025-12-29T07:30:00+05:30,4497.325,4520.61,4496.45,4506.665,24159
2025-12-29T11:30:00+05:30,4506.545,4510.74,4445.115,4472.18,65625
2025-12-29T15:30:00+05:30,4472.165,4474.68,4407.145,4421.735,67534
2025-12-29T19:30:00+05:30,4421.665,4421.665,4302.11,4328.255,119555
2025-12-29T23:30:00+05:30,4328.35,4344.695,4322.83,4332.56,21864
2025-12-30T03:30:00+05:30,4341.72,4360.405,4323.42,4360.37,36984
2025-12-30T07:30:00+05:30,4360.36,4380.23,4348.805,4377.585,31424
2025-12-30T11:30:00+05:30,4377.535,4383.445,4350.49,4372.345,32954
2025-12-30T15:30:00+05:30,4372.28,4404.375,4368.01,4388.55,36364
2025-12-30T19:30:00+05:30,4388.565,4392.34,4355.145,4370.32,37194
2025-12-30T23:30:00+05:30,4370.325,4378.865,4334.8,4339.395,44064
2025-12-31T03:30:00+05:30,4341.77,4373.59,4328.125,4365.995,45465
2025-12-31T07:30:00+05:30,4365.955,4371.425,4276.685,4285.815,94739
2025-12-31T11:30:00+05:30,4286.105,4337.48,4274.025,4325.66,63454
2025-12-31T15:30:00+05:30,4325.675,4348.395,4303.255,4346.105,45140
2025-12-31T19:30:00+05:30,4345.995,4353.445,4317.235,4322.085,36210
2025-12-31T23:30:00+05:30,4322.005,4331.78,4304.645,4322.61,27134
2026-01-02T03:30:00+05:30,4326.405,4355.885,4326.285,4348.095,29600
2026-01-02T07:30:00+05:30,4348.105,4381.975,4345.32,4380.66,36655
2026-01-02T11:30:00+05:30,4380.69,4397.835,4372.05,4385.56,25784
2026-01-02T15:30:00+05:30,4385.59,4402.295,4362.165,4366.255,40130
2026-01-02T19:30:00+05:30,4366.27,4373.91,4315.195,4323.245,58715
2026-01-02T23:30:00+05:30,4323.085,4333.725,4309.915,4332.065,23810
2026-01-05T03:30:00+05:30,4356.505,4421.605,4349.355,4402.2,72250
2026-01-05T07:30:00+05:30,4402.08,4414.705,4388.575,4412.46,26130
2026-01-05T11:30:00+05:30,4412.46,4438.335,4411.565,4434.865,26770
2026-01-05T15:30:00+05:30,4434.85,4440.055,4396.485,4416.965,43570
2026-01-05T19:30:00+05:30,4417.025,4455.77,4417.025,4443.615,38745
2026-01-05T23:30:00+05:30,4443.55,4449.54,4434.855,4449.17,14685
2026-01-06T03:30:00+05:30,4454.8,4460.285,4427.635,4450.89,32649
2026-01-06T07:30:00+05:30,4450.905,4474.265,4448.72,4452.505,25545
2026-01-06T11:30:00+05:30,4452.495,4475.79,4444.91,4446.58,30880
2026-01-06T15:30:00+05:30,4446.555,4470.63,4442.665,4468.09,27965
2026-01-06T19:30:00+05:30,4468.165,4491.65,4463.13,4489.51,28519
2026-01-06T23:30:00+05:30,4489.44,4497.31,4477.49,4494.635,19820
2026-01-07T03:30:00+05:30,4498.54,4500.56,4460.985,4465.58,39575
2026-01-07T07:30:00+05:30,4465.525,4480.52,4443.24,4454.38,37280
2026-01-07T11:30:00+05:30,4454.365,4474.875,4441.445,4463.59,33430
2026-01-07T15:30:00+05:30,4463.54,4467.745,4428.015,4452.96,39729
2026-01-07T19:30:00+05:30,4452.99,4468.37,4423.385,4451.93,44984
2026-01-07T23:30:00+05:30,4451.815,4461.625,4445.545,4456.65,16079
2026-01-08T03:30:00+05:30,4461.955,4466.485,4441.935,4448.4,24549
2026-01-08T07:30:00+05:30,4448.395,4449.61,4415.405,4425.815,34204
2026-01-08T11:30:00+05:30,4425.83,4439.765,4415.745,4432.77,24020
2026-01-08T15:30:00+05:30,4432.78,4436.205,4407.835,4423.835,28369
2026-01-08T19:30:00+05:30,4423.87,4465.745,4418.925,4463.565,46819
2026-01-08T23:30:00+05:30,4463.53,4479.71,4444.715,4477.565,34994
2026-01-09T03:30:00+05:30,4476.635,4479.735,4452.92,4468.91,26814
2026-01-09T07:30:00+05:30,4468.965,4476.615,4458.295,4468.1,18319
2026-01-09T11:30:00+05:30,4468.115,4477.7,4464.2,4471.285,13500
2026-01-09T15:30:00+05:30,4471.225,4492.135,4458.935,4482.9,33199
2026-01-09T19:30:00+05:30,4482.685,4517.25,4479.135,4484.475,38114
2026-01-09T23:30:00+05:30,4484.485,4511.47,4483.065,4509.66,28405
2026-01-12T03:30:00+05:30,4521.495,4601.695,4521.19,4570.19,80505
2026-01-12T07:30:00+05:30,4570.18,4585.17,4561.935,4581.065,23234
2026-01-12T11:30:00+05:30,4581.025,4599.475,4569.88,4589.225,29595
2026-01-12T15:30:00+05:30,4589.22,4620.38,4578.485,4615.905,41895
2026-01-12T19:30:00+05:30,4615.895,4630.19,4585.07,4616.415,45119
2026-01-12T23:30:00+05:30,4616.435,4618.985,4589.415,4597.65,29569
2026-01-13T03:30:00+05:30,4597.62,4600.0,4575.585,4577.95,24414
2026-01-13T07:30:00+05:30,4577.78,4602.195,4576.75,4592.225,25444
2026-01-13T11:30:00+05:30,4592.22,4597.095,4573.605,4586.155,23490
2026-01-13T15:30:00+05:30,4586.115,4621.03,4577.925,4611.56,43104
2026-01-13T19:30:00+05:30,4611.54,4634.89,4586.825,4590.595,48065
2026-01-13T23:30:00+05:30,4590.52,4602.09,4569.47,4586.005,32619
2026-01-14T03:30:00+05:30,4591.935,4620.03,4591.495,4619.385,28534
2026-01-14T07:30:00+05:30,4619.445,4639.89,4613.51,4619.895,26380
2026-01-14T11:30:00+05:30,4619.905,4639.695,4618.575,4630.535,21119
2026-01-14T15:30:00+05:30,4630.525,4641.985,4624.305,4635.805,17679
2026-01-14T19:30:00+05:30,4635.795,4639.07,4599.5,4614.4,39569
2026-01-14T23:30:00+05:30,4614.375,4642.97,4612.905,4626.575,30065
2026-01-15T03:30:00+05:30,4624.17,4624.17,4583.565,4600.17,40605
2026-01-15T07:30:00+05:30,4599.465,4614.86,4581.065,4595.35,33795
2026-01-15T11:30:00+05:30,4595.36,4613.645,4593.635,4612.65,20010
2026-01-15T15:30:00+05:30,4612.675,4623.11,4581.625,4588.325,41484
2026-01-15T19:30:00+05:30,4588.34,4625.015,4583.22,4616.61,41795
2026-01-15T23:30:00+05:30,4616.64,4621.72,4600.71,4616.04,21010
2026-01-16T03:30:00+05:30,4619.075,4620.975,4593.78,4600.62,27195
2026-01-16T07:30:00+05:30,4600.615,4616.315,4591.37,4611.58,24944
2026-01-16T11:30:00+05:30,4611.53,4612.41,4594.095,4600.845,18314
2026-01-16T15:30:00+05:30,4600.81,4616.33,4582.67,4602.055,33659
2026-01-16T19:30:00+05:30,4602.05,4620.39,4536.49,4581.51,83900
2026-01-16T23:30:00+05:30,4581.465,4598.64,4579.955,4596.32,18685
2026-01-19T03:30:00+05:30,4649.78,4690.94,4646.135,4657.285,44804
2026-01-19T07:30:00+05:30,4657.28,4674.48,4653.225,4670.065,21254
2026-01-19T11:30:00+05:30,4670.08,4679.11,4661.725,4668.48,17384
2026-01-19T15:30:00+05:30,4668.475,4673.85,4659.73,4666.175,14120
2026-01-19T19:30:00+05:30,4666.205,4678.95,4661.55,4676.35,17399
2026-01-19T23:30:00+05:30,4676.35,4680.405,4667.115,4670.295,13289
2026-01-20T03:30:00+05:30,4668.575,4676.235,4659.395,4669.805,16839
2026-01-20T07:30:00+05:30,4669.74,4716.745,4665.545,4714.63,51199
2026-01-20T11:30:00+05:30,4714.575,4737.57,4705.74,4732.51,31829
2026-01-20T15:30:00+05:30,4732.49,4738.54,4715.035,4737.265,23505
2026-01-20T19:30:00+05:30,4737.275,4762.47,4722.51,4759.19,39960
2026-01-20T23:30:00+05:30,4759.2,4766.4,4747.36,4763.37,19039
2026-01-21T03:30:00+05:30,4762.815,4844.29,4757.885,4835.49,86404
2026-01-21T07:30:00+05:30,4835.455,4878.25,4817.24,4870.025,61010
2026-01-21T11:30:00+05:30,4870.035,4888.545,4832.725,4860.415,55819
2026-01-21T15:30:00+05:30,4860.38,4880.415,4855.19,4879.295,25225
2026-01-21T19:30:00+05:30,4879.3,4880.935,4802.62,4826.48,78315
2026-01-21T23:30:00+05:30,4826.365,4854.165,4755.075,4831.38,99090
2026-01-22T03:30:00+05:30,4816.795,4821.3,4772.27,4797.935,49029
2026-01-22T07:30:00+05:30,4797.775,4821.775,4774.61,4821.415,47164
2026-01-22T11:30:00+05:30,4821.41,4839.71,4813.96,4823.185,25750
2026-01-22T15:30:00+05:30,4823.2,4836.43,4810.74,4822.29,25690
2026-01-22T19:30:00+05:30,4822.32,4906.47,4820.49,4904.715,85980
2026-01-22T23:30:00+05:30,4904.7,4940.885,4901.375,4936.075,39510
2026-01-23T03:30:00+05:30,4952.295,4967.52,4930.84,4953.995,36680
2026-01-23T07:30:00+05:30,4953.94,4967.28,4938.1,4960.64,29179
2026-01-23T11:30:00+05:30,4960.59,4963.27,4899.795,4918.66,63475
2026-01-23T15:30:00+05:30,4918.715,4947.98,4912.07,4939.18,35909
2026-01-23T19:30:00+05:30,4939.195,4988.44,4932.89,4965.895,55549
2026-01-23T23:30:00+05:30,4965.995,4990.12,4958.345,4987.545,31774
2026-01-26T03:30:00+05:30,5015.63,5085.665,5003.705,5071.115,81960
2026-01-26T07:30:00+05:30,5071.09,5092.975,5052.365,5074.425,40610
2026-01-26T11:30:00+05:30,5074.41,5111.51,5065.39,5084.14,46119
2026-01-26T15:30:00+05:30,5084.23,5097.1,5054.67,5068.735,42430
2026-01-26T19:30:00+05:30,5068.8,5105.34,5058.45,5101.235,46890
2026-01-26T23:30:00+05:30,5101.2,5103.22,4990.215,5008.875,113005
2026-01-27T03:30:00+05:30,5035.795,5076.14,5013.875,5060.14,62265
2026-01-27T07:30:00+05:30,5059.99,5085.495,5049.585,5083.11,35909
2026-01-27T11:30:00+05:30,5083.125,5100.84,5073.51,5098.325,27329
2026-01-27T15:30:00+05:30,5098.66,5098.66,5066.64,5077.555,32019
2026-01-27T19:30:00+05:30,5077.52,5103.355,5046.84,5081.37,56514
2026-01-27T23:30:00+05:30,5081.395,5190.51,5076.45,5180.625,114060
2026-01-28T03:30:00+05:30,5181.64,5225.36,5157.21,5204.87,68149
2026-01-28T07:30:00+05:30,5204.82,5266.435,5201.745,5261.35,64690
2026-01-28T11:30:00+05:30,5261.47,5311.665,5251.87,5278.37,59795
2026-01-28T15:30:00+05:30,5278.41,5289.71,5238.59,5266.645,51119
2026-01-28T19:30:00+05:30,5266.615,5307.285,5235.75,5298.11,71534
2026-01-28T23:30:00+05:30,5298.145,5419.645,5268.45,5418.545,151195
2026-01-29T03:30:00+05:30,5446.995,5602.225,5432.455,5545.785,169770
2026-01-29T07:30:00+05:30,5545.73,5564.725,5504.585,5562.655,60140
2026-01-29T11:30:00+05:30,5562.725,5595.77,5473.555,5513.92,122215
2026-01-29T15:30:00+05:30,5513.925,5543.23,5470.9,5510.785,72329
2026-01-29T19:30:00+05:30,5510.775,5549.565,5097.215,5335.37,452349
2026-01-29T23:30:00+05:30,5335.4,5426.085,5282.98,5370.23,143105
2026-01-30T03:30:00+05:30,5419.64,5451.16,5290.44,5300.745,160720
2026-01-30T07:30:00+05:30,5300.74,5312.725,5112.105,5185.135,200620
2026-01-30T11:30:00+05:30,5185.29,5205.81,4941.5,5013.76,264310
2026-01-30T15:30:00+05:30,5013.44,5145.98,4992.555,5019.645,153424
2026-01-30T19:30:00+05:30,5019.53,5113.795,4800.855,4850.225,312940
2026-01-30T23:30:00+05:30,4850.19,4948.545,4679.51,4895.44,269034
2026-02-02T03:30:00+05:30,4833.89,4884.56,4584.82,4736.89,299740
2026-02-02T07:30:00+05:30,4736.79,4773.225,4498.085,4549.31,275140
2026-02-02T11:30:00+05:30,4549.25,4731.64,4402.38,4719.6,329260
2026-02-02T15:30:00+05:30,4719.255,4812.265,4657.01,4706.305,155255
2026-02-02T19:30:00+05:30,4706.305,4794.685,4596.74,4674.11,197945
2026-02-02T23:30:00+05:30,4674.21,4712.925,4618.67,4661.055,94255
2026-02-03T03:30:00+05:30,4704.095,4856.76,4695.53,4841.405,161230
2026-02-03T07:30:00+05:30,4841.38,4842.3,4745.68,4825.305,96619
2026-02-03T11:30:00+05:30,4825.365,4950.68,4816.66,4916.175,134020
2026-02-03T15:30:00+05:30,4916.21,4951.295,4883.69,4933.07,67605
2026-02-03T19:30:00+05:30,4933.14,4993.835,4893.775,4929.04,100060
2026-02-03T23:30:00+05:30,4928.675,4964.24,4880.595,4946.805,83644
2026-02-04T03:30:00+05:30,4959.765,5053.675,4909.17,5046.855,144505
2026-02-04T07:30:00+05:30,5046.81,5090.435,5035.72,5079.455,54715
2026-02-04T11:30:00+05:30,5079.46,5091.93,5043.245,5060.1,48685
2026-02-04T15:30:00+05:30,5060.245,5064.58,5013.77,5054.185,50809
2026-02-04T19:30:00+05:30,5054.195,5059.23,4848.405,4897.86,210824
2026-02-04T23:30:00+05:30,4897.92,4971.18,4872.865,4964.455,98315
2026-02-05T03:30:00+05:30,4995.96,5024.03,4935.81,4959.135,88219
2026-02-05T07:30:00+05:30,4959.185,4962.33,4789.655,4896.725,172675
2026-02-05T11:30:00+05:30,4896.71,4943.735,4849.9,4855.395,93835
2026-02-05T15:30:00+05:30,4855.39,4894.805,4802.06,4835.635,92744
2026-02-05T19:30:00+05:30,4835.645,4906.735,4800.535,4869.025,106199
2026-02-05T23:30:00+05:30,4868.98,4875.25,4759.48,4780.675,115770
2026-02-06T03:30:00+05:30,4778.27,4785.005,4655.23,4774.51,129775
2026-02-06T07:30:00+05:30,4774.49,4898.15,4760.865,4897.55,137284
2026-02-06T11:30:00+05:30,4897.465,4903.4,4824.705,4866.805,78694
2026-02-06T15:30:00+05:30,4866.8,4938.505,4852.045,4929.115,86460
2026-02-06T19:30:00+05:30,4929.13,4968.72,4894.45,4960.6,74270
2026-02-06T23:30:00+05:30,4960.58,4971.34,4936.69,4964.62,34650
2026-02-09T03:30:00+05:30,4989.93,5047.915,4965.42,4983.005,82494
2026-02-09T07:30:00+05:30,4982.955,5041.755,4968.885,5036.605,72869
2026-02-09T11:30:00+05:30,5036.68,5045.815,4997.855,5007.985,47960
2026-02-09T15:30:00+05:30,5007.93,5025.0,4982.495,5007.34,42505
2026-02-09T19:30:00+05:30,5007.38,5080.895,5002.4,5046.3,78495
2026-02-09T23:30:00+05:30,5046.29,5086.68,5044.44,5057.775,42240
2026-02-10T03:30:00+05:30,5057.535,5064.13,4987.385,5033.055,76744
2026-02-10T07:30:00+05:30,5032.98,5056.34,5011.445,5039.295,44895
2026-02-10T11:30:00+05:30,5039.135,5063.55,5018.67,5046.905,44880
2026-02-10T15:30:00+05:30,5046.9,5059.06,5019.935,5051.175,39125
2026-02-10T19:30:00+05:30,5051.195,5078.745,4998.95,5026.605,79795
2026-02-10T23:30:00+05:30,5026.585,5045.6,5004.73,5025.12,40870
2026-02-11T03:30:00+05:30,5033.585,5054.855,5028.39,5052.6,26464
2026-02-11T07:30:00+05:30,5052.575,5064.04,5032.745,5053.15,31295
2026-02-11T11:30:00+05:30,5053.14,5072.185,5045.92,5062.925,26265
2026-02-11T15:30:00+05:30,5062.91,5119.345,5019.715,5065.77,99630
2026-02-11T19:30:00+05:30,5065.79,5099.315,5035.78,5091.53,63534
2026-02-11T23:30:00+05:30,5091.45,5094.29,5066.96,5084.28,27329
2026-02-12T03:30:00+05:30,5095.495,5095.915,5045.445,5063.65,50470
2026-02-12T07:30:00+05:30,5063.56,5078.42,5050.985,5075.815,27435
2026-02-12T11:30:00+05:30,5075.69,5080.91,5047.13,5073.265,33779
2026-02-12T15:30:00+05:30,5073.27,5083.855,5048.935,5075.455,34919
2026-02-12T19:30:00+05:30,5075.475,5077.905,4878.5,4941.145,199404
2026-02-12T23:30:00+05:30,4941.14,4958.155,4906.765,4922.08,51389
2026-02-13T03:30:00+05:30,4888.315,4988.825,4888.315,4980.865,100510
2026-02-13T07:30:00+05:30,4980.78,4997.555,4944.93,4946.555,52625
2026-02-13T11:30:00+05:30,4946.565,4989.695,4946.135,4970.34,43559
2026-02-13T15:30:00+05:30,4970.355,4999.685,4933.635,4987.26,66050
2026-02-13T19:30:00+05:30,4987.275,5033.735,4964.22,5021.045,69514
2026-02-13T23:30:00+05:30,5021.085,5046.48,5015.485,5042.74,30994
2026-02-16T03:30:00+05:30,5017.145,5032.565,5000.13,5028.955,32434
2026-02-16T07:30:00+05:30,5028.965,5031.28,4964.865,4990.77,66414
2026-02-16T11:30:00+05:30,4990.775,5017.445,4984.58,5013.66,32864
2026-02-16T15:30:00+05:30,5013.67,5017.225,4989.64,4997.365,27585
2026-02-16T19:30:00+05:30,4997.37,4999.66,4969.11,4991.765,30550
2026-02-16T23:30:00+05:30,4991.865,4997.975,4988.645,4992.005,9329
2026-02-17T03:30:00+05:30,4997.26,5001.24,4922.895,4957.605,78344
2026-02-17T07:30:00+05:30,4957.485,4971.55,4859.2,4888.94,112350
2026-02-17T11:30:00+05:30,4889.0,4932.67,4886.6,4926.09,46069
2026-02-17T15:30:00+05:30,4926.03,4944.7,4869.965,4870.96,74734
2026-02-17T19:30:00+05:30,4870.92,4907.235,4842.6,4865.095,64634
2026-02-17T23:30:00+05:30,4865.1,4910.9,4862.395,4877.855,48504
2026-02-18T03:30:00+05:30,4871.135,4893.55,4854.24,4889.98,39310
2026-02-18T07:30:00+05:30,4890.02,4940.89,4886.475,4933.49,54414
2026-02-18T11:30:00+05:30,4933.655,4942.49,4913.075,4917.425,29414
2026-02-18T15:30:00+05:30,4917.465,4969.1,4906.425,4954.78,62675
2026-02-18T19:30:00+05:30,4954.79,5010.915,4952.34,4999.195,58574
2026-02-18T23:30:00+05:30,4999.185,5003.27,4972.87,4977.26,30400
2026-02-19T03:30:00+05:30,4973.795,4988.86,4960.645,4973.14,28214
2026-02-19T07:30:00+05:30,4973.08,4998.94,4965.825,4997.28,33114
2026-02-19T11:30:00+05:30,4997.275,5022.17,4993.215,4995.67,28954
2026-02-19T15:30:00+05:30,4995.62,4998.81,4971.125,4997.17,27685
2026-02-19T19:30:00+05:30,4997.12,5022.385,4963.445,4985.165,58940
2026-02-19T23:30:00+05:30,4985.2,5004.225,4975.41,4996.49,28815
2026-02-20T03:30:00+05:30,5000.805,5014.865,4985.435,4997.145,29429
2026-02-20T07:30:00+05:30,4997.135,5012.185,4981.67,5012.185,30515
2026-02-20T11:30:00+05:30,5012.09,5042.74,5004.97,5027.635,37769
2026-02-20T15:30:00+05:30,5027.67,5048.885,5007.285,5043.48,41600
2026-02-20T19:30:00+05:30,5043.5,5076.465,4990.585,5073.12,85880
2026-02-20T23:30:00+05:30,5073.06,5108.72,5053.79,5108.255,54930
2026-02-23T03:30:00+05:30,5118.71,5172.315,5117.815,5157.345,54500
2026-02-23T07:30:00+05:30,5157.375,5176.95,5151.775,5158.36,25175
2026-02-23T11:30:00+05:30,5158.35,5161.755,5122.22,5149.5,39534
2026-02-23T15:30:00+05:30,5149.59,5165.565,5143.85,5146.375,21714
2026-02-23T19:30:00+05:30,5146.325,5219.215,5141.615,5208.06,77600
2026-02-23T23:30:00+05:30,5208.09,5237.95,5201.015,5226.87,36934
2026-02-24T03:30:00+05:30,5244.98,5250.005,5145.135,5177.375,104869
2026-02-24T07:30:00+05:30,5177.38,5191.95,5161.12,5182.475,30829
2026-02-24T11:30:00+05:30,5182.47,5185.24,5155.905,5171.595,29335
2026-02-24T15:30:00+05:30,5171.55,5181.49,5111.0,5115.145,70489
2026-02-24T19:30:00+05:30,5115.14,5163.86,5093.225,5163.78,70634
2026-02-24T23:30:00+05:30,5163.715,5173.31,5139.88,5143.925,33430
2026-02-25T03:30:00+05:30,5135.495,5189.895,5128.285,5176.685,61610
2026-02-25T07:30:00+05:30,5176.66,5210.68,5166.495,5201.705,44185
2026-02-25T11:30:00+05:30,5201.72,5201.73,5176.635,5193.295,25094
2026-02-25T15:30:00+05:30,5193.3,5195.285,5155.095,5185.205,40189
2026-02-25T19:30:00+05:30,5185.175,5217.78,5158.645,5206.945,59134
2026-02-25T23:30:00+05:30,5206.96,5208.445,5144.905,5163.58,63539
2026-02-26T03:30:00+05:30,5173.57,5198.455,5155.13,5191.5,43324
2026-02-26T07:30:00+05:30,5191.495,5205.64,5174.07,5198.365,31570
2026-02-26T11:30:00+05:30,5198.395,5199.82,5167.7,5186.49,32119
2026-02-26T15:30:00+05:30,5186.485,5190.335,5157.87,5165.995,32465
2026-02-26T19:30:00+05:30,5165.985,5192.955,5130.235,5167.345,62720
2026-02-26T23:30:00+05:30,5167.49,5201.005,5160.53,5185.17,40475
2026-02-27T03:30:00+05:30,5182.035,5195.03,5166.995,5194.41,28034
2026-02-27T07:30:00+05:30,5194.47,5200.64,5173.59,5197.815,27050
2026-02-27T11:30:00+05:30,5197.83,5199.47,5172.225,5176.11,27244
2026-02-27T15:30:00+05:30,5176.145,5240.825,5168.685,5223.22,72139
2026-02-27T19:30:00+05:30,5223.17,5257.75,5213.935,5234.74,43814
2026-02-27T23:30:00+05:30,5234.75,5281.155,5222.665,5278.51,58489
2026-03-02T03:30:00+05:30,5368.53,5394.005,5303.39,5325.44,90614
2026-03-02T07:30:00+05:30,5325.34,5367.325,5317.325,5366.04,50000
2026-03-02T11:30:00+05:30,5366.045,5419.66,5363.835,5392.11,55824
2026-03-02T15:30:00+05:30,5392.115,5417.045,5374.37,5394.08,42675
2026-03-02T19:30:00+05:30,5394.1,5395.375,5260.285,5306.995,135090
2026-03-02T23:30:00+05:30,5306.99,5346.585,5289.87,5321.935,56715
2026-03-03T03:30:00+05:30,5344.96,5379.975,5329.3,5339.67,50675
2026-03-03T07:30:00+05:30,5339.69,5375.865,5305.1,5319.32,70764
2026-03-03T11:30:00+05:30,5319.36,5336.12,5225.57,5275.345,110550
2026-03-03T15:30:00+05:30,5275.28,5288.07,5073.135,5156.895,214934
2026-03-03T19:30:00+05:30,5156.885,5175.7,4996.275,5079.63,179425
2026-03-03T23:30:00+05:30,5079.545,5149.055,5079.375,5088.835,69680
2026-03-04T03:30:00+05:30,5106.335,5178.82,5105.37,5175.155,73449
2026-03-04T07:30:00+05:30,5175.075,5191.065,5141.14,5160.09,49924
2026-03-04T11:30:00+05:30,5160.095,5185.4,5117.72,5182.51,67679
2026-03-04T15:30:00+05:30,5182.53,5206.265,5156.51,5167.965,49755
2026-03-04T19:30:00+05:30,5167.99,5185.33,5120.285,5141.285,65045
2026-03-04T23:30:00+05:30,5141.23,5146.945,5108.64,5140.945,38304
2026-03-05T03:30:00+05:30,5152.485,5186.575,5144.86,5172.85,41715
2026-03-05T07:30:00+05:30,5172.8,5195.22,5148.41,5148.755,46810
2026-03-05T11:30:00+05:30,5148.755,5180.48,5120.785,5161.26,59694
2026-03-05T15:30:00+05:30,5161.255,5171.54,5081.23,5118.085,90310
2026-03-05T19:30:00+05:30,5118.09,5130.005,5054.22,5062.87,75784
2026-03-05T23:30:00+05:30,5062.75,5094.925,5050.905,5081.38,44020
2026-03-06T03:30:00+05:30,5090.81,5144.05,5066.4,5134.575,77650
2026-03-06T07:30:00+05:30,5134.44,5141.64,5114.23,5117.63,27410
2026-03-06T11:30:00+05:30,5117.595,5123.16,5083.33,5085.715,39829
2026-03-06T15:30:00+05:30,5085.77,5131.245,5063.215,5085.12,68029
2026-03-06T19:30:00+05:30,5085.17,5171.89,5080.905,5141.01,90985
2026-03-06T23:30:00+05:30,5141.015,5176.63,5138.88,5171.5,37750
2026-03-09T02:30:00+05:30,5171.95,5171.95,5028.54,5050.03,143409
2026-03-09T06:30:00+05:30,5049.625,5102.255,5015.045,5090.36,87210
2026-03-09T10:30:00+05:30,5090.35,5140.79,5081.185,5096.725,59604
2026-03-09T14:30:00+05:30,5096.71,5132.765,5079.93,5095.07,52835
2026-03-09T18:30:00+05:30,5095.075,5116.28,5060.595,5104.74,55684
2026-03-09T22:30:00+05:30,5104.76,5148.205,5089.135,5137.91,59069
2026-03-10T02:30:00+05:30,5128.805,5156.21,5117.355,5131.225,38855
2026-03-10T06:30:00+05:30,5131.155,5187.055,5124.835,5163.845,62220
2026-03-10T10:30:00+05:30,5163.84,5195.405,5158.395,5183.48,37009
2026-03-10T14:30:00+05:30,5183.58,5192.045,5156.5,5187.085,35545
2026-03-10T18:30:00+05:30,5187.01,5238.775,5185.3,5227.58,53474
2026-03-10T22:30:00+05:30,5227.585,5235.55,5160.65,5192.51,74900
2026-03-11T02:30:00+05:30,5191.79,5219.59,5183.47,5215.455,36119
2026-03-11T06:30:00+05:30,5215.45,5223.385,5194.02,5204.61,29364
2026-03-11T10:30:00+05:30,5204.4,5210.97,5175.35,5187.695,35619
2026-03-11T14:30:00+05:30,5187.67,5197.175,5166.835,5167.53,30340
2026-03-11T18:30:00+05:30,5167.48,5196.315,5149.155,5175.77,47159
2026-03-11T22:30:00+05:30,5175.84,5183.76,5154.985,5176.48,28775
2026-03-12T02:30:00+05:30,5178.045,5178.32,5125.64,5153.205,52679
2026-03-12T06:30:00+05:30,5153.2,5175.15,5140.62,5142.7,34529
2026-03-12T10:30:00+05:30,5142.76,5189.86,5137.17,5178.22,52689
2026-03-12T14:30:00+05:30,5178.205,5191.79,5163.685,5181.625,28104
2026-03-12T18:30:00+05:30,5181.575,5186.145,5109.85,5123.55,76295
2026-03-12T22:30:00+05:30,5123.495,5129.87,5055.125,5079.255,74744
2026-03-13T02:30:00+05:30,5083.865,5115.4,5077.79,5113.78,37609
2026-03-13T06:30:00+05:30,5113.95,5128.475,5102.825,5104.59,25650
2026-03-13T10:30:00+05:30,5104.82,5111.26,5061.72,5087.55,49539
2026-03-13T14:30:00+05:30,5087.485,5122.01,5079.94,5118.3,42070
2026-03-13T18:30:00+05:30,5118.335,5121.265,5019.2,5046.045,102065
2026-03-13T22:30:00+05:30,5045.955,5064.08,5009.745,5020.6,54335
2026-03-16T02:30:00+05:30,5014.955,5031.005,4967.775,5026.005,63230
2026-03-16T06:30:00+05:30,5026.02,5026.66,4982.675,5013.05,43984
2026-03-16T10:30:00+05:30,5013.045,5036.01,4985.115,4991.305,50895
2026-03-16T14:30:00+05:30,4991.135,5025.585,4970.23,5020.06,55355
2026-03-16T18:30:00+05:30,5020.055,5038.145,4974.235,4990.74,63910
2026-03-16T22:30:00+05:30,4990.78,5021.835,4984.015,5006.565,37819
2026-03-17T02:30:00+05:30,5011.11,5016.185,4998.29,5003.03,17895
2026-03-17T06:30:00+05:30,5002.91,5042.185,4994.935,5038.05,47250
2026-03-17T10:30:00+05:30,5038.045,5044.9,5005.04,5024.95,39859
2026-03-17T14:30:00+05:30,5024.905,5026.055,4992.06,5011.905,33994
2026-03-17T18:30:00+05:30,5011.9,5031.59,4973.72,5002.06,57869
2026-03-17T22:30:00+05:30,5002.05,5009.21,4996.445,5005.725,12765
2026-03-18T02:30:00+05:30,5001.96,5012.24,4993.39,5004.32,18849
2026-03-18T06:30:00+05:30,5004.3,5016.29,4981.83,4987.2,34460
2026-03-18T10:30:00+05:30,4987.17,5016.53,4977.455,4987.645,39074
2026-03-18T14:30:00+05:30,4987.645,4995.85,4870.87,4881.815,124980
2026-03-18T18:30:00+05:30,4881.78,4894.67,4834.38,4886.95,60289
2026-03-18T22:30:00+05:30,4887.0,4899.46,4806.845,4818.415,92614
2026-03-19T02:30:00+05:30,4824.645,4848.87,4804.225,4841.38,44644
2026-03-19T06:30:00+05:30,4841.385,4867.225,4832.995,4849.87,34230
2026-03-19T10:30:00+05:30,4849.86,4853.885,4686.885,4709.635,167000
2026-03-19T14:30:00+05:30,4709.64,4726.02,4531.275,4574.815,194745
2026-03-19T18:30:00+05:30,4574.745,4649.31,4502.365,4584.95,146945
2026-03-19T22:30:00+05:30,4584.94,4663.63,4573.915,4650.72,89715
2026-03-20T02:30:00+05:30,4659.99,4677.205,4634.355,4648.745,42850
2026-03-20T06:30:00+05:30,4648.74,4736.175,4639.42,4721.82,96755
2026-03-20T10:30:00+05:30,4721.845,4734.96,4661.305,4693.85,73654
2026-03-20T14:30:00+05:30,4693.855,4700.65,4637.245,4678.445,63404
2026-03-20T18:30:00+05:30,4678.42,4679.615,4540.785,4583.105,138829
2026-03-20T22:30:00+05:30,4583.155,4600.885,4477.54,4497.48,123345
2026-03-23T02:30:00+05:30,4472.24,4536.415,4319.92,4354.325,216494
2026-03-23T06:30:00+05:30,4354.13,4454.51,4330.325,4367.97,124185
2026-03-23T10:30:00+05:30,4367.92,4380.155,4099.125,4251.44,281029
2026-03-23T14:30:00+05:30,4251.45,4492.925,4223.685,4478.505,269239
2026-03-23T18:30:00+05:30,4478.51,4513.165,4350.63,4375.79,162534
2026-03-23T22:30:00+05:30,4375.745,4467.27,4370.825,4406.505,96445
2026-03-24T02:30:00+05:30,4382.825,4448.355,4331.36,4364.59,116994
2026-03-24T06:30:00+05:30,4364.635,4379.465,4305.88,4333.595,73585
2026-03-24T10:30:00+05:30,4333.6,4433.31,4320.04,4412.02,113270
2026-03-24T14:30:00+05:30,4411.975,4442.245,4362.065,4379.115,80180
2026-03-24T18:30:00+05:30,4379.06,4434.31,4351.09,4421.485,83220
2026-03-24T22:30:00+05:30,4421.49,4484.495,4372.655,4474.275,111840
2026-03-25T02:30:00+05:30,4476.635,4572.18,4455.885,4563.295,116295
2026-03-25T06:30:00+05:30,4563.265,4602.645,4552.375,4573.02,50270
2026-03-25T10:30:00+05:30,4573.15,4573.585,4533.145,4556.32,40439
2026-03-25T14:30:00+05:30,4556.295,4585.6,4521.88,4544.095,63720
2026-03-25T18:30:00+05:30,4544.09,4579.44,4525.265,4555.135,54174
2026-03-25T22:30:00+05:30,4555.155,4569.025,4486.59,4506.845,82434
2026-03-26T02:30:00+05:30,4521.855,4539.065,4489.075,4535.78,49989
2026-03-26T06:30:00+05:30,4535.72,4544.815,4500.055,4520.54,44759
2026-03-26T10:30:00+05:30,4520.58,4522.55,4412.44,4428.055,110110
2026-03-26T14:30:00+05:30,4427.995,4456.865,4414.705,4429.47,42159
2026-03-26T18:30:00+05:30,4429.315,4479.895,4366.95,4389.375,112945
2026-03-26T22:30:00+05:30,4389.305,4420.75,4351.355,4378.2,69395
2026-03-27T02:30:00+05:30,4388.67,4415.4,4375.525,4378.76,39875
2026-03-27T06:30:00+05:30,4378.745,4449.83,4377.28,4445.955,72550
2026-03-27T10:30:00+05:30,4446.08,4475.3,4424.025,4424.51,51275
2026-03-27T14:30:00+05:30,4424.465,4445.34,4404.58,4438.01,40760
2026-03-27T18:30:00+05:30,4437.97,4555.63,4413.775,4507.355,141855
2026-03-27T22:30:00+05:30,4511.27,4528.755,4486.505,4493.685,42250
2026-03-30T02:30:00+05:30,4512.54,4513.55,4417.43,4432.295,96119
2026-03-30T06:30:00+05:30,4431.87,4518.175,4431.825,4497.02,86350
2026-03-30T10:30:00+05:30,4497.03,4550.855,4497.02,4538.22,53834
2026-03-30T14:30:00+05:30,4538.23,4580.73,4523.605,4569.445,57125
2026-03-30T18:30:00+05:30,4569.49,4578.835,4512.57,4539.985,66265
2026-03-30T22:30:00+05:30,4539.92,4542.46,4493.1,4510.65,49359
2026-03-31T02:30:00+05:30,4517.71,4548.31,4482.66,4547.935,65650
2026-03-31T06:30:00+05:30,4547.94,4619.255,4532.15,4564.925,87105
2026-03-31T10:30:00+05:30,4564.535,4581.94,4543.51,4568.755,38429
2026-03-31T14:30:00+05:30,4568.8,4597.76,4529.545,4574.82,68215
2026-03-31T18:30:00+05:30,4575.0,4651.585,4567.98,4638.23,83605
2026-03-31T22:30:00+05:30,4638.14,4687.335,4636.5,4667.875,50835
2026-04-01T02:30:00+05:30,4674.535,4722.6,4662.125,4710.92,60475
2026-04-01T06:30:00+05:30,4710.93,4724.52,4667.195,4676.495,57325
2026-04-01T10:30:00+05:30,4676.61,4747.815,4674.72,4728.7,73094
2026-04-01T14:30:00+05:30,4728.77,4762.905,4713.195,4724.775,49710
2026-04-01T18:30:00+05:30,4724.82,4790.84,4716.28,4787.3,74560
2026-04-01T22:30:00+05:30,4787.305,4793.195,4742.17,4758.2,51024
2026-04-02T02:30:00+05:30,4758.465,4800.8,4751.98,4784.42,48820
2026-04-02T06:30:00+05:30,4784.41,4786.36,4649.465,4672.65,136894
2026-04-02T10:30:00+05:30,4672.635,4680.915,4553.85,4621.005,127064
2026-04-02T14:30:00+05:30,4620.995,4635.435,4592.895,4601.765,42539
2026-04-02T18:30:00+05:30,4601.71,4699.89,4580.65,4659.215,119240
2026-04-02T22:30:00+05:30,4659.22,4682.01,4645.78,4676.745,36230
2026-04-06T02:30:00+05:30,4638.25,4654.59,4600.85,4622.585,53739
2026-04-06T06:30:00+05:30,4622.63,4671.73,4620.605,4659.21,51125
2026-04-06T10:30:00+05:30,4659.205,4698.21,4643.505,4695.86,54704
2026-04-06T14:30:00+05:30,4696.09,4706.875,4659.655,4676.22,47220
2026-04-06T18:30:00+05:30,4676.21,4697.78,4652.095,4660.515,45684
2026-04-06T22:30:00+05:30,4660.55,4666.725,4645.805,4649.995,20920
2026-04-07T02:30:00+05:30,4661.755,4667.97,4649.46,4655.23,18510
2026-04-07T06:30:00+05:30,4655.22,4664.53,4616.53,4660.155,48000
2026-04-07T10:30:00+05:30,4660.24,4691.225,4623.475,4683.035,67750
2026-04-07T14:30:00+05:30,4682.905,4694.905,4629.02,4651.67,65884
2026-04-07T18:30:00+05:30,4651.675,4668.825,4607.63,4657.29,61194
2026-04-07T22:30:00+05:30,4657.28,4718.96,4654.115,4704.81,64845
2026-04-08T02:30:00+05:30,4741.845,4858.215,4713.04,4817.715,145175
2026-04-08T06:30:00+05:30,4817.73,4825.435,4788.12,4803.515,37315
2026-04-08T10:30:00+05:30,4803.53,4843.9,4790.39,4794.2,53509
2026-04-08T14:30:00+05:30,4794.12,4807.42,4768.4,4799.765,39020
2026-04-08T18:30:00+05:30,4799.705,4806.92,4732.305,4760.52,74614
2026-04-08T22:30:00+05:30,4760.605,4764.505,4699.305,4718.96,65199
2026-04-09T02:30:00+05:30,4727.55,4729.67,4698.725,4707.185,30944
2026-04-09T06:30:00+05:30,4707.18,4733.04,4699.905,4720.92,33135
2026-04-09T10:30:00+05:30,4720.985,4733.19,4703.58,4726.17,29609
2026-04-09T14:30:00+05:30,4726.145,4759.87,4723.25,4746.07,36619
2026-04-09T18:30:00+05:30,4746.06,4801.28,4738.655,4789.09,62625
2026-04-09T22:30:00+05:30,4789.085,4801.39,4760.835,4765.405,40555
2026-04-10T02:30:00+05:30,4772.62,4772.62,4750.535,4763.21,22085
2026-04-10T06:30:00+05:30,4763.22,4777.42,4738.105,4758.52,39315
2026-04-10T10:30:00+05:30,4758.51,4769.385,4730.74,4740.975,38645
2026-04-10T14:30:00+05:30,4741.005,4782.605,4740.695,4771.92,41909
2026-04-10T18:30:00+05:30,4771.93,4794.98,4747.375,4763.84,47604
2026-04-10T22:30:00+05:30,4763.865,4773.35,4741.01,4749.685,32340
2026-04-13T02:30:00+05:30,4670.425,4698.96,4644.465,4695.635,54494
2026-04-13T06:30:00+05:30,4695.63,4728.225,4693.79,4723.16,34435
2026-04-13T10:30:00+05:30,4723.17,4740.03,4716.39,4723.63,23639
2026-04-13T14:30:00+05:30,4723.635,4729.23,4703.375,4723.48,25854
2026-04-13T18:30:00+05:30,4723.43,4746.27,4700.565,4733.215,45705
2026-04-13T22:30:00+05:30,4733.225,4750.205,4723.54,4740.34,26664
2026-04-14T02:30:00+05:30,4746.92,4776.075,4745.84,4769.98,30234
2026-04-14T06:30:00+05:30,4769.94,4777.385,4761.79,4774.24,15595
2026-04-14T10:30:00+05:30,4774.24,4796.63,4757.855,4786.97,38775
2026-04-14T14:30:00+05:30,4787.08,4789.405,4751.22,4771.48,38184
2026-04-14T18:30:00+05:30,4771.475,4820.34,4771.185,4810.075,49154
2026-04-14T22:30:00+05:30,4810.12,4846.37,4809.54,4841.76,36829
2026-04-15T02:30:00+05:30,4849.155,4850.88,4827.285,4835.56,23595
2026-04-15T06:30:00+05:30,4835.52,4871.38,4816.915,4825.075,54465
2026-04-15T10:30:00+05:30,4825.125,4830.53,4804.05,4818.63,26479
2026-04-15T14:30:00+05:30,4818.56,4819.565,4786.08,4811.76,33484
2026-04-15T18:30:00+05:30,4811.69,4830.615,4787.145,4803.985,43469
2026-04-15T22:30:00+05:30,4803.975,4808.96,4787.895,4790.94,21064
2026-04-16T02:30:00+05:30,4798.465,4837.81,4790.87,4833.145,46940
2026-04-16T06:30:00+05:30,4833.205,4836.465,4811.33,4833.185,25135
2026-04-16T10:30:00+05:30,4833.21,4838.56,4806.59,4813.85,31970
2026-04-16T14:30:00+05:30,4813.815,4823.14,4805.165,4816.265,17975
2026-04-16T18:30:00+05:30,4816.285,4824.04,4772.575,4792.095,51465
2026-04-16T22:30:00+05:30,4792.105,4798.67,4781.45,4790.66,17220
2026-04-17T02:30:00+05:30,4793.945,4801.3,4785.965,4794.845,15335
2026-04-17T06:30:00+05:30,4794.88,4804.48,4767.845,4802.995,36634
2026-04-17T10:30:00+05:30,4802.99,4806.2,4778.81,4796.11,27389
2026-04-17T14:30:00+05:30,4796.115,4848.005,4782.255,4846.52,65750
2026-04-17T18:30:00+05:30,4846.53,4891.54,4834.915,4867.18,56625
2026-04-17T22:30:00+05:30,4867.15,4869.665,4830.79,4831.61,38875
2026-04-20T02:30:00+05:30,4774.815,4794.97,4736.83,4772.815,58140
2026-04-20T06:30:00+05:30,4772.8,4814.46,4771.44,4789.035,43020
2026-04-20T10:30:00+05:30,4789.06,4805.795,4779.54,4796.395,26255
2026-04-20T14:30:00+05:30,4796.355,4822.175,4783.72,4803.505,38454
2026-04-20T18:30:00+05:30,4803.495,4827.695,4792.615,4805.55,35079
2026-04-20T22:30:00+05:30,4805.645,4821.98,4803.9,4820.115,18079
2026-04-21T02:30:00+05:30,4825.135,4833.405,4817.0,4823.895,16404
2026-04-21T06:30:00+05:30,4823.9,4824.54,4788.87,4789.49,35670
2026-04-21T10:30:00+05:30,4789.415,4797.145,4772.885,4786.09,24260
2026-04-21T14:30:00+05:30,4786.11,4798.03,4766.545,4778.98,31484
2026-04-21T18:30:00+05:30,4778.97,4794.52,4708.375,4711.27,86145
2026-04-21T22:30:00+05:30,4711.29,4722.28,4668.62,4720.685,53659
2026-04-22T02:30:00+05:30,4726.085,4747.455,4715.78,4740.02,31675
2026-04-22T06:30:00+05:30,4739.96,4765.035,4735.875,4754.665,29159
2026-04-22T10:30:00+05:30,4754.715,4772.385,4751.98,4757.19,20405
2026-04-22T14:30:00+05:30,4757.085,4762.595,4742.98,4744.54,19615
2026-04-22T18:30:00+05:30,4744.555,4760.99,4723.995,4728.62,36994
2026-04-22T22:30:00+05:30,4728.615,4750.2,4728.56,4740.455,21639
2026-04-23T02:30:00+05:30,4741.96,4754.2,4694.135,4747.765,60064
2026-04-23T06:30:00+05:30,4747.755,4750.06,4698.26,4704.49,51800
2026-04-23T10:30:00+05:30,4704.55,4725.115,4692.485,4703.45,32630
2026-04-23T14:30:00+05:30,4703.385,4743.2,4684.265,4740.125,58934
2026-04-23T18:30:00+05:30,4740.115,4741.23,4715.76,4733.055,25469
2026-04-23T22:30:00+05:30,4733.095,4734.61,4664.38,4694.09,70229
2026-04-24T02:30:00+05:30,4695.935,4708.175,4686.65,4704.69,21525
2026-04-24T06:30:00+05:30,4704.68,4711.23,4658.03,4674.485,53199
2026-04-24T10:30:00+05:30,4674.55,4697.55,4667.055,4690.915,30494
2026-04-24T14:30:00+05:30,4690.925,4717.44,4674.88,4700.64,42559
2026-04-24T18:30:00+05:30,4700.71,4740.57,4689.665,4726.98,50904
2026-04-24T22:30:00+05:30,4726.99,4730.16,4705.465,4709.75,24694
2026-04-27T02:30:00+05:30,4696.875,4698.535,4672.405,4697.94,26130
2026-04-27T06:30:00+05:30,4697.9,4729.965,4691.07,4725.0,38895
2026-04-27T10:30:00+05:30,4725.01,4725.59,4705.595,4706.795,19994
2026-04-27T14:30:00+05:30,4706.79,4712.655,4697.12,4699.43,15534
2026-04-27T18:30:00+05:30,4699.405,4703.68,4667.335,4676.895,36345
2026-04-27T22:30:00+05:30,4676.915,4686.305,4668.44,4681.955,17865
2026-04-28T02:30:00+05:30,4682.585,4701.64,4682.385,4690.835,19255
2026-04-28T06:30:00+05:30,4690.82,4691.75,4666.6,4667.73,25149
2026-04-28T10:30:00+05:30,4667.84,4668.08,4614.75,4629.77,53329
2026-04-28T14:30:00+05:30,4629.73,4630.12,4555.135,4593.935,74984
2026-04-28T18:30:00+05:30,4593.905,4594.93,4557.36,4592.24,37570
2026-04-28T22:30:00+05:30,4592.255,4601.51,4587.28,4596.8,14230
2026-04-29T02:30:00+05:30,4598.745,4610.535,4588.095,4600.52,22439
2026-04-29T06:30:00+05:30,4600.53,4605.835,4575.72,4604.825,30114
2026-04-29T10:30:00+05:30,4604.81,4607.725,4557.385,4573.43,50340
2026-04-29T14:30:00+05:30,4573.415,4580.75,4541.705,4544.945,39045
2026-04-29T18:30:00+05:30,4544.91,4564.985,4510.095,4545.565,54889
2026-04-29T22:30:00+05:30,4545.6,4554.625,4518.335,4543.715,36289
2026-04-30T02:30:00+05:30,4540.13,4574.245,4539.685,4569.99,34559
2026-04-30T06:30:00+05:30,4569.92,4582.585,4540.925,4542.05,41659
2026-04-30T10:30:00+05:30,4542.06,4629.76,4541.965,4616.36,87795
2026-04-30T14:30:00+05:30,4616.35,4647.045,4614.29,4639.61,32755
2026-04-30T18:30:00+05:30,4639.66,4645.905,4605.48,4607.745,40425
2026-04-30T22:30:00+05:30,4607.71,4627.415,4607.7,4622.065,19715
2026-05-01T02:30:00+05:30,4629.515,4634.145,4618.635,4619.93,15510
2026-05-01T06:30:00+05:30,4619.915,4635.94,4609.2,4609.265,26739
2026-05-01T10:30:00+05:30,4609.255,4616.2,4565.16,4569.225,51039
2026-05-01T14:30:00+05:30,4569.2,4607.875,4560.32,4591.435,47555
2026-05-01T18:30:00+05:30,4591.43,4660.585,4586.695,4638.81,73890
2026-05-01T22:30:00+05:30,4638.815,4642.785,4607.22,4613.835,35564
2026-05-04T02:30:00+05:30,4625.35,4629.465,4601.825,4613.17,27640
2026-05-04T06:30:00+05:30,4613.125,4618.825,4591.11,4606.205,27715
2026-05-04T10:30:00+05:30,4606.19,4613.16,4573.85,4577.27,39309
2026-05-04T14:30:00+05:30,4577.245,4584.825,4526.09,4568.49,58734
2026-05-04T18:30:00+05:30,4568.525,4583.38,4501.035,4510.695,82345
2026-05-04T22:30:00+05:30,4510.74,4531.715,4509.96,4524.115,21755
2026-05-05T02:30:00+05:30,4520.775,4530.475,4513.655,4529.755,16820
2026-05-05T06:30:00+05:30,4529.63,4546.94,4525.47,4533.67,21469
2026-05-05T10:30:00+05:30,4533.625,4559.57,4531.47,4558.375,28099
2026-05-05T14:30:00+05:30,4558.36,4574.595,4539.96,4564.41,34635
2026-05-05T18:30:00+05:30,4564.42,4586.605,4553.77,4561.295,32834
2026-05-05T22:30:00+05:30,4561.28,4565.83,4551.625,4557.535,14204
2026-05-06T02:30:00+05:30,4552.07,4619.97,4546.36,4618.8,73610
2026-05-06T06:30:00+05:30,4618.645,4653.585,4609.63,4648.815,43954
2026-05-06T10:30:00+05:30,4648.82,4702.965,4644.765,4700.58,58199
2026-05-06T14:30:00+05:30,4700.63,4723.14,4660.435,4683.29,62704
2026-05-06T18:30:00+05:30,4683.325,4717.625,4669.02,4683.21,48604
2026-05-06T22:30:00+05:30,4683.205,4700.235,4679.145,4690.91,21089
2026-05-07T02:30:00+05:30,4690.165,4701.545,4685.655,4688.855,15890
2026-05-07T06:30:00+05:30,4688.86,4721.53,4685.275,4696.48,36255
2026-05-07T10:30:00+05:30,4696.43,4753.435,4694.91,4731.08,58525
2026-05-07T14:30:00+05:30,4731.11,4752.69,4721.84,4750.195,30849
2026-05-07T18:30:00+05:30,4750.235,4764.905,4704.575,4715.24,60329
2026-05-07T22:30:00+05:30,4715.235,4719.685,4686.28,4687.18,33405
2026-05-08T02:30:00+05:30,4694.565,4709.615,4682.045,4701.38,27569
2026-05-08T06:30:00+05:30,4701.3,4732.885,4700.45,4711.13,32435
2026-05-08T10:30:00+05:30,4711.22,4734.895,4697.045,4715.76,37850
2026-05-08T14:30:00+05:30,4715.755,4732.125,4702.88,4724.485,29244
2026-05-08T18:30:00+05:30,4724.395,4749.58,4702.055,4712.525,47524
2026-05-08T22:30:00+05:30,4712.505,4729.025,4712.225,4715.715,16799
2026-05-11T02:30:00+05:30,4687.43,4698.65,4670.505,4683.44,28144
2026-05-11T06:30:00+05:30,4683.415,4705.56,4668.55,4672.16,37010
2026-05-11T10:30:00+05:30,4672.1,4680.97,4648.09,4667.895,32880
2026-05-11T14:30:00+05:30,4667.84,4701.245,4650.795,4700.035,50449
2026-05-11T18:30:00+05:30,4700.055,4748.95,4698.82,4716.485,50130
2026-05-11T22:30:00+05:30,4716.415,4738.59,4715.92,4735.455,22670
2026-05-12T02:30:00+05:30,4740.565,4773.575,4737.79,4749.56,35784
2026-05-12T06:30:00+05:30,4749.51,4755.805,4710.975,4714.255,44829
2026-05-12T10:30:00+05:30,4714.215,4722.32,4686.395,4703.415,35924
2026-05-12T14:30:00+05:30,4703.36,4711.68,4685.28,4705.74,26400
2026-05-12T18:30:00+05:30,4705.73,4709.025,4638.365,4671.375,70659
2026-05-12T22:30:00+05:30,4671.38,4719.365,4671.38,4715.495,47984
2026-05-13T02:30:00+05:30,4719.905,4727.03,4711.74,4714.955,15289
2026-05-13T06:30:00+05:30,4715.015,4717.405,4687.705,4699.57,29699
2026-05-13T10:30:00+05:30,4699.52,4715.385,4693.73,4700.605,21655
2026-05-13T14:30:00+05:30,4700.615,4710.585,4676.135,4683.84,34449
2026-05-13T18:30:00+05:30,4683.715,4709.9,4669.525,4695.865,40375
2026-05-13T22:30:00+05:30,4695.885,4701.28,4677.63,4689.14,23649
2026-05-14T02:30:00+05:30,4693.605,4706.795,4689.06,4705.065,17734
2026-05-14T06:30:00+05:30,4705.015,4712.685,4668.71,4702.355,43975
2026-05-14T10:30:00+05:30,4702.54,4718.88,4686.31,4693.485,32569
2026-05-14T14:30:00+05:30,4693.55,4710.165,4688.645,4704.95,21519
2026-05-14T18:30:00+05:30,4704.945,4707.935,4666.78,4678.66,41155
2026-05-14T22:30:00+05:30,4678.675,4683.115,4644.31,4652.27,38804
2026-05-15T02:30:00+05:30,4654.08,4665.445,4613.745,4630.465,51699
2026-05-15T06:30:00+05:30,4630.475,4631.69,4604.45,4606.19,27239
2026-05-15T10:30:00+05:30,4606.3,4606.58,4550.055,4554.62,56524
2026-05-15T14:30:00+05:30,4554.605,4572.775,4531.995,4545.96,40779
2026-05-15T18:30:00+05:30,4545.965,4566.735,4510.985,4544.4,55750
2026-05-15T22:30:00+05:30,4544.23,4564.605,4533.34,4540.645,31264
2026-05-18T02:30:00+05:30,4545.805,4554.915,4480.41,4514.795,74505
2026-05-18T06:30:00+05:30,4514.795,4549.93,4489.535,4540.825,60395
2026-05-18T10:30:00+05:30,4540.775,4560.095,4530.005,4549.97,30090
2026-05-18T14:30:00+05:30,4549.96,4575.065,4529.96,4571.425,45104
2026-05-18T18:30:00+05:30,4571.43,4584.375,4531.85,4550.21,52524
2026-05-18T22:30:00+05:30,4550.04,4566.87,4534.375,4566.16,32494
2026-05-19T02:30:00+05:30,4570.36,4589.58,4561.465,4563.21,28114
2026-05-19T06:30:00+05:30,4563.26,4572.48,4538.075,4542.605,34404
2026-05-19T10:30:00+05:30,4542.71,4559.535,4531.085,4543.05,28449
2026-05-19T14:30:00+05:30,4543.035,4548.01,4525.68,4537.305,22329
2026-05-19T18:30:00+05:30,4537.385,4537.7,4464.78,4507.9,72920
2026-05-19T22:30:00+05:30,4507.725,4511.125,4481.07,4482.115,30055
2026-05-20T02:30:00+05:30,4484.735,4508.85,4477.45,4501.185,31400
2026-05-20T06:30:00+05:30,4501.175,4506.29,4453.39,4462.14,52899
2026-05-20T10:30:00+05:30,4462.07,4490.305,4461.69,4484.065,28615
2026-05-20T14:30:00+05:30,4484.035,4505.435,4472.805,4496.245,32630
2026-05-20T18:30:00+05:30,4496.24,4553.045,4467.245,4534.465,85800
2026-05-20T22:30:00+05:30,4534.475,4550.445,4529.12,4543.705,21324
2026-05-21T02:30:00+05:30,4544.62,4553.355,4534.74,4545.16,18614
2026-05-21T06:30:00+05:30,4545.19,4570.895,4527.37,4538.63,43525
2026-05-21T10:30:00+05:30,4538.72,4540.66,4512.075,4532.715,28585
2026-05-21T14:30:00+05:30,4532.685,4543.06,4502.08,4504.25,40980
2026-05-21T18:30:00+05:30,4504.245,4521.095,4488.63,4519.465,32465
2026-05-21T22:30:00+05:30,4519.465,4559.365,4514.28,4543.425,45085
2026-05-22T02:30:00+05:30,4544.905,4545.26,4525.64,4526.71,19619
2026-05-22T06:30:00+05:30,4526.695,4536.235,4518.53,4527.135,17704
2026-05-22T10:30:00+05:30,4527.09,4534.325,4507.43,4521.835,26894
2026-05-22T14:30:00+05:30,4521.83,4536.82,4510.285,4528.24,26534
2026-05-22T18:30:00+05:30,4528.225,4534.495,4491.93,4515.05,42564
2026-05-22T22:30:00+05:30,4515.1,4527.995,4504.17,4509.69,23824
2026-05-25T02:30:00+05:30,4550.54,4580.21,4548.91,4569.72,31300
2026-05-25T06:30:00+05:30,4569.715,4576.585,4556.585,4564.88,20000
2026-05-25T10:30:00+05:30,4564.895,4566.0,4550.55,4556.01,15449
2026-05-25T14:30:00+05:30,4556.07,4577.115,4553.12,4567.795,23994
2026-05-25T18:30:00+05:30,4567.74,4574.875,4560.17,4573.63,14704
2026-05-25T22:30:00+05:30,4573.485,4578.065,4563.365,4570.315,14699
2026-05-26T02:30:00+05:30,4571.33,4580.245,4539.595,4549.9,40649
2026-05-26T06:30:00+05:30,4549.905,4550.685,4523.59,4525.65,27095
2026-05-26T10:30:00+05:30,4525.635,4539.2,4520.11,4523.88,19090
2026-05-26T14:30:00+05:30,4523.89,4540.69,4500.785,4520.59,39904
2026-05-26T18:30:00+05:30,4520.565,4531.475,4499.845,4505.155,31630
2026-05-26T22:30:00+05:30,4505.155,4511.22,4482.62,4507.57,28600
2026-05-27T02:30:00+05:30,4506.725,4528.05,4498.125,4515.06,29925
2026-05-27T06:30:00+05:30,4515.055,4521.19,4496.065,4510.28,25125
2026-05-27T10:30:00+05:30,4510.31,4513.94,4475.985,4497.93,37954
2026-05-27T14:30:00+05:30,4497.92,4497.92,4425.145,4439.01,72774
2026-05-27T18:30:00+05:30,4438.975,4455.655,4401.63,4450.8,54024
2026-05-27T22:30:00+05:30,4450.82,4458.975,4441.415,4456.12,17560
2026-05-28T02:30:00+05:30,4456.89,4462.58,4443.7,4457.15,18880
2026-05-28T06:30:00+05:30,4457.56,4459.0,4366.23,4373.1,92770
2026-05-28T10:30:00+05:30,4373.13,4396.31,4367.215,4387.055,29095
2026-05-28T14:30:00+05:30,4387.01,4433.88,4375.255,4432.24,58625
2026-05-28T18:30:00+05:30,4432.245,4511.075,4418.255,4511.015,92819
2026-05-28T22:30:00+05:30,4511.035,4516.63,4494.775,4495.825,21855
2026-05-29T02:30:00+05:30,4497.085,4500.75,4488.975,4496.22,11774
2026-05-29T06:30:00+05:30,4496.37,4520.815,4492.42,4514.105,28394
2026-05-29T10:30:00+05:30,4514.1,4526.2,4502.635,4514.95,23564
2026-05-29T14:30:00+05:30,4514.965,4543.31,4512.73,4523.215,30580
2026-05-29T18:30:00+05:30,4523.18,4595.33,4517.04,4567.03,78289
2026-05-29T22:30:00+05:30,4567.05,4568.57,4540.06,4540.53,28509
2026-06-01T02:30:00+05:30,4520.795,4546.27,4520.025,4540.765,26245
2026-06-01T06:30:00+05:30,4540.83,4541.45,4508.64,4514.64,32809
2026-06-01T10:30:00+05:30,4514.66,4525.27,4490.45,4498.275,34820
2026-06-01T14:30:00+05:30,4498.27,4513.08,4489.095,4502.215,23984
2026-06-01T18:30:00+05:30,4502.265,4503.985,4447.86,4480.17,56125
2026-06-01T22:30:00+05:30,4480.23,4495.54,4471.58,4484.725,23960
2026-06-02T02:30:00+05:30,4483.385,4497.135,4476.91,4481.545,20225
2026-06-02T06:30:00+05:30,4481.45,4518.4,4463.01,4517.45,55389
2026-06-02T10:30:00+05:30,4517.44,4541.63,4515.1,4526.845,26529
2026-06-02T14:30:00+05:30,4526.855,4535.76,4513.555,4514.79,22204
2026-06-02T18:30:00+05:30,4514.84,4524.91,4486.355,4491.965,38555
2026-06-02T22:30:00+05:30,4491.95,4493.22,4478.785,4487.955,14435
2026-06-03T02:30:00+05:30,4490.115,4496.885,4462.29,4486.19,34595
2026-06-03T06:30:00+05:30,4486.01,4488.44,4463.64,4469.485,24799
2026-06-03T10:30:00+05:30,4469.455,4474.455,4440.365,4444.11,34090
2026-06-03T14:30:00+05:30,4444.065,4468.19,4439.09,4460.365,29099
2026-06-03T18:30:00+05:30,4460.34,4466.205,4426.42,4442.0,39784
2026-06-03T22:30:00+05:30,4442.035,4452.325,4430.635,4434.715,21689
2026-06-04T02:30:00+05:30,4431.91,4465.46,4423.965,4448.57,41494
2026-06-04T06:30:00+05:30,4448.38,4484.055,4443.18,4481.135,40875
2026-06-04T10:30:00+05:30,4481.2,4482.44,4458.665,4463.57,23774
2026-06-04T14:30:00+05:30,4463.595,4514.76,4461.035,4504.185,53725
2026-06-04T18:30:00+05:30,4504.17,4515.515,4457.36,4482.855,58155
2026-06-04T22:30:00+05:30,4482.835,4483.555,4472.775,4475.29,10780
2026-06-05T02:30:00+05:30,4474.185,4481.625,4450.79,4459.55,30835
2026-06-05T06:30:00+05:30,4459.565,4470.045,4435.305,4445.065,34739
2026-06-05T10:30:00+05:30,4445.085,4468.355,4428.72,4462.795,39634
2026-06-05T14:30:00+05:30,4462.715,4475.885,4404.93,4406.605,70954
2026-06-05T18:30:00+05:30,4406.65,4421.235,4323.27,4344.68,97964
2026-06-05T22:30:00+05:30,4344.85,4347.455,4311.93,4327.885,35524
2026-06-08T02:30:00+05:30,4321.55,4353.45,4310.115,4342.45,43335
2026-06-08T06:30:00+05:30,4342.55,4346.18,4300.025,4312.98,46155
2026-06-08T10:30:00+05:30,4312.975,4316.96,4268.48,4288.82,48480
2026-06-08T14:30:00+05:30,4288.84,4339.505,4273.165,4333.34,66340
2026-06-08T18:30:00+05:30,4333.345,4346.88,4314.945,4340.775,31935
2026-06-08T22:30:00+05:30,4340.81,4346.005,4323.365,4330.065,22640
2026-06-09T02:30:00+05:30,4326.5,4328.93,4312.96,4320.045,15970
2026-06-09T06:30:00+05:30,4320.025,4342.275,4318.66,4332.585,23614
2026-06-09T10:30:00+05:30,4332.625,4351.56,4321.32,4326.695,30240
2026-06-09T14:30:00+05:30,4326.69,4344.39,4324.19,4341.555,20200
2026-06-09T18:30:00+05:30,4341.57,4363.72,4236.7,4252.165,127020
2026-06-09T22:30:00+05:30,4252.19,4274.345,4249.96,4259.965,24385
2026-06-10T02:30:00+05:30,4256.145,4257.605,4199.025,4218.42,58579
2026-06-10T06:30:00+05:30,4218.435,4219.2,4172.565,4174.855,46635
2026-06-10T10:30:00+05:30,4174.895,4222.005,4161.47,4169.135,60534
2026-06-10T14:30:00+05:30,4169.11,4179.65,4130.62,4147.235,49029
2026-06-10T18:30:00+05:30,4147.29,4186.42,4107.03,4122.13,79390
2026-06-10T22:30:00+05:30,4122.085,4135.08,4067.24,4072.015,67840
2026-06-11T02:30:00+05:30,4061.7,4078.15,4023.87,4075.92,54280
2026-06-11T06:30:00+05:30,4075.725,4118.395,4052.295,4082.93,66100
2026-06-11T10:30:00+05:30,4082.935,4112.725,4072.885,4084.715,39840
2026-06-11T14:30:00+05:30,4084.71,4096.54,4057.55,4081.97,38989
2026-06-11T18:30:00+05:30,4081.98,4107.755,4052.975,4080.375,54780
2026-06-11T22:30:00+05:30,4080.38,4220.22,4072.02,4211.195,148200
2026-06-12T02:30:00+05:30,4208.535,4246.715,4200.875,4208.435,45840
2026-06-12T06:30:00+05:30,4208.405,4210.98,4171.405,4189.92,39574
2026-06-12T10:30:00+05:30,4189.885,4226.13,4170.29,4219.545,55840
2026-06-12T14:30:00+05:30,4219.55,4228.07,4188.59,4191.76,39479
2026-06-12T18:30:00+05:30,4191.795,4235.69,4177.25,4216.155,58439
2026-06-12T22:30:00+05:30,4216.19,4235.485,4201.82,4218.56,33664
2026-06-15T02:30:00+05:30,4301.665,4309.19,4280.395,4292.545,28794
2026-06-15T06:30:00+05:30,4292.635,4335.57,4285.32,4328.345,50250
2026-06-15T10:30:00+05:30,4328.33,4345.555,4301.005,4334.14,44550
2026-06-15T14:30:00+05:30,4334.145,4349.41,4324.8,4349.15,24609
2026-06-15T18:30:00+05:30,4349.135,4369.665,4334.65,4339.19,35015
2026-06-15T22:30:00+05:30,4339.26,4339.26,4306.545,4308.85,32715
2026-06-16T02:30:00+05:30,4312.985,4320.955,4306.11,4319.295,14845
2026-06-16T06:30:00+05:30,4319.305,4333.375,4307.7,4322.63,25675
2026-06-16T10:30:00+05:30,4322.65,4348.105,4313.53,4347.02,34574
2026-06-16T14:30:00+05:30,4347.03,4354.95,4335.165,4354.66,19784
2026-06-16T18:30:00+05:30,4354.57,4354.835,4313.32,4340.6,41515
2026-06-16T22:30:00+05:30,4340.57,4342.94,4325.37,4331.28,17569
2026-06-17T02:30:00+05:30,4331.69,4341.785,4328.615,4337.06,13170
2026-06-17T06:30:00+05:30,4336.995,4349.605,4317.665,4326.845,31939
2026-06-17T10:30:00+05:30,4326.87,4334.285,4317.19,4324.72,17095
2026-06-17T14:30:00+05:30,4324.67,4335.81,4319.94,4333.68,15870
2026-06-17T18:30:00+05:30,4333.675,4366.555,4324.09,4359.515,42465
2026-06-17T22:30:00+05:30,4359.505,4382.615,4219.165,4257.65,163449
2026-06-18T02:30:00+05:30,4257.675,4315.39,4257.675,4308.39,57715
2026-06-18T06:30:00+05:30,4308.355,4329.865,4306.83,4315.68,23034
2026-06-18T10:30:00+05:30,4315.685,4324.91,4265.6,4266.965,59309
2026-06-18T14:30:00+05:30,4267.03,4273.365,4240.07,4246.79,33295
2026-06-18T18:30:00+05:30,4246.775,4276.745,4214.165,4219.65,62579
2026-06-18T22:30:00+05:30,4219.675,4233.235,4201.495,4208.995,31739
2026-06-19T02:30:00+05:30,4204.63,4210.695,4184.075,4190.62,26619
2026-06-19T06:30:00+05:30,4190.625,4194.665,4125.225,4125.685,69439
2026-06-19T10:30:00+05:30,4125.63,4178.525,4121.955,4169.325,56569
2026-06-19T14:30:00+05:30,4169.31,4180.12,4142.035,4179.07,38085
2026-06-19T18:30:00+05:30,4179.06,4183.125,4142.545,4155.405,40579
2026-06-22T02:30:00+05:30,4157.1,4201.24,4136.695,4201.185,64545
2026-06-22T06:30:00+05:30,4201.27,4221.37,4170.695,4181.945,50675
2026-06-22T10:30:00+05:30,4181.82,4207.355,4179.51,4197.455,27844
2026-06-22T14:30:00+05:30,4197.425,4215.255,4192.24,4193.295,23015
2026-06-22T18:30:00+05:30,4193.29,4210.78,4169.82,4190.13,40960
2026-06-22T22:30:00+05:30,4190.235,4193.835,4177.165,4191.69,16670
2026-06-23T02:30:00+05:30,4192.855,4195.255,4178.485,4193.49,16770
2026-06-23T06:30:00+05:30,4193.345,4198.605,4114.825,4118.325,83779
2026-06-23T10:30:00+05:30,4118.36,4137.595,4091.03,4105.34,46565
2026-06-23T14:30:00+05:30,4105.32,4133.48,4103.945,4113.305,29534
2026-06-23T18:30:00+05:30,4113.295,4145.215,4105.43,4134.385,39784
2026-06-23T22:30:00+05:30,4134.355,4139.955,4107.53,4110.745,32425
2026-06-24T02:30:00+05:30,4111.71,4115.235,4080.895,4097.5,34339
2026-06-24T06:30:00+05:30,4097.55,4102.51,4050.47,4064.635,52040
2026-06-24T10:30:00+05:30,4064.475,4097.73,4060.86,4076.385,36869
2026-06-24T14:30:00+05:30,4076.39,4079.36,3987.655,3987.93,91704
2026-06-24T18:30:00+05:30,3988.115,4042.26,3964.645,4006.845,77615
2026-06-24T22:30:00+05:30,4006.865,4011.49,3959.08,3999.5,52409
2026-06-25T02:30:00+05:30,4006.955,4018.825,3978.5,3991.775,40324
2026-06-25T06:30:00+05:30,3991.71,4005.825,3962.475,3996.225,43349
2026-06-25T10:30:00+05:30,3996.205,4002.11,3971.695,3989.17,30414
2026-06-25T14:30:00+05:30,3989.24,4019.38,3973.64,4012.67,45740
2026-06-25T18:30:00+05:30,4012.68,4044.085,3999.17,4028.73,44914
2026-06-25T22:30:00+05:30,4028.78,4044.14,4021.965,4026.92,22174
2026-06-26T02:30:00+05:30,4030.09,4036.505,4011.575,4020.495,24930
2026-06-26T06:30:00+05:30,4020.505,4030.015,3982.95,4011.705,47065
2026-06-26T10:30:00+05:30,4011.71,4039.875,4005.63,4030.94,34244
2026-06-26T14:30:00+05:30,4030.945,4061.615,4029.59,4058.99,32024
2026-06-26T18:30:00+05:30,4059.035,4095.985,4043.23,4085.2,52755
2026-06-26T22:30:00+05:30,4085.225,4091.205,4064.705,4088.385,26500
2026-06-29T02:30:00+05:30,4075.86,4083.82,4048.15,4069.41,35670
2026-06-29T06:30:00+05:30,4069.415,4076.015,4049.665,4052.335,26349
2026-06-29T10:30:00+05:30,4052.23,4068.83,4039.325,4047.28,29505
2026-06-29T14:30:00+05:30,4047.26,4055.485,4024.44,4043.75,31045
2026-06-29T18:30:00+05:30,4043.785,4051.935,4000.325,4023.975,51610
2026-06-29T22:30:00+05:30,4023.98,4032.17,4005.435,4016.955,26735
2026-06-30T02:30:00+05:30,4018.65,4022.505,3979.98,3987.34,42525
2026-06-30T06:30:00+05:30,3987.325,3998.27,3942.1,3985.585,56170
2026-06-30T10:30:00+05:30,3985.575,4037.665,3975.23,4015.725,62434
2026-06-30T14:30:00+05:30,4015.695,4037.43,4008.74,4009.97,28690
2026-06-30T18:30:00+05:30,4010.025,4063.48,4009.455,4026.175,54025
2026-06-30T22:30:00+05:30,4026.145,4033.925,4006.58,4007.525,27345
2026-07-01T02:30:00+05:30,4014.34,4018.505,3993.21,3996.72,25295
2026-07-01T06:30:00+05:30,3996.77,3999.9,3970.395,3976.7,29505
2026-07-01T10:30:00+05:30,3976.685,3984.555,3960.275,3974.665,24279
2026-07-01T14:30:00+05:30,3974.645,4035.595,3972.95,4022.905,62644
2026-07-01T18:30:00+05:30,4022.93,4115.81,4012.865,4071.285,102945
2026-07-01T22:30:00+05:30,4071.18,4073.725,4028.265,4031.705,45460
2026-07-02T02:30:00+05:30,4038.71,4052.795,4030.895,4052.095,21900
2026-07-02T06:30:00+05:30,4052.14,4074.235,4041.515,4060.87,32720
2026-07-02T10:30:00+05:30,4060.885,4080.12,4053.245,4076.19,26875
2026-07-02T14:30:00+05:30,4076.195,4140.525,4057.44,4117.58,83084
2026-07-02T18:30:00+05:30,4117.55,4144.08,4100.355,4118.185,43725
2026-07-02T22:30:00+05:30,4118.02,4127.09,4105.855,4123.605,21235
2026-07-03T02:30:00+05:30,4125.815,4151.14,4121.47,4147.115,29670
2026-07-03T06:30:00+05:30,4147.175,4195.51,4146.725,4179.065,48784
2026-07-03T10:30:00+05:30,4179.055,4186.655,4160.415,4181.14,26239
2026-07-03T14:30:00+05:30,4181.09,4186.46,4168.57,4176.775,17890
2026-07-03T18:30:00+05:30,4176.905,4179.38,4155.41,4175.695,23970
2026-07-06T02:30:00+05:30,4180.345,4202.225,4170.295,4179.715,31930
2026-07-06T06:30:00+05:30,4179.525,4202.705,4157.525,4159.87,45180
2026-07-06T10:30:00+05:30,4159.85,4166.52,4144.83,4150.52,21690
2026-07-06T14:30:00+05:30,4150.53,4159.6,4131.52,4139.65,28079
2026-07-06T18:30:00+05:30,4139.66,4156.34,4128.51,4155.14,27829
2026-07-06T22:30:00+05:30,4155.15,4167.59,4150.455,4165.115,17135
2026-07-07T02:30:00+05:30,4164.735,4168.65,4145.195,4146.13,23454
2026-07-07T06:30:00+05:30,4146.095,4148.07,4124.535,4126.835,23534
2026-07-07T10:30:00+05:30,4126.885,4139.395,4116.7,4126.08,22695
2026-07-07T14:30:00+05:30,4126.065,4175.085,4119.81,4172.4,55274
2026-07-07T18:30:00+05:30,4172.505,4180.52,4135.945,4145.235,44575
2026-07-07T22:30:00+05:30,4145.19,4148.345,4092.295,4106.12,56050
2026-07-08T02:30:00+05:30,4105.04,4126.82,4095.74,4111.74,31079
2026-07-08T06:30:00+05:30,4111.58,4131.22,4096.56,4125.295,34659
2026-07-08T10:30:00+05:30,4125.29,4133.99,4052.285,4057.005,81704
2026-07-08T14:30:00+05:30,4056.93,4086.445,4040.575,4072.325,45870
2026-07-08T18:30:00+05:30,4072.33,4083.185,4021.815,4063.87,61369
2026-07-08T22:30:00+05:30,4063.875,4091.67,4059.77,4077.12,31900
2026-07-09T02:30:00+05:30,4074.405,4090.02,4070.38,4073.97,19639
2026-07-09T06:30:00+05:30,4073.985,4082.83,4054.4,4064.405,28429
2026-07-09T10:30:00+05:30,4064.4,4118.005,4063.85,4108.34,54155
2026-07-09T14:30:00+05:30,4108.34,4122.63,4093.855,4107.69,28775
2026-07-09T18:30:00+05:30,4107.665,4138.035,4106.875,4128.155,31159
2026-07-09T22:30:00+05:30,4128.115,4138.06,4118.91,4123.79,19150
2026-07-10T02:30:00+05:30,4125.25,4128.47,4114.545,4126.51,13925
2026-07-10T06:30:00+05:30,4126.565,4134.92,4108.72,4115.32,26199
2026-07-10T10:30:00+05:30,4115.315,4120.19,4094.86,4098.03,25329
2026-07-10T14:30:00+05:30,4098.02,4117.585,4094.535,4100.765,23050
2026-07-10T18:30:00+05:30,4100.865,4115.51,4072.8,4104.525,42710
2026-07-10T22:30:00+05:30,4104.52,4121.375,4097.925,4120.67,23449
2026-07-13T02:30:00+05:30,4090.98,4094.82,4061.115,4074.105,33705
2026-07-13T06:30:00+05:30,4074.36,4089.905,4050.465,4058.95,39440
2026-07-13T10:30:00+05:30,4058.935,4080.845,4044.06,4074.585,36784
2026-07-13T14:30:00+05:30,4074.555,4076.715,4046.43,4067.56,30285
2026-07-13T18:30:00+05:30,4067.61,4067.8,3986.58,3993.5,81220
2026-07-13T22:30:00+05:30,3993.655,4006.245,3986.92,4001.185,19324
2026-07-14T02:30:00+05:30,4001.64,4007.41,3983.545,4004.285,23864
2026-07-14T06:30:00+05:30,4004.32,4023.575,3992.1,4020.26,31474
2026-07-14T10:30:00+05:30,4020.275,4034.25,4014.515,4016.065,19735
2026-07-14T14:30:00+05:30,4016.075,4104.05,4013.925,4076.225,90125
2026-07-14T18:30:00+05:30,4076.335,4100.685,4057.81,4061.625,42875
2026-07-14T22:30:00+05:30,4061.605,4065.17,4042.885,4052.775,22284
2026-07-15T02:30:00+05:30,4053.215,4060.845,4046.925,4059.295,13919
2026-07-15T06:30:00+05:30,4059.285,4062.125,4028.1,4033.245,34025
2026-07-15T10:30:00+05:30,4033.32,4037.16,4017.475,4031.35,19684
2026-07-15T14:30:00+05:30,4031.385,4071.595,4025.605,4067.85,45989
2026-07-15T18:30:00+05:30,4068.045,4074.175,4026.945,4033.83,47230
2026-07-15T22:30:00+05:30,4033.82,4081.52,4033.11,4060.695,48409
2026-07-16T02:30:00+05:30,4060.64,4064.71,4043.745,4044.605,20965
2026-07-16T06:30:00+05:30,4044.595,4050.735,4024.27,4033.305,26465
2026-07-16T10:30:00+05:30,4033.305,4036.645,4023.03,4035.29,13614
2026-07-16T14:30:00+05:30,4035.295,4043.36,3990.58,3992.54,52780
2026-07-16T18:30:00+05:30,3992.55,4017.03,3973.8,3992.05,43230
2026-07-16T22:30:00+05:30,3992.085,3992.99,3969.345,3976.58,23644
2026-07-17T02:30:00+05:30,3979.265,3992.06,3973.365,3992.0,18695
2026-07-17T06:30:00+05:30,3991.975,4008.795,3970.74,3981.97,38055
2026-07-17T10:30:00+05:30,3981.965,4007.295,3975.295,3994.265,32000
2026-07-17T14:30:00+05:30,3994.255,4002.455,3964.155,3966.32,38299
2026-07-17T18:30:00+05:30,3966.34,4023.835,3959.8,4014.98,64034
2026-07-17T22:30:00+05:30,4015.09,4019.27,4002.42,4017.315,16849
2026-07-20T02:30:00+05:30,3995.57,4010.325,3982.63,4008.695,27694
2026-07-20T06:30:00+05:30,4008.73,4028.94,3995.82,4018.935,33119
2026-07-20T10:30:00+05:30,4019.04,4030.875,4002.185,4019.03,28690
2026-07-20T14:30:00+05:30,4019.005,4040.815,4006.505,4008.165,34309
2026-07-20T18:30:00+05:30,4008.18,4019.63,3998.33,4009.775,21300
2026-07-20T22:30:00+05:30,4009.77,4018.035,4003.405,4007.585,14629
2026-07-21T02:30:00+05:30,4008.105,4027.225,3999.915,4024.8,27309
2026-07-21T06:30:00+05:30,4024.81,4051.92,4018.46,4049.67,33460
2026-07-21T10:30:00+05:30,4049.68,4084.305,4046.375,4062.875,37929
2026-07-21T14:30:00+05:30,4062.92,4070.235,4051.255,4054.0,18980
2026-07-21T18:30:00+05:30,4053.9,4083.405,4044.725,4071.555,38680
2026-07-21T22:30:00+05:30,4071.55,4087.135,4066.83,4077.325,20305
2026-07-22T02:30:00+05:30,4078.675,4102.575,4076.755,4097.58,25819
2026-07-22T06:30:00+05:30,4097.67,4141.715,4096.78,4126.995,44935
2026-07-22T10:30:00+05:30,4127.01,4135.415,4109.395,4118.28,26019
2026-07-22T14:30:00+05:30,4118.305,4134.46,4106.72,4113.16,27739
2026-07-22T18:30:00+05:30,4113.155,4166.13,4112.93,4146.84,53199
2026-07-22T22:30:00+05:30,4146.83,4147.93,4128.42,4129.76,19510
2026-07-23T02:30:00+05:30,4119.635,4134.67,4116.73,4132.15,17940
2026-07-23T06:30:00+05:30,4131.855,4141.275,4112.315,4121.265,28960
2026-07-23T10:30:00+05:30,4121.26,4130.625,4087.11,4093.52,43514
2026-07-23T14:30:00+05:30,4093.54,4099.63,4061.2,4061.85,38430
2026-07-23T18:30:00+05:30,4061.815,4067.415,4040.185,4051.535,27230
2026-07-23T22:30:00+05:30,4051.535,4054.58,4040.745,4049.78,13835
2026-07-24T02:30:00+05:30,4048.875,4051.01,4041.375,4049.88,9635
2026-07-24T06:30:00+05:30,4049.89,4050.39,4023.04,4027.12,27349
2026-07-24T10:30:00+05:30,4027.13,4058.775,4022.06,4057.65,36715
2026-07-24T14:30:00+05:30,4057.645,4064.025,4051.49,4056.095,12535
2026-07-24T18:30:00+05:30,4056.07,4082.16,4044.81,4067.175,37349
2026-07-24T22:30:00+05:30,4067.18,4069.96,4049.38,4052.845,20579
2026-07-27T02:30:00+05:30,4090.16,4116.185,4083.8,4100.815,32385
2026-07-27T06:30:00+05:30,4100.83,4112.48,4085.23,4090.39,27249
2026-07-27T10:30:00+05:30,4090.395,4106.24,4084.49,4095.28,21750
2026-07-27T14:30:00+05:30,4095.215,4104.205,4081.73,4083.82,22474
2026-07-27T18:30:00+05:30,4083.875,4094.105,4065.415,4082.56,28690
2026-07-27T22:30:00+05:30,4082.565,4089.485,4070.785,4076.425,18700
2026-07-28T02:30:00+05:30,4080.685,4081.415,4057.665,4058.245,23750
2026-07-28T06:30:00+05:30,4058.23,4060.43,4040.455,4042.305,19974
2026-07-28T10:30:00+05:30,4042.3,4055.21,4034.795,4045.56,20414
2026-07-28T14:30:00+05:30,4045.46,4045.955,4017.115,4029.69,28840
2026-07-28T18:30:00+05:30,4029.74,4047.195,4011.765,4037.605,35430
2026-07-28T22:30:00+05:30,4037.69,4041.73,4021.715,4028.67,20014
2026-07-29T02:30:00+05:30,4026.565,4029.815,4013.975,4022.08,15840
2026-07-29T06:30:00+05:30,4022.075,4038.08,4010.41,4027.4,27670
2026-07-29T10:30:00+05:30,4027.425,4047.88,4026.735,4037.64,21144
2026-07-29T14:30:00+05:30,4037.73,4038.38,4009.39,4022.65,28990
2026-07-29T18:30:00+05:30,4022.82,4032.915,3996.055,4027.46,36860
2026-07-29T22:30:00+05:30,4027.455,4116.415,4027.405,4066.34,89009
2026-07-30T02:30:00+05:30,4074.84,4100.485,4064.505,4072.27,35979
2026-07-30T06:30:00+05:30,4072.285,4092.955,4044.34,4046.045,48614
2026-07-30T10:30:00+05:30,4046.05,4073.01,4028.69,4061.49,44320
2026-07-30T14:30:00+05:30,4061.485,4086.785,4060.305,4069.03,26480
2026-07-30T18:30:00+05:30,4069.04,4120.495,4065.315,4110.78,55179
2026-07-30T22:30:00+05:30,4110.75,4117.515,4098.505,4103.27,19010
2026-07-31T02:30:00+05:30,4103.36,4112.01,4090.585,4094.855,21425
2026-07-31T06:30:00+05:30,4094.835,4101.71,4072.145,4080.16,29565
2026-07-31T10:30:00+05:30,4080.17,4087.665,4054.175,4060.98,33489
2026-07-31T14:30:00+05:30,4060.895,4064.115,4040.575,4040.765,23539
2026-07-31T18:30:00+05:30,4040.75,4052.695,4020.975,4043.415,31720
2026-07-31T22:30:00+05:30,4043.41,4055.665,4041.6,4045.165,14065
2026-08-03T02:30:00+05:30,4075.055,4079.185,4055.88,4057.35,23304
2026-08-03T06:30:00+05:30,4057.355,4072.055,4047.345,4064.045,24710
2026-08-03T10:30:00+05:30,4063.99,4072.185,4052.19,4059.42,19994
2026-08-03T14:30:00+05:30,4059.43,4064.74,4042.34,4047.85,22399
2026-08-03T18:30:00+05:30,4047.865,4053.855,4019.24,4037.03,34615
2026-08-03T22:30:00+05:30,4037.06,4058.215,4029.675,4055.33,28539
2026-08-04T02:30:00+05:30,4052.12,4069.465,4048.64,4049.425,20825
2026-08-04T06:30:00+05:30,4049.345,4066.425,4042.72,4063.765,23705
2026-08-04T10:30:00+05:30,4063.785,4072.97,4054.455,4055.19,18514
2026-08-04T14:30:00+05:30,4055.16,4084.56,4045.62,4070.945,38940
2026-08-04T18:30:00+05:30,4070.925,4093.88,4061.23,4093.41,32650
2026-08-04T22:30:00+05:30,4093.36,4106.475,4074.69,4077.055,31785
2026-08-05T02:30:00+05:30,4078.39,4085.87,4065.33,4082.55,20539
2026-08-05T06:30:00+05:30,4082.57,4141.505,4077.725,4135.595,63780
2026-08-05T10:30:00+05:30,4135.575,4179.555,4134.885,4160.515,44670
2026-08-05T14:30:00+05:30,4160.64,4213.54,4150.28,4183.985,63260
2026-08-05T18:30:00+05:30,4183.965,4265.29,4183.795,4242.26,81494
2026-08-05T22:30:00+05:30,4242.33,4268.09,4237.0,4247.275,31090
2026-08-06T02:30:00+05:30,4249.5,4300.39,4245.825,4294.985,54565
2026-08-06T06:30:00+05:30,4294.99,4304.31,4253.045,4262.265,51265
2026-08-06T10:30:00+05:30,4262.1,4278.915,4247.24,4278.33,31675
2026-08-06T14:30:00+05:30,4278.405,4284.885,4249.145,4250.27,35739
2026-08-06T18:30:00+05:30,4250.235,4275.44,4223.505,4241.525,51934
2026-08-06T22:30:00+05:30,4241.51,4251.385,4233.12,4240.75,18265
2026-08-07T02:30:00+05:30,4236.61,4253.245,4229.875,4232.9,23369
2026-08-07T06:30:00+05:30,4232.925,4269.215,4231.59,4265.045,37625
2026-08-07T10:30:00+05:30,4264.995,4316.735,4262.1,4306.245,54634
2026-08-07T14:30:00+05:30,4306.25,4371.84,4301.015,4361.425,70824
2026-08-07T18:30:00+05:30,4361.415,4368.01,4327.455,4329.305,40555
2026-08-07T22:30:00+05:30,4329.3,4350.41,4327.865,4341.935,22545
2026-08-10T02:30:00+05:30,4340.28,4349.11,4330.84,4332.21,18269
2026-08-10T06:30:00+05:30,4332.27,4340.655,4313.43,4339.535,27224
2026-08-10T10:30:00+05:30,4339.475,4362.06,4331.74,4346.65,30320
2026-08-10T14:30:00+05:30,4346.715,4350.07,4324.125,4332.625,25944
2026-08-10T18:30:00+05:30,4332.66,4364.8,4316.675,4356.845,48125
2026-08-10T22:30:00+05:30,4356.855,4395.385,4351.75,4390.235,43635
2026-08-11T02:30:00+05:30,4389.775,4419.335,4389.34,4409.495,29994
2026-08-11T06:30:00+05:30,4409.49,4435.245,4393.78,4409.005,41465
2026-08-11T10:30:00+05:30,4408.995,4409.15,4356.7,4369.29,52449
2026-08-11T14:30:00+05:30,4369.245,4400.185,4367.675,4392.53,32510
2026-08-11T18:30:00+05:30,4392.52,4404.29,4369.15,4383.46,35140
2026-08-11T22:30:00+05:30,4383.5,4385.765,4360.295,4368.245,25470
2026-08-12T02:30:00+05:30,4372.355,4383.8,4362.655,4380.5,21145
2026-08-12T06:30:00+05:30,4380.585,4416.25,4378.445,4401.175,37805
2026-08-12T10:30:00+05:30,4401.125,4410.545,4384.02,4401.895,26524
2026-08-12T14:30:00+05:30,4401.95,4438.305,4382.485,4437.37,55820
2026-08-12T18:30:00+05:30,4437.37,4441.315,4396.575,4401.68,44739
2026-08-12T22:30:00+05:30,4401.685,4418.475,4396.575,4408.525,21900
2026-08-13T02:30:00+05:30,4405.785,4449.83,4398.43,4427.76,51399
2026-08-13T06:30:00+05:30,4427.71,4435.44,4391.615,4397.825,43824
2026-08-13T10:30:00+05:30,4397.85,4407.31,4364.17,4376.025,43140
2026-08-13T14:30:00+05:30,4375.995,4401.9,4372.605,4401.82,29295
2026-08-13T18:30:00+05:30,4401.745,4402.215,4351.355,4367.0,50860
2026-08-13T22:30:00+05:30,4367.055,4373.435,4343.65,4351.27,29785
2026-08-14T02:30:00+05:30,4353.405,4364.45,4329.42,4341.095,35029
2026-08-14T06:30:00+05:30,4341.085,4341.325,4311.27,4327.015,30054
2026-08-14T10:30:00+05:30,4327.055,4349.845,4311.04,4348.605,38805
2026-08-14T14:30:00+05:30,4348.555,4386.965,4346.14,4373.725,40824
2026-08-14T18:30:00+05:30,4373.785,4397.06,4370.32,4386.015,26740
2026-08-14T22:30:00+05:30,4386.105,4386.53,4371.005,4376.82,15524
2026-08-17T02:30:00+05:30,4372.68,4402.015,4367.29,4401.005,34725
2026-08-17T06:30:00+05:30,4400.995,4416.55,4388.285,4390.86,28265
2026-08-17T10:30:00+05:30,4390.78,4411.32,4386.94,4395.18,24380
2026-08-17T14:30:00+05:30,4395.19,4405.97,4377.355,4384.935,28615
2026-08-17T18:30:00+05:30,4385.015,4428.89,4381.94,4424.245,46950
2026-08-17T22:30:00+05:30,4424.255,4426.23,4398.205,4416.68,28024
2026-08-18T02:30:00+05:30,4416.205,4434.88,4409.89,4434.435,24989
2026-08-18T06:30:00+05:30,4434.455,4436.23,4389.02,4393.69,47209
2026-08-18T10:30:00+05:30,4393.66,4403.735,4386.185,4393.44,17549
2026-08-18T14:30:00+05:30,4393.385,4400.85,4387.03,4394.225,13820
2026-08-18T18:30:00+05:30,4394.23,4406.9,4351.765,4363.83,55134
2026-08-18T22:30:00+05:30,4363.805,4368.355,4329.265,4334.575,39089
2026-08-19T02:30:00+05:30,4341.965,4347.42,4327.27,4338.155,20149
2026-08-19T06:30:00+05:30,4338.015,4362.165,4324.68,4348.555,37484
2026-08-19T10:30:00+05:30,4348.53,4363.34,4335.175,4355.735,28164
2026-08-19T14:30:00+05:30,4355.66,4442.47,4353.45,4438.87,89020
2026-08-19T18:30:00+05:30,4438.875,4499.425,4424.285,4493.395,75140
2026-08-19T22:30:00+05:30,4493.52,4524.34,4472.18,4523.05,52159
2026-08-20T02:30:00+05:30,4521.405,4523.86,4503.835,4504.68,20024
2026-08-20T06:30:00+05:30,4504.705,4510.22,4484.48,4488.63,25740
2026-08-20T10:30:00+05:30,4488.64,4498.78,4478.075,4489.35,20704
2026-08-20T14:30:00+05:30,4489.39,4495.145,4450.745,4474.855,44400
2026-08-20T18:30:00+05:30,4474.875,4541.045,4469.35,4510.07,71694
2026-08-20T22:30:00+05:30,4510.1,4532.235,4507.79,4518.955,24444
2026-08-21T02:30:00+05:30,4519.545,4533.05,4509.8,4510.765,23250
2026-08-21T06:30:00+05:30,4510.755,4548.215,4508.995,4540.7,39220
2026-08-21T10:30:00+05:30,4540.75,4585.13,4529.115,4584.255,56015
2026-08-21T14:30:00+05:30,4584.285,4604.61,4563.57,4578.08,41039
2026-08-21T18:30:00+05:30,4578.025,4629.165,4573.4,4628.88,55765
2026-08-21T22:30:00+05:30,4628.92,4632.145,4602.67,4602.99,29475
