datetime,Open,High,Low,Close,Volume
2026-09-22 05:05:00+00:00,4343.25,4346.71,4341.09,4346.280000000001,0
2026-09-22 05:10:00+00:00,4346.245000000001,4347.389999999999,4345.3150000000005,4346.525,0
2026-09-22 05:15:00+00:00,4346.514999999999,4347.095,4339.155,4339.174999999999,0
2026-09-22 05:20:00+00:00,4339.15,4339.525,4329.605,4330.25,0
2026-09-22 05:25:00+00:00,4330.245,4333.719999999999,4323.135,4332.22,0
2026-09-22 05:30:00+00:00,4332.195,4333.565,4323.32,4325.74,0
2026-09-22 05:35:00+00:00,4325.675,4326.09,4316.35,4322.93,0
2026-09-22 05:40:00+00:00,4322.9349999999995,4326.85,4320.514999999999,4320.865,0
2026-09-22 05:45:00+00:00,4320.889999999999,4331.665,4320.1,4329.9,0
2026-09-22 05:50:00+00:00,4329.889999999999,4333.32,4328.055,4328.3150000000005,0
2026-09-22 05:55:00+00:00,4328.280000000001,4329.405,4322.975,4323.58,0
2026-09-22 06:00:00+00:00,4323.675,4324.455,4318.030000000001,4318.9349999999995,0
2026-09-22 06:05:00+00:00,4318.915,4320.29,4315.12,4319.14,0
2026-09-22 06:10:00+00:00,4319.1849999999995,4320.71,4315.365,4319.745,0
2026-09-22 06:15:00+00:00,4319.735,4321.0599999999995,4317.525,4317.555,0
2026-09-22 06:20:00+00:00,4317.54,4320.045,4315.85,4318.075000000001,0
2026-09-22 06:25:00+00:00,4318.0650000000005,4321.02,4317.27,4318.26,0
2026-09-22 06:30:00+00:00,4318.255,4320.885,4317.459999999999,4318.79,0
2026-09-22 06:35:00+00:00,4318.76,4319.84,4315.43,4316.860000000001,0
2026-09-22 06:40:00+00:00,4316.84,4321.01,4316.775,4320.21,0
2026-09-22 06:45:00+00:00,4320.245,4321.959999999999,4317.65,4321.005,0
2026-09-22 06:50:00+00:00,4320.995000000001,4321.68,4317.25,4317.360000000001,0
2026-09-22 06:55:00+00:00,4317.355,4319.465,4315.17,4318.674999999999,0
2026-09-22 07:00:00+00:00,4318.65,4321.545,4317.645,4318.43,0
2026-09-22 07:05:00+00:00,4318.450000000001,4320.695,4315.17,4320.389999999999,0
2026-09-22 07:10:00+00:00,4320.43,4323.25,4318.13,4320.629999999999,0
2026-09-22 07:15:00+00:00,4320.605,4324.415,4320.35,4322.66,0
2026-09-22 07:20:00+00:00,4322.639999999999,4324.0,4321.255,4321.755,0
2026-09-22 07:25:00+00:00,4321.76,4322.76,4315.26,4315.6,0
2026-09-22 07:30:00+00:00,4315.57,4315.855,4309.03,4311.795,0
2026-09-22 07:35:00+00:00,4311.82,4314.264999999999,4310.6,4313.1900000000005,0
2026-09-22 07:40:00+00:00,4313.21,4313.645,4308.975,4311.115,0
2026-09-22 07:45:00+00:00,4311.105,4315.9,4309.195,4309.305,0
2026-09-22 07:50:00+00:00,4309.34,4309.540000000001,4301.48,4302.27,0
2026-09-22 07:55:00+00:00,4302.26,4304.215,4299.695,4301.3150000000005,0
2026-09-22 08:00:00+00:00,4301.344999999999,4305.4400000000005,4299.280000000001,4305.365,0
2026-09-22 08:05:00+00:00,4305.32,4312.09,4304.395,4311.225,0
2026-09-22 08:10:00+00:00,4311.24,4311.57,4303.62,4303.695,0
2026-09-22 08:15:00+00:00,4303.665,4304.66,4300.889999999999,4304.025,0
2026-09-22 08:20:00+00:00,4304.015,4306.055,4300.855,4303.58,0
2026-09-22 08:25:00+00:00,4303.585,4307.665,4297.9400000000005,4301.219999999999,0
2026-09-22 08:30:00+00:00,4301.2,4301.469999999999,4291.5650000000005,4297.450000000001,0
2026-09-22 08:35:00+00:00,4297.4349999999995,4311.755,4297.18,4311.095,0
2026-09-22 08:40:00+00:00,4311.075,4322.015,4308.865,4320.23,0
2026-09-22 08:45:00+00:00,4320.245000000001,4325.514999999999,4315.889999999999,4325.275,0
2026-09-22 08:50:00+00:00,4325.285,4334.32,4323.985,4331.685,0
2026-09-22 08:55:00+00:00,4331.68,4335.665,4326.889999999999,4330.045,0
2026-09-22 09:00:00+00:00,4330.02,4331.12,4317.885,4318.344999999999,0
2026-09-22 09:05:00+00:00,4318.33,4323.0,4317.68,4319.610000000001,0
2026-09-22 09:10:00+00:00,4319.585,4322.5650000000005,4316.625,4318.365,0
2026-09-22 09:15:00+00:00,4318.389999999999,4323.8099999999995,4317.09,4317.26,0
2026-09-22 09:20:00+00:00,4317.254999999999,4319.950000000001,4316.3099999999995,4318.2,0
2026-09-22 09:25:00+00:00,4318.2,4318.450000000001,4314.25,4314.475,0
2026-09-22 09:30:00+00:00,4314.465,4318.02,4312.365,4314.545,0
2026-09-22 09:35:00+00:00,4314.514999999999,4316.375,4312.135,4316.110000000001,0
2026-09-22 09:40:00+00:00,4316.139999999999,4320.625,4315.5,4320.225,0
2026-09-22 09:45:00+00:00,4320.27,4323.3099999999995,4318.955,4322.594999999999,0
2026-09-22 09:50:00+00:00,4322.615,4333.995,4322.285,4332.295,0
2026-09-22 09:55:00+00:00,4332.3150000000005,4337.969999999999,4324.645,4336.225,0
2026-09-22 10:00:00+00:00,4336.24,4338.32,4332.07,4336.495,0
2026-09-22 10:05:00+00:00,4336.485000000001,4337.395,4333.0,4333.04,0
2026-09-22 10:10:00+00:00,4333.014999999999,4335.26,4329.1900000000005,4330.639999999999,0
2026-09-22 10:15:00+00:00,4330.65,4332.485000000001,4328.469999999999,4329.72,0
2026-09-22 10:20:00+00:00,4329.715,4331.43,4328.48,4329.755,0
2026-09-22 10:25:00+00:00,4329.785,4330.924999999999,4328.280000000001,4329.515,0
2026-09-22 10:30:00+00:00,4329.525,4331.51,4327.74,4328.46,0
2026-09-22 10:35:00+00:00,4328.4349999999995,4332.57,4327.9400000000005,4331.16,0
2026-09-22 10:40:00+00:00,4331.17,4334.254999999999,4329.950000000001,4330.889999999999,0
2026-09-22 10:45:00+00:00,4330.91,4331.59,4325.79,4327.225,0
2026-09-22 10:50:00+00:00,4327.195,4329.92,4326.415,4328.155000000001,0
2026-09-22 10:55:00+00:00,4328.15,4328.35,4321.915,4322.075000000001,0
2026-09-22 11:00:00+00:00,4322.0650000000005,4323.59,4317.775,4319.195,0
2026-09-22 11:05:00+00:00,4319.2,4319.95,4309.08,4310.389999999999,0
2026-09-22 11:10:00+00:00,4310.415,4316.17,4309.08,4315.185,0
2026-09-22 11:15:00+00:00,4315.175,4318.47,4312.32,4313.07,0
2026-09-22 11:20:00+00:00,4313.0599999999995,4317.5,4312.42,4316.844999999999,0
2026-09-22 11:25:00+00:00,4316.8150000000005,4318.905,4315.15,4317.860000000001,0
2026-09-22 11:30:00+00:00,4317.85,4319.705,4313.725,4314.049999999999,0
2026-09-22 11:35:00+00:00,4314.04,4318.4,4313.83,4316.725,0
2026-09-22 11:40:00+00:00,4316.735000000001,4320.43,4316.29,4317.71,0
2026-09-22 11:45:00+00:00,4317.71,4322.014999999999,4316.68,4320.62,0
2026-09-22 11:50:00+00:00,4320.615,4321.254999999999,4317.93,4318.02,0
2026-09-22 11:55:00+00:00,4318.0,4323.780000000001,4317.99,4322.8099999999995,0
2026-09-22 12:00:00+00:00,4322.84,4326.014999999999,4322.17,4325.34,0
2026-09-22 12:05:00+00:00,4325.365,4326.92,4320.35,4320.905000000001,0
2026-09-22 12:10:00+00:00,4320.91,4324.4349999999995,4320.78,4324.34,0
2026-09-22 12:15:00+00:00,4324.345,4327.45,4323.030000000001,4327.26,0
2026-09-22 12:20:00+00:00,4327.145,4341.485000000001,4325.11,4339.115,0
2026-09-22 12:25:00+00:00,4339.139999999999,4342.695,4331.57,4336.975,0
2026-09-22 12:30:00+00:00,4337.02,4344.155,4335.4,4339.77,0
2026-09-22 12:35:00+00:00,4339.780000000001,4342.49,4337.610000000001,4338.91,0
2026-09-22 12:40:00+00:00,4338.93,4341.32,4332.165,4332.165,0
2026-09-22 12:45:00+00:00,4332.115,4335.33,4330.620000000001,4332.615,0
2026-09-22 12:50:00+00:00,4332.6,4336.055,4330.805,4335.085,0
2026-09-22 12:55:00+00:00,4335.030000000001,4337.549999999999,4333.37,4333.86,0
2026-09-22 13:00:00+00:00,4333.89,4337.95,4330.575000000001,4335.895,0
2026-09-22 13:05:00+00:00,4335.875,4341.42,4331.1900000000005,4339.465,0
2026-09-22 13:10:00+00:00,4339.475,4342.21,4337.99,4340.219999999999,0
2026-09-22 13:15:00+00:00,4340.209999999999,4342.98,4337.055,4337.57,0
2026-09-22 13:20:00+00:00,4337.5599999999995,4339.67,4330.82,4332.865,0
2026-09-22 13:25:00+00:00,4332.870000000001,4334.305,4329.73,4330.735,0
2026-09-22 13:30:00+00:00,4330.73,4336.395,4329.844999999999,4334.335,0
2026-09-22 13:35:00+00:00,4334.34,4337.27,4330.79,4331.245000000001,0
2026-09-22 13:40:00+00:00,4331.23,4343.165,4327.61,4340.955,0
2026-09-22 13:45:00+00:00,4340.950000000001,4344.025,4335.27,4339.9349999999995,0
2026-09-22 13:50:00+00:00,4339.95,4341.12,4331.84,4332.26,0
2026-09-22 13:55:00+00:00,4332.25,4338.1900000000005,4329.8150000000005,4333.39,0
2026-09-22 14:00:00+00:00,4333.4,4334.915,4328.645,4328.7,0
2026-09-22 14:05:00+00:00,4328.695,4331.715,4327.415,4329.665,0
2026-09-22 14:10:00+00:00,4329.66,4338.275,4328.385,4333.615,0
2026-09-22 14:15:00+00:00,4333.6,4334.32,4325.77,4328.75,0
2026-09-22 14:20:00+00:00,4328.76,4333.145,4328.105,4332.055,0
2026-09-22 14:25:00+00:00,4331.975,4332.344999999999,4325.27,4328.29,0
2026-09-22 14:30:00+00:00,4328.28,4329.67,4324.335,4325.09,0
2026-09-22 14:35:00+00:00,4325.085,4333.43,4321.055,4324.54,0
2026-09-22 14:40:00+00:00,4324.530000000001,4324.765,4314.91,4320.155000000001,0
2026-09-22 14:45:00+00:00,4320.165,4324.32,4317.695,4322.125,0
2026-09-22 14:50:00+00:00,4322.129999999999,4325.635,4320.245,4325.26,0
2026-09-22 14:55:00+00:00,4325.295,4328.74,4324.59,4328.0599999999995,0
2026-09-22 15:00:00+00:00,4328.09,4332.215,4325.51,4330.639999999999,0
2026-09-22 15:05:00+00:00,4330.629999999999,4338.465,4329.255,4338.405000000001,0
2026-09-22 15:10:00+00:00,4338.4,4340.655,4334.94,4336.360000000001,0
2026-09-22 15:15:00+00:00,4336.355,4340.66,4336.355,4337.355,0
2026-09-22 15:20:00+00:00,4337.344999999999,4339.07,4334.77,4336.955,0
2026-09-22 15:25:00+00:00,4336.975,4337.08,4332.165,4332.305,0
2026-09-22 15:30:00+00:00,4332.35,4333.135,4327.695,4330.1,0
2026-09-22 15:35:00+00:00,4330.105,4330.895,4327.495,4329.014999999999,0
2026-09-22 15:40:00+00:00,4328.985,4330.030000000001,4327.424999999999,4327.995,0
2026-09-22 15:45:00+00:00,4327.975,4328.035,4325.475,4326.42,0
2026-09-22 15:50:00+00:00,4326.45,4329.67,4326.095,4328.879999999999,0
2026-09-22 15:55:00+00:00,4328.875,4332.17,4327.92,4331.335,0
2026-09-22 16:00:00+00:00,4331.375,4332.62,4325.764999999999,4327.395,0
2026-09-22 16:05:00+00:00,4327.45,4327.45,4324.575000000001,4324.695,0
2026-09-22 16:10:00+00:00,4324.635,4325.465,4322.78,4324.02,0
2026-09-22 16:15:00+00:00,4324.030000000001,4326.985,4323.530000000001,4326.8150000000005,0
2026-09-22 16:20:00+00:00,4326.77,4326.985000000001,4324.620000000001,4325.84,0
2026-09-22 16:25:00+00:00,4325.845,4327.665,4325.775,4326.985000000001,0
2026-09-22 16:30:00+00:00,4326.98,4329.055,4326.285,4328.99,0
2026-09-22 16:35:00+00:00,4328.950000000001,4329.24,4327.57,4328.715,0
2026-09-22 16:40:00+00:00,4328.735000000001,4332.525,4327.74,4332.264999999999,0
2026-09-22 16:45:00+00:00,4332.275,4341.280000000001,4331.209999999999,4339.995,0
2026-09-22 16:50:00+00:00,4340.014999999999,4342.095,4336.715,4337.53,0
2026-09-22 16:55:00+00:00,4337.514999999999,4339.38,4334.66,4336.42,0
2026-09-22 17:00:00+00:00,4336.345,4337.895,4334.625,4337.135,0
2026-09-22 17:05:00+00:00,4337.15,4341.03,4336.83,4337.73,0
2026-09-22 17:10:00+00:00,4337.775,4340.085,4337.305,4337.84,0
2026-09-22 17:15:00+00:00,4337.860000000001,4340.360000000001,4337.1849999999995,4337.85,0
2026-09-22 17:20:00+00:00,4337.855,4340.139999999999,4336.58,4336.615,0
2026-09-22 17:25:00+00:00,4336.61,4339.879999999999,4335.55,4339.6900000000005,0
2026-09-22 17:30:00+00:00,4339.719999999999,4340.4349999999995,4334.91,4336.63,0
2026-09-22 17:35:00+00:00,4336.7,4337.855,4336.085,4336.48,0
2026-09-22 17:40:00+00:00,4336.51,4339.055,4335.78,4338.88,0
2026-09-22 17:45:00+00:00,4338.825,4340.75,4338.43,4339.950000000001,0
2026-09-22 17:50:00+00:00,4339.959999999999,4353.125,4339.235,4349.4400000000005,0
2026-09-22 17:55:00+00:00,4349.475,4352.959999999999,4348.35,4350.955,0
2026-09-22 18:00:00+00:00,4350.965,4353.200000000001,4347.57,4352.04,0
2026-09-22 18:05:00+00:00,4352.05,4359.82,4351.93,4357.799999999999,0
2026-09-22 18:10:00+00:00,4357.79,4360.095,4355.5650000000005,4358.145,0
2026-09-22 18:15:00+00:00,4358.139999999999,4360.855,4357.7,4358.344999999999,0
2026-09-22 18:20:00+00:00,4358.35,4360.295,4354.675,4355.42,0
2026-09-22 18:25:00+00:00,4355.43,4357.665,4353.9349999999995,4356.56,0
2026-09-22 18:30:00+00:00,4356.57,4357.344999999999,4352.275,4352.719999999999,0
2026-09-22 18:35:00+00:00,4352.785,4353.795,4350.475,4352.09,0
2026-09-22 18:40:00+00:00,4352.1,4352.225,4348.895,4350.475,0
2026-09-22 18:45:00+00:00,4350.395,4354.27,4350.295,4353.23,0
2026-09-22 18:50:00+00:00,4353.215,4354.475,4352.335,4352.540000000001,0
2026-09-22 18:55:00+00:00,4352.530000000001,4353.6,4350.955,4353.370000000001,0
2026-09-22 19:00:00+00:00,4353.325000000001,4355.9349999999995,4353.200000000001,4354.635,0
2026-09-22 19:05:00+00:00,4354.655000000001,4357.969999999999,4353.715,4357.445,0
2026-09-22 19:10:00+00:00,4357.415,4359.215,4356.98,4358.45,0
2026-09-22 19:15:00+00:00,4358.43,4359.29,4356.77,4358.1849999999995,0
2026-09-22 19:20:00+00:00,4358.09,4359.305,4356.385,4359.285,0
2026-09-22 19:25:00+00:00,4359.32,4361.585,4357.5599999999995,4359.73,0
2026-09-22 19:30:00+00:00,4359.75,4370.610000000001,4359.715,4370.355,0
2026-09-22 19:35:00+00:00,4370.36,4371.38,4366.305,4369.43,0
2026-09-22 19:40:00+00:00,4369.459999999999,4371.0650000000005,4366.85,4369.165,0
2026-09-22 19:45:00+00:00,4369.15,4370.705,4368.5650000000005,4369.555,0
2026-09-22 19:50:00+00:00,4369.54,4369.635,4367.004999999999,4367.110000000001,0
2026-09-22 19:55:00+00:00,4367.08,4367.16,4363.545,4364.245000000001,0
2026-09-22 20:00:00+00:00,4364.275,4364.82,4362.455,4362.805,0
2026-09-22 20:05:00+00:00,4362.82,4363.235000000001,4360.860000000001,4362.135,0
2026-09-22 20:10:00+00:00,4362.125,4362.424999999999,4358.465,4359.615,0
2026-09-22 20:15:00+00:00,4359.6,4360.625,4359.23,4359.475,0
2026-09-22 20:20:00+00:00,4359.555,4360.7,4358.215,4360.41,0
2026-09-22 20:25:00+00:00,4360.38,4360.58,4358.925,4359.51,0
2026-09-22 20:30:00+00:00,4359.54,4359.995,4358.455,4358.865,0
2026-09-22 20:35:00+00:00,4358.87,4359.275,4357.68,4357.84,0
2026-09-22 20:40:00+00:00,4357.860000000001,4359.4,4357.860000000001,4358.855,0
2026-09-22 20:45:00+00:00,4358.84,4358.885,4357.57,4357.615,0
2026-09-22 20:50:00+00:00,4357.635,4360.075,4357.594999999999,4358.5599999999995,0
2026-09-22 20:55:00+00:00,4358.57,4359.255,4358.21,4358.665,0
2026-09-22 22:00:00+00:00,4360.765,4363.57,4360.645,4363.295,0
2026-09-22 22:05:00+00:00,4363.299999999999,4364.705,4361.73,4362.245,0
2026-09-22 22:10:00+00:00,4362.3099999999995,4364.395,4361.365,4364.385,0
2026-09-22 22:15:00+00:00,4364.355,4364.38,4362.955,4363.995,0
2026-09-22 22:20:00+00:00,4363.945,4364.045,4362.365,4363.995,0
2026-09-22 22:25:00+00:00,4363.96,4365.275,4362.915,4364.775,0
2026-09-22 22:30:00+00:00,4364.700000000001,4365.415,4363.335,4364.58,0
2026-09-22 22:35:00+00:00,4364.674999999999,4365.0650000000005,4363.535,4363.915,0
2026-09-22 22:40:00+00:00,4363.895,4364.965,4362.745,4362.905000000001,0
2026-09-22 22:45:00+00:00,4362.855,4363.110000000001,4361.975,4361.975,0
2026-09-22 22:50:00+00:00,4361.95,4363.030000000001,4360.54,4362.475,0
2026-09-22 22:55:00+00:00,4362.43,4363.049999999999,4361.475,4362.299999999999,0
2026-09-22 23:00:00+00:00,4362.295,4364.42,4362.014999999999,4363.594999999999,0
2026-09-22 23:05:00+00:00,4363.6,4363.844999999999,4362.129999999999,4363.12,0
2026-09-22 23:10:00+00:00,4363.19,4363.620000000001,4360.875,4361.605,0
2026-09-22 23:15:00+00:00,4361.629999999999,4365.67,4360.4400000000005,4365.205,0
2026-09-22 23:20:00+00:00,4365.23,4365.235,4363.1900000000005,4363.67,0
2026-09-22 23:25:00+00:00,4363.68,4363.965,4362.24,4363.91,0
2026-09-22 23:30:00+00:00,4363.86,4364.63,4363.09,4363.469999999999,0
2026-09-22 23:35:00+00:00,4363.48,4364.52,4360.764999999999,4363.535,0
2026-09-22 23:40:00+00:00,4363.530000000001,4364.85,4362.965,4364.02,0
2026-09-22 23:45:00+00:00,4364.049999999999,4364.21,4359.635,4359.775,0
2026-09-22 23:50:00+00:00,4359.845,4364.155,4358.405000000001,4363.895,0
2026-09-22 23:55:00+00:00,4363.889999999999,4365.8,4362.355,4364.04,0
2026-09-23 00:00:00+00:00,4364.014999999999,4369.59,4362.775,4367.275,0
2026-09-23 00:05:00+00:00,4367.26,4367.285,4361.985000000001,4363.375,0
2026-09-23 00:10:00+00:00,4363.3099999999995,4366.26,4362.485000000001,4365.725,0
2026-09-23 00:15:00+00:00,4365.6900000000005,4366.27,4363.1900000000005,4363.605,0
2026-09-23 00:20:00+00:00,4363.695,4364.26,4360.235000000001,4360.92,0
2026-09-23 00:25:00+00:00,4360.925,4362.145,4358.77,4358.87,0
2026-09-23 00:30:00+00:00,4358.865,4361.855,4358.26,4359.215,0
2026-09-23 00:35:00+00:00,4359.19,4359.895,4355.01,4357.245,0
2026-09-23 00:40:00+00:00,4357.27,4359.795,4355.709999999999,4359.299999999999,0
2026-09-23 00:45:00+00:00,4359.32,4360.88,4356.91,4357.195,0
2026-09-23 00:50:00+00:00,4357.135,4359.17,4356.79,4357.305,0
2026-09-23 00:55:00+00:00,4357.325,4358.76,4356.48,4357.860000000001,0
2026-09-23 01:00:00+00:00,4357.889999999999,4359.485000000001,4350.615,4351.365,0
2026-09-23 01:05:00+00:00,4351.375,4353.35,4350.255,4350.745,0
2026-09-23 01:10:00+00:00,4350.73,4350.86,4346.235000000001,4349.415,0
2026-09-23 01:15:00+00:00,4349.4,4349.655,4345.594999999999,4348.25,0
2026-09-23 01:20:00+00:00,4348.235000000001,4349.235000000001,4346.525,4347.78,0
2026-09-23 01:25:00+00:00,4347.85,4347.9,4342.705,4343.745,0
2026-09-23 01:30:00+00:00,4343.75,4344.59,4341.73,4343.4349999999995,0
2026-09-23 01:35:00+00:00,4343.485,4346.475,4343.1849999999995,4345.6900000000005,0
2026-09-23 01:40:00+00:00,4345.715,4346.280000000001,4342.1849999999995,4345.049999999999,0
2026-09-23 01:45:00+00:00,4345.014999999999,4346.83,4343.96,4345.88,0
2026-09-23 01:50:00+00:00,4345.87,4346.610000000001,4340.79,4340.91,0
2026-09-23 01:55:00+00:00,4340.879999999999,4341.89,4338.995000000001,4341.68,0
2026-09-23 02:00:00+00:00,4341.695,4341.695,4338.174999999999,4338.76,0
2026-09-23 02:05:00+00:00,4338.780000000001,4339.665,4337.68,4338.17,0
2026-09-23 02:10:00+00:00,4338.155,4339.605,4337.24,4337.24,0
2026-09-23 02:15:00+00:00,4337.26,4337.4349999999995,4334.425,4335.715,0
2026-09-23 02:20:00+00:00,4335.705,4338.42,4334.43,4337.91,0
2026-09-23 02:25:00+00:00,4337.89,4339.76,4337.685,4338.295,0
2026-09-23 02:30:00+00:00,4338.32,4338.82,4336.82,4338.305,0
2026-09-23 02:35:00+00:00,4338.385,4339.049999999999,4333.459999999999,4334.16,0
2026-09-23 02:40:00+00:00,4334.155,4337.57,4334.115,4337.3099999999995,0
2026-09-23 02:45:00+00:00,4337.365,4338.305,4334.889999999999,4335.245000000001,0
2026-09-23 02:50:00+00:00,4335.25,4336.805,4334.27,4336.0650000000005,0
2026-09-23 02:55:00+00:00,4336.01,4336.025,4333.27,4334.035,0
2026-09-23 03:00:00+00:00,4334.03,4335.42,4333.1900000000005,4334.845,0
2026-09-23 03:05:00+00:00,4334.79,4337.01,4334.15,4335.639999999999,0
2026-09-23 03:10:00+00:00,4335.5599999999995,4339.705,4335.51,4339.105,0
2026-09-23 03:15:00+00:00,4339.13,4339.285,4335.775,4336.395,0
2026-09-23 03:20:00+00:00,4336.389999999999,4340.21,4335.99,4339.46,0
2026-09-23 03:25:00+00:00,4339.45,4340.505,4338.085,4338.129999999999,0
2026-09-23 03:30:00+00:00,4338.15,4340.705,4337.389999999999,4339.205,0
2026-09-23 03:35:00+00:00,4339.18,4340.355,4338.915,4339.975,0
2026-09-23 03:40:00+00:00,4339.955,4341.9,4339.945,4341.530000000001,0
2026-09-23 03:45:00+00:00,4341.545,4342.97,4341.535,4342.1849999999995,0
2026-09-23 03:50:00+00:00,4342.155000000001,4344.535,4341.885,4344.31,0
2026-09-23 03:55:00+00:00,4344.365,4345.77,4342.72,4342.790000000001,0
2026-09-23 04:00:00+00:00,4342.77,4345.025,4342.64,4344.43,0
2026-09-23 04:05:00+00:00,4344.425,4346.014999999999,4344.18,4345.01,0
2026-09-23 04:10:00+00:00,4345.085,4347.01,4344.38,4346.105,0
2026-09-23 04:15:00+00:00,4346.07,4347.415,4344.870000000001,4346.780000000001,0
2026-09-23 04:20:00+00:00,4346.764999999999,4347.27,4344.615,4344.870000000001,0
2026-09-23 04:25:00+00:00,4344.875,4345.68,4344.775,4345.62,0
2026-09-23 04:30:00+00:00,4345.635,4346.205,4344.16,4345.27,0
2026-09-23 04:35:00+00:00,4345.3,4346.84,4344.38,4344.725,0
2026-09-23 04:40:00+00:00,4344.790000000001,4345.66,4343.639999999999,4344.635,0
2026-09-23 04:45:00+00:00,4344.625,4346.865,4344.325,4346.75,0
2026-09-23 04:50:00+00:00,4346.764999999999,4347.045,4343.43,4344.91,0
2026-09-23 04:55:00+00:00,4344.88,4345.165,4343.5,4344.225,0
2026-09-23 05:00:00+00:00,4344.21,4345.469999999999,4342.450000000001,4344.395,0
2026-09-23 05:05:00+00:00,4344.385,4345.905000000001,4343.38,4343.6849999999995,0
2026-09-23 05:10:00+00:00,4343.725,4343.73,4341.875,4342.32,0
2026-09-23 05:15:00+00:00,4342.305,4343.52,4341.775,4342.37,0
2026-09-23 05:20:00+00:00,4342.360000000001,4343.115,4341.38,4342.155,0
2026-09-23 05:25:00+00:00,4342.15,4343.625,4340.12,4341.02,0
2026-09-23 05:30:00+00:00,4341.005,4342.26,4337.305,4337.860000000001,0
2026-09-23 05:35:00+00:00,4337.855,4337.98,4334.530000000001,4334.705,0
2026-09-23 05:40:00+00:00,4334.7,4336.59,4328.8099999999995,4329.235000000001,0
2026-09-23 05:45:00+00:00,4329.2,4331.905,4329.02,4329.13,0
2026-09-23 05:50:00+00:00,4329.1,4333.335,4327.905000000001,4333.005,0
2026-09-23 05:55:00+00:00,4333.0,4335.370000000001,4332.475,4334.85,0
2026-09-23 06:00:00+00:00,4334.805,4336.93,4334.045,4335.23,0
2026-09-23 06:05:00+00:00,4335.235000000001,4335.945,4331.58,4331.764999999999,0
2026-09-23 06:10:00+00:00,4331.780000000001,4331.9,4329.235000000001,4330.93,0
2026-09-23 06:15:00+00:00,4330.92,4330.950000000001,4327.255,4329.5,0
2026-09-23 06:20:00+00:00,4329.47,4330.235,4326.045,4330.139999999999,0
2026-09-23 06:25:00+00:00,4330.155000000001,4331.335,4328.65,4328.895,0
2026-09-23 06:30:00+00:00,4328.844999999999,4332.360000000001,4328.625,4331.99,0
2026-09-23 06:35:00+00:00,4331.995,4333.780000000001,4331.5650000000005,4333.625,0
2026-09-23 06:40:00+00:00,4333.605,4334.9400000000005,4333.04,4334.280000000001,0
2026-09-23 06:45:00+00:00,4334.285,4337.11,4331.295,4335.85,0
2026-09-23 06:50:00+00:00,4335.875,4336.26,4332.82,4333.33,0
2026-09-23 06:55:00+00:00,4333.335,4333.415,4330.35,4331.5599999999995,0
2026-09-23 07:00:00+00:00,4331.540000000001,4332.95,4329.585,4331.389999999999,0
2026-09-23 07:05:00+00:00,4331.395,4331.530000000001,4327.275,4328.3099999999995,0
2026-09-23 07:10:00+00:00,4328.295,4328.71,4324.395,4324.82,0
2026-09-23 07:15:00+00:00,4324.83,4328.63,4324.8150000000005,4325.8150000000005,0
2026-09-23 07:20:00+00:00,4325.825000000001,4327.275,4325.3,4326.1,0
2026-09-23 07:25:00+00:00,4326.09,4326.195,4322.26,4323.965,0
2026-09-23 07:30:00+00:00,4323.995,4325.205,4320.125,4320.799999999999,0
2026-09-23 07:35:00+00:00,4320.785,4323.415,4319.65,4322.295,0
2026-09-23 07:40:00+00:00,4322.264999999999,4323.4400000000005,4320.755,4322.26,0
2026-09-23 07:45:00+00:00,4322.280000000001,4323.165,4320.8099999999995,4323.0650000000005,0
2026-09-23 07:50:00+00:00,4323.05,4325.120000000001,4321.469999999999,4322.1,0
2026-09-23 07:55:00+00:00,4322.1,4325.35,4318.8099999999995,4319.4400000000005,0
2026-09-23 08:00:00+00:00,4319.445,4321.42,4318.555,4320.030000000001,0
2026-09-23 08:05:00+00:00,4320.025,4321.205,4317.695,4318.46,0
2026-09-23 08:10:00+00:00,4318.43,4319.66,4317.135,4319.450000000001,0
2026-09-23 08:15:00+00:00,4319.51,4320.84,4317.135,4318.325000000001,0
2026-09-23 08:20:00+00:00,4318.275,4322.025,4318.05,4321.9400000000005,0
2026-09-23 08:25:00+00:00,4321.92,4322.965,4318.76,4318.98,0
2026-09-23 08:30:00+00:00,4318.959999999999,4320.25,4316.325000000001,4318.8150000000005,0
2026-09-23 08:35:00+00:00,4318.73,4320.030000000001,4316.295,4317.135,0
2026-09-23 08:40:00+00:00,4317.155000000001,4318.780000000001,4315.905000000001,4316.68,0
2026-09-23 08:45:00+00:00,4316.6900000000005,4318.99,4315.49,4318.655000000001,0
2026-09-23 08:50:00+00:00,4318.674999999999,4318.674999999999,4316.695,4317.4,0
2026-09-23 08:55:00+00:00,4317.41,4319.610000000001,4316.795,4318.360000000001,0
2026-09-23 09:00:00+00:00,4318.375,4320.57,4318.07,4318.145,0
2026-09-23 09:05:00+00:00,4318.22,4319.450000000001,4317.389999999999,4319.165,0
2026-09-23 09:10:00+00:00,4319.18,4320.575000000001,4318.745,4320.0599999999995,0
2026-09-23 09:15:00+00:00,4320.045,4320.07,4315.87,4317.74,0
2026-09-23 09:20:00+00:00,4317.72,4319.735,4316.245,4319.165,0
2026-09-23 09:25:00+00:00,4319.174999999999,4319.92,4315.9400000000005,4317.110000000001,0
2026-09-23 09:30:00+00:00,4317.135,4319.175,4313.215,4313.875,0
2026-09-23 09:35:00+00:00,4313.865,4315.865,4313.61,4314.48,0
2026-09-23 09:40:00+00:00,4314.5,4316.6,4313.98,4316.469999999999,0
2026-09-23 09:45:00+00:00,4316.47,4316.475,4308.639999999999,4309.25,0
2026-09-23 09:50:00+00:00,4309.24,4312.98,4308.975,4312.655000000001,0
2026-09-23 09:55:00+00:00,4312.6849999999995,4314.49,4312.385,4314.22,0
2026-09-23 10:00:00+00:00,4314.23,4319.165,4313.85,4317.995,0
2026-09-23 10:05:00+00:00,4318.0,4318.025,4316.175,4316.635,0
2026-09-23 10:10:00+00:00,4316.639999999999,4317.235000000001,4315.245,4316.799999999999,0
2026-09-23 10:15:00+00:00,4316.795,4317.01,4315.445,4316.76,0
2026-09-23 10:20:00+00:00,4316.76,4317.07,4314.860000000001,4315.75,0
2026-09-23 10:25:00+00:00,4315.755,4318.094999999999,4314.625,4317.870000000001,0
2026-09-23 10:30:00+00:00,4317.905000000001,4319.0650000000005,4315.995,4316.1900000000005,0
2026-09-23 10:35:00+00:00,4316.174999999999,4316.96,4315.055,4316.65,0
2026-09-23 10:40:00+00:00,4316.535,4316.610000000001,4314.475,4315.780000000001,0
2026-09-23 10:45:00+00:00,4315.76,4315.76,4312.29,4313.525,0
2026-09-23 10:50:00+00:00,4313.49,4316.280000000001,4313.285,4315.68,0
2026-09-23 10:55:00+00:00,4315.709999999999,4316.33,4314.235000000001,4315.79,0
2026-09-23 11:00:00+00:00,4315.775,4316.955,4312.705,4314.9,0
2026-09-23 11:05:00+00:00,4314.889999999999,4315.959999999999,4313.74,4315.27,0
2026-09-23 11:10:00+00:00,4315.275,4317.110000000001,4314.25,4315.075000000001,0
2026-09-23 11:15:00+00:00,4315.07,4315.795,4310.889999999999,4311.280000000001,0
2026-09-23 11:20:00+00:00,4311.35,4311.93,4303.98,4305.639999999999,0
2026-09-23 11:25:00+00:00,4305.629999999999,4308.969999999999,4303.85,4306.469999999999,0
2026-09-23 11:30:00+00:00,4306.469999999999,4307.2,4301.07,4302.139999999999,0
2026-09-23 11:35:00+00:00,4302.16,4303.88,4294.83,4299.75,0
2026-09-23 11:40:00+00:00,4299.76,4305.02,4298.455,4304.66,0
2026-09-23 11:45:00+00:00,4304.639999999999,4308.69,4304.504999999999,4307.625,0
2026-09-23 11:50:00+00:00,4307.615,4310.225,4306.005,4309.49,0
2026-09-23 11:55:00+00:00,4309.5,4310.045,4308.145,4309.41,0
2026-09-23 12:00:00+00:00,4309.42,4314.08,4308.98,4312.59,0
2026-09-23 12:05:00+00:00,4312.57,4315.35,4312.37,4313.6,0
2026-09-23 12:10:00+00:00,4313.610000000001,4319.105,4312.9,4318.855,0
2026-09-23 12:15:00+00:00,4318.865,4318.865,4314.37,4315.18,0
2026-09-23 12:20:00+00:00,4315.2,4315.285,4310.1849999999995,4314.514999999999,0
2026-09-23 12:25:00+00:00,4314.525,4315.0599999999995,4310.535,4311.155,0
2026-09-23 12:30:00+00:00,4311.145,4311.24,4307.9,4308.9349999999995,0
2026-09-23 12:35:00+00:00,4308.925,4309.63,4303.37,4303.725,0
2026-09-23 12:40:00+00:00,4303.735000000001,4306.945,4301.895,4303.844999999999,0
2026-09-23 12:45:00+00:00,4303.83,4307.030000000001,4302.245,4304.030000000001,0
2026-09-23 12:50:00+00:00,4304.085,4304.389999999999,4300.955,4303.67,0
2026-09-23 12:55:00+00:00,4303.700000000001,4310.93,4301.895,4309.83,0
2026-09-23 13:00:00+00:00,4309.845,4310.68,4304.459999999999,4305.79,0
2026-09-23 13:05:00+00:00,4305.799999999999,4306.110000000001,4301.17,4301.79,0
2026-09-23 13:10:00+00:00,4301.795,4303.045,4298.025,4302.545,0
2026-09-23 13:15:00+00:00,4302.530000000001,4306.145,4301.44,4302.67,0
2026-09-23 13:20:00+00:00,4302.695,4306.96,4302.45,4304.280000000001,0
2026-09-23 13:25:00+00:00,4304.29,4312.505,4304.105,4312.1849999999995,0
2026-09-23 13:30:00+00:00,4312.215,4313.53,4301.075,4301.075,0
2026-09-23 13:35:00+00:00,4301.1,4305.285,4298.705,4303.48,0
2026-09-23 13:40:00+00:00,4303.5,4304.32,4286.66,4292.295,0
2026-09-23 13:45:00+00:00,4292.33,4292.425,4281.014999999999,4284.92,0
2026-09-23 13:50:00+00:00,4284.925,4289.795,4282.385,4283.32,0
2026-09-23 13:55:00+00:00,4283.325000000001,4287.325000000001,4281.514999999999,4283.9400000000005,0
2026-09-23 14:00:00+00:00,4283.92,4291.985000000001,4283.6,4290.225,0
2026-09-23 14:05:00+00:00,4290.22,4293.54,4285.945,4291.775,0
2026-09-23 14:10:00+00:00,4291.745,4292.120000000001,4282.18,4283.76,0
2026-09-23 14:15:00+00:00,4283.74,4287.715,4278.335,4278.51,0
2026-09-23 14:20:00+00:00,4278.49,4284.375,4278.16,4284.33,0
2026-09-23 14:25:00+00:00,4284.26,4285.1,4278.03,4280.96,0
2026-09-23 14:30:00+00:00,4280.965,4290.645,4280.665,4289.3099999999995,0
2026-09-23 14:35:00+00:00,4289.29,4291.975,4282.135,4282.469999999999,0
2026-09-23 14:40:00+00:00,4282.49,4288.25,4282.49,4286.985,0
2026-09-23 14:45:00+00:00,4287.004999999999,4288.275,4284.45,4286.115,0
2026-09-23 14:50:00+00:00,4286.09,4298.825,4284.32,4297.4400000000005,0
2026-09-23 14:55:00+00:00,4297.465,4297.530000000001,4290.945,4294.305,0
2026-09-23 15:00:00+00:00,4294.315,4295.495,4289.71,4290.525,0
2026-09-23 15:05:00+00:00,4290.530000000001,4295.174999999999,4289.705,4294.21,0
2026-09-23 15:10:00+00:00,4294.219999999999,4297.545,4293.71,4294.165,0
2026-09-23 15:15:00+00:00,4294.155000000001,4295.245,4290.075,4292.825,0
2026-09-23 15:20:00+00:00,4292.805,4293.610000000001,4290.385,4291.865,0
2026-09-23 15:25:00+00:00,4291.83,4294.115,4282.9400000000005,4283.4349999999995,0
2026-09-23 15:30:00+00:00,4283.46,4284.445,4280.51,4284.005,0
2026-09-23 15:35:00+00:00,4284.02,4286.02,4279.040000000001,4280.045,0
2026-09-23 15:40:00+00:00,4280.07,4284.71,4279.26,4284.23,0
2026-09-23 15:45:00+00:00,4284.235,4285.43,4277.49,4278.285,0
2026-09-23 15:50:00+00:00,4278.25,4281.5650000000005,4277.68,4281.120000000001,0
2026-09-23 15:55:00+00:00,4281.135,4282.825,4280.66,4282.33,0
2026-09-23 16:00:00+00:00,4282.35,4283.475,4278.68,4279.135,0
2026-09-23 16:05:00+00:00,4279.115,4284.54,4278.36,4283.0,0
2026-09-23 16:10:00+00:00,4283.005,4284.26,4282.03,4283.355,0
2026-09-23 16:15:00+00:00,4283.35,4285.030000000001,4282.6,4284.3150000000005,0
2026-09-23 16:20:00+00:00,4284.295,4284.77,4282.33,4282.4400000000005,0
2026-09-23 16:25:00+00:00,4282.459999999999,4285.915,4282.165,4285.905000000001,0
2026-09-23 16:30:00+00:00,4285.959999999999,4288.29,4285.219999999999,4287.215,0
2026-09-23 16:35:00+00:00,4287.219999999999,4289.860000000001,4286.219999999999,4287.9,0
2026-09-23 16:40:00+00:00,4287.88,4288.27,4286.34,4286.5650000000005,0
2026-09-23 16:45:00+00:00,4286.55,4287.205,4281.365,4283.1849999999995,0
2026-09-23 16:50:00+00:00,4283.18,4284.424999999999,4279.105,4282.93,0
2026-09-23 16:55:00+00:00,4282.905,4286.125,4282.475,4285.0650000000005,0
2026-09-23 17:00:00+00:00,4285.0599999999995,4285.87,4275.91,4278.34,0
2026-09-23 17:05:00+00:00,4278.325,4283.92,4278.155,4283.76,0
2026-09-23 17:10:00+00:00,4283.75,4285.47,4277.83,4279.030000000001,0
2026-09-23 17:15:00+00:00,4279.07,4280.985,4276.799999999999,4279.879999999999,0
2026-09-23 17:20:00+00:00,4279.895,4284.209999999999,4279.405000000001,4282.615,0
2026-09-23 17:25:00+00:00,4282.58,4283.879999999999,4281.005,4282.295,0
2026-09-23 17:30:00+00:00,4282.26,4282.54,4277.379999999999,4280.82,0
2026-09-23 17:35:00+00:00,4280.8150000000005,4280.924999999999,4275.549999999999,4276.52,0
2026-09-23 17:40:00+00:00,4276.535,4289.790000000001,4274.780000000001,4288.33,0
2026-09-23 17:45:00+00:00,4288.365,4291.15,4287.280000000001,4290.835,0
2026-09-23 17:50:00+00:00,4290.85,4291.9,4289.17,4291.49,0
2026-09-23 17:55:00+00:00,4291.515,4293.43,4288.92,4293.01,0
2026-09-23 18:00:00+00:00,4292.99,4295.030000000001,4290.32,4290.615,0
2026-09-23 18:05:00+00:00,4290.629999999999,4290.99,4289.485000000001,4290.365,0
2026-09-23 18:10:00+00:00,4290.375,4290.68,4288.09,4289.299999999999,0
2026-09-23 18:15:00+00:00,4289.27,4291.39,4288.305,4290.129999999999,0
2026-09-23 18:20:00+00:00,4290.11,4290.860000000001,4287.75,4288.01,0
2026-09-23 18:25:00+00:00,4287.99,4288.515,4283.870000000001,4286.3,0
2026-09-23 18:30:00+00:00,4286.37,4287.475,4284.700000000001,4286.795,0
2026-09-23 18:35:00+00:00,4286.84,4287.965,4284.74,4285.07,0
2026-09-23 18:40:00+00:00,4285.08,4286.855,4284.285,4284.405000000001,0
2026-09-23 18:45:00+00:00,4284.4349999999995,4287.135,4283.09,4287.055,0
2026-09-23 18:50:00+00:00,4287.0599999999995,4288.11,4286.700000000001,4288.085,0
2026-09-23 18:55:00+00:00,4288.1900000000005,4290.73,4287.18,4290.625,0
2026-09-23 19:00:00+00:00,4290.635,4290.799999999999,4287.6,4288.65,0
2026-09-23 19:05:00+00:00,4288.67,4293.55,4288.3,4289.59,0
2026-09-23 19:10:00+00:00,4289.615,4290.365,4284.45,4284.555,0
2026-09-23 19:15:00+00:00,4284.575000000001,4285.785,4283.1900000000005,4284.2,0
2026-09-23 19:20:00+00:00,4284.26,4286.15,4283.335,4286.15,0
2026-09-23 19:25:00+00:00,4286.13,4287.2,4284.375,4286.82,0
2026-09-23 19:30:00+00:00,4286.845,4287.505,4283.825000000001,4285.77,0
2026-09-23 19:35:00+00:00,4285.735,4285.975,4281.280000000001,4282.205,0
2026-09-23 19:40:00+00:00,4282.18,4285.0,4281.75,4282.5599999999995,0
2026-09-23 19:45:00+00:00,4282.54,4286.975,4282.375,4286.844999999999,0
2026-09-23 19:50:00+00:00,4286.9,4287.375,4283.245,4283.245,0
2026-09-23 19:55:00+00:00,4283.285,4285.215,4282.215,4284.674999999999,0
2026-09-23 20:00:00+00:00,4284.695,4286.04,4283.59,4285.3099999999995,0
2026-09-23 20:05:00+00:00,4285.295,4288.075,4285.219999999999,4287.370000000001,0
2026-09-23 20:10:00+00:00,4287.365,4287.5,4285.09,4285.1900000000005,0
2026-09-23 20:15:00+00:00,4285.19,4286.139999999999,4283.625,4283.674999999999,0
2026-09-23 20:20:00+00:00,4283.705,4284.780000000001,4282.655000000001,4284.415,0
2026-09-23 20:25:00+00:00,4284.42,4285.505,4284.025,4285.475,0
2026-09-23 20:30:00+00:00,4285.48,4286.145,4282.9400000000005,4283.13,0
2026-09-23 20:35:00+00:00,4283.165,4285.085,4283.135,4284.605,0
2026-09-23 20:40:00+00:00,4284.62,4286.06,4284.57,4285.73,0
2026-09-23 20:45:00+00:00,4285.75,4286.46,4285.094999999999,4286.0599999999995,0
2026-09-23 20:50:00+00:00,4286.075000000001,4289.6849999999995,4285.955,4289.51,0
2026-09-23 20:55:00+00:00,4289.525,4290.530000000001,4286.535,4287.370000000001,0
2026-09-23 22:00:00+00:00,4290.555,4293.370000000001,4290.344999999999,4292.995,0
2026-09-23 22:05:00+00:00,4293.004999999999,4294.469999999999,4292.264999999999,4292.78,0
2026-09-23 22:10:00+00:00,4292.799999999999,4292.82,4286.83,4288.299999999999,0
2026-09-23 22:15:00+00:00,4288.455,4288.855,4287.16,4287.895,0
2026-09-23 22:20:00+00:00,4287.83,4292.49,4287.43,4291.43,0
2026-09-23 22:25:00+00:00,4291.45,4291.735000000001,4287.91,4288.44,0
2026-09-23 22:30:00+00:00,4288.4349999999995,4289.36,4287.525,4288.835,0
2026-09-23 22:35:00+00:00,4288.84,4291.45,4288.094999999999,4289.780000000001,0
2026-09-23 22:40:00+00:00,4289.719999999999,4290.755,4288.48,4289.375,0
2026-09-23 22:45:00+00:00,4289.264999999999,4291.395,4288.110000000001,4290.0599999999995,0
2026-09-23 22:50:00+00:00,4290.105,4290.125,4287.795,4288.375,0
2026-09-23 22:55:00+00:00,4288.365,4291.3099999999995,4287.6900000000005,4289.51,0
2026-09-23 23:00:00+00:00,4289.48,4290.6900000000005,4288.885,4290.465,0
2026-09-23 23:05:00+00:00,4290.455,4291.38,4290.195,4290.785,0
2026-09-23 23:10:00+00:00,4290.780000000001,4291.55,4290.5650000000005,4291.37,0
2026-09-23 23:15:00+00:00,4291.360000000001,4293.379999999999,4289.045,4290.094999999999,0
2026-09-23 23:20:00+00:00,4290.1,4291.049999999999,4288.92,4290.15,0
2026-09-23 23:25:00+00:00,4290.145,4290.15,4288.040000000001,4288.139999999999,0
2026-09-23 23:30:00+00:00,4288.21,4289.01,4285.65,4285.88,0
2026-09-23 23:35:00+00:00,4285.9400000000005,4287.5599999999995,4285.57,4286.465,0
2026-09-23 23:40:00+00:00,4286.46,4287.34,4285.18,4285.455,0
2026-09-23 23:45:00+00:00,4285.475,4290.0,4285.4400000000005,4289.875,0
2026-09-23 23:50:00+00:00,4289.895,4291.7,4289.005,4290.805,0
2026-09-23 23:55:00+00:00,4290.915000000001,4291.635,4288.610000000001,4288.719999999999,0
2026-09-24 00:00:00+00:00,4288.745,4291.785,4287.905000000001,4290.055,0
2026-09-24 00:05:00+00:00,4290.045,4291.59,4288.695,4291.58,0
2026-09-24 00:10:00+00:00,4291.565,4291.935,4287.41,4289.12,0
2026-09-24 00:15:00+00:00,4289.13,4291.68,4287.16,4288.96,0
2026-09-24 00:20:00+00:00,4288.945,4289.455,4284.155000000001,4287.855,0
2026-09-24 00:25:00+00:00,4287.885,4292.615,4286.135,4292.280000000001,0
2026-09-24 00:30:00+00:00,4292.219999999999,4294.45,4290.3,4291.875,0
2026-09-24 00:35:00+00:00,4291.855,4293.32,4291.505,4291.57,0
2026-09-24 00:40:00+00:00,4291.555,4294.89,4291.389999999999,4294.605,0
2026-09-24 00:45:00+00:00,4294.58,4295.16,4291.33,4292.59,0
2026-09-24 00:50:00+00:00,4292.615,4295.700000000001,4291.96,4295.335,0
2026-09-24 00:55:00+00:00,4295.355,4299.42,4294.835,4298.5650000000005,0
2026-09-24 01:00:00+00:00,4298.57,4299.245,4290.280000000001,4292.51,0
2026-09-24 01:05:00+00:00,4292.469999999999,4297.425,4289.8150000000005,4296.264999999999,0
2026-09-24 01:10:00+00:00,4296.29,4303.165,4295.9400000000005,4303.135,0
2026-09-24 01:15:00+00:00,4303.145,4303.485,4297.615,4300.26,0
2026-09-24 01:20:00+00:00,4300.254999999999,4300.6849999999995,4295.450000000001,4297.645,0
2026-09-24 01:25:00+00:00,4297.635,4300.075000000001,4295.225,4299.395,0
2026-09-24 01:30:00+00:00,4299.405000000001,4301.005,4297.025,4297.8150000000005,0
2026-09-24 01:35:00+00:00,4297.8099999999995,4299.52,4292.905,4293.665,0
2026-09-24 01:40:00+00:00,4293.71,4294.215,4289.545,4290.01,0
2026-09-24 01:45:00+00:00,4290.035,4290.705,4283.43,4284.254999999999,0
2026-09-24 01:50:00+00:00,4284.25,4288.5599999999995,4281.33,4282.58,0
2026-09-24 01:55:00+00:00,4282.57,4284.675,4277.965,4279.514999999999,0
2026-09-24 02:00:00+00:00,4279.49,4279.8,4274.18,4275.375,0
2026-09-24 02:05:00+00:00,4275.389999999999,4276.625,4273.635,4276.49,0
2026-09-24 02:10:00+00:00,4276.52,4282.6,4275.785,4282.594999999999,0
2026-09-24 02:15:00+00:00,4282.6,4286.785,4282.52,4284.9349999999995,0
2026-09-24 02:20:00+00:00,4284.915,4285.85,4282.85,4285.665,0
2026-09-24 02:25:00+00:00,4285.639999999999,4287.75,4284.6,4286.05,0
2026-09-24 02:30:00+00:00,4286.045,4294.115,4284.42,4292.885,0
2026-09-24 02:35:00+00:00,4292.86,4295.91,4290.865,4295.08,0
2026-09-24 02:40:00+00:00,4295.0650000000005,4297.1900000000005,4293.514999999999,4295.625,0
2026-09-24 02:45:00+00:00,4295.605,4295.84,4291.01,4292.469999999999,0
2026-09-24 02:50:00+00:00,4292.46,4292.855,4287.215,4289.84,0
2026-09-24 02:55:00+00:00,4289.835,4292.945,4289.799999999999,4290.885,0
2026-09-24 03:00:00+00:00,4290.865,4293.835,4289.8099999999995,4290.29,0
2026-09-24 03:05:00+00:00,4290.145,4290.3150000000005,4285.13,4286.91,0
2026-09-24 03:10:00+00:00,4286.895,4288.425,4285.174999999999,4287.129999999999,0
2026-09-24 03:15:00+00:00,4287.18,4290.735000000001,4287.05,4288.095,0
2026-09-24 03:20:00+00:00,4288.11,4289.13,4286.665,4287.360000000001,0
2026-09-24 03:25:00+00:00,4287.385,4288.615,4285.255,4285.77,0
2026-09-24 03:30:00+00:00,4285.82,4287.055,4284.52,4284.62,0
2026-09-24 03:35:00+00:00,4284.625,4285.98,4282.775,4285.475,0
2026-09-24 03:40:00+00:00,4285.47,4285.82,4281.72,4281.88,0
2026-09-24 03:45:00+00:00,4281.875,4284.71,4280.6849999999995,4283.42,0
2026-09-24 03:50:00+00:00,4283.43,4284.34,4281.219999999999,4283.24,0
2026-09-24 03:55:00+00:00,4283.29,4285.405000000001,4282.605,4285.215,0
2026-09-24 04:00:00+00:00,4285.1849999999995,4287.07,4281.9349999999995,4284.530000000001,0
2026-09-24 04:05:00+00:00,4284.5,4284.825,4283.27,4284.1,0
2026-09-24 04:10:00+00:00,4284.110000000001,4286.195,4283.42,4284.99,0
2026-09-24 04:15:00+00:00,4284.995,4288.365,4284.73,4286.73,0
2026-09-24 04:20:00+00:00,4286.74,4287.555,4284.719999999999,4285.085,0
2026-09-24 04:25:00+00:00,4285.07,4286.780000000001,4284.29,4286.395,0
2026-09-24 04:30:00+00:00,4286.38,4288.97,4286.075000000001,4288.795,0
2026-09-24 04:35:00+00:00,4288.780000000001,4289.18,4287.030000000001,4287.3099999999995,0
2026-09-24 04:40:00+00:00,4287.335,4287.645,4285.955,4286.515,0
2026-09-24 04:45:00+00:00,4286.52,4289.049999999999,4286.049999999999,4288.6849999999995,0
2026-09-24 04:50:00+00:00,4288.74,4290.24,4287.955,4290.0,0
2026-09-24 04:55:00+00:00,4290.004999999999,4290.52,4289.355,4289.7,0
2026-09-24 05:00:00+00:00,4289.71,4296.17,4289.71,4295.1900000000005,0
2026-09-24 05:05:00+00:00,4295.17,4296.34,4292.5650000000005,4293.585,0
2026-09-24 05:10:00+00:00,4293.5650000000005,4293.6900000000005,4289.969999999999,4290.235000000001,0
2026-09-24 05:15:00+00:00,4290.25,4290.26,4286.145,4289.725,0
2026-09-24 05:20:00+00:00,4289.74,4291.3150000000005,4288.12,4289.535,0
2026-09-24 05:25:00+00:00,4289.485,4291.27,4288.775,4290.965,0
2026-09-24 05:30:00+00:00,4290.96,4291.42,4285.105,4285.16,0
2026-09-24 05:35:00+00:00,4285.155000000001,4287.485000000001,4283.610000000001,4284.23,0
2026-09-24 05:40:00+00:00,4284.25,4286.76,4280.545,4281.219999999999,0
2026-09-24 05:45:00+00:00,4281.21,4285.66,4280.005,4282.85,0
2026-09-24 05:50:00+00:00,4282.895,4284.485,4280.515,4280.6,0
2026-09-24 05:55:00+00:00,4280.585,4281.585,4277.35,4279.139999999999,0
2026-09-24 06:00:00+00:00,4279.129999999999,4283.695,4278.924999999999,4279.9400000000005,0
2026-09-24 06:05:00+00:00,4279.9,4286.45,4279.585,4286.035,0
2026-09-24 06:10:00+00:00,4286.05,4286.875,4281.165,4282.1849999999995,0
2026-09-24 06:15:00+00:00,4282.295,4284.66,4280.495,4283.4,0
2026-09-24 06:20:00+00:00,4283.405000000001,4286.795,4282.665,4284.254999999999,0
2026-09-24 06:25:00+00:00,4284.23,4285.395,4281.595,4282.335,0
2026-09-24 06:30:00+00:00,4282.245,4283.73,4280.205,4281.245,0
2026-09-24 06:35:00+00:00,4281.275,4281.725,4275.47,4279.844999999999,0
2026-09-24 06:40:00+00:00,4279.85,4280.3,4276.74,4277.54,0
2026-09-24 06:45:00+00:00,4277.6,4278.195,4274.265,4276.105,0
2026-09-24 06:50:00+00:00,4276.0599999999995,4278.055,4275.125,4276.845,0
2026-09-24 06:55:00+00:00,4276.84,4278.105,4276.025,4276.299999999999,0
2026-09-24 07:00:00+00:00,4276.3099999999995,4280.52,4274.375,4279.96,0
2026-09-24 07:05:00+00:00,4279.975,4285.135,4279.469999999999,4283.585,0
2026-09-24 07:10:00+00:00,4283.5650000000005,4285.07,4281.415,4284.0,0
2026-09-24 07:15:00+00:00,4284.015,4288.1,4283.365,4286.855,0
2026-09-24 07:20:00+00:00,4286.82,4286.865,4281.235000000001,4282.030000000001,0
2026-09-24 07:25:00+00:00,4282.045,4285.23,4282.045,4285.05,0
2026-09-24 07:30:00+00:00,4285.055,4288.004999999999,4282.26,4282.865,0
2026-09-24 07:35:00+00:00,4282.88,4286.58,4282.805,4284.665,0
2026-09-24 07:40:00+00:00,4284.65,4284.719999999999,4280.12,4283.32,0
2026-09-24 07:45:00+00:00,4283.26,4285.82,4279.405000000001,4279.95,0
2026-09-24 07:50:00+00:00,4279.9400000000005,4283.945,4278.725,4283.57,0
2026-09-24 07:55:00+00:00,4283.575,4283.625,4276.115,4278.66,0
2026-09-24 08:00:00+00:00,4278.615,4285.030000000001,4277.795,4284.4349999999995,0
2026-09-24 08:05:00+00:00,4284.43,4285.615,4281.57,4282.79,0
2026-09-24 08:10:00+00:00,4282.8,4283.4349999999995,4276.525,4277.715,0
2026-09-24 08:15:00+00:00,4277.675,4279.48,4268.030000000001,4271.28,0
2026-09-24 08:20:00+00:00,4271.26,4273.91,4264.19,4265.895,0
2026-09-24 08:25:00+00:00,4265.89,4267.2,4262.74,4264.69,0
2026-09-24 08:30:00+00:00,4264.66,4273.84,4263.89,4267.29,0
2026-09-24 08:35:00+00:00,4267.3099999999995,4268.79,4264.5,4268.475,0
2026-09-24 08:40:00+00:00,4268.49,4270.21,4266.415,4268.245000000001,0
2026-09-24 08:45:00+00:00,4268.21,4270.645,4266.795,4267.83,0
2026-09-24 08:50:00+00:00,4267.835,4268.395,4261.475,4262.465,0
2026-09-24 08:55:00+00:00,4262.45,4263.525,4260.51,4261.205,0
2026-09-24 09:00:00+00:00,4261.219999999999,4267.54,4259.085,4259.365,0
2026-09-24 09:05:00+00:00,4259.365,4264.865,4258.860000000001,4262.969999999999,0
2026-09-24 09:10:00+00:00,4262.959999999999,4265.280000000001,4260.8150000000005,4263.264999999999,0
2026-09-24 09:15:00+00:00,4263.295,4265.639999999999,4261.49,4263.344999999999,0
2026-09-24 09:20:00+00:00,4263.305,4265.3,4261.005,4263.445,0
2026-09-24 09:25:00+00:00,4263.46,4264.205,4255.215,4255.785,0
2026-09-24 09:30:00+00:00,4255.79,4260.51,4254.43,4257.85,0
2026-09-24 09:35:00+00:00,4257.870000000001,4259.405,4255.63,4257.71,0
2026-09-24 09:40:00+00:00,4257.73,4258.325000000001,4251.045,4252.13,0
2026-09-24 09:45:00+00:00,4252.125,4255.75,4251.985000000001,4253.075,0
2026-09-24 09:50:00+00:00,4253.09,4256.45,4252.735,4253.785,0
2026-09-24 09:55:00+00:00,4253.795,4256.085,4253.475,4255.28,0
2026-09-24 10:00:00+00:00,4255.264999999999,4259.23,4253.790000000001,4254.205,0
2026-09-24 10:05:00+00:00,4254.18,4254.1849999999995,4250.365,4252.81,0
2026-09-24 10:10:00+00:00,4252.835,4257.719999999999,4251.65,4252.49,0
2026-09-24 10:15:00+00:00,4252.459999999999,4255.139999999999,4249.51,4252.27,0
2026-09-24 10:20:00+00:00,4252.280000000001,4253.415,4247.58,4248.004999999999,0
2026-09-24 10:25:00+00:00,4247.98,4252.370000000001,4245.02,4245.889999999999,0
2026-09-24 10:30:00+00:00,4245.905,4254.335,4244.125,4254.02,0
2026-09-24 10:35:00+00:00,4254.004999999999,4262.545,4253.51,4260.775,0
2026-09-24 10:40:00+00:00,4260.78,4262.63,4258.09,4258.59,0
2026-09-24 10:45:00+00:00,4258.585,4264.23,4257.985,4262.865,0
2026-09-24 10:50:00+00:00,4262.84,4263.705,4257.360000000001,4257.455,0
2026-09-24 10:55:00+00:00,4257.465,4259.985000000001,4256.055,4258.23,0
2026-09-24 11:00:00+00:00,4258.200000000001,4260.46,4255.8150000000005,4255.88,0
2026-09-24 11:05:00+00:00,4255.87,4256.754999999999,4251.860000000001,4254.9349999999995,0
2026-09-24 11:10:00+00:00,4254.92,4259.514999999999,4254.21,4258.88,0
2026-09-24 11:15:00+00:00,4258.91,4263.780000000001,4256.9400000000005,4261.615,0
2026-09-24 11:20:00+00:00,4261.585,4267.825000000001,4261.38,4266.245,0
2026-09-24 11:25:00+00:00,4266.21,4267.945,4263.73,4263.73,0
2026-09-24 11:30:00+00:00,4263.674999999999,4266.25,4261.370000000001,4261.485000000001,0
2026-09-24 11:35:00+00:00,4261.455,4262.48,4258.379999999999,4259.715,0
2026-09-24 11:40:00+00:00,4259.705,4261.45,4258.594999999999,4260.77,0
2026-09-24 11:45:00+00:00,4260.8150000000005,4261.655000000001,4259.735,4260.745000000001,0
2026-09-24 11:50:00+00:00,4260.74,4261.43,4259.014999999999,4260.74,0
2026-09-24 11:55:00+00:00,4260.735,4266.4,4259.455,4265.835,0
2026-09-24 12:00:00+00:00,4265.84,4266.6849999999995,4260.68,4261.78,0
2026-09-24 12:05:00+00:00,4261.745,4266.65,4260.754999999999,4265.27,0
2026-09-24 12:10:00+00:00,4265.235,4269.92,4264.344999999999,4269.125,0
2026-09-24 12:15:00+00:00,4269.0,4271.175,4267.88,4269.07,0
2026-09-24 12:20:00+00:00,4269.0599999999995,4272.1849999999995,4267.07,4270.045,0
2026-09-24 12:25:00+00:00,4270.075000000001,4271.615,4266.905000000001,4271.435,0
2026-09-24 12:30:00+00:00,4271.385,4273.094999999999,4265.95,4266.945,0
2026-09-24 12:35:00+00:00,4266.955,4269.385,4264.96,4268.295,0
2026-09-24 12:40:00+00:00,4268.360000000001,4274.46,4268.08,4271.985,0
2026-09-24 12:45:00+00:00,4271.995,4275.09,4271.32,4274.68,0
2026-09-24 12:50:00+00:00,4274.615,4280.49,4272.7,4280.215,0
2026-09-24 12:55:00+00:00,4280.25,4283.385,4279.27,4281.030000000001,0
2026-09-24 13:00:00+00:00,4281.0650000000005,4285.16,4279.585,4280.59,0
2026-09-24 13:05:00+00:00,4280.6,4282.8099999999995,4277.045,4279.595,0
2026-09-24 13:10:00+00:00,4279.610000000001,4282.8099999999995,4277.49,4278.379999999999,0
2026-09-24 13:15:00+00:00,4278.375,4279.045,4276.09,4278.030000000001,0
2026-09-24 13:20:00+00:00,4278.135,4279.42,4275.85,4277.115,0
2026-09-24 13:25:00+00:00,4277.139999999999,4278.32,4275.385,4276.35,0
2026-09-24 13:30:00+00:00,4276.360000000001,4278.015,4272.085,4272.74,0
2026-09-24 13:35:00+00:00,4272.825,4275.99,4270.0650000000005,4271.78,0
2026-09-24 13:40:00+00:00,4271.77,4274.004999999999,4267.58,4273.555,0
2026-09-24 13:45:00+00:00,4273.58,4276.6900000000005,4270.395,4271.5650000000005,0
2026-09-24 13:50:00+00:00,4271.555,4272.195,4266.01,4266.41,0
2026-09-24 13:55:00+00:00,4266.415,4269.175,4264.77,4267.465,0
2026-09-24 14:00:00+00:00,4267.530000000001,4271.16,4265.145,4270.950000000001,0
2026-09-24 14:05:00+00:00,4270.969999999999,4273.445,4267.77,4270.295,0
2026-09-24 14:10:00+00:00,4270.26,4271.67,4266.885,4269.639999999999,0
2026-09-24 14:15:00+00:00,4269.62,4271.5650000000005,4264.345,4265.22,0
2026-09-24 14:20:00+00:00,4265.219999999999,4265.375,4260.945,4263.905,0
2026-09-24 14:25:00+00:00,4263.915,4269.125,4261.995,4267.280000000001,0
2026-09-24 14:30:00+00:00,4267.32,4267.66,4256.719999999999,4262.16,0
2026-09-24 14:35:00+00:00,4262.17,4262.63,4255.485000000001,4257.125,0
2026-09-24 14:40:00+00:00,4257.145,4257.51,4254.215,4256.545,0
2026-09-24 14:45:00+00:00,4256.555,4258.395,4254.610000000001,4257.245,0
2026-09-24 14:50:00+00:00,4257.26,4262.08,4257.115,4260.025,0
2026-09-24 14:55:00+00:00,4260.0650000000005,4260.08,4252.705,4253.4400000000005,0
2026-09-24 15:00:00+00:00,4253.425,4254.285,4249.745,4250.895,0
2026-09-24 15:05:00+00:00,4250.9,4251.57,4248.785,4249.705,0
2026-09-24 15:10:00+00:00,4249.63,4251.275,4244.83,4247.01,0
2026-09-24 15:15:00+00:00,4247.025,4253.375,4246.469999999999,4250.8150000000005,0
2026-09-24 15:20:00+00:00,4250.805,4255.5650000000005,4249.575000000001,4255.264999999999,0
2026-09-24 15:25:00+00:00,4255.28,4255.575000000001,4249.04,4250.639999999999,0
2026-09-24 15:30:00+00:00,4250.655,4250.93,4246.485000000001,4248.275,0
2026-09-24 15:35:00+00:00,4248.26,4253.635,4246.835,4253.5650000000005,0
2026-09-24 15:40:00+00:00,4253.555,4255.639999999999,4252.15,4255.275,0
2026-09-24 15:45:00+00:00,4255.245,4257.12,4253.385,4254.74,0
2026-09-24 15:50:00+00:00,4254.74,4260.5599999999995,4254.26,4257.52,0
2026-09-24 15:55:00+00:00,4257.540000000001,4257.8099999999995,4254.92,4256.745,0
2026-09-24 16:00:00+00:00,4256.74,4258.389999999999,4254.78,4258.365,0
2026-09-24 16:05:00+00:00,4258.335,4258.43,4252.6900000000005,4253.24,0
2026-09-24 16:10:00+00:00,4253.215,4255.885,4253.055,4255.885,0
2026-09-24 16:15:00+00:00,4255.955,4288.765,4255.955,4274.275,0
2026-09-24 16:20:00+00:00,4274.395,4281.445,4271.35,4276.255,0
2026-09-24 16:25:00+00:00,4276.25,4278.255,4271.885,4275.905,0
2026-09-24 16:30:00+00:00,4275.875,4278.225,4270.635,4274.1,0
2026-09-24 16:35:00+00:00,4274.12,4278.99,4273.01,4277.205,0
2026-09-24 16:40:00+00:00,4277.235000000001,4285.605,4274.18,4274.33,0
2026-09-24 16:45:00+00:00,4274.43,4277.58,4272.59,4275.29,0
2026-09-24 16:50:00+00:00,4275.27,4278.915,4271.095,4272.915,0
2026-09-24 16:55:00+00:00,4272.895,4276.475,4272.855,4273.035,0
2026-09-24 17:00:00+00:00,4272.99,4277.98,4268.91,4271.985000000001,0
2026-09-24 17:05:00+00:00,4271.975,4274.26,4270.0,4271.155000000001,0
2026-09-24 17:10:00+00:00,4271.16,4271.855,4266.605,4271.225,0
2026-09-24 17:15:00+00:00,4271.245,4271.37,4262.45,4262.75,0
2026-09-24 17:20:00+00:00,4262.725,4265.9,4261.025,4261.49,0
2026-09-24 17:25:00+00:00,4261.49,4263.365,4259.215,4263.125,0
2026-09-24 17:30:00+00:00,4263.1,4267.245,4262.84,4263.030000000001,0
2026-09-24 17:35:00+00:00,4263.0,4264.07,4261.719999999999,4262.58,0
2026-09-24 17:40:00+00:00,4262.5599999999995,4263.280000000001,4258.32,4259.13,0
2026-09-24 17:45:00+00:00,4259.105,4260.99,4257.965,4258.88,0
2026-09-24 17:50:00+00:00,4258.91,4261.58,4258.355,4260.855,0
2026-09-24 17:55:00+00:00,4260.885,4265.995000000001,4260.605,4264.860000000001,0
2026-09-24 18:00:00+00:00,4264.855,4265.8099999999995,4256.365,4258.045,0
2026-09-24 18:05:00+00:00,4258.035,4263.639999999999,4257.47,4262.74,0
2026-09-24 18:10:00+00:00,4262.719999999999,4270.0650000000005,4262.41,4269.639999999999,0
2026-09-24 18:15:00+00:00,4269.610000000001,4272.155000000001,4267.91,4269.17,0
2026-09-24 18:20:00+00:00,4269.18,4269.865,4267.2,4269.1900000000005,0
2026-09-24 18:25:00+00:00,4269.2,4275.495,4268.59,4274.67,0
2026-09-24 18:30:00+00:00,4274.66,4277.055,4270.385,4270.52,0
2026-09-24 18:35:00+00:00,4270.540000000001,4281.78,4267.8150000000005,4277.4349999999995,0
2026-09-24 18:40:00+00:00,4277.455,4277.75,4269.86,4271.32,0
2026-09-24 18:45:00+00:00,4271.34,4273.0650000000005,4270.335,4272.74,0
2026-09-24 18:50:00+00:00,4272.765,4277.0599999999995,4272.370000000001,4273.57,0
2026-09-24 18:55:00+00:00,4273.610000000001,4275.075,4271.295,4271.745000000001,0
2026-09-24 19:00:00+00:00,4271.74,4272.545,4266.9400000000005,4268.389999999999,0
2026-09-24 19:05:00+00:00,4268.41,4270.535,4268.09,4269.715,0
2026-09-24 19:10:00+00:00,4269.6900000000005,4269.799999999999,4267.34,4267.805,0
2026-09-24 19:15:00+00:00,4267.785,4271.57,4267.75,4271.15,0
2026-09-24 19:20:00+00:00,4271.1900000000005,4274.635,4269.655000000001,4274.625,0
2026-09-24 19:25:00+00:00,4274.635,4275.83,4271.57,4272.174999999999,0
2026-09-24 19:30:00+00:00,4272.2,4273.24,4271.43,4272.99,0
2026-09-24 19:35:00+00:00,4273.0,4275.755,4271.655000000001,4275.610000000001,0
2026-09-24 19:40:00+00:00,4275.62,4275.84,4273.665,4274.6,0
2026-09-24 19:45:00+00:00,4274.57,4276.115,4273.49,4273.83,0
2026-09-24 19:50:00+00:00,4273.805,4274.985000000001,4272.835,4274.75,0
2026-09-24 19:55:00+00:00,4274.745000000001,4275.139999999999,4272.545,4273.799999999999,0
2026-09-24 20:00:00+00:00,4273.85,4274.74,4271.620000000001,4272.485,0
2026-09-24 20:05:00+00:00,4272.469999999999,4272.855,4270.43,4270.745000000001,0
2026-09-24 20:10:00+00:00,4270.725,4273.235000000001,4269.88,4270.110000000001,0
2026-09-24 20:15:00+00:00,4270.07,4270.89,4265.02,4265.505,0
2026-09-24 20:20:00+00:00,4265.5,4267.135,4264.57,4266.075,0
2026-09-24 20:25:00+00:00,4266.094999999999,4266.85,4264.625,4265.645,0
2026-09-24 20:30:00+00:00,4265.665,4267.594999999999,4265.389999999999,4267.09,0
2026-09-24 20:35:00+00:00,4267.0650000000005,4269.045,4266.29,4269.04,0
2026-09-24 20:40:00+00:00,4269.035,4271.68,4268.92,4270.92,0
2026-09-24 20:45:00+00:00,4270.96,4272.63,4270.355,4271.785,0
2026-09-24 20:50:00+00:00,4271.825,4273.094999999999,4271.255,4273.01,0
2026-09-24 20:55:00+00:00,4273.055,4275.360000000001,4272.83,4273.889999999999,0
2026-09-24 22:00:00+00:00,4274.575,4275.755,4273.005,4274.43,0
2026-09-24 22:05:00+00:00,4274.495,4274.615,4271.625,4272.04,0
2026-09-24 22:10:00+00:00,4271.985000000001,4272.094999999999,4270.275,4270.49,0
2026-09-24 22:15:00+00:00,4270.46,4271.035,4268.26,4268.53,0
2026-09-24 22:20:00+00:00,4268.465,4270.23,4267.955,4270.145,0
2026-09-24 22:25:00+00:00,4270.12,4271.715,4269.745,4271.21,0
2026-09-24 22:30:00+00:00,4271.23,4273.139999999999,4271.030000000001,4272.055,0
2026-09-24 22:35:00+00:00,4272.049999999999,4272.195,4269.3,4270.03,0
2026-09-24 22:40:00+00:00,4270.075,4272.48,4268.92,4271.004999999999,0
2026-09-24 22:45:00+00:00,4271.01,4272.23,4270.96,4271.365,0
2026-09-24 22:50:00+00:00,4271.325,4272.764999999999,4271.065,4272.245000000001,0
2026-09-24 22:55:00+00:00,4272.225,4274.505,4271.9400000000005,4272.700000000001,0
2026-09-24 23:00:00+00:00,4272.705,4275.49,4272.43,4273.955,0
2026-09-24 23:05:00+00:00,4273.995000000001,4275.33,4272.035,4273.745,0
2026-09-24 23:10:00+00:00,4273.725,4274.8,4272.45,4273.38,0
2026-09-24 23:15:00+00:00,4273.325000000001,4275.225,4271.59,4273.575,0
2026-09-24 23:20:00+00:00,4273.57,4274.514999999999,4272.28,4273.105,0
2026-09-24 23:25:00+00:00,4273.1,4273.175,4271.5650000000005,4272.049999999999,0
2026-09-24 23:30:00+00:00,4272.03,4274.27,4270.91,4272.585,0
2026-09-24 23:35:00+00:00,4272.5650000000005,4276.17,4272.42,4274.57,0
2026-09-24 23:40:00+00:00,4274.5650000000005,4274.87,4273.43,4274.6,0
2026-09-24 23:45:00+00:00,4274.575,4274.575,4271.46,4271.625,0
2026-09-24 23:50:00+00:00,4271.645,4271.755,4267.525,4267.78,0
2026-09-24 23:55:00+00:00,4267.775,4268.049999999999,4264.9,4265.105,0
2026-09-25 00:00:00+00:00,4265.09,4270.43,4264.365,4269.870000000001,0
2026-09-25 00:05:00+00:00,4269.875,4270.094999999999,4267.29,4268.995,0
2026-09-25 00:10:00+00:00,4268.975,4269.62,4265.88,4266.504999999999,0
2026-09-25 00:15:00+00:00,4266.475,4268.594999999999,4265.030000000001,4267.79,0
2026-09-25 00:20:00+00:00,4267.764999999999,4270.5,4266.335,4269.594999999999,0
2026-09-25 00:25:00+00:00,4269.585,4270.735000000001,4268.51,4270.43,0
2026-09-25 00:30:00+00:00,4270.445,4270.549999999999,4267.030000000001,4269.875,0
2026-09-25 00:35:00+00:00,4269.844999999999,4270.719999999999,4268.98,4269.785,0
2026-09-25 00:40:00+00:00,4269.780000000001,4272.5599999999995,4269.625,4271.615,0
2026-09-25 00:45:00+00:00,4271.610000000001,4273.77,4270.525,4273.3099999999995,0
2026-09-25 00:50:00+00:00,4273.305,4274.595,4272.5599999999995,4273.54,0
2026-09-25 00:55:00+00:00,4273.535,4281.094999999999,4273.25,4278.49,0
2026-09-25 01:00:00+00:00,4278.525,4283.700000000001,4277.08,4281.71,0
2026-09-25 01:05:00+00:00,4281.76,4285.48,4280.75,4284.3150000000005,0
2026-09-25 01:10:00+00:00,4284.37,4290.505,4283.83,4289.889999999999,0
2026-09-25 01:15:00+00:00,4289.92,4292.065,4288.6849999999995,4289.495000000001,0
2026-09-25 01:20:00+00:00,4289.505,4293.58,4289.385,4292.9349999999995,0
2026-09-25 01:25:00+00:00,4292.945,4294.41,4292.084999999999,4293.719999999999,0
2026-09-25 01:30:00+00:00,4293.715,4295.0650000000005,4291.65,4292.595,0
2026-09-25 01:35:00+00:00,4292.575,4295.75,4291.635,4294.655,0
2026-09-25 01:40:00+00:00,4294.635,4295.72,4292.465,4292.595,0
2026-09-25 01:45:00+00:00,4292.59,4292.64,4287.575000000001,4288.530000000001,0
2026-09-25 01:50:00+00:00,4288.525,4288.525,4286.575,4287.71,0
2026-09-25 01:55:00+00:00,4287.74,4289.215,4287.200000000001,4287.915,0
2026-09-25 02:00:00+00:00,4287.945,4292.185,4287.8,4291.15,0
2026-09-25 02:05:00+00:00,4291.139999999999,4295.3099999999995,4290.74,4294.6,0
2026-09-25 02:10:00+00:00,4294.615,4294.865,4290.115,4290.22,0
2026-09-25 02:15:00+00:00,4290.215,4290.8099999999995,4288.51,4290.45,0
2026-09-25 02:20:00+00:00,4290.455,4292.52,4290.115,4290.32,0
2026-09-25 02:25:00+00:00,4290.3150000000005,4290.360000000001,4288.055,4288.195,0
2026-09-25 02:30:00+00:00,4288.19,4288.9400000000005,4287.3150000000005,4287.87,0
2026-09-25 02:35:00+00:00,4287.85,4288.19,4284.4,4285.23,0
2026-09-25 02:40:00+00:00,4285.205,4287.575000000001,4282.424999999999,4286.125,0
2026-09-25 02:45:00+00:00,4286.105,4286.415,4280.885,4280.885,0
2026-09-25 02:50:00+00:00,4280.88,4282.54,4277.9,4282.495,0
2026-09-25 02:55:00+00:00,4282.475,4284.135,4281.535,4283.775,0
2026-09-25 03:00:00+00:00,4283.82,4284.475,4282.16,4283.695,0
2026-09-25 03:05:00+00:00,4283.6849999999995,4286.295,4283.4349999999995,4284.725,0
2026-09-25 03:10:00+00:00,4284.73,4284.860000000001,4282.205,4282.48,0
2026-09-25 03:15:00+00:00,4282.49,4284.5599999999995,4282.389999999999,4283.66,0
2026-09-25 03:20:00+00:00,4283.625,4284.47,4282.115,4282.41,0
2026-09-25 03:25:00+00:00,4282.4,4282.889999999999,4278.110000000001,4278.125,0
2026-09-25 03:30:00+00:00,4278.120000000001,4278.4,4276.22,4276.83,0
2026-09-25 03:35:00+00:00,4276.799999999999,4277.125,4273.455,4274.71,0
2026-09-25 03:40:00+00:00,4274.705,4276.005,4273.5650000000005,4273.57,0
2026-09-25 03:45:00+00:00,4273.55,4274.245,4271.4349999999995,4271.925,0
2026-09-25 03:50:00+00:00,4271.92,4273.139999999999,4271.24,4271.79,0
2026-09-25 03:55:00+00:00,4271.805,4272.095,4269.425,4270.125,0
2026-09-25 04:00:00+00:00,4270.115,4271.305,4268.88,4270.955,0
2026-09-25 04:05:00+00:00,4270.995000000001,4271.925,4268.895,4270.8150000000005,0
2026-09-25 04:10:00+00:00,4270.825,4270.845,4268.325,4268.370000000001,0
2026-09-25 04:15:00+00:00,4268.38,4270.04,4267.715,4268.6849999999995,0
2026-09-25 04:20:00+00:00,4268.674999999999,4270.785,4268.32,4270.76,0
2026-09-25 04:25:00+00:00,4270.73,4272.0650000000005,4269.98,4271.41,0
2026-09-25 04:30:00+00:00,4271.42,4272.15,4270.5,4271.43,0
2026-09-25 04:35:00+00:00,4271.41,4272.28,4270.219999999999,4270.68,0
2026-09-25 04:40:00+00:00,4270.67,4273.725,4270.63,4272.21,0
2026-09-25 04:45:00+00:00,4272.215,4273.66,4270.25,4270.28,0
2026-09-25 04:50:00+00:00,4270.285,4270.285,4267.28,4268.41,0
2026-09-25 04:55:00+00:00,4268.405000000001,4268.41,4262.72,4263.08,0
2026-09-25 05:00:00+00:00,4263.09,4264.16,4258.98,4260.055,0
2026-09-25 05:05:00+00:00,4260.0599999999995,4263.05,4258.895,4259.805,0
2026-09-25 05:10:00+00:00,4259.805,4260.58,4256.38,4257.285,0
2026-09-25 05:15:00+00:00,4257.32,4261.055,4257.004999999999,4260.695,0
2026-09-25 05:20:00+00:00,4260.735,4261.985000000001,4259.66,4259.795,0
2026-09-25 05:25:00+00:00,4259.8099999999995,4265.105,4259.775,4264.135,0
2026-09-25 05:30:00+00:00,4264.125,4272.825000000001,4263.12,4268.9349999999995,0
2026-09-25 05:35:00+00:00,4268.955,4275.025,4265.795,4273.055,0
2026-09-25 05:40:00+00:00,4273.06,4275.535,4272.125,4274.655000000001,0
2026-09-25 05:45:00+00:00,4274.66,4275.719999999999,4270.870000000001,4271.155000000001,0
2026-09-25 05:50:00+00:00,4271.16,4272.475,4268.245,4268.37,0
2026-09-25 05:55:00+00:00,4268.365,4268.6,4265.705,4266.795,0
2026-09-25 06:00:00+00:00,4266.79,4272.16,4266.165,4272.139999999999,0
2026-09-25 06:05:00+00:00,4272.17,4272.4,4267.495,4267.965,0
2026-09-25 06:10:00+00:00,4267.98,4275.594999999999,4267.98,4274.695,0
2026-09-25 06:15:00+00:00,4274.725,4281.665,4274.370000000001,4277.9400000000005,0
2026-09-25 06:20:00+00:00,4277.9,4281.24,4275.605,4278.4400000000005,0
2026-09-25 06:25:00+00:00,4278.4400000000005,4279.135,4274.46,4275.18,0
2026-09-25 06:30:00+00:00,4275.174999999999,4276.8150000000005,4274.805,4276.6,0
2026-09-25 06:35:00+00:00,4276.63,4277.705,4274.375,4277.205,0
2026-09-25 06:40:00+00:00,4277.195,4278.16,4275.9349999999995,4276.955,0
2026-09-25 06:45:00+00:00,4276.965,4277.74,4275.09,4276.895,0
2026-09-25 06:50:00+00:00,4276.875,4277.025,4274.695,4276.445,0
2026-09-25 06:55:00+00:00,4276.455,4278.035,4274.875,4275.745,0
2026-09-25 07:00:00+00:00,4275.76,4280.27,4273.225,4273.719999999999,0
2026-09-25 07:05:00+00:00,4273.6900000000005,4278.93,4273.68,4276.84,0
2026-09-25 07:10:00+00:00,4276.83,4277.615,4274.23,4275.764999999999,0
2026-09-25 07:15:00+00:00,4275.74,4277.495,4272.285,4272.5,0
2026-09-25 07:20:00+00:00,4272.54,4275.8150000000005,4272.12,4274.33,0
2026-09-25 07:25:00+00:00,4274.344999999999,4275.73,4271.67,4274.055,0
2026-09-25 07:30:00+00:00,4274.07,4278.15,4271.14,4275.8150000000005,0
2026-09-25 07:35:00+00:00,4275.83,4280.01,4275.73,4276.525,0
2026-09-25 07:40:00+00:00,4276.51,4277.625,4274.594999999999,4276.65,0
2026-09-25 07:45:00+00:00,4276.67,4280.9,4276.605,4278.98,0
2026-09-25 07:50:00+00:00,4278.98,4280.265,4277.5650000000005,4278.12,0
2026-09-25 07:55:00+00:00,4278.110000000001,4282.125,4278.0,4279.845,0
2026-09-25 08:00:00+00:00,4279.825000000001,4281.805,4275.030000000001,4275.73,0
2026-09-25 08:05:00+00:00,4275.695,4279.205,4275.52,4278.49,0
2026-09-25 08:10:00+00:00,4278.46,4282.4,4278.085,4281.71,0
2026-09-25 08:15:00+00:00,4281.6900000000005,4284.610000000001,4280.9,4281.35,0
2026-09-25 08:20:00+00:00,4281.395,4282.145,4279.255,4281.795,0
2026-09-25 08:25:00+00:00,4281.8,4284.780000000001,4278.805,4284.325000000001,0
2026-09-25 08:30:00+00:00,4284.32,4289.55,4283.6849999999995,4287.805,0
2026-09-25 08:35:00+00:00,4287.76,4289.35,4285.59,4286.9349999999995,0
2026-09-25 08:40:00+00:00,4286.97,4292.615,4286.375,4292.33,0
2026-09-25 08:45:00+00:00,4292.344999999999,4297.27,4290.245000000001,4291.29,0
2026-09-25 08:50:00+00:00,4291.27,4293.855,4290.275,4292.68,0
2026-09-25 08:55:00+00:00,4292.700000000001,4294.98,4292.255,4293.514999999999,0
2026-09-25 09:00:00+00:00,4293.475,4297.775,4293.01,4295.335,0
2026-09-25 09:05:00+00:00,4295.3150000000005,4297.955,4293.67,4297.37,0
2026-09-25 09:10:00+00:00,4297.360000000001,4297.415,4294.025,4294.049999999999,0
2026-09-25 09:15:00+00:00,4294.02,4295.325,4290.915,4293.635,0
2026-09-25 09:20:00+00:00,4293.6,4296.725,4292.335,4296.075,0
2026-09-25 09:25:00+00:00,4296.094999999999,4296.445,4289.615,4290.82,0
2026-09-25 09:30:00+00:00,4290.83,4297.625,4290.26,4296.469999999999,0
2026-09-25 09:35:00+00:00,4296.459999999999,4297.205,4292.215,4293.52,0
2026-09-25 09:40:00+00:00,4293.525,4295.4400000000005,4292.290000000001,4294.76,0
2026-09-25 09:45:00+00:00,4294.719999999999,4294.995,4291.35,4292.74,0
2026-09-25 09:50:00+00:00,4292.785,4294.02,4291.395,4292.805,0
2026-09-25 09:55:00+00:00,4292.8099999999995,4295.395,4291.07,4295.375,0
2026-09-25 10:00:00+00:00,4295.385,4296.594999999999,4293.96,4295.26,0
2026-09-25 10:05:00+00:00,4295.24,4303.705,4295.014999999999,4301.475,0
2026-09-25 10:10:00+00:00,4301.51,4308.445,4299.355,4307.24,0
2026-09-25 10:15:00+00:00,4307.17,4307.355,4303.795,4305.365,0
2026-09-25 10:20:00+00:00,4305.360000000001,4309.025,4304.76,4306.49,0
2026-09-25 10:25:00+00:00,4306.45,4309.805,4306.105,4308.139999999999,0
2026-09-25 10:30:00+00:00,4308.15,4309.145,4305.01,4305.8150000000005,0
2026-09-25 10:35:00+00:00,4305.799999999999,4307.32,4302.995,4303.63,0
2026-09-25 10:40:00+00:00,4303.639999999999,4306.025,4302.16,4305.285,0
2026-09-25 10:45:00+00:00,4305.29,4306.455,4304.095,4305.65,0
2026-09-25 10:50:00+00:00,4305.665,4309.57,4304.424999999999,4309.290000000001,0
2026-09-25 10:55:00+00:00,4309.3099999999995,4311.924999999999,4309.025,4311.0599999999995,0
2026-09-25 11:00:00+00:00,4311.09,4312.44,4309.68,4310.3150000000005,0
2026-09-25 11:05:00+00:00,4310.305,4315.15,4310.055,4314.285,0
2026-09-25 11:10:00+00:00,4314.305,4315.905000000001,4311.355,4312.62,0
2026-09-25 11:15:00+00:00,4312.615,4314.195,4310.335,4311.04,0
2026-09-25 11:20:00+00:00,4311.045,4311.225,4308.5,4309.97,0
2026-09-25 11:25:00+00:00,4309.965,4310.215,4304.45,4304.705,0
2026-09-25 11:30:00+00:00,4304.67,4306.530000000001,4303.35,4304.425,0
2026-09-25 11:35:00+00:00,4304.4349999999995,4308.97,4299.915,4299.995,0
2026-09-25 11:40:00+00:00,4300.02,4301.85,4299.9349999999995,4301.805,0
2026-09-25 11:45:00+00:00,4301.825,4304.3,4300.1,4303.375,0
2026-09-25 11:50:00+00:00,4303.33,4304.950000000001,4302.6900000000005,4303.63,0
2026-09-25 11:55:00+00:00,4303.58,4305.610000000001,4302.885,4303.025,0
2026-09-25 12:00:00+00:00,4303.015,4304.674999999999,4302.0599999999995,4304.139999999999,0
2026-09-25 12:05:00+00:00,4304.145,4305.135,4301.5650000000005,4303.76,0
2026-09-25 12:10:00+00:00,4303.79,4304.370000000001,4297.87,4299.875,0
2026-09-25 12:15:00+00:00,4299.889999999999,4301.76,4297.59,4299.59,0
2026-09-25 12:20:00+00:00,4299.6,4307.075,4297.535,4303.545,0
2026-09-25 12:25:00+00:00,4303.514999999999,4309.425,4303.1,4306.6,0
2026-09-25 12:30:00+00:00,4306.639999999999,4306.995,4299.59,4301.995,0
2026-09-25 12:35:00+00:00,4302.045,4303.08,4298.49,4302.41,0
2026-09-25 12:40:00+00:00,4302.405,4303.15,4297.379999999999,4301.969999999999,0
2026-09-25 12:45:00+00:00,4301.95,4308.8150000000005,4299.41,4301.71,0
2026-09-25 12:50:00+00:00,4301.725,4302.780000000001,4296.605,4299.1,0
2026-09-25 12:55:00+00:00,4299.0599999999995,4300.0650000000005,4297.450000000001,4298.145,0
2026-09-25 13:00:00+00:00,4298.165,4299.450000000001,4291.665,4291.8150000000005,0
2026-09-25 13:05:00+00:00,4291.825000000001,4298.715,4291.825000000001,4298.08,0
2026-09-25 13:10:00+00:00,4298.06,4298.24,4292.715,4293.135,0
2026-09-25 13:15:00+00:00,4293.13,4294.03,4288.915,4290.425,0
2026-09-25 13:20:00+00:00,4290.415,4290.875,4285.530000000001,4285.91,0
2026-09-25 13:25:00+00:00,4285.92,4286.4400000000005,4277.799999999999,4277.860000000001,0
2026-09-25 13:30:00+00:00,4277.855,4282.145,4273.515,4280.29,0
2026-09-25 13:35:00+00:00,4280.32,4284.53,4278.4,4281.174999999999,0
2026-09-25 13:40:00+00:00,4281.18,4282.755,4276.755,4278.85,0
2026-09-25 13:45:00+00:00,4278.825000000001,4280.605,4274.3150000000005,4278.505,0
2026-09-25 13:50:00+00:00,4278.525,4283.725,4277.790000000001,4280.75,0
2026-09-25 13:55:00+00:00,4280.73,4281.205,4275.09,4275.305,0
2026-09-25 14:00:00+00:00,4275.360000000001,4277.99,4257.9349999999995,4258.81,0
2026-09-25 14:05:00+00:00,4258.790000000001,4267.355,4254.290000000001,4266.58,0
2026-09-25 14:10:00+00:00,4266.565,4267.475,4263.780000000001,4267.475,0
2026-09-25 14:15:00+00:00,4267.505,4267.62,4259.8,4265.975,0
2026-09-25 14:20:00+00:00,4265.98,4270.46,4265.53,4268.4,0
2026-09-25 14:25:00+00:00,4268.379999999999,4270.915,4265.98,4265.98,0
2026-09-25 14:30:00+00:00,4265.995,4267.135,4262.82,4265.145,0
2026-09-25 14:35:00+00:00,4265.155000000001,4272.63,4263.855,4272.055,0
2026-09-25 14:40:00+00:00,4272.030000000001,4273.4349999999995,4268.665,4273.39,0
2026-09-25 14:45:00+00:00,4273.38,4279.73,4269.96,4278.165000000001,0
2026-09-25 14:50:00+00:00,4278.17,4278.950000000001,4273.25,4277.295,0
2026-09-25 14:55:00+00:00,4277.344999999999,4280.95,4276.549999999999,4279.094999999999,0
2026-09-25 15:00:00+00:00,4279.045,4282.335,4278.325000000001,4281.870000000001,0
2026-09-25 15:05:00+00:00,4281.88,4282.79,4275.775,4275.805,0
2026-09-25 15:10:00+00:00,4275.825000000001,4280.495,4274.285,4280.035,0
2026-09-25 15:15:00+00:00,4280.09,4281.31,4274.620000000001,4274.905,0
2026-09-25 15:20:00+00:00,4274.924999999999,4279.965,4272.655000000001,4276.014999999999,0
2026-09-25 15:25:00+00:00,4275.995,4281.485000000001,4275.4400000000005,4279.605,0
2026-09-25 15:30:00+00:00,4279.715,4285.955,4279.1849999999995,4282.860000000001,0
2026-09-25 15:35:00+00:00,4282.844999999999,4283.625,4276.725,4276.725,0
2026-09-25 15:40:00+00:00,4276.6900000000005,4278.86,4274.905,4275.185,0
2026-09-25 15:45:00+00:00,4275.21,4275.6900000000005,4271.65,4271.889999999999,0
2026-09-25 15:50:00+00:00,4271.9,4280.155000000001,4270.105,4277.74,0
2026-09-25 15:55:00+00:00,4277.7,4290.845,4276.33,4290.705,0
2026-09-25 16:00:00+00:00,4290.725,4299.155000000001,4289.465,4294.68,0
2026-09-25 16:05:00+00:00,4294.65,4300.514999999999,4291.07,4294.245,0
2026-09-25 16:10:00+00:00,4294.23,4296.51,4287.195,4290.555,0
2026-09-25 16:15:00+00:00,4290.5650000000005,4292.6,4287.735000000001,4288.9349999999995,0
2026-09-25 16:20:00+00:00,4288.98,4290.485000000001,4284.76,4288.305,0
2026-09-25 16:25:00+00:00,4288.3099999999995,4292.97,4287.51,4292.255,0
2026-09-25 16:30:00+00:00,4292.27,4293.035,4279.725,4284.215,0
2026-09-25 16:35:00+00:00,4284.17,4288.46,4283.174999999999,4287.4349999999995,0
2026-09-25 16:40:00+00:00,4287.43,4289.07,4284.51,4287.31,0
2026-09-25 16:45:00+00:00,4287.295,4287.34,4281.665,4282.76,0
2026-09-25 16:50:00+00:00,4282.719999999999,4286.0599999999995,4282.23,4284.555,0
2026-09-25 16:55:00+00:00,4284.545,4288.09,4284.325000000001,4286.525,0
2026-09-25 17:00:00+00:00,4286.54,4292.365,4285.355,4290.97,0
2026-09-25 17:05:00+00:00,4290.98,4292.975,4289.62,4292.75,0
2026-09-25 17:10:00+00:00,4292.87,4292.9400000000005,4291.110000000001,4291.424999999999,0
2026-09-25 17:15:00+00:00,4291.41,4291.72,4288.96,4290.5650000000005,0
2026-09-25 17:20:00+00:00,4290.610000000001,4291.96,4289.675,4291.955,0
2026-09-25 17:25:00+00:00,4291.99,4293.13,4285.04,4286.6900000000005,0
2026-09-25 17:30:00+00:00,4286.6849999999995,4287.79,4284.0599999999995,4285.08,0
2026-09-25 17:35:00+00:00,4285.0650000000005,4285.335,4279.545,4284.209999999999,0
2026-09-25 17:40:00+00:00,4284.215,4288.27,4283.605,4285.74,0
2026-09-25 17:45:00+00:00,4285.71,4286.905,4282.09,4284.245,0
2026-09-25 17:50:00+00:00,4284.26,4284.7,4283.095,4283.84,0
2026-09-25 17:55:00+00:00,4283.865,4285.389999999999,4282.34,4283.475,0
2026-09-25 18:00:00+00:00,4283.48,4284.705,4282.955,4283.615,0
2026-09-25 18:05:00+00:00,4283.5599999999995,4285.74,4283.030000000001,4285.48,0
2026-09-25 18:10:00+00:00,4285.459999999999,4285.77,4283.33,4284.8150000000005,0
2026-09-25 18:15:00+00:00,4284.825,4288.66,4284.335,4288.43,0
2026-09-25 18:20:00+00:00,4288.41,4289.4349999999995,4286.235000000001,4288.905,0
2026-09-25 18:25:00+00:00,4288.915,4290.3150000000005,4284.23,4287.5599999999995,0
2026-09-25 18:30:00+00:00,4287.57,4292.5599999999995,4287.245,4292.265,0
2026-09-25 18:35:00+00:00,4292.285,4294.195,4287.42,4287.49,0
2026-09-25 18:40:00+00:00,4287.57,4292.035,4287.525,4291.805,0
2026-09-25 18:45:00+00:00,4291.8150000000005,4295.195,4290.715,4294.71,0
2026-09-25 18:50:00+00:00,4294.73,4296.275,4293.93,4294.595,0
2026-09-25 18:55:00+00:00,4294.58,4295.39,4293.535,4295.055,0
2026-09-25 19:00:00+00:00,4295.035,4296.0650000000005,4289.725,4289.985000000001,0
2026-09-25 19:05:00+00:00,4289.975,4294.82,4288.77,4293.92,0
2026-09-25 19:10:00+00:00,4293.93,4297.15,4292.685,4296.555,0
2026-09-25 19:15:00+00:00,4296.575,4296.875,4292.780000000001,4292.9400000000005,0
2026-09-25 19:20:00+00:00,4292.92,4293.01,4289.445,4290.105,0
2026-09-25 19:25:00+00:00,4290.13,4290.25,4287.865,4288.905,0
2026-09-25 19:30:00+00:00,4288.93,4290.389999999999,4287.68,4288.605,0
2026-09-25 19:35:00+00:00,4288.610000000001,4294.285,4288.56,4293.18,0
2026-09-25 19:40:00+00:00,4293.16,4293.875,4291.945,4292.344999999999,0
2026-09-25 19:45:00+00:00,4292.365,4294.39,4292.265,4292.805,0
2026-09-25 19:50:00+00:00,4292.844999999999,4293.795,4290.225,4290.775,0
2026-09-25 19:55:00+00:00,4290.75,4291.6900000000005,4289.33,4291.4349999999995,0
2026-09-25 20:00:00+00:00,4291.42,4292.175,4291.09,4291.4400000000005,0
2026-09-25 20:05:00+00:00,4291.42,4291.915000000001,4289.879999999999,4291.68,0
2026-09-25 20:10:00+00:00,4291.725,4292.17,4290.295,4290.65,0
2026-09-25 20:15:00+00:00,4290.645,4291.13,4289.57,4290.005,0
2026-09-25 20:20:00+00:00,4290.01,4290.155,4288.07,4288.64,0
2026-09-25 20:25:00+00:00,4288.635,4288.83,4286.695,4287.255,0
2026-09-25 20:30:00+00:00,4287.26,4287.415,4286.094999999999,4286.305,0
2026-09-25 20:35:00+00:00,4286.295,4286.785,4285.34,4285.83,0
2026-09-25 20:40:00+00:00,4285.82,4286.335,4284.98,4284.98,0
2026-09-25 20:45:00+00:00,4284.969999999999,4286.6,4284.42,4285.375,0
2026-09-25 20:50:00+00:00,4285.365,4287.32,4284.91,4285.375,0
2026-09-25 20:55:00+00:00,4285.365,4287.0,4285.0,4285.54,0
2026-09-27 22:00:00+00:00,4269.525,4274.155000000001,4265.1900000000005,4272.785,0
2026-09-27 22:05:00+00:00,4272.795,4274.975,4271.7,4273.67,0
2026-09-27 22:10:00+00:00,4273.77,4275.280000000001,4266.03,4266.22,0
2026-09-27 22:15:00+00:00,4266.25,4270.575,4266.195,4268.47,0
2026-09-27 22:20:00+00:00,4268.5650000000005,4269.23,4266.6849999999995,4268.77,0
2026-09-27 22:25:00+00:00,4268.82,4270.495,4268.255,4268.719999999999,0
2026-09-27 22:30:00+00:00,4268.705,4269.110000000001,4262.875,4263.264999999999,0
2026-09-27 22:35:00+00:00,4263.325,4264.725,4262.1849999999995,4263.16,0
2026-09-27 22:40:00+00:00,4263.125,4263.495,4261.645,4261.73,0
2026-09-27 22:45:00+00:00,4261.725,4263.5650000000005,4259.48,4259.655,0
2026-09-27 22:50:00+00:00,4259.67,4260.925,4258.219999999999,4259.0599999999995,0
2026-09-27 22:55:00+00:00,4259.075,4260.375,4258.51,4260.360000000001,0
2026-09-27 23:00:00+00:00,4260.335,4265.48,4257.41,4264.950000000001,0
2026-09-27 23:05:00+00:00,4264.955,4266.4,4264.280000000001,4265.035,0
2026-09-27 23:10:00+00:00,4265.0650000000005,4266.105,4263.98,4264.965,0
2026-09-27 23:15:00+00:00,4265.025,4265.575,4264.05,4264.77,0
2026-09-27 23:20:00+00:00,4264.76,4265.945,4264.42,4265.51,0
2026-09-27 23:25:00+00:00,4265.515,4265.735000000001,4262.545,4263.445,0
2026-09-27 23:30:00+00:00,4263.41,4263.905000000001,4260.475,4261.16,0
2026-09-27 23:35:00+00:00,4261.17,4261.995,4259.889999999999,4260.45,0
2026-09-27 23:40:00+00:00,4260.445,4261.084999999999,4259.110000000001,4260.485000000001,0
2026-09-27 23:45:00+00:00,4260.48,4262.185,4259.385,4262.030000000001,0
2026-09-27 23:50:00+00:00,4262.07,4265.139999999999,4259.745,4260.715,0
2026-09-27 23:55:00+00:00,4260.71,4262.610000000001,4259.93,4260.71,0
2026-09-28 00:00:00+00:00,4260.695,4261.325000000001,4254.365,4258.299999999999,0
2026-09-28 00:05:00+00:00,4258.3099999999995,4258.84,4253.455,4255.595,0
2026-09-28 00:10:00+00:00,4255.5599999999995,4257.05,4253.674999999999,4256.45,0
2026-09-28 00:15:00+00:00,4256.4400000000005,4257.47,4253.26,4255.285,0
2026-09-28 00:20:00+00:00,4255.3150000000005,4255.75,4252.530000000001,4253.255,0
2026-09-28 00:25:00+00:00,4253.219999999999,4254.64,4250.24,4250.26,0
2026-09-28 00:30:00+00:00,4250.264999999999,4250.355,4228.610000000001,4236.1,0
2026-09-28 00:35:00+00:00,4236.125,4240.11,4233.835,4236.89,0
2026-09-28 00:40:00+00:00,4236.84,4238.07,4231.98,4236.514999999999,0
2026-09-28 00:45:00+00:00,4236.495,4239.395,4232.38,4234.799999999999,0
2026-09-28 00:50:00+00:00,4234.764999999999,4236.4400000000005,4230.275,4230.415,0
2026-09-28 00:55:00+00:00,4230.4349999999995,4235.889999999999,4227.43,4230.9349999999995,0
2026-09-28 01:00:00+00:00,4230.925,4231.48,4219.145,4227.52,0
2026-09-28 01:05:00+00:00,4227.46,4228.43,4219.155000000001,4224.285,0
2026-09-28 01:10:00+00:00,4224.4400000000005,4226.18,4214.385,4220.825,0
2026-09-28 01:15:00+00:00,4220.780000000001,4225.84,4217.92,4220.67,0
2026-09-28 01:20:00+00:00,4220.68,4222.695,4216.435,4220.655000000001,0
2026-09-28 01:25:00+00:00,4220.675,4222.305,4216.23,4220.73,0
2026-09-28 01:30:00+00:00,4220.725,4223.75,4216.5650000000005,4219.375,0
2026-09-28 01:35:00+00:00,4219.3099999999995,4219.33,4210.08,4210.195,0
2026-09-28 01:40:00+00:00,4210.21,4215.26,4208.405,4209.645,0
2026-09-28 01:45:00+00:00,4209.6900000000005,4211.73,4206.08,4211.135,0
2026-09-28 01:50:00+00:00,4211.035,4214.86,4210.1900000000005,4211.67,0
2026-09-28 01:55:00+00:00,4211.645,4217.875,4211.475,4216.355,0
2026-09-28 02:00:00+00:00,4216.385,4217.655,4211.275,4214.03,0
2026-09-28 02:05:00+00:00,4214.055,4216.719999999999,4210.655000000001,4214.9349999999995,0
2026-09-28 02:10:00+00:00,4214.99,4217.335,4213.12,4216.045,0
2026-09-28 02:15:00+00:00,4216.035,4217.165,4214.305,4216.83,0
2026-09-28 02:20:00+00:00,4216.77,4217.465,4214.42,4216.3,0
2026-09-28 02:25:00+00:00,4216.33,4217.655000000001,4214.745,4215.205,0
2026-09-28 02:30:00+00:00,4215.215,4215.735000000001,4209.004999999999,4209.33,0
2026-09-28 02:35:00+00:00,4209.3150000000005,4209.775,4205.71,4206.02,0
2026-09-28 02:40:00+00:00,4206.015,4209.27,4205.465,4207.295,0
2026-09-28 02:45:00+00:00,4207.22,4208.8150000000005,4203.595,4204.3150000000005,0
2026-09-28 02:50:00+00:00,4204.295,4206.305,4200.355,4201.88,0
2026-09-28 02:55:00+00:00,4201.835,4202.014999999999,4194.35,4196.92,0
2026-09-28 03:00:00+00:00,4196.924999999999,4201.389999999999,4195.35,4199.3099999999995,0
2026-09-28 03:05:00+00:00,4199.32,4203.049999999999,4198.655000000001,4202.74,0
2026-09-28 03:10:00+00:00,4202.735,4203.219999999999,4200.145,4200.405000000001,0
2026-09-28 03:15:00+00:00,4200.415,4201.335,4198.885,4199.14,0
2026-09-28 03:20:00+00:00,4199.125,4199.125,4194.225,4195.76,0
2026-09-28 03:25:00+00:00,4195.780000000001,4197.64,4194.43,4196.26,0
2026-09-28 03:30:00+00:00,4196.27,4198.139999999999,4191.43,4192.7,0
2026-09-28 03:35:00+00:00,4192.6849999999995,4195.97,4192.075000000001,4195.47,0
2026-09-28 03:40:00+00:00,4195.48,4196.445,4192.51,4193.49,0
2026-09-28 03:45:00+00:00,4193.46,4196.344999999999,4191.405000000001,4196.005,0
2026-09-28 03:50:00+00:00,4195.985000000001,4199.6,4195.6849999999995,4199.355,0
2026-09-28 03:55:00+00:00,4199.3099999999995,4199.35,4196.87,4196.965,0
2026-09-28 04:00:00+00:00,4196.969999999999,4197.66,4195.209999999999,4196.125,0
2026-09-28 04:05:00+00:00,4196.155,4198.4349999999995,4195.530000000001,4198.4349999999995,0
2026-09-28 04:10:00+00:00,4198.42,4199.77,4197.075000000001,4199.58,0
2026-09-28 04:15:00+00:00,4199.655,4199.8099999999995,4196.615,4197.0599999999995,0
2026-09-28 04:20:00+00:00,4197.08,4197.924999999999,4196.15,4197.16,0
2026-09-28 04:25:00+00:00,4197.24,4199.825,4195.625,4199.700000000001,0
2026-09-28 04:30:00+00:00,4199.68,4200.33,4196.71,4196.79,0
2026-09-28 04:35:00+00:00,4196.78,4198.45,4196.290000000001,4196.49,0
2026-09-28 04:40:00+00:00,4196.49,4199.855,4196.49,4198.485000000001,0
2026-09-28 04:45:00+00:00,4198.5,4199.085,4196.845,4197.344999999999,0
2026-09-28 04:50:00+00:00,4197.33,4197.895,4195.585,4196.32,0
2026-09-28 04:55:00+00:00,4196.3150000000005,4197.055,4194.49,4195.09,0
2026-09-28 05:00:00+00:00,4195.1,4198.225,4194.875,4195.450000000001,0
2026-09-28 05:05:00+00:00,4195.485000000001,4195.485000000001,4189.92,4192.635,0
2026-09-28 05:10:00+00:00,4192.639999999999,4193.105,4190.805,4192.735,0
2026-09-28 05:15:00+00:00,4192.715,4194.764999999999,4188.780000000001,4189.745,0
2026-09-28 05:20:00+00:00,4189.725,4190.68,4185.345,4187.42,0
2026-09-28 05:25:00+00:00,4187.415,4192.325,4186.715,4190.85,0
2026-09-28 05:30:00+00:00,4190.845,4190.845,4183.415,4184.08,0
2026-09-28 05:35:00+00:00,4184.0650000000005,4187.15,4181.085,4181.52,0
2026-09-28 05:40:00+00:00,4181.525,4184.375,4180.299999999999,4183.655000000001,0
2026-09-28 05:45:00+00:00,4183.665,4184.175,4179.700000000001,4180.33,0
2026-09-28 05:50:00+00:00,4180.37,4182.9400000000005,4179.655000000001,4182.9400000000005,0
2026-09-28 05:55:00+00:00,4182.875,4184.855,4178.879999999999,4179.71,0
2026-09-28 06:00:00+00:00,4179.7,4179.74,4175.325,4176.25,0
2026-09-28 06:05:00+00:00,4176.285,4181.645,4175.35,4179.275,0
2026-09-28 06:10:00+00:00,4179.215,4181.415,4177.4349999999995,4179.15,0
2026-09-28 06:15:00+00:00,4179.155000000001,4179.985,4174.0,4174.545,0
2026-09-28 06:20:00+00:00,4174.555,4177.925,4171.555,4173.495,0
2026-09-28 06:25:00+00:00,4173.515,4174.06,4169.3150000000005,4170.115,0
2026-09-28 06:30:00+00:00,4170.1,4175.87,4168.74,4175.425,0
2026-09-28 06:35:00+00:00,4175.4,4177.545,4173.495000000001,4176.665,0
2026-09-28 06:40:00+00:00,4176.674999999999,4177.705,4171.535,4171.715,0
2026-09-28 06:45:00+00:00,4171.705,4176.585,4171.64,4175.765,0
2026-09-28 06:50:00+00:00,4175.75,4175.889999999999,4166.1,4167.27,0
2026-09-28 06:55:00+00:00,4167.26,4167.625,4161.955,4164.3150000000005,0
2026-09-28 07:00:00+00:00,4164.3099999999995,4165.9,4161.12,4165.535,0
2026-09-28 07:05:00+00:00,4165.555,4166.455,4161.465,4165.54,0
2026-09-28 07:10:00+00:00,4165.535,4166.425,4160.335,4161.24,0
2026-09-28 07:15:00+00:00,4161.219999999999,4164.62,4161.209999999999,4163.145,0
2026-09-28 07:20:00+00:00,4163.15,4163.280000000001,4156.52,4159.98,0
2026-09-28 07:25:00+00:00,4159.995,4161.675,4156.92,4158.23,0
2026-09-28 07:30:00+00:00,4158.24,4160.0650000000005,4156.245000000001,4158.465,0
2026-09-28 07:35:00+00:00,4158.4400000000005,4158.595,4152.465,4154.360000000001,0
2026-09-28 07:40:00+00:00,4154.375,4158.3099999999995,4153.42,4153.98,0
2026-09-28 07:45:00+00:00,4154.014999999999,4157.07,4153.115,4155.9,0
2026-09-28 07:50:00+00:00,4155.889999999999,4157.15,4152.51,4156.895,0
2026-09-28 07:55:00+00:00,4156.92,4160.595,4150.865,4155.68,0
2026-09-28 08:00:00+00:00,4155.74,4159.0,4154.025,4158.555,0
2026-09-28 08:05:00+00:00,4158.51,4159.3099999999995,4155.469999999999,4156.96,0
2026-09-28 08:10:00+00:00,4156.985,4157.65,4151.375,4156.870000000001,0
2026-09-28 08:15:00+00:00,4156.895,4157.07,4151.219999999999,4152.17,0
2026-09-28 08:20:00+00:00,4152.15,4152.755,4146.305,4148.6849999999995,0
2026-09-28 08:25:00+00:00,4148.665,4153.549999999999,4143.165,4144.865,0
2026-09-28 08:30:00+00:00,4144.88,4148.58,4143.235000000001,4148.58,0
2026-09-28 08:35:00+00:00,4148.585,4149.955,4142.59,4144.5599999999995,0
2026-09-28 08:40:00+00:00,4144.54,4151.33,4144.27,4149.08,0
2026-09-28 08:45:00+00:00,4149.085,4153.174999999999,4147.23,4149.445,0
2026-09-28 08:50:00+00:00,4149.3099999999995,4150.68,4144.83,4146.975,0
2026-09-28 08:55:00+00:00,4146.985000000001,4147.55,4144.525,4144.57,0
2026-09-28 09:00:00+00:00,4144.5650000000005,4146.855,4141.09,4141.135,0
2026-09-28 09:05:00+00:00,4141.139999999999,4147.51,4141.115,4141.295,0
2026-09-28 09:10:00+00:00,4141.299999999999,4146.02,4140.735000000001,4144.5,0
2026-09-28 09:15:00+00:00,4144.49,4147.33,4141.57,4144.955,0
2026-09-28 09:20:00+00:00,4144.965,4149.0650000000005,4144.885,4147.76,0
2026-09-28 09:25:00+00:00,4147.8150000000005,4148.0,4144.59,4146.535,0
2026-09-28 09:30:00+00:00,4146.49,4146.945,4142.135,4142.835,0
2026-09-28 09:35:00+00:00,4142.83,4147.89,4142.735,4145.245,0
2026-09-28 09:40:00+00:00,4145.235000000001,4151.175,4144.8150000000005,4149.95,0
2026-09-28 09:45:00+00:00,4149.925,4154.595,4149.85,4154.25,0
2026-09-28 09:50:00+00:00,4154.24,4157.725,4153.43,4157.615,0
2026-09-28 09:55:00+00:00,4157.605,4157.615,4154.014999999999,4155.865,0
2026-09-28 10:00:00+00:00,4155.905000000001,4159.3,4153.780000000001,4158.695,0
2026-09-28 10:05:00+00:00,4158.77,4159.200000000001,4154.0650000000005,4157.255,0
2026-09-28 10:10:00+00:00,4157.25,4158.014999999999,4153.475,4155.45,0
2026-09-28 10:15:00+00:00,4155.4349999999995,4157.4349999999995,4151.985,4152.395,0
2026-09-28 10:20:00+00:00,4152.4,4155.469999999999,4151.84,4154.48,0
2026-09-28 10:25:00+00:00,4154.475,4158.790000000001,4154.360000000001,4158.49,0
2026-09-28 10:30:00+00:00,4158.52,4158.915,4154.765,4156.9349999999995,0
2026-09-28 10:35:00+00:00,4156.955,4158.59,4156.3099999999995,4157.969999999999,0
2026-09-28 10:40:00+00:00,4157.99,4159.575000000001,4155.365,4156.049999999999,0
2026-09-28 10:45:00+00:00,4156.08,4156.795,4154.44,4156.32,0
2026-09-28 10:50:00+00:00,4156.35,4159.540000000001,4155.969999999999,4157.6849999999995,0
2026-09-28 10:55:00+00:00,4157.65,4158.405,4155.585,4155.674999999999,0
2026-09-28 11:00:00+00:00,4155.68,4160.515,4149.450000000001,4150.3150000000005,0
2026-09-28 11:05:00+00:00,4150.305,4153.755,4150.02,4153.665,0
2026-09-28 11:10:00+00:00,4153.645,4153.924999999999,4148.67,4150.22,0
2026-09-28 11:15:00+00:00,4150.225,4155.139999999999,4148.219999999999,4149.925,0
2026-09-28 11:20:00+00:00,4149.9349999999995,4154.530000000001,4148.18,4152.665,0
2026-09-28 11:25:00+00:00,4152.655000000001,4155.93,4152.59,4155.675,0
2026-09-28 11:30:00+00:00,4155.7,4155.715,4151.335,4152.53,0
2026-09-28 11:35:00+00:00,4152.525,4152.81,4148.51,4148.8,0
2026-09-28 11:40:00+00:00,4148.805,4152.43,4148.54,4151.860000000001,0
2026-09-28 11:45:00+00:00,4151.879999999999,4154.865,4149.32,4150.280000000001,0
2026-09-28 11:50:00+00:00,4150.23,4151.405000000001,4147.715,4148.83,0
2026-09-28 11:55:00+00:00,4148.805,4152.594999999999,4148.135,4148.8099999999995,0
2026-09-28 12:00:00+00:00,4148.805,4157.395,4146.695,4156.43,0
2026-09-28 12:05:00+00:00,4156.46,4167.585,4156.41,4164.895,0
2026-09-28 12:10:00+00:00,4164.879999999999,4166.360000000001,4161.125,4165.885,0
2026-09-28 12:15:00+00:00,4165.895,4168.045,4164.0,4167.695,0
2026-09-28 12:20:00+00:00,4167.67,4171.245000000001,4160.67,4160.885,0
2026-09-28 12:25:00+00:00,4160.860000000001,4163.75,4154.014999999999,4154.43,0
2026-09-28 12:30:00+00:00,4154.455,4154.844999999999,4149.445,4153.13,0
2026-09-28 12:35:00+00:00,4153.14,4153.48,4147.405,4148.02,0
2026-09-28 12:40:00+00:00,4148.025,4148.075,4143.205,4145.305,0
2026-09-28 12:45:00+00:00,4145.32,4150.145,4143.79,4147.045,0
2026-09-28 12:50:00+00:00,4147.015,4151.84,4146.715,4151.445,0
2026-09-28 12:55:00+00:00,4151.46,4156.05,4148.875,4154.469999999999,0
2026-09-28 13:00:00+00:00,4154.49,4154.6849999999995,4145.299999999999,4149.615,0
2026-09-28 13:05:00+00:00,4149.655000000001,4150.55,4147.1,4148.889999999999,0
2026-09-28 13:10:00+00:00,4148.875,4150.115,4146.219999999999,4147.8099999999995,0
2026-09-28 13:15:00+00:00,4147.775,4150.09,4144.465,4147.66,0
2026-09-28 13:20:00+00:00,4147.5599999999995,4148.875,4144.469999999999,4146.76,0
2026-09-28 13:25:00+00:00,4146.74,4149.575,4141.65,4142.115,0
2026-09-28 13:30:00+00:00,4142.030000000001,4146.5650000000005,4137.674999999999,4137.78,0
2026-09-28 13:35:00+00:00,4137.77,4150.11,4136.325000000001,4146.655,0
2026-09-28 13:40:00+00:00,4146.665,4151.594999999999,4144.8150000000005,4151.13,0
2026-09-28 13:45:00+00:00,4151.105,4160.165,4149.62,4158.42,0
2026-09-28 13:50:00+00:00,4158.41,4160.695,4152.25,4157.299999999999,0
2026-09-28 13:55:00+00:00,4157.3099999999995,4160.57,4155.605,4157.405000000001,0
2026-09-28 14:00:00+00:00,4157.4,4157.4349999999995,4143.99,4144.665,0
2026-09-28 14:05:00+00:00,4144.66,4145.895,4139.014999999999,4140.15,0
2026-09-28 14:10:00+00:00,4140.135,4142.57,4138.165,4138.885,0
2026-09-28 14:15:00+00:00,4138.84,4141.3099999999995,4136.74,4139.27,0
2026-09-28 14:20:00+00:00,4139.219999999999,4144.264999999999,4137.094999999999,4143.63,0
2026-09-28 14:25:00+00:00,4143.63,4144.415,4140.33,4142.795,0
2026-09-28 14:30:00+00:00,4142.79,4142.8150000000005,4134.82,4137.1,0
2026-09-28 14:35:00+00:00,4137.095,4138.165,4131.66,4132.035,0
2026-09-28 14:40:00+00:00,4131.915,4132.030000000001,4122.9,4123.280000000001,0
2026-09-28 14:45:00+00:00,4123.32,4123.8099999999995,4114.17,4115.965,0
2026-09-28 14:50:00+00:00,4115.975,4123.45,4113.530000000001,4116.049999999999,0
2026-09-28 14:55:00+00:00,4116.07,4119.33,4110.83,4118.34,0
2026-09-28 15:00:00+00:00,4118.35,4122.93,4116.205,4122.555,0
2026-09-28 15:05:00+00:00,4122.57,4124.23,4119.81,4122.365,0
2026-09-28 15:10:00+00:00,4122.375,4122.719999999999,4118.37,4120.15,0
2026-09-28 15:15:00+00:00,4120.18,4126.835,4119.73,4125.13,0
2026-09-28 15:20:00+00:00,4125.120000000001,4125.4400000000005,4120.01,4122.66,0
2026-09-28 15:25:00+00:00,4122.6,4128.48,4121.9400000000005,4125.34,0
2026-09-28 15:30:00+00:00,4125.325000000001,4126.0,4120.525,4122.15,0
2026-09-28 15:35:00+00:00,4122.155000000001,4125.33,4121.225,4122.515,0
2026-09-28 15:40:00+00:00,4122.505,4123.015,4119.055,4119.91,0
2026-09-28 15:45:00+00:00,4119.94,4120.34,4115.505,4119.405000000001,0
2026-09-28 15:50:00+00:00,4119.43,4122.475,4117.96,4120.389999999999,0
2026-09-28 15:55:00+00:00,4120.355,4124.48,4119.905000000001,4124.25,0
2026-09-28 16:00:00+00:00,4124.24,4124.780000000001,4120.67,4123.0,0
2026-09-28 16:05:00+00:00,4122.99,4124.455,4120.885,4122.305,0
2026-09-28 16:10:00+00:00,4122.32,4122.5599999999995,4117.5650000000005,4117.674999999999,0
2026-09-28 16:15:00+00:00,4117.67,4129.05,4116.66,4127.8150000000005,0
2026-09-28 16:20:00+00:00,4127.82,4135.655000000001,4126.355,4134.775,0
2026-09-28 16:25:00+00:00,4134.73,4148.25,4134.285,4143.205,0
2026-09-28 16:30:00+00:00,4143.16,4145.290000000001,4135.235000000001,4135.795,0
2026-09-28 16:35:00+00:00,4135.79,4140.25,4134.9400000000005,4135.925,0
2026-09-28 16:40:00+00:00,4135.93,4137.24,4131.264999999999,4131.88,0
2026-09-28 16:45:00+00:00,4131.87,4134.74,4129.365,4129.58,0
2026-09-28 16:50:00+00:00,4129.57,4132.799999999999,4128.549999999999,4132.095,0
2026-09-28 16:55:00+00:00,4132.1,4132.18,4128.335,4129.93,0
2026-09-28 17:00:00+00:00,4129.9400000000005,4129.969999999999,4127.264999999999,4127.74,0
2026-09-28 17:05:00+00:00,4127.725,4129.66,4126.16,4127.5650000000005,0
2026-09-28 17:10:00+00:00,4127.54,4146.66,4126.29,4141.6849999999995,0
2026-09-28 17:15:00+00:00,4141.665,4141.86,4134.21,4134.37,0
2026-09-28 17:20:00+00:00,4134.385,4137.3,4133.82,4136.49,0
2026-09-28 17:25:00+00:00,4136.525,4138.255,4134.55,4135.4349999999995,0
2026-09-28 17:30:00+00:00,4135.4400000000005,4139.295,4135.4400000000005,4136.59,0
2026-09-28 17:35:00+00:00,4136.61,4138.51,4133.99,4134.049999999999,0
2026-09-28 17:40:00+00:00,4134.040000000001,4138.959999999999,4134.02,4137.465,0
2026-09-28 17:45:00+00:00,4137.445,4138.95,4135.535,4138.84,0
2026-09-28 17:50:00+00:00,4138.885,4140.145,4137.14,4138.219999999999,0
2026-09-28 17:55:00+00:00,4138.215,4138.799999999999,4134.155000000001,4134.389999999999,0
2026-09-28 18:00:00+00:00,4134.385,4137.280000000001,4133.8099999999995,4136.87,0
2026-09-28 18:05:00+00:00,4136.879999999999,4137.945,4135.34,4136.4,0
2026-09-28 18:10:00+00:00,4136.415,4138.695,4134.799999999999,4135.995000000001,0
2026-09-28 18:15:00+00:00,4136.005,4136.129999999999,4133.98,4134.345,0
2026-09-28 18:20:00+00:00,4134.35,4137.655000000001,4134.155000000001,4135.15,0
2026-09-28 18:25:00+00:00,4135.16,4136.075,4134.305,4135.02,0
2026-09-28 18:30:00+00:00,4135.02,4136.4400000000005,4131.795,4132.32,0
2026-09-28 18:35:00+00:00,4132.3150000000005,4135.335,4132.18,4134.405000000001,0
2026-09-28 18:40:00+00:00,4134.395,4139.335,4134.07,4138.83,0
2026-09-28 18:45:00+00:00,4138.8150000000005,4139.8150000000005,4137.005,4139.22,0
2026-09-28 18:50:00+00:00,4139.215,4141.905,4138.23,4140.1849999999995,0
2026-09-28 18:55:00+00:00,4140.16,4140.745,4138.469999999999,4139.125,0
2026-09-28 19:00:00+00:00,4139.13,4139.46,4131.535,4135.110000000001,0
2026-09-28 19:05:00+00:00,4135.05,4135.325000000001,4130.885,4131.985000000001,0
2026-09-28 19:10:00+00:00,4131.98,4133.4349999999995,4131.325000000001,4132.535,0
2026-09-28 19:15:00+00:00,4132.530000000001,4135.219999999999,4132.13,4135.045,0
2026-09-28 19:20:00+00:00,4135.0650000000005,4136.625,4131.79,4132.465,0
2026-09-28 19:25:00+00:00,4132.475,4134.885,4130.885,4133.6849999999995,0
2026-09-28 19:30:00+00:00,4133.67,4135.095,4129.4400000000005,4131.165,0
2026-09-28 19:35:00+00:00,4131.145,4134.5650000000005,4129.175,4129.3150000000005,0
2026-09-28 19:40:00+00:00,4129.34,4131.505,4128.48,4129.5,0
2026-09-28 19:45:00+00:00,4129.51,4129.525,4125.24,4125.88,0
2026-09-28 19:50:00+00:00,4125.9,4127.28,4123.5,4123.9349999999995,0
2026-09-28 19:55:00+00:00,4123.924999999999,4125.115,4122.47,4123.285,0
2026-09-28 20:00:00+00:00,4123.25,4123.719999999999,4120.41,4121.825,0
2026-09-28 20:05:00+00:00,4121.8150000000005,4122.27,4117.46,4118.35,0
2026-09-28 20:10:00+00:00,4118.42,4122.05,4118.115,4121.764999999999,0
2026-09-28 20:15:00+00:00,4121.73,4123.1,4121.39,4122.6849999999995,0
2026-09-28 20:20:00+00:00,4122.655,4123.645,4120.969999999999,4121.08,0
2026-09-28 20:25:00+00:00,4121.08,4121.085,4117.200000000001,4117.985000000001,0
2026-09-28 20:30:00+00:00,4118.02,4118.67,4115.655,4116.05,0
2026-09-28 20:35:00+00:00,4116.055,4117.085,4115.555,4116.52,0
2026-09-28 20:40:00+00:00,4116.504999999999,4118.139999999999,4113.75,4113.865,0
2026-09-28 20:45:00+00:00,4113.84,4114.62,4111.46,4112.785,0
2026-09-28 20:50:00+00:00,4112.79,4114.665,4111.46,4114.379999999999,0
2026-09-28 20:55:00+00:00,4114.365,4115.64,4113.0650000000005,4115.235000000001,0
2026-09-28 22:00:00+00:00,4116.360000000001,4121.065,4115.525,4120.9349999999995,0
2026-09-28 22:05:00+00:00,4120.975,4123.195,4120.83,4122.6849999999995,0
2026-09-28 22:10:00+00:00,4122.64,4122.79,4120.085,4122.610000000001,0
2026-09-28 22:15:00+00:00,4122.594999999999,4123.895,4122.345,4123.115,0
2026-09-28 22:20:00+00:00,4123.25,4126.799999999999,4123.174999999999,4125.275,0
2026-09-28 22:25:00+00:00,4125.280000000001,4126.645,4124.115,4125.4400000000005,0
2026-09-28 22:30:00+00:00,4125.465,4125.625,4121.325,4123.045,0
2026-09-28 22:35:00+00:00,4123.030000000001,4124.125,4122.200000000001,4122.325,0
2026-09-28 22:40:00+00:00,4122.299999999999,4125.389999999999,4122.200000000001,4123.975,0
2026-09-28 22:45:00+00:00,4123.955,4125.2,4123.875,4124.13,0
2026-09-28 22:50:00+00:00,4124.0650000000005,4124.25,4120.315,4121.71,0
2026-09-28 22:55:00+00:00,4121.705,4121.93,4121.15,4121.515,0
2026-09-28 23:00:00+00:00,4121.545,4123.605,4121.35,4122.195,0
2026-09-28 23:05:00+00:00,4122.16,4123.700000000001,4122.15,4122.88,0
2026-09-28 23:10:00+00:00,4122.865,4125.625,4122.51,4125.275,0
2026-09-28 23:15:00+00:00,4125.25,4125.844999999999,4124.07,4125.145,0
2026-09-28 23:20:00+00:00,4125.14,4126.415,4124.175,4126.395,0
2026-09-28 23:25:00+00:00,4126.38,4129.21,4126.335,4128.45,0
2026-09-28 23:30:00+00:00,4128.43,4129.105,4127.16,4127.225,0
2026-09-28 23:35:00+00:00,4127.25,4128.135,4125.77,4128.05,0
2026-09-28 23:40:00+00:00,4128.18,4128.235000000001,4125.84,4126.455,0
2026-09-28 23:45:00+00:00,4126.415,4126.805,4122.205,4123.46,0
2026-09-28 23:50:00+00:00,4123.469999999999,4125.465,4122.985000000001,4124.924999999999,0
2026-09-28 23:55:00+00:00,4124.945,4127.61,4123.799999999999,4127.4400000000005,0
2026-09-29 00:00:00+00:00,4127.445,4128.1849999999995,4123.54,4124.33,0
2026-09-29 00:05:00+00:00,4124.37,4126.4400000000005,4122.855,4122.945,0
2026-09-29 00:10:00+00:00,4122.95,4123.870000000001,4120.5,4122.42,0
2026-09-29 00:15:00+00:00,4122.425,4122.785,4114.67,4117.84,0
2026-09-29 00:20:00+00:00,4117.785,4119.9,4114.969999999999,4117.65,0
2026-09-29 00:25:00+00:00,4117.65,4122.865,4115.25,4121.35,0
2026-09-29 00:30:00+00:00,4121.405,4126.360000000001,4119.41,4125.42,0
2026-09-29 00:35:00+00:00,4125.405,4126.475,4122.665,4122.725,0
2026-09-29 00:40:00+00:00,4122.715,4124.195,4119.889999999999,4120.6,0
2026-09-29 00:45:00+00:00,4120.595,4120.73,4114.645,4117.8150000000005,0
2026-09-29 00:50:00+00:00,4117.79,4120.6,4114.635,4117.435,0
2026-09-29 00:55:00+00:00,4117.425,4122.200000000001,4116.785,4118.135,0
2026-09-29 01:00:00+00:00,4118.12,4124.764999999999,4113.585,4118.9,0
2026-09-29 01:05:00+00:00,4118.905,4123.355,4114.37,4120.825,0
2026-09-29 01:10:00+00:00,4120.844999999999,4125.325000000001,4117.83,4124.57,0
2026-09-29 01:15:00+00:00,4124.57,4128.085,4116.905,4124.389999999999,0
2026-09-29 01:20:00+00:00,4124.4,4130.875,4124.085,4130.32,0
2026-09-29 01:25:00+00:00,4130.325000000001,4132.04,4126.665,4130.345,0
2026-09-29 01:30:00+00:00,4130.355,4131.795,4126.860000000001,4131.0,0
2026-09-29 01:35:00+00:00,4130.99,4131.110000000001,4124.84,4125.21,0
2026-09-29 01:40:00+00:00,4125.225,4134.094999999999,4124.4349999999995,4134.025,0
2026-09-29 01:45:00+00:00,4134.0650000000005,4137.245,4132.82,4135.125,0
2026-09-29 01:50:00+00:00,4135.155000000001,4136.305,4130.41,4135.264999999999,0
2026-09-29 01:55:00+00:00,4135.33,4136.405000000001,4133.775,4135.46,0
2026-09-29 02:00:00+00:00,4135.45,4136.504999999999,4130.18,4131.115,0
2026-09-29 02:05:00+00:00,4131.125,4132.095,4126.6849999999995,4127.295,0
2026-09-29 02:10:00+00:00,4127.305,4133.0,4127.280000000001,4131.995,0
2026-09-29 02:15:00+00:00,4131.975,4135.120000000001,4131.135,4134.98,0
2026-09-29 02:20:00+00:00,4134.99,4136.165,4130.9349999999995,4133.47,0
2026-09-29 02:25:00+00:00,4133.48,4135.200000000001,4132.0,4134.98,0
2026-09-29 02:30:00+00:00,4134.969999999999,4138.115,4134.9349999999995,4137.485000000001,0
2026-09-29 02:35:00+00:00,4137.475,4137.585,4133.275,4136.22,0
2026-09-29 02:40:00+00:00,4136.245,4137.985000000001,4133.014999999999,4136.41,0
2026-09-29 02:45:00+00:00,4136.405000000001,4138.64,4135.5,4138.26,0
2026-09-29 02:50:00+00:00,4138.25,4138.8150000000005,4136.15,4137.415,0
2026-09-29 02:55:00+00:00,4137.41,4139.265,4136.145,4137.52,0
2026-09-29 03:00:00+00:00,4137.515,4139.45,4135.02,4135.095,0
2026-09-29 03:05:00+00:00,4135.105,4139.049999999999,4134.365,4135.969999999999,0
2026-09-29 03:10:00+00:00,4135.965,4136.29,4133.885,4135.0599999999995,0
2026-09-29 03:15:00+00:00,4135.0650000000005,4136.469999999999,4133.77,4134.639999999999,0
2026-09-29 03:20:00+00:00,4134.635,4137.514999999999,4134.35,4137.514999999999,0
2026-09-29 03:25:00+00:00,4137.525,4140.105,4135.959999999999,4139.65,0
2026-09-29 03:30:00+00:00,4139.645,4140.424999999999,4137.68,4138.53,0
2026-09-29 03:35:00+00:00,4138.535,4139.755,4136.38,4139.38,0
2026-09-29 03:40:00+00:00,4139.445,4140.465,4136.8150000000005,4136.95,0
2026-09-29 03:45:00+00:00,4136.965,4137.51,4134.555,4137.15,0
2026-09-29 03:50:00+00:00,4137.155,4137.17,4134.280000000001,4135.299999999999,0
2026-09-29 03:55:00+00:00,4135.33,4135.835,4131.4400000000005,4134.155000000001,0
2026-09-29 04:00:00+00:00,4134.135,4134.385,4131.5,4132.335,0
2026-09-29 04:05:00+00:00,4132.345,4132.445,4130.625,4132.34,0
2026-09-29 04:10:00+00:00,4132.28,4132.4349999999995,4129.83,4131.335,0
2026-09-29 04:15:00+00:00,4131.32,4132.34,4129.995,4130.725,0
2026-09-29 04:20:00+00:00,4130.700000000001,4131.174999999999,4129.41,4130.110000000001,0
2026-09-29 04:25:00+00:00,4130.075000000001,4130.41,4128.71,4130.03,0
2026-09-29 04:30:00+00:00,4130.014999999999,4132.0599999999995,4126.415,4126.424999999999,0
2026-09-29 04:35:00+00:00,4126.4400000000005,4127.09,4124.85,4125.99,0
2026-09-29 04:40:00+00:00,4125.995,4127.615,4125.305,4126.865,0
2026-09-29 04:45:00+00:00,4126.91,4127.785,4125.895,4126.605,0
2026-09-29 04:50:00+00:00,4126.6,4128.895,4126.13,4128.2,0
2026-09-29 04:55:00+00:00,4128.17,4128.17,4126.02,4126.6900000000005,0
2026-09-29 05:00:00+00:00,4126.665,4129.1849999999995,4126.08,4128.815,0
2026-09-29 05:05:00+00:00,4128.82,4130.5650000000005,4126.055,4130.105,0
2026-09-29 05:10:00+00:00,4130.1,4130.18,4126.945,4128.4400000000005,0
2026-09-29 05:15:00+00:00,4128.469999999999,4131.84,4126.895,4130.785,0
2026-09-29 05:20:00+00:00,4130.775,4133.209999999999,4129.389999999999,4131.965,0
2026-09-29 05:25:00+00:00,4131.955,4132.6900000000005,4128.76,4130.530000000001,0
2026-09-29 05:30:00+00:00,4130.514999999999,4130.57,4122.04,4124.469999999999,0
2026-09-29 05:35:00+00:00,4124.46,4135.715,4123.43,4135.6900000000005,0
2026-09-29 05:40:00+00:00,4135.68,4140.639999999999,4132.985000000001,4138.67,0
2026-09-29 05:45:00+00:00,4138.66,4139.26,4134.125,4136.879999999999,0
2026-09-29 05:50:00+00:00,4136.83,4145.24,4136.245,4142.335,0
2026-09-29 05:55:00+00:00,4142.46,4143.785,4137.015,4138.955,0
2026-09-29 06:00:00+00:00,4138.965,4143.51,4138.639999999999,4142.535,0
2026-09-29 06:05:00+00:00,4142.54,4145.725,4141.09,4143.969999999999,0
2026-09-29 06:10:00+00:00,4144.0,4148.38,4143.465,4146.98,0
2026-09-29 06:15:00+00:00,4146.965,4147.995,4140.41,4141.985,0
2026-09-29 06:20:00+00:00,4142.07,4146.245,4141.485000000001,4144.0599999999995,0
2026-09-29 06:25:00+00:00,4144.055,4144.8150000000005,4141.73,4143.35,0
2026-09-29 06:30:00+00:00,4143.325000000001,4145.62,4142.5650000000005,4143.879999999999,0
2026-09-29 06:35:00+00:00,4143.865,4144.54,4142.45,4143.49,0
2026-09-29 06:40:00+00:00,4143.495,4145.594999999999,4141.655000000001,4143.705,0
2026-09-29 06:45:00+00:00,4143.725,4143.725,4141.61,4142.3150000000005,0
2026-09-29 06:50:00+00:00,4142.295,4142.555,4139.945,4141.82,0
2026-09-29 06:55:00+00:00,4141.844999999999,4141.95,4138.96,4140.215,0
2026-09-29 07:00:00+00:00,4140.24,4141.21,4136.195,4140.8,0
2026-09-29 07:05:00+00:00,4140.805,4145.28,4140.805,4144.2,0
2026-09-29 07:10:00+00:00,4144.225,4144.754999999999,4141.860000000001,4144.1,0
2026-09-29 07:15:00+00:00,4144.105,4146.01,4142.535,4145.709999999999,0
2026-09-29 07:20:00+00:00,4145.6900000000005,4147.52,4144.545,4146.755,0
2026-09-29 07:25:00+00:00,4146.76,4149.195,4146.6,4146.745,0
2026-09-29 07:30:00+00:00,4146.725,4146.99,4141.05,4143.9400000000005,0
2026-09-29 07:35:00+00:00,4143.93,4148.995,4143.32,4145.139999999999,0
2026-09-29 07:40:00+00:00,4145.16,4146.360000000001,4141.65,4142.62,0
2026-09-29 07:45:00+00:00,4142.635,4143.275,4141.7,4142.135,0
2026-09-29 07:50:00+00:00,4142.15,4143.639999999999,4140.805,4140.92,0
2026-09-29 07:55:00+00:00,4140.865,4141.514999999999,4139.41,4141.1849999999995,0
2026-09-29 08:00:00+00:00,4141.17,4143.905,4140.32,4140.8099999999995,0
2026-09-29 08:05:00+00:00,4140.785,4140.91,4137.84,4139.389999999999,0
2026-09-29 08:10:00+00:00,4139.395,4141.76,4137.915,4140.9349999999995,0
2026-09-29 08:15:00+00:00,4140.93,4144.805,4140.88,4143.91,0
2026-09-29 08:20:00+00:00,4143.9349999999995,4146.755,4141.125,4141.959999999999,0
2026-09-29 08:25:00+00:00,4141.950000000001,4142.99,4139.875,4142.075000000001,0
2026-09-29 08:30:00+00:00,4142.055,4142.51,4137.85,4138.09,0
2026-09-29 08:35:00+00:00,4138.07,4141.469999999999,4137.955,4140.625,0
2026-09-29 08:40:00+00:00,4140.610000000001,4140.65,4138.71,4140.27,0
2026-09-29 08:45:00+00:00,4140.245,4142.200000000001,4139.045,4141.17,0
2026-09-29 08:50:00+00:00,4141.165,4141.665,4139.725,4140.08,0
2026-09-29 08:55:00+00:00,4140.049999999999,4141.424999999999,4137.59,4139.62,0
2026-09-29 09:00:00+00:00,4139.6,4144.195,4139.09,4144.155,0
2026-09-29 09:05:00+00:00,4144.165,4145.0,4140.629999999999,4141.8150000000005,0
2026-09-29 09:10:00+00:00,4141.885,4143.115,4139.865,4140.4349999999995,0
2026-09-29 09:15:00+00:00,4140.465,4143.49,4139.855,4143.424999999999,0
2026-09-29 09:20:00+00:00,4143.415,4143.98,4140.705,4141.1849999999995,0
2026-09-29 09:25:00+00:00,4141.174999999999,4141.99,4140.08,4140.085,0
2026-09-29 09:30:00+00:00,4140.139999999999,4142.325,4139.33,4140.865,0
2026-09-29 09:35:00+00:00,4140.85,4142.275,4140.06,4141.43,0
2026-09-29 09:40:00+00:00,4141.4349999999995,4146.19,4141.049999999999,4145.59,0
2026-09-29 09:45:00+00:00,4145.605,4148.385,4144.754999999999,4145.51,0
2026-09-29 09:50:00+00:00,4145.495,4148.030000000001,4141.945,4146.355,0
2026-09-29 09:55:00+00:00,4146.365,4148.235,4144.24,4145.57,0
2026-09-29 10:00:00+00:00,4145.59,4146.5,4143.025,4145.795,0
2026-09-29 10:05:00+00:00,4145.79,4150.77,4145.79,4150.110000000001,0
2026-09-29 10:10:00+00:00,4150.115,4150.495,4148.7,4148.98,0
2026-09-29 10:15:00+00:00,4148.995,4149.915,4148.04,4148.485,0
2026-09-29 10:20:00+00:00,4148.549999999999,4149.280000000001,4146.95,4148.3099999999995,0
2026-09-29 10:25:00+00:00,4148.295,4150.040000000001,4147.495,4150.040000000001,0
2026-09-29 10:30:00+00:00,4150.07,4151.125,4147.495,4147.785,0
2026-09-29 10:35:00+00:00,4147.805,4149.785,4147.375,4149.51,0
2026-09-29 10:40:00+00:00,4149.555,4151.0,4148.245,4150.98,0
2026-09-29 10:45:00+00:00,4150.96,4152.555,4149.83,4152.26,0
2026-09-29 10:50:00+00:00,4152.264999999999,4152.85,4151.025,4151.3150000000005,0
2026-09-29 10:55:00+00:00,4151.325,4154.785,4150.545,4153.8,0
2026-09-29 11:00:00+00:00,4153.79,4156.58,4152.79,4154.175,0
2026-09-29 11:05:00+00:00,4154.17,4156.49,4153.85,4155.75,0
2026-09-29 11:10:00+00:00,4155.764999999999,4157.014999999999,4154.15,4157.014999999999,0
2026-09-29 11:15:00+00:00,4157.040000000001,4158.004999999999,4156.41,4156.98,0
2026-09-29 11:20:00+00:00,4156.975,4160.745,4156.46,4160.585,0
2026-09-29 11:25:00+00:00,4160.594999999999,4161.505,4159.04,4159.65,0
2026-09-29 11:30:00+00:00,4159.675,4159.764999999999,4157.07,4158.755,0
2026-09-29 11:35:00+00:00,4158.745000000001,4159.43,4156.33,4156.88,0
2026-09-29 11:40:00+00:00,4156.875,4157.665,4150.969999999999,4151.96,0
2026-09-29 11:45:00+00:00,4151.99,4158.469999999999,4149.84,4158.15,0
2026-09-29 11:50:00+00:00,4158.145,4160.865,4153.795,4154.969999999999,0
2026-09-29 11:55:00+00:00,4154.950000000001,4156.52,4152.99,4153.450000000001,0
2026-09-29 12:00:00+00:00,4153.495,4158.96,4153.1849999999995,4157.725,0
2026-09-29 12:05:00+00:00,4157.77,4157.88,4153.785,4154.225,0
2026-09-29 12:10:00+00:00,4154.205,4155.23,4150.860000000001,4152.915,0
2026-09-29 12:15:00+00:00,4152.91,4157.155,4151.66,4152.795,0
2026-09-29 12:20:00+00:00,4152.77,4153.6849999999995,4148.605,4150.459999999999,0
2026-09-29 12:25:00+00:00,4150.52,4154.96,4150.445,4154.96,0
2026-09-29 12:30:00+00:00,4154.96,4159.02,4154.1,4156.255,0
2026-09-29 12:35:00+00:00,4156.285,4156.915,4151.89,4152.075000000001,0
2026-09-29 12:40:00+00:00,4152.07,4157.91,4151.110000000001,4156.75,0
2026-09-29 12:45:00+00:00,4156.755,4156.825,4152.075000000001,4154.585,0
2026-09-29 12:50:00+00:00,4154.639999999999,4156.07,4150.96,4151.82,0
2026-09-29 12:55:00+00:00,4151.775,4153.23,4149.6849999999995,4151.09,0
2026-09-29 13:00:00+00:00,4151.09,4154.945,4150.545,4154.63,0
2026-09-29 13:05:00+00:00,4154.610000000001,4159.71,4153.26,4158.17,0
2026-09-29 13:10:00+00:00,4158.1900000000005,4159.41,4155.63,4159.18,0
2026-09-29 13:15:00+00:00,4159.17,4160.025,4156.2,4158.504999999999,0
2026-09-29 13:20:00+00:00,4158.51,4159.7,4156.74,4158.725,0
2026-09-29 13:25:00+00:00,4158.719999999999,4159.18,4154.495,4154.98,0
2026-09-29 13:30:00+00:00,4154.99,4160.264999999999,4152.745,4153.98,0
2026-09-29 13:35:00+00:00,4154.075000000001,4162.14,4153.924999999999,4159.645,0
2026-09-29 13:40:00+00:00,4159.65,4163.465,4153.93,4155.635,0
2026-09-29 13:45:00+00:00,4155.59,4163.135,4153.58,4158.525,0
2026-09-29 13:50:00+00:00,4158.540000000001,4164.515,4158.29,4162.165,0
2026-09-29 13:55:00+00:00,4162.18,4162.46,4157.005,4157.475,0
2026-09-29 14:00:00+00:00,4157.59,4165.98,4157.35,4165.5,0
2026-09-29 14:05:00+00:00,4165.469999999999,4169.405000000001,4164.625,4167.46,0
2026-09-29 14:10:00+00:00,4167.455,4167.82,4164.905000000001,4166.51,0
2026-09-29 14:15:00+00:00,4166.5,4172.16,4165.305,4170.285,0
2026-09-29 14:20:00+00:00,4170.295,4175.335,4167.860000000001,4174.4349999999995,0
2026-09-29 14:25:00+00:00,4174.455,4175.08,4171.65,4172.6900000000005,0
2026-09-29 14:30:00+00:00,4172.675,4174.68,4167.795,4168.3,0
2026-09-29 14:35:00+00:00,4168.325,4169.365,4162.855,4164.87,0
2026-09-29 14:40:00+00:00,4164.845,4170.67,4164.79,4167.85,0
2026-09-29 14:45:00+00:00,4167.84,4168.07,4162.82,4164.46,0
2026-09-29 14:50:00+00:00,4164.455,4169.209999999999,4163.93,4167.92,0
2026-09-29 14:55:00+00:00,4167.93,4172.389999999999,4166.129999999999,4170.48,0
2026-09-29 15:00:00+00:00,4170.450000000001,4170.65,4166.76,4168.12,0
2026-09-29 15:05:00+00:00,4168.16,4168.445,4163.205,4163.790000000001,0
2026-09-29 15:10:00+00:00,4163.785,4165.360000000001,4160.95,4162.225,0
2026-09-29 15:15:00+00:00,4162.22,4163.045,4159.495,4160.105,0
2026-09-29 15:20:00+00:00,4160.085,4160.790000000001,4153.9349999999995,4156.68,0
2026-09-29 15:25:00+00:00,4156.6849999999995,4157.225,4148.345,4152.43,0
2026-09-29 15:30:00+00:00,4152.445,4158.030000000001,4150.895,4157.355,0
2026-09-29 15:35:00+00:00,4157.3150000000005,4159.145,4155.82,4157.39,0
2026-09-29 15:40:00+00:00,4157.385,4157.87,4153.6849999999995,4155.46,0
2026-09-29 15:45:00+00:00,4155.465,4162.09,4155.08,4159.145,0
2026-09-29 15:50:00+00:00,4159.15,4159.66,4153.719999999999,4155.76,0
2026-09-29 15:55:00+00:00,4155.719999999999,4158.93,4154.6,4158.26,0
2026-09-29 16:00:00+00:00,4158.245,4158.99,4152.790000000001,4153.1,0
2026-09-29 16:05:00+00:00,4153.094999999999,4153.3,4150.785,4152.26,0
2026-09-29 16:10:00+00:00,4152.24,4154.1,4150.4349999999995,4150.635,0
2026-09-29 16:15:00+00:00,4150.629999999999,4152.73,4149.895,4150.8150000000005,0
2026-09-29 16:20:00+00:00,4150.825000000001,4152.765,4149.3150000000005,4152.045,0
2026-09-29 16:25:00+00:00,4152.04,4154.8,4151.98,4153.700000000001,0
2026-09-29 16:30:00+00:00,4153.719999999999,4154.21,4152.395,4153.700000000001,0
2026-09-29 16:35:00+00:00,4153.625,4155.16,4151.620000000001,4152.799999999999,0
2026-09-29 16:40:00+00:00,4152.785,4153.04,4147.43,4147.5,0
2026-09-29 16:45:00+00:00,4147.5,4148.895,4144.835,4148.389999999999,0
2026-09-29 16:50:00+00:00,4148.4,4150.76,4146.915,4147.505,0
2026-09-29 16:55:00+00:00,4147.485000000001,4147.514999999999,4144.4,4145.695,0
2026-09-29 17:00:00+00:00,4145.69,4147.655,4144.49,4147.345,0
2026-09-29 17:05:00+00:00,4147.370000000001,4148.120000000001,4144.389999999999,4145.51,0
2026-09-29 17:10:00+00:00,4145.48,4148.205,4145.415,4147.360000000001,0
2026-09-29 17:15:00+00:00,4147.33,4148.655000000001,4146.145,4147.594999999999,0
2026-09-29 17:20:00+00:00,4147.615,4148.655000000001,4145.825,4147.764999999999,0
2026-09-29 17:25:00+00:00,4147.76,4148.63,4146.085,4148.389999999999,0
2026-09-29 17:30:00+00:00,4148.385,4149.245,4146.575000000001,4147.6900000000005,0
2026-09-29 17:35:00+00:00,4147.6849999999995,4147.985,4144.77,4145.405,0
2026-09-29 17:40:00+00:00,4145.4400000000005,4145.75,4143.65,4144.98,0
2026-09-29 17:45:00+00:00,4145.0,4147.525,4143.3150000000005,4144.85,0
2026-09-29 17:50:00+00:00,4144.87,4146.34,4142.725,4143.004999999999,0
2026-09-29 17:55:00+00:00,4143.055,4144.3,4142.375,4144.129999999999,0
2026-09-29 18:00:00+00:00,4144.110000000001,4163.719999999999,4144.094999999999,4163.02,0
2026-09-29 18:05:00+00:00,4163.0,4164.865,4156.0599999999995,4157.56,0
2026-09-29 18:10:00+00:00,4157.55,4167.91,4157.485,4166.13,0
2026-09-29 18:15:00+00:00,4166.14,4170.055,4165.75,4166.055,0
2026-09-29 18:20:00+00:00,4166.035,4168.71,4162.925,4163.015,0
2026-09-29 18:25:00+00:00,4163.02,4168.87,4162.450000000001,4165.84,0
2026-09-29 18:30:00+00:00,4165.799999999999,4170.34,4160.205,4164.505,0
2026-09-29 18:35:00+00:00,4164.48,4175.24,4163.84,4174.655000000001,0
2026-09-29 18:40:00+00:00,4174.620000000001,4175.645,4169.34,4170.43,0
2026-09-29 18:45:00+00:00,4170.44,4170.595,4165.115,4166.0599999999995,0
2026-09-29 18:50:00+00:00,4166.055,4171.38,4164.68,4168.745,0
2026-09-29 18:55:00+00:00,4168.705,4172.54,4167.780000000001,4171.049999999999,0
2026-09-29 19:00:00+00:00,4171.01,4173.54,4170.085,4172.415,0
2026-09-29 19:05:00+00:00,4172.445,4173.045,4170.1,4170.67,0
2026-09-29 19:10:00+00:00,4170.665,4170.754999999999,4167.895,4168.655,0
2026-09-29 19:15:00+00:00,4168.665,4170.83,4167.870000000001,4170.46,0
2026-09-29 19:20:00+00:00,4170.445,4171.83,4169.344999999999,4169.594999999999,0
2026-09-29 19:25:00+00:00,4169.635,4171.615,4168.6,4171.59,0
2026-09-29 19:30:00+00:00,4171.535,4171.674999999999,4169.67,4170.98,0
2026-09-29 19:35:00+00:00,4170.985000000001,4173.969999999999,4170.785,4172.7,0
2026-09-29 19:40:00+00:00,4172.6900000000005,4172.870000000001,4170.36,4172.67,0
2026-09-29 19:45:00+00:00,4172.655,4172.81,4170.205,4170.82,0
2026-09-29 19:50:00+00:00,4170.83,4175.02,4169.985,4174.085,0
2026-09-29 19:55:00+00:00,4174.105,4177.610000000001,4172.795,4177.4349999999995,0
2026-09-29 20:00:00+00:00,4177.465,4177.514999999999,4173.67,4174.52,0
2026-09-29 20:05:00+00:00,4174.53,4176.13,4173.81,4175.9,0
2026-09-29 20:10:00+00:00,4175.875,4175.905,4172.215,4172.22,0
2026-09-29 20:15:00+00:00,4172.225,4174.005,4171.735000000001,4173.48,0
2026-09-29 20:20:00+00:00,4173.5,4175.585,4173.15,4174.145,0
2026-09-29 20:25:00+00:00,4174.165,4176.5650000000005,4173.915,4175.795,0
2026-09-29 20:30:00+00:00,4175.8150000000005,4178.84,4175.035,4177.9349999999995,0
2026-09-29 20:35:00+00:00,4177.9400000000005,4181.75,4177.764999999999,4181.195,0
2026-09-29 20:40:00+00:00,4181.1849999999995,4185.174999999999,4181.07,4185.174999999999,0
2026-09-29 20:45:00+00:00,4185.15,4185.225,4181.855,4181.87,0
2026-09-29 20:50:00+00:00,4181.88,4182.035,4179.23,4180.365,0
2026-09-29 20:55:00+00:00,4180.360000000001,4182.16,4180.295,4181.91,0
2026-09-29 22:00:00+00:00,4184.110000000001,4184.110000000001,4182.465,4183.525,0
2026-09-29 22:05:00+00:00,4183.555,4183.625,4180.094999999999,4182.545,0
2026-09-29 22:10:00+00:00,4182.555,4183.22,4181.365,4181.6849999999995,0
2026-09-29 22:15:00+00:00,4181.6900000000005,4182.12,4180.85,4181.785,0
2026-09-29 22:20:00+00:00,4181.795,4182.639999999999,4181.49,4182.35,0
2026-09-29 22:25:00+00:00,4182.355,4182.4400000000005,4179.92,4180.139999999999,0
2026-09-29 22:30:00+00:00,4180.165,4180.4,4178.879999999999,4178.889999999999,0
2026-09-29 22:35:00+00:00,4178.9400000000005,4179.110000000001,4176.87,4178.25,0
2026-09-29 22:40:00+00:00,4178.21,4178.785,4177.67,4177.76,0
2026-09-29 22:45:00+00:00,4177.725,4178.77,4177.51,4178.4,0
2026-09-29 22:50:00+00:00,4178.450000000001,4179.465,4177.77,4179.255,0
2026-09-29 22:55:00+00:00,4179.264999999999,4180.264999999999,4178.639999999999,4178.8099999999995,0
2026-09-29 23:00:00+00:00,4178.865,4180.915,4178.865,4179.68,0
2026-09-29 23:05:00+00:00,4179.67,4181.3150000000005,4179.665,4181.045,0
2026-09-29 23:10:00+00:00,4181.0599999999995,4182.255,4180.3150000000005,4182.24,0
2026-09-29 23:15:00+00:00,4182.3150000000005,4183.885,4182.245,4182.805,0
2026-09-29 23:20:00+00:00,4182.8,4182.96,4180.01,4181.219999999999,0
2026-09-29 23:25:00+00:00,4181.21,4181.975,4180.67,4181.055,0
2026-09-29 23:30:00+00:00,4181.09,4181.105,4178.675,4179.57,0
2026-09-29 23:35:00+00:00,4179.525,4180.025,4179.085,4179.6849999999995,0
2026-09-29 23:40:00+00:00,4179.725,4180.725,4179.205,4180.16,0
2026-09-29 23:45:00+00:00,4180.11,4185.385,4179.95,4184.74,0
2026-09-29 23:50:00+00:00,4184.76,4187.6,4183.77,4187.13,0
2026-09-29 23:55:00+00:00,4187.12,4187.674999999999,4184.775,4185.065,0
2026-09-30 00:00:00+00:00,4185.045,4187.575000000001,4182.76,4183.815,0
2026-09-30 00:05:00+00:00,4183.855,4185.45,4182.9349999999995,4184.895,0
2026-09-30 00:10:00+00:00,4184.88,4185.865,4183.674999999999,4184.01,0
2026-09-30 00:15:00+00:00,4184.045,4185.455,4181.645,4182.6849999999995,0
2026-09-30 00:20:00+00:00,4182.695,4184.469999999999,4181.33,4182.025,0
2026-09-30 00:25:00+00:00,4181.969999999999,4183.505,4181.585,4182.610000000001,0
2026-09-30 00:30:00+00:00,4182.59,4184.51,4180.924999999999,4182.785,0
2026-09-30 00:35:00+00:00,4182.805,4184.245000000001,4178.63,4179.639999999999,0
2026-09-30 00:40:00+00:00,4179.6849999999995,4181.7,4178.165,4178.92,0
2026-09-30 00:45:00+00:00,4178.905000000001,4179.62,4177.155,4177.495,0
2026-09-30 00:50:00+00:00,4177.504999999999,4180.05,4176.785,4178.0599999999995,0
2026-09-30 00:55:00+00:00,4178.08,4180.299999999999,4176.620000000001,4176.639999999999,0
2026-09-30 01:00:00+00:00,4176.635,4181.505,4175.32,4179.035,0
2026-09-30 01:05:00+00:00,4179.0650000000005,4179.6900000000005,4174.475,4174.945,0
2026-09-30 01:10:00+00:00,4174.924999999999,4175.700000000001,4172.02,4172.59,0
2026-09-30 01:15:00+00:00,4172.57,4174.635,4170.88,4172.04,0
2026-09-30 01:20:00+00:00,4171.98,4172.74,4169.014999999999,4170.26,0
2026-09-30 01:25:00+00:00,4170.265,4170.705,4167.835,4167.86,0
2026-09-30 01:30:00+00:00,4167.85,4173.71,4167.45,4169.775,0
2026-09-30 01:35:00+00:00,4169.75,4172.014999999999,4168.094999999999,4169.02,0
2026-09-30 01:40:00+00:00,4169.03,4170.615,4167.715,4169.58,0
2026-09-30 01:45:00+00:00,4169.575000000001,4171.96,4168.17,4170.93,0
2026-09-30 01:50:00+00:00,4170.965,4172.6900000000005,4170.299999999999,4172.255,0
2026-09-30 01:55:00+00:00,4172.23,4173.555,4171.16,4172.62,0
2026-09-30 02:00:00+00:00,4172.625,4174.92,4172.41,4173.764999999999,0
2026-09-30 02:05:00+00:00,4173.76,4178.325,4173.27,4177.0650000000005,0
2026-09-30 02:10:00+00:00,4177.075,4178.7,4175.62,4176.91,0
2026-09-30 02:15:00+00:00,4176.92,4179.5599999999995,4176.81,4177.34,0
2026-09-30 02:20:00+00:00,4177.385,4180.48,4177.0599999999995,4177.805,0
2026-09-30 02:25:00+00:00,4177.795,4178.65,4175.475,4175.719999999999,0
2026-09-30 02:30:00+00:00,4175.705,4176.605,4171.245,4173.25,0
2026-09-30 02:35:00+00:00,4173.27,4178.86,4172.9400000000005,4177.725,0
2026-09-30 02:40:00+00:00,4177.72,4178.799999999999,4175.705,4178.76,0
2026-09-30 02:45:00+00:00,4178.780000000001,4183.995,4178.77,4182.615,0
2026-09-30 02:50:00+00:00,4182.625,4184.53,4180.67,4181.07,0
2026-09-30 02:55:00+00:00,4181.0599999999995,4182.73,4178.1900000000005,4179.405000000001,0
2026-09-30 03:00:00+00:00,4179.385,4182.3150000000005,4179.245000000001,4181.955,0
2026-09-30 03:05:00+00:00,4181.9349999999995,4181.945,4179.54,4180.49,0
2026-09-30 03:10:00+00:00,4180.48,4180.700000000001,4177.605,4178.28,0
2026-09-30 03:15:00+00:00,4178.305,4180.335,4177.139999999999,4180.125,0
2026-09-30 03:20:00+00:00,4180.040000000001,4180.555,4178.135,4179.575,0
2026-09-30 03:25:00+00:00,4179.58,4181.035,4178.54,4180.969999999999,0
2026-09-30 03:30:00+00:00,4180.99,4181.075000000001,4174.87,4175.485,0
2026-09-30 03:35:00+00:00,4175.48,4177.63,4173.93,4177.225,0
2026-09-30 03:40:00+00:00,4177.255,4177.35,4174.43,4175.32,0
2026-09-30 03:45:00+00:00,4175.3150000000005,4175.71,4173.139999999999,4173.425,0
2026-09-30 03:50:00+00:00,4173.455,4174.16,4171.48,4173.73,0
2026-09-30 03:55:00+00:00,4173.73,4175.265,4172.525,4172.790000000001,0
2026-09-30 04:00:00+00:00,4172.780000000001,4176.225,4172.52,4175.825000000001,0
2026-09-30 04:05:00+00:00,4175.8150000000005,4176.264999999999,4172.17,4172.945,0
2026-09-30 04:10:00+00:00,4172.955,4173.915,4172.115,4173.76,0
2026-09-30 04:15:00+00:00,4173.790000000001,4178.014999999999,4173.71,4176.955,0
2026-09-30 04:20:00+00:00,4176.92,4177.93,4176.465,4177.504999999999,0
2026-09-30 04:25:00+00:00,4177.514999999999,4179.42,4177.255,4177.785,0
2026-09-30 04:30:00+00:00,4177.775,4178.855,4177.15,4178.545,0
2026-09-30 04:35:00+00:00,4178.54,4183.38,4178.525,4182.865,0
2026-09-30 04:40:00+00:00,4182.855,4184.950000000001,4180.955,4180.965,0
2026-09-30 04:45:00+00:00,4180.98,4181.74,4178.335,4178.754999999999,0
2026-09-30 04:50:00+00:00,4178.75,4179.209999999999,4177.45,4178.645,0
2026-09-30 04:55:00+00:00,4178.674999999999,4179.174999999999,4177.795,4178.895,0
2026-09-30 05:00:00+00:00,4178.915,4182.389999999999,4178.585,4180.24,0
2026-09-30 05:05:00+00:00,4180.235000000001,4180.715,4176.16,4176.305,0
2026-09-30 05:10:00+00:00,4176.33,4177.83,4172.485000000001,4172.485000000001,0
2026-09-30 05:15:00+00:00,4172.469999999999,4172.51,4165.65,4169.5650000000005,0
2026-09-30 05:20:00+00:00,4169.57,4171.625,4168.475,4171.325000000001,0
2026-09-30 05:25:00+00:00,4171.33,4175.235000000001,4170.295,4174.755,0
2026-09-30 05:30:00+00:00,4174.745,4179.945,4172.74,4177.605,0
2026-09-30 05:35:00+00:00,4177.594999999999,4180.049999999999,4174.82,4175.799999999999,0
2026-09-30 05:40:00+00:00,4175.79,4177.889999999999,4173.745,4175.615,0
2026-09-30 05:45:00+00:00,4175.62,4177.1849999999995,4174.735,4176.355,0
2026-09-30 05:50:00+00:00,4176.35,4176.385,4174.34,4175.555,0
2026-09-30 05:55:00+00:00,4175.6,4181.1849999999995,4173.675,4178.155,0
2026-09-30 06:00:00+00:00,4178.175,4181.235000000001,4176.35,4181.235000000001,0
2026-09-30 06:05:00+00:00,4181.25,4182.165,4179.655,4181.1849999999995,0
2026-09-30 06:10:00+00:00,4181.165,4184.545,4181.165,4183.155,0
2026-09-30 06:15:00+00:00,4183.145,4184.895,4179.465,4179.48,0
2026-09-30 06:20:00+00:00,4179.469999999999,4183.32,4179.115,4182.145,0
2026-09-30 06:25:00+00:00,4182.135,4182.535,4179.305,4179.95,0
2026-09-30 06:30:00+00:00,4179.975,4180.96,4178.875,4180.280000000001,0
2026-09-30 06:35:00+00:00,4180.29,4183.32,4179.215,4180.125,0
2026-09-30 06:40:00+00:00,4180.115,4182.495,4179.005,4182.365,0
2026-09-30 06:45:00+00:00,4182.395,4182.625,4179.5650000000005,4181.83,0
2026-09-30 06:50:00+00:00,4181.879999999999,4193.915,4181.635,4191.379999999999,0
2026-09-30 06:55:00+00:00,4191.360000000001,4195.200000000001,4190.95,4191.049999999999,0
2026-09-30 07:00:00+00:00,4191.035,4195.38,4189.67,4193.77,0
2026-09-30 07:05:00+00:00,4193.8,4198.01,4191.91,4194.129999999999,0
2026-09-30 07:10:00+00:00,4194.120000000001,4195.855,4192.379999999999,4194.514999999999,0
2026-09-30 07:15:00+00:00,4194.525,4197.865,4194.165,4196.895,0
2026-09-30 07:20:00+00:00,4196.9,4201.450000000001,4195.66,4201.215,0
2026-09-30 07:25:00+00:00,4201.225,4201.25,4194.219999999999,4195.219999999999,0
2026-09-30 07:30:00+00:00,4195.2,4196.41,4193.6900000000005,4194.705,0
2026-09-30 07:35:00+00:00,4194.715,4199.15,4194.715,4197.015,0
2026-09-30 07:40:00+00:00,4197.025,4197.855,4191.5650000000005,4192.27,0
2026-09-30 07:45:00+00:00,4192.28,4195.8099999999995,4191.375,4195.73,0
2026-09-30 07:50:00+00:00,4195.725,4197.18,4194.41,4195.2,0
2026-09-30 07:55:00+00:00,4195.205,4195.860000000001,4191.98,4193.65,0
2026-09-30 08:00:00+00:00,4193.6,4196.965,4192.65,4194.455,0
2026-09-30 08:05:00+00:00,4194.495000000001,4196.48,4193.0599999999995,4195.855,0
2026-09-30 08:10:00+00:00,4195.885,4195.975,4193.77,4194.875,0
2026-09-30 08:15:00+00:00,4194.865,4199.76,4193.705,4197.505,0
2026-09-30 08:20:00+00:00,4197.465,4201.48,4197.35,4200.530000000001,0
2026-09-30 08:25:00+00:00,4200.55,4201.92,4198.344999999999,4198.96,0
2026-09-30 08:30:00+00:00,4198.9349999999995,4201.48,4197.715,4200.645,0
2026-09-30 08:35:00+00:00,4200.615,4202.38,4199.885,4201.32,0
2026-09-30 08:40:00+00:00,4201.3150000000005,4201.655,4197.46,4198.035,0
2026-09-30 08:45:00+00:00,4198.01,4199.639999999999,4196.9349999999995,4197.514999999999,0
2026-09-30 08:50:00+00:00,4197.5,4198.135,4194.14,4194.74,0
2026-09-30 08:55:00+00:00,4194.754999999999,4194.77,4191.3,4191.92,0
2026-09-30 09:00:00+00:00,4191.925,4193.69,4191.26,4193.655000000001,0
2026-09-30 09:05:00+00:00,4193.645,4195.115,4190.725,4191.62,0
2026-09-30 09:10:00+00:00,4191.610000000001,4192.05,4187.76,4190.91,0
2026-09-30 09:15:00+00:00,4190.85,4191.16,4188.425,4188.495,0
2026-09-30 09:20:00+00:00,4188.5,4188.969999999999,4184.379999999999,4185.08,0
2026-09-30 09:25:00+00:00,4185.0650000000005,4188.18,4183.0599999999995,4185.74,0
2026-09-30 09:30:00+00:00,4185.77,4190.84,4185.68,4189.925,0
2026-09-30 09:35:00+00:00,4189.95,4190.23,4187.43,4187.475,0
2026-09-30 09:40:00+00:00,4187.465,4188.485,4187.225,4188.305,0
2026-09-30 09:45:00+00:00,4188.3099999999995,4189.52,4185.62,4187.49,0
2026-09-30 09:50:00+00:00,4187.495,4188.245000000001,4186.095,4187.335,0
2026-09-30 09:55:00+00:00,4187.335,4189.49,4186.639999999999,4187.96,0
2026-09-30 10:00:00+00:00,4187.955,4189.925,4186.48,4189.88,0
2026-09-30 10:05:00+00:00,4189.895,4190.8099999999995,4187.1849999999995,4187.705,0
2026-09-30 10:10:00+00:00,4187.709999999999,4189.01,4186.335,4188.95,0
2026-09-30 10:15:00+00:00,4188.870000000001,4188.870000000001,4185.01,4185.38,0
2026-09-30 10:20:00+00:00,4185.375,4189.005,4184.8099999999995,4186.790000000001,0
2026-09-30 10:25:00+00:00,4186.775,4190.635,4186.49,4188.1849999999995,0
2026-09-30 10:30:00+00:00,4188.205,4189.395,4186.59,4186.73,0
2026-09-30 10:35:00+00:00,4186.74,4189.43,4186.52,4188.79,0
2026-09-30 10:40:00+00:00,4188.8150000000005,4189.24,4184.040000000001,4184.045,0
2026-09-30 10:45:00+00:00,4184.07,4186.0650000000005,4182.52,4184.945,0
2026-09-30 10:50:00+00:00,4184.965,4184.965,4181.514999999999,4184.385,0
2026-09-30 10:55:00+00:00,4184.385,4186.605,4183.1849999999995,4184.790000000001,0
2026-09-30 11:00:00+00:00,4184.799999999999,4185.38,4183.905000000001,4184.48,0
2026-09-30 11:05:00+00:00,4184.49,4185.0599999999995,4179.99,4180.205,0
2026-09-30 11:10:00+00:00,4180.1900000000005,4180.785,4178.9,4180.42,0
2026-09-30 11:15:00+00:00,4180.405,4180.67,4178.110000000001,4178.110000000001,0
2026-09-30 11:20:00+00:00,4178.105,4182.5,4176.575,4182.01,0
2026-09-30 11:25:00+00:00,4182.0,4185.110000000001,4181.5599999999995,4183.610000000001,0
2026-09-30 11:30:00+00:00,4183.615,4186.77,4182.655000000001,4186.695,0
2026-09-30 11:35:00+00:00,4186.7,4192.4,4186.2,4189.925,0
2026-09-30 11:40:00+00:00,4189.92,4190.35,4186.105,4186.54,0
2026-09-30 11:45:00+00:00,4186.545,4187.25,4183.24,4184.895,0
2026-09-30 11:50:00+00:00,4184.885,4187.030000000001,4183.795,4185.605,0
2026-09-30 11:55:00+00:00,4185.639999999999,4186.795,4183.87,4186.615,0
2026-09-30 12:00:00+00:00,4186.59,4189.35,4185.095,4188.43,0
2026-09-30 12:05:00+00:00,4188.469999999999,4188.9,4185.195,4188.5650000000005,0
2026-09-30 12:10:00+00:00,4188.585,4194.98,4188.280000000001,4194.535,0
2026-09-30 12:15:00+00:00,4194.52,4194.57,4189.0599999999995,4189.445,0
2026-09-30 12:20:00+00:00,4189.4400000000005,4191.525,4182.9,4190.465,0
2026-09-30 12:25:00+00:00,4190.475,4193.485000000001,4187.91,4193.215,0
2026-09-30 12:30:00+00:00,4193.225,4219.08,4193.15,4215.505,0
2026-09-30 12:35:00+00:00,4215.465,4219.37,4204.6,4206.139999999999,0
2026-09-30 12:40:00+00:00,4205.99,4216.415,4205.62,4214.715,0
2026-09-30 12:45:00+00:00,4214.725,4218.87,4207.33,4210.305,0
2026-09-30 12:50:00+00:00,4210.3099999999995,4213.745,4206.465,4212.535,0
2026-09-30 12:55:00+00:00,4212.545,4216.389999999999,4206.28,4208.575,0
2026-09-30 13:00:00+00:00,4208.5650000000005,4214.63,4206.889999999999,4208.1849999999995,0
2026-09-30 13:05:00+00:00,4208.165,4211.99,4205.3150000000005,4207.35,0
2026-09-30 13:10:00+00:00,4207.365,4207.370000000001,4201.56,4202.65,0
2026-09-30 13:15:00+00:00,4202.639999999999,4204.040000000001,4194.65,4196.01,0
2026-09-30 13:20:00+00:00,4196.0,4197.705,4191.115,4193.5650000000005,0
2026-09-30 13:25:00+00:00,4193.58,4197.8150000000005,4193.01,4193.425,0
2026-09-30 13:30:00+00:00,4193.42,4195.73,4188.1849999999995,4193.135,0
2026-09-30 13:35:00+00:00,4193.125,4193.915,4183.965,4186.65,0
2026-09-30 13:40:00+00:00,4186.620000000001,4188.505,4181.82,4183.5599999999995,0
2026-09-30 13:45:00+00:00,4183.55,4185.21,4177.47,4181.27,0
2026-09-30 13:50:00+00:00,4181.275,4183.16,4176.825,4182.585,0
2026-09-30 13:55:00+00:00,4182.595,4184.219999999999,4177.335,4177.549999999999,0
2026-09-30 14:00:00+00:00,4177.5599999999995,4179.475,4174.405,4178.805,0
2026-09-30 14:05:00+00:00,4178.795,4183.379999999999,4175.705,4181.719999999999,0
2026-09-30 14:10:00+00:00,4181.709999999999,4184.05,4178.575,4180.555,0
2026-09-30 14:15:00+00:00,4180.55,4183.23,4173.67,4177.0,0
2026-09-30 14:20:00+00:00,4176.995,4180.22,4172.51,4173.625,0
2026-09-30 14:25:00+00:00,4173.645,4174.26,4169.94,4171.67,0
2026-09-30 14:30:00+00:00,4171.655000000001,4175.24,4167.045,4170.035,0
2026-09-30 14:35:00+00:00,4170.05,4171.775,4164.27,4168.34,0
2026-09-30 14:40:00+00:00,4168.35,4173.360000000001,4166.305,4169.47,0
2026-09-30 14:45:00+00:00,4169.495000000001,4173.965,4168.8150000000005,4173.344999999999,0
2026-09-30 14:50:00+00:00,4173.360000000001,4176.9349999999995,4168.655000000001,4175.014999999999,0
2026-09-30 14:55:00+00:00,4175.04,4176.88,4165.33,4165.73,0
2026-09-30 15:00:00+00:00,4165.6849999999995,4168.215,4162.155000000001,4167.675,0
2026-09-30 15:05:00+00:00,4167.6900000000005,4168.335,4159.68,4162.23,0
2026-09-30 15:10:00+00:00,4162.24,4165.74,4158.24,4164.075,0
2026-09-30 15:15:00+00:00,4164.085,4166.08,4158.865,4159.719999999999,0
2026-09-30 15:20:00+00:00,4159.764999999999,4159.92,4155.605,4155.805,0
2026-09-30 15:25:00+00:00,4155.83,4158.1849999999995,4151.415,4156.625,0
2026-09-30 15:30:00+00:00,4156.65,4163.889999999999,4156.65,4159.46,0
2026-09-30 15:35:00+00:00,4159.49,4160.59,4155.46,4157.82,0
2026-09-30 15:40:00+00:00,4157.845,4158.995,4155.62,4157.32,0
2026-09-30 15:45:00+00:00,4157.365,4161.299999999999,4156.48,4160.905000000001,0
2026-09-30 15:50:00+00:00,4160.9400000000005,4161.875,4154.18,4154.1849999999995,0
2026-09-30 15:55:00+00:00,4154.1900000000005,4157.165,4153.9,4157.165,0
2026-09-30 16:00:00+00:00,4157.139999999999,4161.6849999999995,4155.59,4160.49,0
2026-09-30 16:05:00+00:00,4160.465,4161.135,4156.395,4158.855,0
2026-09-30 16:10:00+00:00,4158.86,4161.6,4157.31,4161.265,0
2026-09-30 16:15:00+00:00,4161.25,4161.99,4157.485,4160.4400000000005,0
2026-09-30 16:20:00+00:00,4160.41,4163.26,4160.345,4162.870000000001,0
2026-09-30 16:25:00+00:00,4162.889999999999,4163.145,4159.375,4161.16,0
2026-09-30 16:30:00+00:00,4161.17,4161.639999999999,4157.295,4157.799999999999,0
2026-09-30 16:35:00+00:00,4157.8099999999995,4161.025,4154.82,4159.5650000000005,0
2026-09-30 16:40:00+00:00,4159.5599999999995,4161.139999999999,4158.725,4160.295,0
2026-09-30 16:45:00+00:00,4160.325000000001,4160.54,4157.485000000001,4158.195,0
2026-09-30 16:50:00+00:00,4158.19,4160.83,4157.700000000001,4158.120000000001,0
2026-09-30 16:55:00+00:00,4158.115,4159.174999999999,4156.49,4157.525,0
2026-09-30 17:00:00+00:00,4157.56,4158.62,4155.475,4156.52,0
2026-09-30 17:05:00+00:00,4156.525,4157.1849999999995,4153.37,4153.4400000000005,0
2026-09-30 17:10:00+00:00,4153.46,4155.66,4150.99,4153.73,0
2026-09-30 17:15:00+00:00,4153.74,4154.175,4149.9400000000005,4151.62,0
2026-09-30 17:20:00+00:00,4151.59,4155.43,4150.34,4155.290000000001,0
2026-09-30 17:25:00+00:00,4155.25,4156.99,4153.18,4155.950000000001,0
2026-09-30 17:30:00+00:00,4155.9400000000005,4156.09,4150.76,4150.855,0
2026-09-30 17:35:00+00:00,4150.875,4153.67,4150.87,4153.540000000001,0
2026-09-30 17:40:00+00:00,4153.530000000001,4153.695,4150.344999999999,4150.610000000001,0
2026-09-30 17:45:00+00:00,4150.605,4151.555,4147.475,4149.66,0
2026-09-30 17:50:00+00:00,4149.6849999999995,4151.605,4148.610000000001,4149.15,0
2026-09-30 17:55:00+00:00,4149.165,4152.05,4148.655,4151.5650000000005,0
2026-09-30 18:00:00+00:00,4151.5599999999995,4151.585,4148.8150000000005,4150.305,0
2026-09-30 18:05:00+00:00,4150.275,4151.04,4147.635,4150.299999999999,0
2026-09-30 18:10:00+00:00,4150.325,4151.0,4149.0,4150.07,0
2026-09-30 18:15:00+00:00,4150.07,4151.139999999999,4148.835,4149.775,0
2026-09-30 18:20:00+00:00,4149.765,4152.045,4149.765,4151.895,0
2026-09-30 18:25:00+00:00,4151.885,4154.985000000001,4151.16,4154.405,0
2026-09-30 18:30:00+00:00,4154.42,4155.145,4152.040000000001,4152.555,0
2026-09-30 18:35:00+00:00,4152.58,4154.715,4151.995,4153.67,0
2026-09-30 18:40:00+00:00,4153.6849999999995,4154.505,4151.225,4152.475,0
2026-09-30 18:45:00+00:00,4152.49,4152.9400000000005,4150.35,4150.6900000000005,0
2026-09-30 18:50:00+00:00,4150.700000000001,4152.115,4150.375,4151.97,0
2026-09-30 18:55:00+00:00,4151.965,4152.37,4150.265,4151.9400000000005,0
2026-09-30 19:00:00+00:00,4151.950000000001,4153.82,4151.085,4153.7,0
2026-09-30 19:05:00+00:00,4153.695,4154.025,4151.54,4152.1849999999995,0
2026-09-30 19:10:00+00:00,4152.205,4153.875,4149.35,4153.24,0
2026-09-30 19:15:00+00:00,4153.254999999999,4153.275,4150.255,4152.615,0
2026-09-30 19:20:00+00:00,4152.62,4155.905,4152.07,4153.635,0
2026-09-30 19:25:00+00:00,4153.625,4154.865,4151.88,4154.325000000001,0
2026-09-30 19:30:00+00:00,4154.32,4155.6,4153.66,4154.675,0
2026-09-30 19:35:00+00:00,4154.695,4156.045,4153.48,4155.715,0
2026-09-30 19:40:00+00:00,4155.68,4155.68,4150.725,4152.4,0
2026-09-30 19:45:00+00:00,4152.405,4155.04,4150.145,4153.24,0
2026-09-30 19:50:00+00:00,4153.219999999999,4156.9,4150.65,4155.24,0
2026-09-30 19:55:00+00:00,4155.265,4157.110000000001,4153.765,4155.825000000001,0
2026-09-30 20:00:00+00:00,4155.795,4156.0599999999995,4151.209999999999,4154.219999999999,0
2026-09-30 20:05:00+00:00,4154.255,4156.15,4153.375,4156.09,0
2026-09-30 20:10:00+00:00,4156.105,4157.2,4155.475,4156.43,0
2026-09-30 20:15:00+00:00,4156.465,4156.84,4155.139999999999,4155.254999999999,0
2026-09-30 20:20:00+00:00,4155.25,4157.475,4154.95,4157.355,0
2026-09-30 20:25:00+00:00,4157.34,4157.95,4156.9400000000005,4157.25,0
2026-09-30 20:30:00+00:00,4157.254999999999,4157.885,4156.86,4157.755,0
2026-09-30 20:35:00+00:00,4157.74,4160.37,4157.665,4160.29,0
2026-09-30 20:40:00+00:00,4160.285,4160.365,4158.445,4158.969999999999,0
2026-09-30 20:45:00+00:00,4158.945,4159.605,4156.47,4157.04,0
2026-09-30 20:50:00+00:00,4157.085,4159.48,4156.68,4159.415,0
2026-09-30 20:55:00+00:00,4159.41,4159.719999999999,4156.475,4157.3099999999995,0
2026-09-30 22:00:00+00:00,4160.415,4160.57,4158.35,4159.605,0
2026-09-30 22:05:00+00:00,4159.63,4160.575,4157.135,4158.045,0
2026-09-30 22:10:00+00:00,4158.025,4158.255,4155.125,4156.665,0
2026-09-30 22:15:00+00:00,4156.6849999999995,4156.9400000000005,4155.09,4155.405,0
2026-09-30 22:20:00+00:00,4155.45,4156.995,4155.405,4156.315,0
2026-09-30 22:25:00+00:00,4156.295,4156.575,4155.49,4156.24,0
2026-09-30 22:30:00+00:00,4156.23,4156.755,4155.55,4156.33,0
2026-09-30 22:35:00+00:00,4156.485,4156.9349999999995,4155.549999999999,4155.585,0
2026-09-30 22:40:00+00:00,4155.594999999999,4156.16,4154.47,4154.5599999999995,0
2026-09-30 22:45:00+00:00,4154.54,4155.605,4154.03,4154.875,0
2026-09-30 22:50:00+00:00,4154.905000000001,4155.0599999999995,4153.969999999999,4154.219999999999,0
2026-09-30 22:55:00+00:00,4154.225,4154.719999999999,4153.575,4154.504999999999,0
2026-09-30 23:00:00+00:00,4154.5,4154.675,4153.575,4154.264999999999,0
2026-09-30 23:05:00+00:00,4154.25,4154.254999999999,4152.875,4152.95,0
2026-09-30 23:10:00+00:00,4152.975,4153.55,4151.92,4152.280000000001,0
2026-09-30 23:15:00+00:00,4152.3,4153.139999999999,4152.165,4152.985,0
2026-09-30 23:20:00+00:00,4153.025,4155.325,4152.5599999999995,4155.1900000000005,0
2026-09-30 23:25:00+00:00,4155.2,4155.33,4153.905000000001,4154.3099999999995,0
2026-09-30 23:30:00+00:00,4154.345,4154.945,4153.68,4153.96,0
2026-09-30 23:35:00+00:00,4153.965,4156.025,4153.805,4155.0599999999995,0
2026-09-30 23:40:00+00:00,4155.075,4155.639999999999,4154.54,4155.165,0
2026-09-30 23:45:00+00:00,4155.22,4156.264999999999,4155.045,4156.235,0
2026-09-30 23:50:00+00:00,4156.24,4156.639999999999,4155.035,4155.6849999999995,0
2026-09-30 23:55:00+00:00,4155.66,4156.73,4154.955,4156.145,0
2026-10-01 00:00:00+00:00,4156.15,4156.15,4150.95,4151.125,0
2026-10-01 00:05:00+00:00,4151.08,4152.07,4150.43,4151.4349999999995,0
2026-10-01 00:10:00+00:00,4151.43,4153.65,4150.610000000001,4152.71,0
2026-10-01 00:15:00+00:00,4152.715,4152.885,4141.81,4141.91,0
2026-10-01 00:20:00+00:00,4141.9400000000005,4147.37,4141.495000000001,4146.52,0
2026-10-01 00:25:00+00:00,4146.57,4148.645,4142.915,4143.905000000001,0
2026-10-01 00:30:00+00:00,4143.91,4144.245,4139.844999999999,4140.08,0
2026-10-01 00:35:00+00:00,4140.05,4143.370000000001,4139.855,4142.375,0
2026-10-01 00:40:00+00:00,4142.43,4145.455,4140.555,4144.799999999999,0
2026-10-01 00:45:00+00:00,4144.780000000001,4145.625,4142.969999999999,4145.110000000001,0
2026-10-01 00:50:00+00:00,4145.09,4145.205,4139.280000000001,4140.735000000001,0
2026-10-01 00:55:00+00:00,4140.74,4145.965,4140.74,4145.365,0
2026-10-01 01:00:00+00:00,4145.360000000001,4153.305,4145.0599999999995,4152.175,0
2026-10-01 01:05:00+00:00,4152.17,4160.985000000001,4151.4,4160.9,0
2026-10-01 01:10:00+00:00,4160.889999999999,4161.4349999999995,4158.87,4159.719999999999,0
2026-10-01 01:15:00+00:00,4159.715,4163.71,4159.37,4163.38,0
2026-10-01 01:20:00+00:00,4163.33,4164.955,4163.139999999999,4163.885,0
2026-10-01 01:25:00+00:00,4163.860000000001,4163.875,4159.485000000001,4159.525,0
2026-10-01 01:30:00+00:00,4159.51,4164.65,4159.255,4162.889999999999,0
2026-10-01 01:35:00+00:00,4162.9,4163.5599999999995,4161.5599999999995,4163.12,0
2026-10-01 01:40:00+00:00,4163.08,4163.344999999999,4161.205,4161.67,0
2026-10-01 01:45:00+00:00,4161.695,4162.950000000001,4160.155000000001,4162.88,0
2026-10-01 01:50:00+00:00,4162.875,4163.88,4160.855,4161.655,0
2026-10-01 01:55:00+00:00,4161.639999999999,4161.639999999999,4156.535,4156.675,0
2026-10-01 02:00:00+00:00,4156.68,4158.344999999999,4155.495,4155.95,0
2026-10-01 02:05:00+00:00,4155.965,4156.92,4151.674999999999,4152.91,0
2026-10-01 02:10:00+00:00,4152.879999999999,4155.805,4152.17,4154.09,0
2026-10-01 02:15:00+00:00,4154.105,4156.98,4152.35,4153.65,0
2026-10-01 02:20:00+00:00,4153.7,4155.55,4151.525,4153.27,0
2026-10-01 02:25:00+00:00,4153.264999999999,4155.58,4151.43,4155.27,0
2026-10-01 02:30:00+00:00,4155.275,4156.165,4152.889999999999,4156.094999999999,0
2026-10-01 02:35:00+00:00,4156.105,4156.32,4154.24,4154.514999999999,0
2026-10-01 02:40:00+00:00,4154.49,4156.610000000001,4153.95,4155.105,0
2026-10-01 02:45:00+00:00,4155.05,4158.18,4154.860000000001,4157.8150000000005,0
2026-10-01 02:50:00+00:00,4157.795,4161.195,4155.735,4161.0599999999995,0
2026-10-01 02:55:00+00:00,4161.055,4162.075000000001,4158.895,4161.175,0
2026-10-01 03:00:00+00:00,4161.16,4163.719999999999,4159.51,4161.835,0
2026-10-01 03:05:00+00:00,4161.82,4166.48,4161.485000000001,4165.66,0
2026-10-01 03:10:00+00:00,4165.64,4168.715,4165.575,4167.5,0
2026-10-01 03:15:00+00:00,4167.5,4168.665,4164.495,4165.25,0
2026-10-01 03:20:00+00:00,4165.215,4165.375,4163.785,4164.200000000001,0
2026-10-01 03:25:00+00:00,4164.18,4165.18,4163.8,4164.84,0
2026-10-01 03:30:00+00:00,4164.83,4165.92,4163.525,4164.950000000001,0
2026-10-01 03:35:00+00:00,4164.945,4165.110000000001,4163.075000000001,4164.235000000001,0
2026-10-01 03:40:00+00:00,4164.235000000001,4170.225,4164.22,4169.605,0
2026-10-01 03:45:00+00:00,4169.635,4174.5650000000005,4168.96,4173.785,0
2026-10-01 03:50:00+00:00,4173.8150000000005,4176.97,4173.305,4176.205,0
2026-10-01 03:55:00+00:00,4176.18,4176.594999999999,4174.83,4175.375,0
2026-10-01 04:00:00+00:00,4175.35,4176.605,4174.950000000001,4175.635,0
2026-10-01 04:05:00+00:00,4175.6849999999995,4176.96,4174.835,4176.405,0
2026-10-01 04:10:00+00:00,4176.42,4178.28,4175.99,4177.514999999999,0
2026-10-01 04:15:00+00:00,4177.51,4177.51,4171.79,4172.030000000001,0
2026-10-01 04:20:00+00:00,4172.035,4173.665,4171.575,4172.92,0
2026-10-01 04:25:00+00:00,4172.915,4173.465,4171.755,4171.835,0
2026-10-01 04:30:00+00:00,4171.84,4176.35,4171.71,4175.855,0
2026-10-01 04:35:00+00:00,4175.85,4176.95,4174.505,4175.75,0
2026-10-01 04:40:00+00:00,4175.785,4176.299999999999,4174.905000000001,4175.54,0
2026-10-01 04:45:00+00:00,4175.525,4178.375,4175.125,4177.775,0
2026-10-01 04:50:00+00:00,4177.76,4179.025,4177.415,4179.005,0
2026-10-01 04:55:00+00:00,4179.0,4180.82,4177.95,4180.07,0
2026-10-01 05:00:00+00:00,4180.0650000000005,4183.280000000001,4179.145,4182.775,0
2026-10-01 05:05:00+00:00,4182.780000000001,4183.105,4181.1900000000005,4182.1849999999995,0
2026-10-01 05:10:00+00:00,4182.174999999999,4183.535,4181.33,4182.635,0
2026-10-01 05:15:00+00:00,4182.6,4183.66,4181.674999999999,4183.5650000000005,0
2026-10-01 05:20:00+00:00,4183.65,4185.26,4183.305,4184.355,0
2026-10-01 05:25:00+00:00,4184.345,4187.49,4184.275,4186.94,0
2026-10-01 05:30:00+00:00,4186.9349999999995,4190.075,4185.09,4189.945,0
2026-10-01 05:35:00+00:00,4189.93,4192.77,4188.785,4188.905,0
2026-10-01 05:40:00+00:00,4188.945,4189.785,4187.1,4187.465,0
2026-10-01 05:45:00+00:00,4187.38,4189.805,4186.785,4187.84,0
2026-10-01 05:50:00+00:00,4187.83,4188.605,4185.715,4186.629999999999,0
2026-10-01 05:55:00+00:00,4186.635,4188.41,4185.58,4188.075,0
2026-10-01 06:00:00+00:00,4188.09,4191.01,4187.705,4190.525,0
2026-10-01 06:05:00+00:00,4190.535,4191.66,4190.07,4190.92,0
2026-10-01 06:10:00+00:00,4190.95,4192.545,4190.455,4191.665,0
2026-10-01 06:15:00+00:00,4191.639999999999,4191.639999999999,4189.16,4189.344999999999,0
2026-10-01 06:20:00+00:00,4189.245,4191.17,4188.33,4188.77,0
2026-10-01 06:25:00+00:00,4188.75,4190.18,4187.385,4189.82,0
2026-10-01 06:30:00+00:00,4189.825000000001,4191.69,4188.19,4188.875,0
2026-10-01 06:35:00+00:00,4188.9,4189.23,4184.495,4184.975,0
2026-10-01 06:40:00+00:00,4184.995,4185.505,4181.105,4184.305,0
2026-10-01 06:45:00+00:00,4184.34,4185.41,4180.625,4180.725,0
2026-10-01 06:50:00+00:00,4180.775,4183.775,4180.63,4182.455,0
2026-10-01 06:55:00+00:00,4182.47,4185.3150000000005,4181.47,4181.844999999999,0
2026-10-01 07:00:00+00:00,4181.825000000001,4183.625,4179.555,4180.5650000000005,0
2026-10-01 07:05:00+00:00,4180.58,4181.625,4178.99,4180.925,0
2026-10-01 07:10:00+00:00,4180.915,4181.455,4172.110000000001,4172.45,0
2026-10-01 07:15:00+00:00,4172.455,4174.55,4170.344999999999,4171.025,0
2026-10-01 07:20:00+00:00,4171.0,4171.205,4160.805,4160.995,0
2026-10-01 07:25:00+00:00,4161.0,4161.215,4155.52,4156.735000000001,0
2026-10-01 07:30:00+00:00,4156.745,4165.205,4154.4,4164.28,0
2026-10-01 07:35:00+00:00,4164.3,4164.9349999999995,4160.2,4160.905,0
2026-10-01 07:40:00+00:00,4160.845,4165.455,4160.3099999999995,4163.585,0
2026-10-01 07:45:00+00:00,4163.615,4166.755,4162.365,4163.995,0
2026-10-01 07:50:00+00:00,4164.005,4166.58,4161.825000000001,4165.83,0
2026-10-01 07:55:00+00:00,4165.835,4166.709999999999,4162.055,4163.85,0
2026-10-01 08:00:00+00:00,4163.915,4167.280000000001,4163.65,4167.1,0
2026-10-01 08:05:00+00:00,4167.085,4168.035,4161.715,4163.145,0
2026-10-01 08:10:00+00:00,4163.155000000001,4164.3150000000005,4158.43,4159.635,0
2026-10-01 08:15:00+00:00,4159.665,4161.855,4156.38,4156.655000000001,0
2026-10-01 08:20:00+00:00,4156.63,4158.76,4154.83,4157.385,0
2026-10-01 08:25:00+00:00,4157.4,4162.8099999999995,4156.855,4157.545,0
2026-10-01 08:30:00+00:00,4157.55,4158.625,4154.535,4157.985000000001,0
2026-10-01 08:35:00+00:00,4157.9349999999995,4159.004999999999,4156.35,4157.1900000000005,0
2026-10-01 08:40:00+00:00,4157.2,4158.43,4149.610000000001,4151.895,0
2026-10-01 08:45:00+00:00,4151.879999999999,4154.9400000000005,4149.3099999999995,4154.9400000000005,0
2026-10-01 08:50:00+00:00,4154.915,4155.475,4150.6849999999995,4151.595,0
2026-10-01 08:55:00+00:00,4151.605,4154.67,4151.3150000000005,4153.465,0
2026-10-01 09:00:00+00:00,4153.455,4158.0,4152.62,4157.969999999999,0
2026-10-01 09:05:00+00:00,4157.99,4160.360000000001,4156.9349999999995,4159.75,0
2026-10-01 09:10:00+00:00,4159.78,4162.3150000000005,4159.705,4161.360000000001,0
2026-10-01 09:15:00+00:00,4161.375,4162.72,4159.540000000001,4160.195,0
2026-10-01 09:20:00+00:00,4160.145,4162.88,4158.29,4161.0599999999995,0
2026-10-01 09:25:00+00:00,4161.04,4161.465,4159.344999999999,4160.115,0
2026-10-01 09:30:00+00:00,4160.075,4162.735000000001,4159.33,4162.21,0
2026-10-01 09:35:00+00:00,4162.219999999999,4163.41,4161.0599999999995,4162.389999999999,0
2026-10-01 09:40:00+00:00,4162.370000000001,4163.235000000001,4160.965,4161.375,0
2026-10-01 09:45:00+00:00,4161.385,4163.6900000000005,4160.705,4161.469999999999,0
2026-10-01 09:50:00+00:00,4161.45,4161.915,4157.9400000000005,4158.08,0
2026-10-01 09:55:00+00:00,4158.0650000000005,4158.5650000000005,4153.895,4154.65,0
2026-10-01 10:00:00+00:00,4154.66,4155.965,4150.209999999999,4152.4,0
2026-10-01 10:05:00+00:00,4152.415,4156.3,4151.700000000001,4154.51,0
2026-10-01 10:10:00+00:00,4154.5,4159.505,4153.905000000001,4159.3150000000005,0
2026-10-01 10:15:00+00:00,4159.3150000000005,4163.995000000001,4158.38,4162.475,0
2026-10-01 10:20:00+00:00,4162.6,4165.945,4162.15,4165.264999999999,0
2026-10-01 10:25:00+00:00,4165.245000000001,4167.84,4164.105,4167.795,0
2026-10-01 10:30:00+00:00,4167.82,4170.74,4167.16,4170.709999999999,0
2026-10-01 10:35:00+00:00,4170.700000000001,4172.965,4168.835,4169.235,0
2026-10-01 10:40:00+00:00,4169.25,4172.65,4167.915,4171.725,0
2026-10-01 10:45:00+00:00,4171.725,4177.6900000000005,4171.0650000000005,4174.535,0
2026-10-01 10:50:00+00:00,4174.530000000001,4178.98,4174.514999999999,4178.74,0
2026-10-01 10:55:00+00:00,4178.73,4178.799999999999,4174.705,4176.105,0
2026-10-01 11:00:00+00:00,4176.08,4176.535,4172.385,4173.165,0
2026-10-01 11:05:00+00:00,4173.18,4173.78,4170.514999999999,4171.235,0
2026-10-01 11:10:00+00:00,4171.24,4172.38,4169.355,4169.57,0
2026-10-01 11:15:00+00:00,4169.58,4169.84,4167.205,4168.21,0
2026-10-01 11:20:00+00:00,4168.215,4170.34,4166.6900000000005,4169.780000000001,0
2026-10-01 11:25:00+00:00,4169.82,4173.4349999999995,4169.780000000001,4172.1,0
2026-10-01 11:30:00+00:00,4172.085,4173.305,4171.3099999999995,4172.385,0
2026-10-01 11:35:00+00:00,4172.370000000001,4178.295,4171.82,4177.530000000001,0
2026-10-01 11:40:00+00:00,4177.515,4181.135,4177.21,4179.219999999999,0
2026-10-01 11:45:00+00:00,4179.1849999999995,4184.46,4179.175,4183.07,0
2026-10-01 11:50:00+00:00,4183.12,4184.5650000000005,4181.82,4184.155000000001,0
2026-10-01 11:55:00+00:00,4184.165,4185.83,4182.63,4182.700000000001,0
2026-10-01 12:00:00+00:00,4182.709999999999,4185.6900000000005,4180.870000000001,4181.09,0
2026-10-01 12:05:00+00:00,4181.08,4181.35,4176.91,4176.91,0
2026-10-01 12:10:00+00:00,4176.905,4178.23,4176.530000000001,4176.865,0
2026-10-01 12:15:00+00:00,4176.959999999999,4180.115,4175.545,4178.035,0
2026-10-01 12:20:00+00:00,4177.995,4180.094999999999,4174.969999999999,4175.585,0
2026-10-01 12:25:00+00:00,4175.5650000000005,4179.48,4174.945,4179.13,0
2026-10-01 12:30:00+00:00,4179.174999999999,4184.745000000001,4178.030000000001,4183.825,0
2026-10-01 12:35:00+00:00,4183.82,4185.455,4181.795,4184.125,0
2026-10-01 12:40:00+00:00,4184.12,4186.9349999999995,4181.629999999999,4182.370000000001,0
2026-10-01 12:45:00+00:00,4182.395,4187.775,4182.225,4184.33,0
2026-10-01 12:50:00+00:00,4184.3099999999995,4185.505,4180.115,4182.02,0
2026-10-01 12:55:00+00:00,4182.02,4182.675,4178.535,4178.780000000001,0
2026-10-01 13:00:00+00:00,4178.775,4181.8150000000005,4176.1849999999995,4176.4349999999995,0
2026-10-01 13:05:00+00:00,4176.43,4178.045,4174.49,4175.545,0
2026-10-01 13:10:00+00:00,4175.535,4176.53,4173.32,4173.485,0
2026-10-01 13:15:00+00:00,4173.4349999999995,4174.365,4170.095,4174.35,0
2026-10-01 13:20:00+00:00,4174.375,4174.75,4170.9,4171.205,0
2026-10-01 13:25:00+00:00,4171.195,4172.15,4167.535,4167.535,0
2026-10-01 13:30:00+00:00,4167.5650000000005,4172.525,4165.969999999999,4167.865,0
2026-10-01 13:35:00+00:00,4167.835,4168.835,4164.28,4164.3099999999995,0
2026-10-01 13:40:00+00:00,4164.32,4164.549999999999,4159.465,4163.52,0
2026-10-01 13:45:00+00:00,4163.514999999999,4165.86,4162.09,4162.18,0
2026-10-01 13:50:00+00:00,4162.16,4165.77,4161.485000000001,4163.95,0
2026-10-01 13:55:00+00:00,4163.93,4165.629999999999,4160.57,4165.27,0
2026-10-01 14:00:00+00:00,4165.280000000001,4166.5,4154.46,4154.615,0
2026-10-01 14:05:00+00:00,4154.605,4162.424999999999,4151.9349999999995,4160.59,0
2026-10-01 14:10:00+00:00,4160.645,4161.125,4151.645,4154.115,0
2026-10-01 14:15:00+00:00,4154.139999999999,4158.594999999999,4153.745,4156.825000000001,0
2026-10-01 14:20:00+00:00,4156.8099999999995,4161.465,4155.665000000001,4160.805,0
2026-10-01 14:25:00+00:00,4160.785,4165.765,4158.0599999999995,4162.485,0
2026-10-01 14:30:00+00:00,4162.465,4168.745,4160.225,4166.915,0
2026-10-01 14:35:00+00:00,4166.915,4175.07,4165.23,4173.99,0
2026-10-01 14:40:00+00:00,4173.945,4174.66,4165.51,4166.545,0
2026-10-01 14:45:00+00:00,4166.485000000001,4170.4,4163.55,4169.04,0
2026-10-01 14:50:00+00:00,4169.05,4169.91,4161.9,4164.305,0
2026-10-01 14:55:00+00:00,4164.275,4167.66,4159.82,4163.344999999999,0
2026-10-01 15:00:00+00:00,4163.3150000000005,4163.325,4153.58,4154.08,0
2026-10-01 15:05:00+00:00,4154.139999999999,4156.295,4152.0650000000005,4153.375,0
2026-10-01 15:10:00+00:00,4153.355,4157.0599999999995,4150.295,4156.495,0
2026-10-01 15:15:00+00:00,4156.485000000001,4164.115,4154.75,4163.835,0
2026-10-01 15:20:00+00:00,4163.805,4167.74,4159.535,4162.72,0
2026-10-01 15:25:00+00:00,4162.7,4168.709999999999,4161.855,4166.585,0
2026-10-01 15:30:00+00:00,4166.58,4167.855,4155.21,4157.68,0
2026-10-01 15:35:00+00:00,4157.639999999999,4173.870000000001,4156.094999999999,4170.545,0
2026-10-01 15:40:00+00:00,4170.5650000000005,4173.68,4164.495,4169.1849999999995,0
2026-10-01 15:45:00+00:00,4169.175,4172.209999999999,4165.645,4165.8,0
2026-10-01 15:50:00+00:00,4165.785,4166.62,4160.365,4165.455,0
2026-10-01 15:55:00+00:00,4165.469999999999,4172.005,4164.15,4169.595,0
2026-10-01 16:00:00+00:00,4169.625,4172.625,4168.1849999999995,4171.459999999999,0
2026-10-01 16:05:00+00:00,4171.514999999999,4176.84,4170.3150000000005,4175.225,0
2026-10-01 16:10:00+00:00,4175.174999999999,4176.605,4169.585,4169.84,0
2026-10-01 16:15:00+00:00,4169.799999999999,4172.235000000001,4167.87,4168.389999999999,0
2026-10-01 16:20:00+00:00,4168.375,4170.344999999999,4166.34,4169.76,0
2026-10-01 16:25:00+00:00,4169.805,4170.15,4164.45,4167.415,0
2026-10-01 16:30:00+00:00,4167.41,4170.785,4167.075000000001,4170.094999999999,0
2026-10-01 16:35:00+00:00,4170.049999999999,4170.335,4164.155,4165.67,0
2026-10-01 16:40:00+00:00,4165.665,4166.594999999999,4162.75,4165.67,0
2026-10-01 16:45:00+00:00,4165.65,4167.594999999999,4163.835,4164.405000000001,0
2026-10-01 16:50:00+00:00,4164.4400000000005,4165.055,4160.475,4162.6900000000005,0
2026-10-01 16:55:00+00:00,4162.67,4162.924999999999,4159.86,4162.4349999999995,0
2026-10-01 17:00:00+00:00,4162.465,4168.379999999999,4161.46,4168.27,0
2026-10-01 17:05:00+00:00,4168.205,4172.915,4168.125,4171.99,0
2026-10-01 17:10:00+00:00,4171.975,4173.385,4170.645,4171.27,0
2026-10-01 17:15:00+00:00,4171.275,4174.305,4170.01,4171.83,0
2026-10-01 17:20:00+00:00,4171.825000000001,4177.290000000001,4171.67,4176.47,0
2026-10-01 17:25:00+00:00,4176.465,4177.305,4170.66,4172.51,0
2026-10-01 17:30:00+00:00,4172.51,4186.36,4172.43,4175.465,0
2026-10-01 17:35:00+00:00,4175.5,4179.21,4173.335,4177.514999999999,0
2026-10-01 17:40:00+00:00,4177.5599999999995,4178.455,4174.62,4176.955,0
2026-10-01 17:45:00+00:00,4176.945,4180.075,4176.32,4177.425,0
2026-10-01 17:50:00+00:00,4177.405,4177.610000000001,4169.73,4169.8099999999995,0
2026-10-01 17:55:00+00:00,4169.82,4174.25,4166.8,4170.424999999999,0
2026-10-01 18:00:00+00:00,4170.45,4173.139999999999,4165.43,4165.96,0
2026-10-01 18:05:00+00:00,4165.955,4168.610000000001,4163.17,4168.26,0
2026-10-01 18:10:00+00:00,4168.27,4174.8150000000005,4167.67,4170.925,0
2026-10-01 18:15:00+00:00,4170.950000000001,4174.46,4170.09,4171.85,0
2026-10-01 18:20:00+00:00,4171.85,4180.51,4170.42,4177.235000000001,0
2026-10-01 18:25:00+00:00,4177.225,4177.325000000001,4172.025,4173.665,0
2026-10-01 18:30:00+00:00,4173.67,4182.2,4171.485,4180.514999999999,0
2026-10-01 18:35:00+00:00,4180.535,4182.17,4176.715,4177.219999999999,0
2026-10-01 18:40:00+00:00,4177.245,4179.24,4176.745,4178.795,0
2026-10-01 18:45:00+00:00,4178.8099999999995,4179.3099999999995,4177.27,4177.59,0
2026-10-01 18:50:00+00:00,4177.595,4177.75,4175.665,4176.445,0
2026-10-01 18:55:00+00:00,4176.41,4177.62,4175.25,4177.195,0
2026-10-01 19:00:00+00:00,4177.23,4177.639999999999,4174.585,4175.87,0
2026-10-01 19:05:00+00:00,4175.885,4176.360000000001,4173.555,4175.61,0
2026-10-01 19:10:00+00:00,4175.645,4177.2,4175.07,4176.6900000000005,0
2026-10-01 19:15:00+00:00,4176.709999999999,4178.790000000001,4175.915,4178.5650000000005,0
2026-10-01 19:20:00+00:00,4178.55,4180.235,4177.895,4177.955,0
2026-10-01 19:25:00+00:00,4177.95,4177.99,4175.700000000001,4176.799999999999,0
2026-10-01 19:30:00+00:00,4176.815,4179.155000000001,4176.17,4176.915,0
2026-10-01 19:35:00+00:00,4176.885,4177.295,4175.110000000001,4175.455,0
2026-10-01 19:40:00+00:00,4175.4400000000005,4177.645,4174.245000000001,4176.775,0
2026-10-01 19:45:00+00:00,4176.77,4176.9,4174.155000000001,4174.765,0
2026-10-01 19:50:00+00:00,4174.795,4179.965,4174.67,4176.775,0
2026-10-01 19:55:00+00:00,4176.764999999999,4177.085,4175.085,4176.965,0
2026-10-01 20:00:00+00:00,4176.975,4180.219999999999,4176.37,4177.200000000001,0
2026-10-01 20:05:00+00:00,4177.205,4177.905,4176.094999999999,4177.21,0
2026-10-01 20:10:00+00:00,4177.1900000000005,4178.24,4176.6849999999995,4177.875,0
2026-10-01 20:15:00+00:00,4177.895,4179.535,4177.3150000000005,4178.495,0
2026-10-01 20:20:00+00:00,4178.445,4178.83,4177.765,4177.98,0
2026-10-01 20:25:00+00:00,4177.985,4178.145,4174.975,4175.67,0
2026-10-01 20:30:00+00:00,4175.6849999999995,4176.18,4174.405000000001,4174.57,0
2026-10-01 20:35:00+00:00,4174.594999999999,4174.76,4173.549999999999,4174.17,0
2026-10-01 20:40:00+00:00,4174.115,4174.79,4173.280000000001,4174.135,0
2026-10-01 20:45:00+00:00,4174.12,4177.175,4173.975,4176.715,0
2026-10-01 20:50:00+00:00,4176.74,4179.09,4176.4349999999995,4177.365,0
2026-10-01 20:55:00+00:00,4177.39,4177.9349999999995,4176.215,4177.1900000000005,0
2026-10-01 22:00:00+00:00,4176.09,4177.985000000001,4174.07,4175.325000000001,0
2026-10-01 22:05:00+00:00,4175.35,4176.76,4174.46,4174.8150000000005,0
2026-10-01 22:10:00+00:00,4174.785,4175.24,4172.505,4173.530000000001,0
2026-10-01 22:15:00+00:00,4173.555,4173.735000000001,4171.97,4172.1849999999995,0
2026-10-01 22:20:00+00:00,4172.17,4172.945,4171.82,4172.4349999999995,0
2026-10-01 22:25:00+00:00,4172.43,4173.325000000001,4171.860000000001,4172.305,0
2026-10-01 22:30:00+00:00,4172.355,4175.635,4171.805,4175.495000000001,0
2026-10-01 22:35:00+00:00,4175.5,4176.275,4175.08,4175.575,0
2026-10-01 22:40:00+00:00,4175.585,4176.455,4175.33,4176.115,0
2026-10-01 22:45:00+00:00,4176.145,4176.6900000000005,4175.655,4175.74,0
2026-10-01 22:50:00+00:00,4175.71,4176.82,4175.465,4176.785,0
2026-10-01 22:55:00+00:00,4176.76,4179.299999999999,4176.469999999999,4178.995,0
2026-10-01 23:00:00+00:00,4178.969999999999,4179.625,4178.33,4179.245,0
2026-10-01 23:05:00+00:00,4179.255,4179.255,4177.85,4178.75,0
2026-10-01 23:10:00+00:00,4178.735000000001,4180.79,4178.68,4180.045,0
2026-10-01 23:15:00+00:00,4180.08,4182.33,4179.585,4182.18,0
2026-10-01 23:20:00+00:00,4182.235000000001,4182.975,4180.075,4180.41,0
2026-10-01 23:25:00+00:00,4180.4,4181.335,4179.535,4181.1849999999995,0
2026-10-01 23:30:00+00:00,4181.165,4182.4400000000005,4180.41,4182.175,0
2026-10-01 23:35:00+00:00,4182.1900000000005,4182.855,4178.895,4179.0,0
2026-10-01 23:40:00+00:00,4179.005,4179.49,4177.245,4179.415,0
2026-10-01 23:45:00+00:00,4179.385,4182.1849999999995,4178.049999999999,4182.1849999999995,0
2026-10-01 23:50:00+00:00,4182.165,4183.8150000000005,4181.860000000001,4182.23,0
2026-10-01 23:55:00+00:00,4182.24,4183.41,4181.865,4182.205,0
2026-10-02 00:00:00+00:00,4182.219999999999,4182.735000000001,4177.754999999999,4177.9349999999995,0
2026-10-02 00:05:00+00:00,4177.995,4178.129999999999,4175.200000000001,4175.29,0
2026-10-02 00:10:00+00:00,4175.285,4176.295,4169.375,4169.935,0
2026-10-02 00:15:00+00:00,4169.975,4171.6849999999995,4168.0650000000005,4169.915,0
2026-10-02 00:20:00+00:00,4169.91,4170.585,4166.105,4167.03,0
2026-10-02 00:25:00+00:00,4167.02,4167.37,4164.27,4164.8150000000005,0
2026-10-02 00:30:00+00:00,4164.805,4167.405000000001,4160.11,4163.51,0
2026-10-02 00:35:00+00:00,4163.540000000001,4164.23,4159.34,4160.84,0
2026-10-02 00:40:00+00:00,4160.82,4161.844999999999,4159.1900000000005,4159.645,0
2026-10-02 00:45:00+00:00,4159.585,4161.860000000001,4157.52,4160.13,0
2026-10-02 00:50:00+00:00,4160.135,4160.74,4157.885,4159.82,0
2026-10-02 00:55:00+00:00,4159.825,4160.115,4152.84,4153.785,0
2026-10-02 01:00:00+00:00,4153.79,4155.1,4148.225,4148.33,0
2026-10-02 01:05:00+00:00,4148.299999999999,4149.335,4138.39,4140.195,0
2026-10-02 01:10:00+00:00,4140.1849999999995,4141.155,4133.74,4140.625,0
2026-10-02 01:15:00+00:00,4140.639999999999,4145.0599999999995,4139.5,4144.135,0
2026-10-02 01:20:00+00:00,4144.13,4147.885,4142.51,4147.555,0
2026-10-02 01:25:00+00:00,4147.505,4150.415,4145.43,4150.02,0
2026-10-02 01:30:00+00:00,4150.005,4150.365,4145.764999999999,4147.66,0
2026-10-02 01:35:00+00:00,4147.695,4151.075,4146.605,4150.139999999999,0
2026-10-02 01:40:00+00:00,4150.110000000001,4152.3,4146.995,4149.33,0
2026-10-02 01:45:00+00:00,4149.345,4150.74,4146.485000000001,4148.9400000000005,0
2026-10-02 01:50:00+00:00,4148.85,4150.1849999999995,4145.93,4148.115,0
2026-10-02 01:55:00+00:00,4148.125,4152.385,4145.22,4151.48,0
2026-10-02 02:00:00+00:00,4151.535,4155.1900000000005,4147.44,4154.975,0
2026-10-02 02:05:00+00:00,4154.985000000001,4157.8,4152.91,4156.49,0
2026-10-02 02:10:00+00:00,4156.575,4157.389999999999,4152.77,4153.9349999999995,0
2026-10-02 02:15:00+00:00,4153.93,4160.4349999999995,4153.305,4158.889999999999,0
2026-10-02 02:20:00+00:00,4158.895,4158.915,4155.219999999999,4156.4349999999995,0
2026-10-02 02:25:00+00:00,4156.43,4162.53,4156.17,4160.6849999999995,0
2026-10-02 02:30:00+00:00,4160.625,4161.95,4156.145,4156.26,0
2026-10-02 02:35:00+00:00,4156.235000000001,4158.825000000001,4156.115,4157.035,0
2026-10-02 02:40:00+00:00,4157.025,4158.299999999999,4155.85,4156.835,0
2026-10-02 02:45:00+00:00,4156.88,4162.47,4156.05,4161.76,0
2026-10-02 02:50:00+00:00,4161.75,4163.115,4159.875,4161.49,0
2026-10-02 02:55:00+00:00,4161.48,4166.63,4159.125,4166.01,0
2026-10-02 03:00:00+00:00,4166.02,4173.18,4165.205,4172.860000000001,0
2026-10-02 03:05:00+00:00,4172.88,4173.135,4167.924999999999,4168.87,0
2026-10-02 03:10:00+00:00,4168.855,4172.200000000001,4168.775,4171.945,0
2026-10-02 03:15:00+00:00,4171.9400000000005,4172.78,4170.23,4171.335,0
2026-10-02 03:20:00+00:00,4171.355,4173.83,4171.355,4172.99,0
2026-10-02 03:25:00+00:00,4172.950000000001,4175.52,4171.9349999999995,4172.785,0
2026-10-02 03:30:00+00:00,4172.805,4177.58,4172.01,4175.025,0
2026-10-02 03:35:00+00:00,4175.0,4175.865,4172.780000000001,4174.05,0
2026-10-02 03:40:00+00:00,4174.055,4175.055,4173.235,4173.885,0
2026-10-02 03:45:00+00:00,4173.91,4174.43,4171.59,4172.295,0
2026-10-02 03:50:00+00:00,4172.29,4175.02,4171.915,4174.355,0
2026-10-02 03:55:00+00:00,4174.35,4179.38,4174.35,4177.97,0
2026-10-02 04:00:00+00:00,4177.975,4185.17,4177.594999999999,4183.360000000001,0
2026-10-02 04:05:00+00:00,4183.35,4185.475,4181.735000000001,4183.415,0
2026-10-02 04:10:00+00:00,4183.450000000001,4188.389999999999,4182.66,4184.02,0
2026-10-02 04:15:00+00:00,4184.01,4186.780000000001,4183.7,4184.285,0
2026-10-02 04:20:00+00:00,4184.275,4188.555,4183.735000000001,4188.08,0
2026-10-02 04:25:00+00:00,4188.06,4188.885,4186.235000000001,4188.115,0
2026-10-02 04:30:00+00:00,4188.105,4190.885,4186.215,4186.475,0
2026-10-02 04:35:00+00:00,4186.465,4187.405000000001,4182.12,4182.26,0
2026-10-02 04:40:00+00:00,4182.280000000001,4183.12,4182.01,4182.3150000000005,0
2026-10-02 04:45:00+00:00,4182.299999999999,4183.865,4181.68,4183.535,0
2026-10-02 04:50:00+00:00,4183.549999999999,4183.5650000000005,4181.515,4182.405000000001,0
2026-10-02 04:55:00+00:00,4182.42,4185.105,4181.51,4184.82,0
2026-10-02 05:00:00+00:00,4184.8099999999995,4186.25,4184.325000000001,4185.655000000001,0
2026-10-02 05:05:00+00:00,4185.68,4188.885,4184.6,4186.68,0
2026-10-02 05:10:00+00:00,4186.700000000001,4192.344999999999,4186.700000000001,4187.889999999999,0
2026-10-02 05:15:00+00:00,4187.895,4189.655,4186.665,4189.585,0
2026-10-02 05:20:00+00:00,4189.615,4189.74,4187.35,4187.495,0
2026-10-02 05:25:00+00:00,4187.51,4188.275,4186.42,4187.295,0
2026-10-02 05:30:00+00:00,4187.32,4188.51,4185.635,4187.665,0
2026-10-02 05:35:00+00:00,4187.67,4190.59,4186.9349999999995,4188.1900000000005,0
2026-10-02 05:40:00+00:00,4188.195,4190.95,4187.27,4187.9400000000005,0
2026-10-02 05:45:00+00:00,4187.924999999999,4188.1,4183.965,4184.725,0
2026-10-02 05:50:00+00:00,4184.725,4185.83,4183.030000000001,4184.58,0
2026-10-02 05:55:00+00:00,4184.540000000001,4187.665,4184.135,4186.48,0
2026-10-02 06:00:00+00:00,4186.485000000001,4195.05,4186.195,4194.35,0
2026-10-02 06:05:00+00:00,4194.335,4196.995,4191.3099999999995,4193.395,0
2026-10-02 06:10:00+00:00,4193.4,4195.495,4191.955,4192.3,0
2026-10-02 06:15:00+00:00,4192.215,4192.445,4186.95,4188.11,0
2026-10-02 06:20:00+00:00,4188.049999999999,4192.455,4187.76,4190.235,0
2026-10-02 06:25:00+00:00,4190.24,4192.155,4188.530000000001,4189.515,0
2026-10-02 06:30:00+00:00,4189.555,4190.795,4184.945,4185.45,0
2026-10-02 06:35:00+00:00,4185.455,4188.07,4182.345,4184.08,0
2026-10-02 06:40:00+00:00,4184.094999999999,4184.26,4179.73,4180.695,0
2026-10-02 06:45:00+00:00,4180.6849999999995,4181.12,4179.445,4180.21,0
2026-10-02 06:50:00+00:00,4180.205,4180.745,4177.84,4180.705,0
2026-10-02 06:55:00+00:00,4180.725,4183.215,4177.43,4180.98,0
2026-10-02 07:00:00+00:00,4180.96,4182.01,4179.63,4180.139999999999,0
2026-10-02 07:05:00+00:00,4180.175,4182.13,4177.54,4180.764999999999,0
2026-10-02 07:10:00+00:00,4180.775,4187.66,4180.52,4187.62,0
2026-10-02 07:15:00+00:00,4187.635,4189.275,4183.51,4183.9400000000005,0
2026-10-02 07:20:00+00:00,4183.945,4187.655,4183.924999999999,4185.57,0
2026-10-02 07:25:00+00:00,4185.549999999999,4188.7,4184.1900000000005,4185.29,0
2026-10-02 07:30:00+00:00,4185.26,4187.475,4184.495,4186.415,0
2026-10-02 07:35:00+00:00,4186.425,4186.81,4181.98,4183.125,0
2026-10-02 07:40:00+00:00,4183.135,4184.29,4181.545,4182.865,0
2026-10-02 07:45:00+00:00,4182.82,4183.28,4180.885,4183.15,0
2026-10-02 07:50:00+00:00,4183.16,4185.485000000001,4182.715,4185.07,0
2026-10-02 07:55:00+00:00,4185.07,4192.29,4184.11,4187.32,0
2026-10-02 08:00:00+00:00,4187.360000000001,4189.575,4184.51,4187.68,0
2026-10-02 08:05:00+00:00,4187.695,4196.67,4187.41,4194.01,0
2026-10-02 08:10:00+00:00,4193.975,4194.16,4187.514999999999,4188.264999999999,0
2026-10-02 08:15:00+00:00,4188.26,4189.41,4183.620000000001,4185.79,0
2026-10-02 08:20:00+00:00,4185.77,4189.73,4183.395,4184.42,0
2026-10-02 08:25:00+00:00,4184.379999999999,4185.49,4182.459999999999,4185.48,0
2026-10-02 08:30:00+00:00,4185.459999999999,4186.46,4181.1,4182.290000000001,0
2026-10-02 08:35:00+00:00,4182.280000000001,4185.215,4182.0650000000005,4183.719999999999,0
2026-10-02 08:40:00+00:00,4183.76,4185.709999999999,4180.775,4180.950000000001,0
2026-10-02 08:45:00+00:00,4180.950000000001,4181.93,4179.35,4181.549999999999,0
2026-10-02 08:50:00+00:00,4181.575,4183.924999999999,4181.575,4183.665,0
2026-10-02 08:55:00+00:00,4183.65,4186.68,4183.055,4184.594999999999,0
2026-10-02 09:00:00+00:00,4184.585,4184.9400000000005,4181.280000000001,4182.965,0
2026-10-02 09:05:00+00:00,4182.945,4183.465,4181.775,4183.15,0
2026-10-02 09:10:00+00:00,4183.1900000000005,4188.639999999999,4183.1,4186.795,0
2026-10-02 09:15:00+00:00,4186.755,4187.844999999999,4184.615,4186.255,0
2026-10-02 09:20:00+00:00,4186.195,4186.96,4183.99,4185.12,0
2026-10-02 09:25:00+00:00,4185.139999999999,4187.765,4185.055,4186.5,0
2026-10-02 09:30:00+00:00,4186.530000000001,4188.525,4184.57,4185.085,0
2026-10-02 09:35:00+00:00,4185.094999999999,4185.530000000001,4181.58,4183.514999999999,0
2026-10-02 09:40:00+00:00,4183.54,4185.7,4183.43,4184.45,0
2026-10-02 09:45:00+00:00,4184.41,4185.55,4179.505,4183.215,0
2026-10-02 09:50:00+00:00,4183.27,4187.625,4182.5650000000005,4186.27,0
2026-10-02 09:55:00+00:00,4186.25,4187.165,4184.094999999999,4184.38,0
2026-10-02 10:00:00+00:00,4184.365,4185.885,4181.665,4183.825,0
2026-10-02 10:05:00+00:00,4183.85,4183.85,4178.225,4178.225,0
2026-10-02 10:10:00+00:00,4178.17,4178.299999999999,4169.995,4171.67,0
2026-10-02 10:15:00+00:00,4171.705,4173.275,4169.91,4170.745,0
2026-10-02 10:20:00+00:00,4170.77,4171.145,4166.215,4168.955,0
2026-10-02 10:25:00+00:00,4169.004999999999,4174.335,4168.72,4174.115,0
2026-10-02 10:30:00+00:00,4174.075,4178.105,4173.445,4177.93,0
2026-10-02 10:35:00+00:00,4177.955,4179.47,4176.79,4178.035,0
2026-10-02 10:40:00+00:00,4178.0599999999995,4182.795,4177.645,4181.75,0
2026-10-02 10:45:00+00:00,4181.755,4183.16,4179.639999999999,4180.645,0
2026-10-02 10:50:00+00:00,4180.65,4182.09,4179.665,4180.52,0
2026-10-02 10:55:00+00:00,4180.57,4182.995000000001,4179.745,4182.72,0
2026-10-02 11:00:00+00:00,4182.67,4185.025,4181.76,4184.295,0
2026-10-02 11:05:00+00:00,4184.290000000001,4188.5599999999995,4183.780000000001,4187.6,0
2026-10-02 11:10:00+00:00,4187.58,4187.639999999999,4183.96,4187.265,0
2026-10-02 11:15:00+00:00,4187.280000000001,4188.205,4183.545,4186.465,0
2026-10-02 11:20:00+00:00,4186.475,4186.91,4183.43,4184.5599999999995,0
2026-10-02 11:25:00+00:00,4184.55,4185.610000000001,4180.51,4180.78,0
2026-10-02 11:30:00+00:00,4180.77,4184.145,4179.004999999999,4180.045,0
2026-10-02 11:35:00+00:00,4180.0650000000005,4182.44,4179.77,4181.86,0
2026-10-02 11:40:00+00:00,4181.87,4182.4349999999995,4178.285,4179.605,0
2026-10-02 11:45:00+00:00,4179.58,4180.02,4178.23,4179.5599999999995,0
2026-10-02 11:50:00+00:00,4179.5650000000005,4182.605,4176.85,4182.485,0
2026-10-02 11:55:00+00:00,4182.52,4185.365,4180.885,4181.85,0
2026-10-02 12:00:00+00:00,4181.84,4181.865,4177.92,4178.78,0
2026-10-02 12:05:00+00:00,4178.754999999999,4182.45,4178.66,4179.01,0
2026-10-02 12:10:00+00:00,4179.02,4180.13,4174.719999999999,4177.805,0
2026-10-02 12:15:00+00:00,4177.82,4182.755,4176.030000000001,4180.84,0
2026-10-02 12:20:00+00:00,4180.865,4183.04,4177.42,4177.42,0
2026-10-02 12:25:00+00:00,4177.360000000001,4186.41,4175.515,4186.3,0
2026-10-02 12:30:00+00:00,4186.115,4226.88,4186.1,4222.445,0
2026-10-02 12:35:00+00:00,4222.3150000000005,4225.525,4215.275,4218.3099999999995,0
2026-10-02 12:40:00+00:00,4218.295,4219.1,4206.04,4210.85,0
2026-10-02 12:45:00+00:00,4210.805,4215.1,4207.5599999999995,4211.785,0
2026-10-02 12:50:00+00:00,4211.81,4215.379999999999,4203.885,4211.85,0
2026-10-02 12:55:00+00:00,4211.780000000001,4220.485,4208.08,4217.855,0
2026-10-02 13:00:00+00:00,4217.88,4225.405,4216.15,4220.030000000001,0
2026-10-02 13:05:00+00:00,4219.985000000001,4220.865,4203.91,4205.29,0
2026-10-02 13:10:00+00:00,4205.32,4206.245,4195.290000000001,4195.705,0
2026-10-02 13:15:00+00:00,4195.74,4196.63,4190.110000000001,4190.6900000000005,0
2026-10-02 13:20:00+00:00,4190.695,4193.215,4184.155000000001,4190.58,0
2026-10-02 13:25:00+00:00,4190.545,4195.35,4189.55,4193.674999999999,0
2026-10-02 13:30:00+00:00,4193.665,4197.74,4188.88,4195.38,0
2026-10-02 13:35:00+00:00,4195.335,4202.139999999999,4192.0,4199.59,0
2026-10-02 13:40:00+00:00,4199.540000000001,4199.83,4183.145,4186.805,0
2026-10-02 13:45:00+00:00,4186.795,4193.06,4186.08,4191.48,0
2026-10-02 13:50:00+00:00,4191.445,4193.290000000001,4182.3099999999995,4184.66,0
2026-10-02 13:55:00+00:00,4184.715,4191.969999999999,4178.34,4191.1849999999995,0
2026-10-02 14:00:00+00:00,4191.25,4196.9,4183.075,4193.805,0
2026-10-02 14:05:00+00:00,4193.835,4195.389999999999,4182.695,4182.695,0
2026-10-02 14:10:00+00:00,4182.65,4190.014999999999,4179.545,4189.055,0
2026-10-02 14:15:00+00:00,4189.0599999999995,4191.74,4185.0,4191.68,0
2026-10-02 14:20:00+00:00,4191.66,4193.0599999999995,4181.0,4183.16,0
2026-10-02 14:25:00+00:00,4183.155000000001,4183.225,4173.9,4174.49,0
2026-10-02 14:30:00+00:00,4174.485000000001,4176.540000000001,4169.155000000001,4175.99,0
2026-10-02 14:35:00+00:00,4175.995000000001,4179.09,4171.86,4175.295,0
2026-10-02 14:40:00+00:00,4175.305,4181.58,4174.885,4176.125,0
2026-10-02 14:45:00+00:00,4176.129999999999,4176.85,4170.48,4170.635,0
2026-10-02 14:50:00+00:00,4170.67,4170.99,4157.74,4157.8150000000005,0
2026-10-02 14:55:00+00:00,4157.825,4160.175,4155.285,4159.1900000000005,0
2026-10-02 15:00:00+00:00,4159.18,4160.389999999999,4150.025,4151.955,0
2026-10-02 15:05:00+00:00,4151.950000000001,4153.99,4144.51,4147.705,0
2026-10-02 15:10:00+00:00,4147.675,4149.1849999999995,4142.32,4145.639999999999,0
2026-10-02 15:15:00+00:00,4145.655000000001,4147.105,4139.290000000001,4143.205,0
2026-10-02 15:20:00+00:00,4143.195,4145.35,4136.9,4137.225,0
2026-10-02 15:25:00+00:00,4137.295,4144.965,4133.47,4141.82,0
2026-10-02 15:30:00+00:00,4141.86,4147.68,4139.595,4146.514999999999,0
2026-10-02 15:35:00+00:00,4146.54,4147.57,4138.735000000001,4139.195,0
2026-10-02 15:40:00+00:00,4139.1849999999995,4141.17,4134.1900000000005,4135.0650000000005,0
2026-10-02 15:45:00+00:00,4135.09,4138.65,4131.81,4135.135,0
2026-10-02 15:50:00+00:00,4135.110000000001,4137.005,4128.7,4130.215,0
2026-10-02 15:55:00+00:00,4130.26,4131.52,4125.26,4127.344999999999,0
2026-10-02 16:00:00+00:00,4127.335,4131.87,4125.82,4130.51,0
2026-10-02 16:05:00+00:00,4130.485000000001,4135.585,4127.674999999999,4134.9,0
2026-10-02 16:10:00+00:00,4134.92,4136.945,4132.375,4134.82,0
2026-10-02 16:15:00+00:00,4134.82,4139.1849999999995,4134.115,4137.5650000000005,0
2026-10-02 16:20:00+00:00,4137.525,4141.094999999999,4134.835,4135.355,0
2026-10-02 16:25:00+00:00,4135.344999999999,4137.56,4133.295,4135.875,0
2026-10-02 16:30:00+00:00,4135.879999999999,4139.745,4135.51,4138.755,0
2026-10-02 16:35:00+00:00,4138.73,4141.15,4137.35,4139.68,0
2026-10-02 16:40:00+00:00,4139.73,4140.1849999999995,4134.25,4135.355,0
2026-10-02 16:45:00+00:00,4135.375,4139.48,4135.155000000001,4137.8150000000005,0
2026-10-02 16:50:00+00:00,4137.805,4139.895,4136.62,4138.525,0
2026-10-02 16:55:00+00:00,4138.52,4140.280000000001,4137.265,4139.24,0
2026-10-02 17:00:00+00:00,4139.265,4143.17,4138.764999999999,4141.895,0
2026-10-02 17:05:00+00:00,4141.889999999999,4142.6,4137.6,4138.0,0
2026-10-02 17:10:00+00:00,4137.995000000001,4139.280000000001,4134.04,4136.1849999999995,0
2026-10-02 17:15:00+00:00,4136.21,4139.01,4134.9349999999995,4138.16,0
2026-10-02 17:20:00+00:00,4138.145,4139.3,4132.795,4133.475,0
2026-10-02 17:25:00+00:00,4133.51,4135.475,4130.135,4133.855,0
2026-10-02 17:30:00+00:00,4133.85,4140.33,4132.375,4139.0599999999995,0
2026-10-02 17:35:00+00:00,4139.055,4139.735,4136.370000000001,4136.6849999999995,0
2026-10-02 17:40:00+00:00,4136.6900000000005,4138.82,4136.005,4137.889999999999,0
2026-10-02 17:45:00+00:00,4137.865,4139.135,4135.765,4139.0,0
2026-10-02 17:50:00+00:00,4138.99,4140.25,4135.67,4140.105,0
2026-10-02 17:55:00+00:00,4140.075000000001,4140.35,4132.969999999999,4137.575,0
2026-10-02 18:00:00+00:00,4137.594999999999,4139.18,4135.235000000001,4138.12,0
2026-10-02 18:05:00+00:00,4138.125,4139.175,4137.205,4138.4400000000005,0
2026-10-02 18:10:00+00:00,4138.43,4141.195,4137.295,4140.18,0
2026-10-02 18:15:00+00:00,4140.345,4140.38,4136.145,4137.705,0
2026-10-02 18:20:00+00:00,4137.73,4138.9400000000005,4136.885,4137.5,0
2026-10-02 18:25:00+00:00,4137.49,4140.915,4137.01,4140.0599999999995,0
2026-10-02 18:30:00+00:00,4140.0650000000005,4140.415,4137.83,4139.3,0
2026-10-02 18:35:00+00:00,4139.285,4141.6900000000005,4138.780000000001,4140.3,0
2026-10-02 18:40:00+00:00,4140.295,4142.76,4139.1849999999995,4142.219999999999,0
2026-10-02 18:45:00+00:00,4142.225,4143.445,4141.395,4142.945,0
2026-10-02 18:50:00+00:00,4142.9349999999995,4143.77,4141.84,4143.01,0
2026-10-02 18:55:00+00:00,4142.969999999999,4146.745000000001,4142.325000000001,4146.59,0
2026-10-02 19:00:00+00:00,4146.6,4147.77,4143.65,4145.195,0
2026-10-02 19:05:00+00:00,4145.200000000001,4146.535,4144.21,4145.9,0
2026-10-02 19:10:00+00:00,4145.885,4149.295,4145.58,4148.82,0
2026-10-02 19:15:00+00:00,4148.83,4148.965,4144.7,4146.675,0
2026-10-02 19:20:00+00:00,4146.67,4149.025,4146.41,4148.22,0
2026-10-02 19:25:00+00:00,4148.255,4149.115,4147.0650000000005,4148.424999999999,0
2026-10-02 19:30:00+00:00,4148.385,4150.115,4147.09,4148.6849999999995,0
2026-10-02 19:35:00+00:00,4148.71,4149.610000000001,4146.5,4146.87,0
2026-10-02 19:40:00+00:00,4146.895,4147.165,4142.875,4142.955,0
2026-10-02 19:45:00+00:00,4142.965,4144.360000000001,4141.02,4141.55,0
2026-10-02 19:50:00+00:00,4141.57,4143.29,4140.6,4142.79,0
2026-10-02 19:55:00+00:00,4142.8099999999995,4148.105,4142.32,4147.8,0
2026-10-02 20:00:00+00:00,4147.795,4148.665,4144.299999999999,4144.299999999999,0
2026-10-02 20:05:00+00:00,4144.245,4144.595,4142.37,4143.445,0
2026-10-02 20:10:00+00:00,4143.455,4143.8099999999995,4140.485,4143.299999999999,0
2026-10-02 20:15:00+00:00,4143.305,4144.7,4141.955,4143.705,0
2026-10-02 20:20:00+00:00,4143.68,4144.51,4142.365,4144.215,0
2026-10-02 20:25:00+00:00,4144.23,4144.33,4142.5599999999995,4143.345,0
2026-10-02 20:30:00+00:00,4143.335,4143.335,4141.16,4141.535,0
2026-10-02 20:35:00+00:00,4141.53,4141.735000000001,4138.889999999999,4139.075,0
2026-10-02 20:40:00+00:00,4139.04,4139.79,4138.405000000001,4138.6849999999995,0
2026-10-02 20:45:00+00:00,4138.67,4138.84,4136.075,4137.785,0
2026-10-02 20:50:00+00:00,4137.645,4139.91,4137.02,4139.610000000001,0
