datetime,Open,High,Low,Close,Volume
2025-09-22 01:00:00+00:00,3690.99,3697.46,3685.565,3692.2700000000004,0
2025-09-22 05:00:00+00:00,3692.25,3722.63,3691.91,3720.31,0
2025-09-22 09:00:00+00:00,3720.3050000000003,3728.5950000000003,3712.1400000000003,3721.56,0
2025-09-22 13:00:00+00:00,3721.5699999999997,3739.63,3713.6800000000003,3737.085,0
2025-09-22 17:00:00+00:00,3737.105,3748.795,3737.105,3746.96,0
2025-09-22 21:00:00+00:00,3745.49,3750.83,3738.35,3747.3450000000003,0
2025-09-23 01:00:00+00:00,3747.355,3759.4700000000003,3736.505,3745.02,0
2025-09-23 05:00:00+00:00,3745.0249999999996,3775.38,3743.5150000000003,3774.3050000000003,0
2025-09-23 09:00:00+00:00,3774.34,3791.185,3774.17,3784.52,0
2025-09-23 13:00:00+00:00,3784.505,3788.895,3765.06,3779.455,0
2025-09-23 17:00:00+00:00,3779.4449999999997,3785.9049999999997,3751.9399999999996,3763.94,0
2025-09-23 21:00:00+00:00,3766.545,3770.115,3758.8450000000003,3765.11,0
2025-09-24 01:00:00+00:00,3765.13,3771.9750000000004,3750.64,3768.3,0
2025-09-24 05:00:00+00:00,3768.285,3779.4300000000003,3767.175,3770.24,0
2025-09-24 09:00:00+00:00,3770.225,3771.72,3759.775,3768.23,0
2025-09-24 13:00:00+00:00,3768.225,3772.98,3732.5,3736.0150000000003,0
2025-09-24 17:00:00+00:00,3736.0,3738.965,3717.5550000000003,3736.125,0
2025-09-24 21:00:00+00:00,3739.405,3751.71,3738.8999999999996,3749.005,0
2025-09-25 01:00:00+00:00,3748.99,3750.515,3729.635,3738.05,0
2025-09-25 05:00:00+00:00,3738.01,3761.67,3734.27,3756.57,0
2025-09-25 09:00:00+00:00,3756.475,3761.365,3730.63,3738.61,0
2025-09-25 13:00:00+00:00,3738.625,3745.705,3722.2,3733.525,0
2025-09-25 17:00:00+00:00,3733.535,3758.3900000000003,3732.375,3749.1899999999996,0
2025-09-25 21:00:00+00:00,3748.835,3751.635,3738.13,3749.575,0
2025-09-26 01:00:00+00:00,3749.665,3753.215,3734.415,3747.785,0
2025-09-26 05:00:00+00:00,3747.7749999999996,3755.135,3739.3599999999997,3752.995,0
2025-09-26 09:00:00+00:00,3752.795,3757.38,3742.8900000000003,3752.315,0
2025-09-26 13:00:00+00:00,3752.3050000000003,3783.99,3751.36,3774.38,0
2025-09-26 17:00:00+00:00,3774.42,3783.25,3760.015,3760.055,0
2025-09-28 21:00:00+00:00,3761.1549999999997,3787.61,3760.175,3787.2349999999997,0
2025-09-29 01:00:00+00:00,3787.165,3809.2200000000003,3768.115,3805.24,0
2025-09-29 05:00:00+00:00,3805.235,3820.0150000000003,3801.4399999999996,3818.88,0
2025-09-29 09:00:00+00:00,3818.895,3831.45,3806.58,3813.835,0
2025-09-29 13:00:00+00:00,3813.82,3833.545,3809.48,3830.295,0
2025-09-29 17:00:00+00:00,3830.3050000000003,3834.425,3822.605,3834.11,0
2025-09-29 21:00:00+00:00,3830.84,3840.84,3825.71,3839.105,0
2025-09-30 01:00:00+00:00,3838.95,3867.4449999999997,3838.12,3867.27,0
2025-09-30 05:00:00+00:00,3867.245,3871.855,3807.59,3816.39,0
2025-09-30 09:00:00+00:00,3816.295,3821.795,3793.11,3819.5150000000003,0
2025-09-30 13:00:00+00:00,3819.45,3854.76,3811.815,3845.98,0
2025-09-30 17:00:00+00:00,3845.955,3860.87,3839.825,3858.42,0
2025-09-30 21:00:00+00:00,3858.135,3865.36,3854.875,3861.02,0
2025-10-01 01:00:00+00:00,3861.0150000000003,3875.51,3855.55,3864.9049999999997,0
2025-10-01 05:00:00+00:00,3864.87,3895.51,3853.205,3893.0,0
2025-10-01 09:00:00+00:00,3892.99,3895.205,3864.585,3870.535,0
2025-10-01 13:00:00+00:00,3870.515,3878.8050000000003,3856.285,3870.84,0
2025-10-01 17:00:00+00:00,3870.855,3871.915,3855.1549999999997,3865.67,0
2025-10-01 21:00:00+00:00,3869.285,3869.83,3856.225,3856.24,0
2025-10-02 01:00:00+00:00,3856.205,3870.215,3852.96,3864.4700000000003,0
2025-10-02 05:00:00+00:00,3864.485,3878.745,3861.87,3874.495,0
2025-10-02 09:00:00+00:00,3874.51,3892.04,3873.35,3884.16,0
2025-10-02 13:00:00+00:00,3884.17,3897.3050000000003,3819.27,3844.9300000000003,0
2025-10-02 17:00:00+00:00,3844.9049999999997,3859.425,3840.755,3856.585,0
2025-10-02 21:00:00+00:00,3857.505,3863.65,3852.12,3857.09,0
2025-10-03 01:00:00+00:00,3857.08,3862.675,3838.205,3844.14,0
2025-10-03 05:00:00+00:00,3844.125,3865.6899999999996,3844.0249999999996,3864.76,0
2025-10-03 09:00:00+00:00,3864.755,3875.22,3854.81,3874.045,0
2025-10-03 13:00:00+00:00,3874.06,3891.65,3866.465,3883.8050000000003,0
2025-10-03 17:00:00+00:00,3883.79,3889.26,3876.9049999999997,3887.02,0
2025-10-05 21:00:00+00:00,3887.455,3921.3900000000003,3884.455,3900.3999999999996,0
2025-10-06 01:00:00+00:00,3900.425,3940.3999999999996,3899.67,3938.7,0
2025-10-06 05:00:00+00:00,3938.69,3949.76,3922.23,3942.545,0
2025-10-06 09:00:00+00:00,3942.54,3946.84,3926.4049999999997,3933.885,0
2025-10-06 13:00:00+00:00,3933.925,3970.1000000000004,3927.35,3954.07,0
2025-10-06 17:00:00+00:00,3954.0950000000003,3965.29,3951.215,3960.77,0
2025-10-06 21:00:00+00:00,3958.86,3977.55,3958.535,3962.5550000000003,0
2025-10-07 01:00:00+00:00,3962.6099999999997,3977.11,3955.95,3976.17,0
2025-10-07 05:00:00+00:00,3976.1499999999996,3976.91,3940.8199999999997,3951.3900000000003,0
2025-10-07 09:00:00+00:00,3951.465,3980.0950000000003,3951.255,3979.6549999999997,0
2025-10-07 13:00:00+00:00,3979.675,3991.2299999999996,3961.76,3976.7349999999997,0
2025-10-07 17:00:00+00:00,3976.73,3987.6949999999997,3974.1400000000003,3984.37,0
2025-10-07 21:00:00+00:00,3985.0150000000003,3999.42,3982.835,3992.4,0
2025-10-08 01:00:00+00:00,3992.4049999999997,4027.385,3984.33,4027.005,0
2025-10-08 05:00:00+00:00,4026.995,4040.6949999999997,4021.465,4036.41,0
2025-10-08 09:00:00+00:00,4036.43,4049.68,4030.9,4039.99,0
2025-10-08 13:00:00+00:00,4039.99,4059.295,4026.22,4056.795,0
2025-10-08 17:00:00+00:00,4056.77,4058.085,4032.1400000000003,4041.95,0
2025-10-08 21:00:00+00:00,4040.2349999999997,4040.83,4001.2700000000004,4023.025,0
2025-10-09 01:00:00+00:00,4023.035,4041.385,4002.95,4039.05,0
2025-10-09 05:00:00+00:00,4039.04,4043.8,4022.785,4038.4049999999997,0
2025-10-09 09:00:00+00:00,4038.395,4053.93,4033.69,4053.64,0
2025-10-09 13:00:00+00:00,4053.75,4058.175,3964.1549999999997,3968.75,0
2025-10-09 17:00:00+00:00,3968.72,3982.275,3944.705,3976.365,0
2025-10-09 21:00:00+00:00,3980.03,3994.61,3958.615,3991.335,0
2025-10-10 01:00:00+00:00,3991.3599999999997,3992.42,3947.145,3966.3,0
2025-10-10 05:00:00+00:00,3966.325,3994.93,3952.7799999999997,3992.145,0
2025-10-10 09:00:00+00:00,3992.16,4006.76,3979.965,3985.725,0
2025-10-10 13:00:00+00:00,3985.735,4022.745,3970.95,3983.445,0
2025-10-10 17:00:00+00:00,3983.46,4021.465,3975.2,4017.75,0
2025-10-12 21:00:00+00:00,4013.25,4060.1800000000003,3991.79,4043.87,0
2025-10-13 01:00:00+00:00,4043.885,4059.465,4036.0649999999996,4056.44,0
2025-10-13 05:00:00+00:00,4056.2,4079.2799999999997,4054.585,4077.8450000000003,0
2025-10-13 09:00:00+00:00,4077.835,4086.105,4070.185,4079.88,0
2025-10-13 13:00:00+00:00,4079.865,4117.16,4078.255,4105.6849999999995,0
2025-10-13 17:00:00+00:00,4105.6900000000005,4115.6,4090.785,4110.674999999999,0
2025-10-13 21:00:00+00:00,4111.0,4132.085,4106.695,4124.33,0
2025-10-14 01:00:00+00:00,4124.299999999999,4170.145,4123.07,4168.25,0
2025-10-14 05:00:00+00:00,4168.26,4180.05,4090.205,4144.01,0
2025-10-14 09:00:00+00:00,4144.014999999999,4144.495,4103.345,4106.41,0
2025-10-14 13:00:00+00:00,4106.424999999999,4155.52,4097.805,4140.5599999999995,0
2025-10-14 17:00:00+00:00,4140.535,4152.975,4134.68,4142.225,0
2025-10-14 21:00:00+00:00,4144.135,4169.825,4140.51,4162.4400000000005,0
2025-10-15 01:00:00+00:00,4162.455,4191.040000000001,4162.025,4179.790000000001,0
2025-10-15 05:00:00+00:00,4179.799999999999,4218.5,4176.9349999999995,4208.16,0
2025-10-15 09:00:00+00:00,4208.15,4212.3,4164.495000000001,4190.58,0
2025-10-15 13:00:00+00:00,4190.595,4212.495000000001,4179.93,4198.77,0
2025-10-15 17:00:00+00:00,4198.790000000001,4213.75,4182.655000000001,4208.139999999999,0
2025-10-15 21:00:00+00:00,4209.285,4227.365,4199.950000000001,4210.63,0
2025-10-16 01:00:00+00:00,4210.62,4242.1900000000005,4210.62,4233.549999999999,0
2025-10-16 05:00:00+00:00,4233.5599999999995,4236.165,4203.58,4233.055,0
2025-10-16 09:00:00+00:00,4233.045,4251.09,4222.200000000001,4236.24,0
2025-10-16 13:00:00+00:00,4236.23,4292.16,4234.79,4282.860000000001,0
2025-10-16 17:00:00+00:00,4282.835,4330.895,4273.59,4326.23,0
2025-10-16 21:00:00+00:00,4336.6849999999995,4380.09,4332.175,4358.26,0
2025-10-17 01:00:00+00:00,4358.254999999999,4377.200000000001,4278.655,4376.59,0
2025-10-17 05:00:00+00:00,4376.57,4378.8099999999995,4309.16,4347.885,0
2025-10-17 09:00:00+00:00,4347.88,4348.455,4283.59,4314.52,0
2025-10-17 13:00:00+00:00,4314.48,4317.76,4200.62,4204.785,0
2025-10-17 17:00:00+00:00,4204.795,4253.155000000001,4185.67,4251.28,0
2025-10-19 21:00:00+00:00,4244.735,4275.045,4218.965,4249.62,0
2025-10-20 01:00:00+00:00,4249.625,4271.105,4229.645,4266.264999999999,0
2025-10-20 05:00:00+00:00,4266.245,4266.75,4221.36,4258.674999999999,0
2025-10-20 09:00:00+00:00,4258.6849999999995,4327.175,4245.63,4323.540000000001,0
2025-10-20 13:00:00+00:00,4323.48,4355.8099999999995,4293.014999999999,4347.725,0
2025-10-20 17:00:00+00:00,4347.71,4381.625,4337.05,4356.424999999999,0
2025-10-20 21:00:00+00:00,4359.07,4375.635,4356.105,4368.950000000001,0
2025-10-21 01:00:00+00:00,4368.950000000001,4372.16,4332.6900000000005,4342.05,0
2025-10-21 05:00:00+00:00,4342.04,4344.475,4244.365,4274.17,0
2025-10-21 09:00:00+00:00,4274.1849999999995,4278.235,4205.54,4211.385,0
2025-10-21 13:00:00+00:00,4211.4,4225.615,4081.205,4113.625,0
2025-10-21 17:00:00+00:00,4113.635,4131.295,4093.0299999999997,4125.385,0
2025-10-21 21:00:00+00:00,4126.59,4132.475,4004.355,4074.7799999999997,0
2025-10-22 01:00:00+00:00,4074.87,4143.52,4064.705,4128.365,0
2025-10-22 05:00:00+00:00,4128.375,4161.639999999999,4058.105,4070.63,0
2025-10-22 09:00:00+00:00,4070.66,4101.975,4014.785,4033.9300000000003,0
2025-10-22 13:00:00+00:00,4033.94,4085.44,4011.135,4059.385,0
2025-10-22 17:00:00+00:00,4059.37,4113.785,4044.1,4098.475,0
2025-10-22 21:00:00+00:00,4106.125,4116.555,4066.265,4081.875,0
2025-10-23 01:00:00+00:00,4081.86,4100.77,4071.795,4089.885,0
2025-10-23 05:00:00+00:00,4089.87,4137.844999999999,4084.145,4116.25,0
2025-10-23 09:00:00+00:00,4116.27,4129.25,4100.07,4127.45,0
2025-10-23 13:00:00+00:00,4127.4349999999995,4154.915,4125.47,4133.075000000001,0
2025-10-23 17:00:00+00:00,4133.105,4143.610000000001,4107.605,4126.0599999999995,0
2025-10-23 21:00:00+00:00,4129.58,4133.735000000001,4105.860000000001,4132.74,0
2025-10-24 01:00:00+00:00,4132.75,4144.6900000000005,4102.71,4111.57,0
2025-10-24 05:00:00+00:00,4111.565,4118.02,4047.47,4065.5150000000003,0
2025-10-24 09:00:00+00:00,4065.5200000000004,4093.4049999999997,4043.365,4082.4,0
2025-10-24 13:00:00+00:00,4082.375,4138.74,4079.2,4129.375,0
2025-10-24 17:00:00+00:00,4129.355,4134.335,4096.555,4112.71,0
2025-10-26 21:00:00+00:00,4080.2,4108.87,4058.2799999999997,4081.1,0
2025-10-27 01:00:00+00:00,4081.165,4097.88,4053.6400000000003,4068.91,0
2025-10-27 05:00:00+00:00,4068.965,4085.07,4024.33,4043.205,0
2025-10-27 09:00:00+00:00,4043.2250000000004,4050.48,4015.435,4045.645,0
2025-10-27 13:00:00+00:00,4045.62,4050.3050000000003,3971.385,3999.55,0
2025-10-27 17:00:00+00:00,3999.575,4010.355,3979.3100000000004,3981.775,0
2025-10-27 21:00:00+00:00,3982.245,4009.765,3972.9049999999997,4006.785,0
2025-10-28 01:00:00+00:00,4006.77,4020.0600000000004,3963.76,3973.87,0
2025-10-28 05:00:00+00:00,3973.875,3980.19,3896.33,3897.035,0
2025-10-28 09:00:00+00:00,3897.0699999999997,3931.225,3886.4399999999996,3912.985,0
2025-10-28 13:00:00+00:00,3913.0,3969.71,3912.295,3958.8,0
2025-10-28 17:00:00+00:00,3958.8199999999997,3970.5,3945.3050000000003,3952.8,0
2025-10-28 21:00:00+00:00,3956.17,3982.59,3916.7349999999997,3975.495,0
2025-10-29 01:00:00+00:00,3975.485,3980.045,3943.94,3951.94,0
2025-10-29 05:00:00+00:00,3951.9700000000003,4018.725,3950.995,4017.3050000000003,0
2025-10-29 09:00:00+00:00,4017.3100000000004,4030.3599999999997,4013.475,4025.725,0
2025-10-29 13:00:00+00:00,4025.7349999999997,4025.81,3989.465,3993.035,0
2025-10-29 17:00:00+00:00,3993.05,4007.76,3927.8,3930.545,0
2025-10-29 21:00:00+00:00,3928.04,3964.425,3917.125,3950.45,0
2025-10-30 01:00:00+00:00,3950.4449999999997,3982.52,3915.5649999999996,3972.565,0
2025-10-30 05:00:00+00:00,3972.56,3978.465,3946.885,3976.54,0
2025-10-30 09:00:00+00:00,3976.535,4011.915,3961.125,3961.63,0
2025-10-30 13:00:00+00:00,3961.615,4015.185,3960.355,4001.23,0
2025-10-30 17:00:00+00:00,4001.245,4027.27,3994.54,4024.41,0
2025-10-30 21:00:00+00:00,4024.06,4046.37,4016.11,4025.19,0
2025-10-31 01:00:00+00:00,4025.2,4039.25,3989.005,4005.84,0
2025-10-31 05:00:00+00:00,4005.8450000000003,4027.105,3994.1549999999997,4010.76,0
2025-10-31 09:00:00+00:00,4010.74,4036.33,3998.495,4022.85,0
2025-10-31 13:00:00+00:00,4022.88,4035.525,3972.495,3980.7,0
2025-10-31 17:00:00+00:00,3980.68,4009.995,3980.4750000000004,4002.8450000000003,0
2025-11-02 22:00:00+00:00,3985.335,4002.115,3962.49,3995.985,0
2025-11-03 02:00:00+00:00,3995.975,4018.815,3990.13,4014.1400000000003,0
2025-11-03 06:00:00+00:00,4014.16,4028.275,3992.85,4000.645,0
2025-11-03 10:00:00+00:00,4000.65,4020.62,3994.335,4016.2349999999997,0
2025-11-03 14:00:00+00:00,4016.23,4030.815,3995.3450000000003,4006.135,0
2025-11-03 18:00:00+00:00,4006.125,4015.0200000000004,3995.245,4001.4449999999997,0
2025-11-03 22:00:00+00:00,4003.0150000000003,4006.9399999999996,3978.58,3987.365,0
2025-11-04 02:00:00+00:00,3987.38,3999.45,3972.57,3973.24,0
2025-11-04 06:00:00+00:00,3973.25,4000.8050000000003,3966.8450000000003,3991.3050000000003,0
2025-11-04 10:00:00+00:00,3991.31,4000.125,3971.8599999999997,3976.12,0
2025-11-04 14:00:00+00:00,3976.115,3977.73,3928.725,3955.1949999999997,0
2025-11-04 18:00:00+00:00,3955.185,3957.01,3930.43,3931.965,0
2025-11-04 22:00:00+00:00,3934.1549999999997,3949.585,3929.645,3937.3199999999997,0
2025-11-05 02:00:00+00:00,3937.245,3978.545,3935.52,3965.0950000000003,0
2025-11-05 06:00:00+00:00,3965.105,3987.205,3961.8050000000003,3971.91,0
2025-11-05 10:00:00+00:00,3971.92,3979.38,3956.205,3976.015,0
2025-11-05 14:00:00+00:00,3976.025,3990.675,3963.83,3981.94,0
2025-11-05 18:00:00+00:00,3981.95,3990.315,3978.0299999999997,3979.1549999999997,0
2025-11-05 22:00:00+00:00,3978.31,3983.27,3964.5,3976.5950000000003,0
2025-11-06 02:00:00+00:00,3976.645,3990.83,3974.435,3988.245,0
2025-11-06 06:00:00+00:00,3988.255,4017.025,3982.275,4010.99,0
2025-11-06 10:00:00+00:00,4010.98,4019.6549999999997,4002.79,4012.035,0
2025-11-06 14:00:00+00:00,4012.0550000000003,4013.985,3965.69,3986.245,0
2025-11-06 18:00:00+00:00,3986.255,3995.4,3976.69,3977.255,0
2025-11-06 22:00:00+00:00,3975.635,4003.0150000000003,3974.63,4001.835,0
2025-11-07 02:00:00+00:00,4001.8450000000003,4003.3450000000003,3985.27,3995.17,0
2025-11-07 06:00:00+00:00,3995.205,4014.29,3992.23,4006.775,0
2025-11-07 10:00:00+00:00,4006.79,4011.835,3991.535,3997.71,0
2025-11-07 14:00:00+00:00,3997.7200000000003,4027.59,3984.145,4005.49,0
2025-11-07 18:00:00+00:00,4005.5,4009.33,3994.645,4001.51,0
2025-11-09 22:00:00+00:00,4000.0150000000003,4053.42,3999.5950000000003,4044.135,0
2025-11-10 02:00:00+00:00,4044.15,4070.0950000000003,4037.6800000000003,4069.61,0
2025-11-10 06:00:00+00:00,4069.615,4086.6949999999997,4067.005,4076.675,0
2025-11-10 10:00:00+00:00,4076.775,4106.13,4075.76,4092.26,0
2025-11-10 14:00:00+00:00,4092.255,4102.85,4074.33,4102.57,0
2025-11-10 18:00:00+00:00,4102.585,4116.785,4101.585,4115.83,0
2025-11-10 22:00:00+00:00,4116.785,4141.465,4115.469999999999,4136.280000000001,0
2025-11-11 02:00:00+00:00,4136.29,4149.12,4124.65,4131.135,0
2025-11-11 06:00:00+00:00,4131.129999999999,4146.139999999999,4124.9,4142.01,0
2025-11-11 10:00:00+00:00,4142.025,4146.835,4133.27,4142.575000000001,0
2025-11-11 14:00:00+00:00,4142.59,4143.5,4097.1,4114.450000000001,0
2025-11-11 18:00:00+00:00,4114.455,4131.92,4106.705,4126.475,0
2025-11-11 22:00:00+00:00,4129.755,4145.84,4126.055,4131.389999999999,0
2025-11-12 02:00:00+00:00,4131.379999999999,4135.610000000001,4098.855,4104.879999999999,0
2025-11-12 06:00:00+00:00,4104.9,4133.74,4103.4400000000005,4124.705,0
2025-11-12 10:00:00+00:00,4124.715,4139.585,4118.01,4127.04,0
2025-11-12 14:00:00+00:00,4127.045,4206.725,4124.835,4199.67,0
2025-11-12 18:00:00+00:00,4199.700000000001,4212.0,4190.355,4195.93,0
2025-11-12 22:00:00+00:00,4203.535,4209.23,4179.93,4192.725,0
2025-11-13 02:00:00+00:00,4192.6,4219.625,4183.514999999999,4212.255,0
2025-11-13 06:00:00+00:00,4212.275,4239.825000000001,4203.325,4233.26,0
2025-11-13 10:00:00+00:00,4233.25,4245.26,4219.165,4231.73,0
2025-11-13 14:00:00+00:00,4231.719999999999,4232.639999999999,4184.395,4201.639999999999,0
2025-11-13 18:00:00+00:00,4201.665,4203.4,4145.23,4171.485000000001,0
2025-11-13 22:00:00+00:00,4172.860000000001,4194.0650000000005,4172.09,4189.91,0
2025-11-14 02:00:00+00:00,4189.92,4211.77,4183.795,4190.1,0
2025-11-14 06:00:00+00:00,4190.135,4193.605,4158.81,4169.6849999999995,0
2025-11-14 10:00:00+00:00,4169.675,4171.015,4041.33,4055.98,0
2025-11-14 14:00:00+00:00,4055.975,4111.305,4032.205,4099.83,0
2025-11-14 18:00:00+00:00,4099.84,4103.85,4075.4049999999997,4085.55,0
2025-11-16 22:00:00+00:00,4083.4449999999997,4108.615,4071.58,4091.41,0
2025-11-17 02:00:00+00:00,4091.385,4094.06,4049.55,4058.465,0
2025-11-17 06:00:00+00:00,4058.45,4095.8999999999996,4054.6899999999996,4082.285,0
2025-11-17 10:00:00+00:00,4082.28,4092.33,4060.775,4065.355,0
2025-11-17 14:00:00+00:00,4065.36,4081.99,4052.1,4073.505,0
2025-11-17 18:00:00+00:00,4073.5150000000003,4076.2349999999997,4007.005,4045.71,0
2025-11-17 22:00:00+00:00,4050.23,4055.9849999999997,4022.4049999999997,4025.24,0
2025-11-18 02:00:00+00:00,4025.255,4035.745,4004.955,4018.955,0
2025-11-18 06:00:00+00:00,4018.86,4047.32,3998.075,4040.22,0
2025-11-18 10:00:00+00:00,4040.165,4070.285,4029.07,4065.48,0
2025-11-18 14:00:00+00:00,4065.49,4081.89,4040.56,4071.675,0
2025-11-18 18:00:00+00:00,4071.685,4082.415,4063.3,4067.7250000000004,0
2025-11-18 22:00:00+00:00,4068.975,4078.535,4056.395,4059.085,0
2025-11-19 02:00:00+00:00,4059.075,4097.639999999999,4055.64,4095.515,0
2025-11-19 06:00:00+00:00,4095.5299999999997,4116.52,4078.21,4113.445,0
2025-11-19 10:00:00+00:00,4113.44,4120.0599999999995,4100.755,4110.74,0
2025-11-19 14:00:00+00:00,4110.75,4132.865,4055.5950000000003,4079.15,0
2025-11-19 18:00:00+00:00,4079.17,4091.45,4065.725,4077.915,0
2025-11-19 22:00:00+00:00,4080.01,4110.545,4077.7349999999997,4081.43,0
2025-11-20 02:00:00+00:00,4081.44,4085.615,4038.715,4066.89,0
2025-11-20 06:00:00+00:00,4066.885,4077.63,4038.76,4064.095,0
2025-11-20 10:00:00+00:00,4064.09,4096.6,4051.01,4080.61,0
2025-11-20 14:00:00+00:00,4080.605,4107.295,4043.83,4066.165,0
2025-11-20 18:00:00+00:00,4066.17,4087.325,4056.42,4077.4750000000004,0
2025-11-20 22:00:00+00:00,4075.71,4088.8149999999996,4060.3450000000003,4068.755,0
2025-11-21 02:00:00+00:00,4068.755,4080.185,4039.545,4058.34,0
2025-11-21 06:00:00+00:00,4058.39,4064.95,4022.27,4050.385,0
2025-11-21 10:00:00+00:00,4050.4399999999996,4081.35,4031.02,4079.56,0
2025-11-21 14:00:00+00:00,4079.565,4101.1900000000005,4054.9700000000003,4085.855,0
2025-11-21 18:00:00+00:00,4085.815,4092.12,4054.795,4065.205,0
2025-11-23 22:00:00+00:00,4069.13,4077.87,4042.885,4044.525,0
2025-11-24 02:00:00+00:00,4044.56,4061.59,4040.295,4046.665,0
2025-11-24 06:00:00+00:00,4046.705,4074.34,4045.5950000000003,4072.07,0
2025-11-24 10:00:00+00:00,4072.08,4086.035,4063.2650000000003,4078.0550000000003,0
2025-11-24 14:00:00+00:00,4078.04,4100.530000000001,4068.45,4093.34,0
2025-11-24 18:00:00+00:00,4093.325,4140.055,4088.0299999999997,4134.775,0
2025-11-24 22:00:00+00:00,4134.385,4144.64,4122.595,4134.835,0
2025-11-25 02:00:00+00:00,4134.825000000001,4155.959999999999,4132.88,4151.389999999999,0
2025-11-25 06:00:00+00:00,4151.4,4152.21,4109.495000000001,4128.3150000000005,0
2025-11-25 10:00:00+00:00,4128.299999999999,4150.835,4115.915,4147.98,0
2025-11-25 14:00:00+00:00,4147.99,4159.209999999999,4111.25,4146.235000000001,0
2025-11-25 18:00:00+00:00,4146.219999999999,4150.875,4127.610000000001,4130.765,0
2025-11-25 22:00:00+00:00,4132.66,4153.02,4129.74,4148.385,0
2025-11-26 02:00:00+00:00,4148.389999999999,4169.51,4147.265,4162.335,0
2025-11-26 06:00:00+00:00,4162.34,4168.51,4146.705,4162.605,0
2025-11-26 10:00:00+00:00,4162.595,4173.58,4148.77,4153.28,0
2025-11-26 14:00:00+00:00,4153.24,4170.04,4136.695,4167.43,0
2025-11-26 18:00:00+00:00,4167.375,4171.615,4158.145,4164.09,0
2025-11-26 22:00:00+00:00,4165.405,4169.01,4148.540000000001,4154.445,0
2025-11-27 02:00:00+00:00,4154.455,4156.15,4142.885,4147.215,0
2025-11-27 06:00:00+00:00,4147.209999999999,4167.54,4147.145,4158.525,0
2025-11-27 10:00:00+00:00,4158.535,4162.66,4149.125,4154.93,0
2025-11-27 14:00:00+00:00,4154.9349999999995,4161.945,4151.57,4157.875,0
2025-11-27 18:00:00+00:00,4157.860000000001,4160.59,4155.715,4157.45,0
2025-11-27 22:00:00+00:00,4160.195,4193.27,4158.305,4191.195,0
2025-11-28 02:00:00+00:00,4191.165,4196.115,4171.595,4182.675,0
2025-11-28 06:00:00+00:00,4182.469999999999,4213.875,4119.8099999999995,4168.255,0
2025-11-28 10:00:00+00:00,4168.235,4182.8150000000005,4159.985000000001,4182.6,0
2025-11-28 14:00:00+00:00,4182.58,4217.219999999999,4182.58,4217.110000000001,0
2025-11-28 18:00:00+00:00,4217.095,4226.870000000001,4210.805,4219.264999999999,0
2025-11-30 22:00:00+00:00,4230.3150000000005,4256.455,4205.71,4255.535,0
2025-12-01 02:00:00+00:00,4255.525,4256.695,4215.75,4229.865,0
2025-12-01 06:00:00+00:00,4229.85,4253.91,4226.200000000001,4250.24,0
2025-12-01 10:00:00+00:00,4250.235,4264.53,4244.245,4247.605,0
2025-12-01 14:00:00+00:00,4247.594999999999,4249.555,4219.639999999999,4232.32,0
2025-12-01 18:00:00+00:00,4232.290000000001,4244.75,4229.285,4232.24,0
2025-12-01 22:00:00+00:00,4229.25,4236.055,4194.75,4219.59,0
2025-12-02 02:00:00+00:00,4219.58,4226.395,4213.895,4225.2,0
2025-12-02 06:00:00+00:00,4225.219999999999,4226.475,4181.26,4192.17,0
2025-12-02 10:00:00+00:00,4192.174999999999,4215.395,4182.415,4212.465,0
2025-12-02 14:00:00+00:00,4212.445,4230.92,4163.9349999999995,4193.959999999999,0
2025-12-02 18:00:00+00:00,4193.975,4212.635,4183.34,4205.66,0
2025-12-02 22:00:00+00:00,4206.495,4221.04,4202.745000000001,4214.450000000001,0
2025-12-03 02:00:00+00:00,4214.459999999999,4228.860000000001,4203.495,4207.655000000001,0
2025-12-03 06:00:00+00:00,4207.65,4211.98,4197.095,4202.07,0
2025-12-03 10:00:00+00:00,4202.0650000000005,4238.385,4194.605,4236.775,0
2025-12-03 14:00:00+00:00,4236.785,4241.575000000001,4195.95,4211.29,0
2025-12-03 18:00:00+00:00,4211.264999999999,4212.99,4195.139999999999,4202.965,0
2025-12-03 22:00:00+00:00,4205.735000000001,4217.15,4202.74,4209.28,0
2025-12-04 02:00:00+00:00,4209.295,4209.295,4174.875,4181.115,0
2025-12-04 06:00:00+00:00,4181.094999999999,4202.41,4178.780000000001,4200.0650000000005,0
2025-12-04 10:00:00+00:00,4200.075000000001,4206.485,4185.469999999999,4198.635,0
2025-12-04 14:00:00+00:00,4198.63,4219.790000000001,4191.5,4216.575000000001,0
2025-12-04 18:00:00+00:00,4216.5650000000005,4217.549999999999,4199.77,4208.825,0
2025-12-04 22:00:00+00:00,4207.65,4210.66,4194.65,4203.4400000000005,0
2025-12-05 02:00:00+00:00,4203.4349999999995,4221.48,4196.825000000001,4220.67,0
2025-12-05 06:00:00+00:00,4220.6900000000005,4230.82,4216.085,4223.459999999999,0
2025-12-05 10:00:00+00:00,4223.49,4238.905000000001,4219.875,4234.6,0
2025-12-05 14:00:00+00:00,4234.66,4259.295,4198.575000000001,4217.62,0
2025-12-05 18:00:00+00:00,4217.59,4219.275,4191.965,4198.055,0
2025-12-07 22:00:00+00:00,4197.13,4217.34,4191.7,4201.395,0
2025-12-08 02:00:00+00:00,4201.385,4217.530000000001,4198.575,4217.285,0
2025-12-08 06:00:00+00:00,4217.305,4219.075000000001,4203.26,4208.165,0
2025-12-08 10:00:00+00:00,4208.174999999999,4215.51,4197.8099999999995,4201.93,0
2025-12-08 14:00:00+00:00,4201.88,4211.674999999999,4176.01,4195.014999999999,0
2025-12-08 18:00:00+00:00,4195.005,4195.945,4184.21,4190.6,0
2025-12-08 22:00:00+00:00,4191.639999999999,4197.495,4188.709999999999,4196.549999999999,0
2025-12-09 02:00:00+00:00,4196.51,4198.83,4178.26,4179.610000000001,0
2025-12-09 06:00:00+00:00,4179.62,4213.175,4169.955,4203.0,0
2025-12-09 10:00:00+00:00,4202.92,4208.43,4195.855,4201.5,0
2025-12-09 14:00:00+00:00,4201.495,4221.655000000001,4189.67,4203.360000000001,0
2025-12-09 18:00:00+00:00,4203.34,4216.129999999999,4201.33,4208.41,0
2025-12-09 22:00:00+00:00,4210.16,4218.299999999999,4206.93,4214.015,0
2025-12-10 02:00:00+00:00,4214.01,4219.02,4201.77,4211.35,0
2025-12-10 06:00:00+00:00,4211.335,4211.719999999999,4192.925,4194.52,0
2025-12-10 10:00:00+00:00,4194.475,4205.1,4187.790000000001,4200.610000000001,0
2025-12-10 14:00:00+00:00,4200.605,4206.915,4188.99,4199.585,0
2025-12-10 18:00:00+00:00,4199.545,4238.84,4181.93,4228.82,0
2025-12-10 22:00:00+00:00,4229.66,4247.86,4223.9400000000005,4238.34,0
2025-12-11 02:00:00+00:00,4238.325000000001,4240.8099999999995,4205.985000000001,4207.59,0
2025-12-11 06:00:00+00:00,4207.629999999999,4221.585,4204.44,4218.6900000000005,0
2025-12-11 10:00:00+00:00,4218.719999999999,4226.15,4205.41,4220.855,0
2025-12-11 14:00:00+00:00,4220.87,4281.889999999999,4217.865,4278.735000000001,0
2025-12-11 18:00:00+00:00,4278.719999999999,4285.8150000000005,4263.3,4279.754999999999,0
2025-12-11 22:00:00+00:00,4281.96,4283.49,4264.799999999999,4271.165,0
2025-12-12 02:00:00+00:00,4271.155000000001,4280.75,4266.04,4278.99,0
2025-12-12 06:00:00+00:00,4278.95,4320.49,4276.795,4318.22,0
2025-12-12 10:00:00+00:00,4318.24,4346.205,4314.625,4341.290000000001,0
2025-12-12 14:00:00+00:00,4341.2,4353.705,4257.094999999999,4294.475,0
2025-12-12 18:00:00+00:00,4294.465,4304.61,4288.755,4299.775,0
2025-12-14 22:00:00+00:00,4296.905000000001,4326.055,4293.135,4322.465,0
2025-12-15 02:00:00+00:00,4322.45,4344.6,4319.145,4343.835,0
2025-12-15 06:00:00+00:00,4343.83,4350.29,4333.425,4342.645,0
2025-12-15 10:00:00+00:00,4342.635,4348.58,4330.844999999999,4332.3150000000005,0
2025-12-15 14:00:00+00:00,4332.325,4336.865,4285.37,4304.875,0
2025-12-15 18:00:00+00:00,4304.870000000001,4317.855,4299.67,4305.12,0
2025-12-15 22:00:00+00:00,4307.56,4318.139999999999,4299.455,4308.72,0
2025-12-16 02:00:00+00:00,4308.725,4312.245000000001,4271.505,4284.094999999999,0
2025-12-16 06:00:00+00:00,4284.110000000001,4292.450000000001,4275.26,4280.34,0
2025-12-16 10:00:00+00:00,4280.365,4313.51,4273.865,4313.209999999999,0
2025-12-16 14:00:00+00:00,4313.225,4335.35,4291.389999999999,4303.965,0
2025-12-16 18:00:00+00:00,4303.955,4316.014999999999,4297.32,4302.110000000001,0
2025-12-16 22:00:00+00:00,4301.745,4326.965,4301.745,4326.82,0
2025-12-17 02:00:00+00:00,4326.825,4342.475,4311.2,4334.0650000000005,0
2025-12-17 06:00:00+00:00,4334.075,4337.835,4308.395,4316.96,0
2025-12-17 10:00:00+00:00,4316.9349999999995,4344.285,4306.53,4342.125,0
2025-12-17 14:00:00+00:00,4342.13,4349.280000000001,4320.469999999999,4342.379999999999,0
2025-12-17 18:00:00+00:00,4342.385,4346.58,4329.175,4338.155,0
2025-12-17 22:00:00+00:00,4338.515,4343.26,4324.4,4331.74,0
2025-12-18 02:00:00+00:00,4331.75,4337.915,4328.545,4333.135,0
2025-12-18 06:00:00+00:00,4333.125,4338.0,4320.79,4323.755,0
2025-12-18 10:00:00+00:00,4323.76,4343.21,4314.57,4336.73,0
2025-12-18 14:00:00+00:00,4336.764999999999,4374.99,4308.73,4333.18,0
2025-12-18 18:00:00+00:00,4333.245,4341.43,4322.65,4332.425,0
2025-12-18 22:00:00+00:00,4334.745,4336.92,4309.165,4323.389999999999,0
2025-12-19 02:00:00+00:00,4323.395,4329.235000000001,4312.79,4325.825000000001,0
2025-12-19 06:00:00+00:00,4325.84,4333.775,4321.18,4329.54,0
2025-12-19 10:00:00+00:00,4329.545,4335.715,4320.950000000001,4328.57,0
2025-12-19 14:00:00+00:00,4328.59,4356.205,4319.77,4353.68,0
2025-12-19 18:00:00+00:00,4353.67,4356.65,4336.585,4338.98,0
2025-12-21 22:00:00+00:00,4339.235,4384.83,4338.07,4382.905000000001,0
2025-12-22 02:00:00+00:00,4382.844999999999,4409.745,4378.475,4399.9400000000005,0
2025-12-22 06:00:00+00:00,4399.97,4420.61,4399.005,4411.09,0
2025-12-22 10:00:00+00:00,4411.129999999999,4427.46,4406.1,4423.709999999999,0
2025-12-22 14:00:00+00:00,4423.700000000001,4442.264999999999,4412.105,4438.47,0
2025-12-22 18:00:00+00:00,4438.49,4449.25,4428.835,4443.76,0
2025-12-22 22:00:00+00:00,4447.995,4490.860000000001,4447.51,4486.65,0
2025-12-23 02:00:00+00:00,4486.620000000001,4497.84,4474.9,4475.115,0
2025-12-23 06:00:00+00:00,4475.139999999999,4493.42,4469.389999999999,4480.465,0
2025-12-23 10:00:00+00:00,4480.475,4497.5,4473.415,4479.02,0
2025-12-23 14:00:00+00:00,4479.030000000001,4479.88,4430.29,4472.780000000001,0
2025-12-23 18:00:00+00:00,4472.790000000001,4499.95,4472.785,4484.65,0
2025-12-23 22:00:00+00:00,4487.11,4525.89,4486.54,4518.825,0
2025-12-24 02:00:00+00:00,4518.805,4519.355,4465.95,4488.4349999999995,0
2025-12-24 06:00:00+00:00,4488.415,4497.969999999999,4478.0650000000005,4494.8150000000005,0
2025-12-24 10:00:00+00:00,4494.805,4500.1849999999995,4474.95,4488.135,0
2025-12-24 14:00:00+00:00,4488.12,4489.715,4448.3150000000005,4480.645,0
2025-12-24 18:00:00+00:00,4480.595,4482.45,4477.32,4479.785,0
2025-12-25 22:00:00+00:00,4468.18,4531.9,4458.83,4503.84,0
2025-12-26 02:00:00+00:00,4503.85,4514.715,4492.3,4509.885,0
2025-12-26 06:00:00+00:00,4509.860000000001,4520.62,4507.27,4512.65,0
2025-12-26 10:00:00+00:00,4512.665000000001,4528.94,4503.025,4525.32,0
2025-12-26 14:00:00+00:00,4525.34,4549.9,4510.174999999999,4519.33,0
2025-12-26 18:00:00+00:00,4519.36,4535.855,4514.83,4534.995000000001,0
2025-12-28 22:00:00+00:00,4549.45,4550.355,4472.120000000001,4497.49,0
2025-12-29 02:00:00+00:00,4497.469999999999,4520.63,4496.67,4506.264999999999,0
2025-12-29 06:00:00+00:00,4506.305,4510.56,4445.25,4472.280000000001,0
2025-12-29 10:00:00+00:00,4472.27,4474.52,4407.275,4421.615,0
2025-12-29 14:00:00+00:00,4421.6,4421.645,4302.105,4328.285,0
2025-12-29 18:00:00+00:00,4328.3099999999995,4344.6,4323.105,4332.105,0
2025-12-29 22:00:00+00:00,4337.5,4360.3,4323.635,4360.245000000001,0
2025-12-30 02:00:00+00:00,4360.27,4380.275,4348.91,4377.695,0
2025-12-30 06:00:00+00:00,4377.66,4383.575000000001,4350.33,4372.655000000001,0
2025-12-30 10:00:00+00:00,4372.665,4404.47,4367.735000000001,4388.695,0
2025-12-30 14:00:00+00:00,4388.665,4391.99,4354.975,4370.14,0
2025-12-30 18:00:00+00:00,4370.1900000000005,4378.889999999999,4334.8099999999995,4338.77,0
2025-12-30 22:00:00+00:00,4343.51,4373.295,4328.415,4365.9400000000005,0
2025-12-31 02:00:00+00:00,4365.969999999999,4371.280000000001,4274.295,4285.455,0
2025-12-31 06:00:00+00:00,4285.47,4337.305,4273.92,4325.725,0
2025-12-31 10:00:00+00:00,4325.635,4348.615,4303.18,4346.0,0
2025-12-31 14:00:00+00:00,4346.01,4353.48,4317.4349999999995,4321.905000000001,0
2025-12-31 18:00:00+00:00,4321.9,4331.6849999999995,4304.844999999999,4319.26,0
2026-01-01 22:00:00+00:00,4329.775,4356.095,4324.43,4348.3099999999995,0
2026-01-02 02:00:00+00:00,4348.305,4381.895,4345.264999999999,4380.67,0
2026-01-02 06:00:00+00:00,4380.655000000001,4397.835,4371.985,4385.23,0
2026-01-02 10:00:00+00:00,4385.235000000001,4402.245,4362.15,4365.91,0
2026-01-02 14:00:00+00:00,4366.08,4373.755,4315.115,4323.33,0
2026-01-02 18:00:00+00:00,4323.32,4333.62,4309.96,4332.1900000000005,0
2026-01-04 22:00:00+00:00,4353.545,4421.235000000001,4342.415,4401.835,0
2026-01-05 02:00:00+00:00,4401.84,4414.58,4388.3150000000005,4412.780000000001,0
2026-01-05 06:00:00+00:00,4412.76,4438.17,4411.24,4434.69,0
2026-01-05 10:00:00+00:00,4434.7,4439.965,4396.35,4416.83,0
2026-01-05 14:00:00+00:00,4416.84,4455.92,4416.84,4443.535,0
2026-01-05 18:00:00+00:00,4443.525,4449.700000000001,4434.885,4449.02,0
2026-01-05 22:00:00+00:00,4450.305,4460.264999999999,4427.85,4450.6849999999995,0
2026-01-06 02:00:00+00:00,4450.705,4474.395,4448.62,4452.245,0
2026-01-06 06:00:00+00:00,4452.285,4475.71,4444.95,4446.424999999999,0
2026-01-06 10:00:00+00:00,4446.385,4470.655,4442.8,4468.025,0
2026-01-06 14:00:00+00:00,4468.03,4491.66,4463.34,4489.5,0
2026-01-06 18:00:00+00:00,4489.53,4497.3099999999995,4477.51,4494.695,0
2026-01-06 22:00:00+00:00,4496.715,4500.54,4461.4,4465.755,0
2026-01-07 02:00:00+00:00,4465.74,4480.33,4443.530000000001,4454.33,0
2026-01-07 06:00:00+00:00,4454.36,4475.2,4441.540000000001,4463.425,0
2026-01-07 10:00:00+00:00,4463.415000000001,4467.79,4428.139999999999,4453.05,0
2026-01-07 14:00:00+00:00,4453.04,4468.535,4423.58,4451.719999999999,0
2026-01-07 18:00:00+00:00,4451.775,4461.719999999999,4445.34,4456.705,0
2026-01-07 22:00:00+00:00,4460.145,4466.545,4441.95,4448.5599999999995,0
2026-01-08 02:00:00+00:00,4448.525,4449.825,4415.6,4425.735000000001,0
2026-01-08 06:00:00+00:00,4425.75,4439.925,4415.925,4432.615,0
2026-01-08 10:00:00+00:00,4432.594999999999,4436.16,4407.865,4423.985000000001,0
2026-01-08 14:00:00+00:00,4424.0,4465.695,4418.845,4463.465,0
2026-01-08 18:00:00+00:00,4463.475,4479.754999999999,4444.57,4477.645,0
2026-01-08 22:00:00+00:00,4483.1,4484.22,4452.955,4469.09,0
2026-01-09 02:00:00+00:00,4469.16,4476.465,4458.295,4468.110000000001,0
2026-01-09 06:00:00+00:00,4468.15,4477.795,4464.0650000000005,4471.344999999999,0
2026-01-09 10:00:00+00:00,4471.33,4491.95,4459.1849999999995,4482.8150000000005,0
2026-01-09 14:00:00+00:00,4482.81,4517.045,4479.42,4484.655,0
2026-01-09 18:00:00+00:00,4484.645,4511.365,4482.985,4509.360000000001,0
2026-01-11 22:00:00+00:00,4523.115,4601.38,4512.205,4570.585,0
2026-01-12 02:00:00+00:00,4570.58,4585.280000000001,4561.91,4580.969999999999,0
2026-01-12 06:00:00+00:00,4580.98,4599.445,4569.75,4589.110000000001,0
2026-01-12 10:00:00+00:00,4589.105,4620.34,4578.645,4615.65,0
2026-01-12 14:00:00+00:00,4615.645,4630.215,4584.91,4616.495,0
2026-01-12 18:00:00+00:00,4616.505,4618.885,4589.4349999999995,4597.695,0
2026-01-12 22:00:00+00:00,4608.025,4608.83,4575.6900000000005,4577.785,0
2026-01-13 02:00:00+00:00,4577.8150000000005,4602.23,4576.85,4592.295,0
2026-01-13 06:00:00+00:00,4592.3099999999995,4597.094999999999,4573.9,4586.115,0
2026-01-13 10:00:00+00:00,4586.07,4621.05,4577.985000000001,4611.495000000001,0
2026-01-13 14:00:00+00:00,4611.535,4634.83,4586.765,4590.530000000001,0
2026-01-13 18:00:00+00:00,4590.52,4602.24,4569.57,4586.555,0
2026-01-13 22:00:00+00:00,4591.775,4620.21,4589.495,4619.425,0
2026-01-14 02:00:00+00:00,4619.415,4639.82,4613.495,4620.555,0
2026-01-14 06:00:00+00:00,4620.549999999999,4639.68,4618.67,4630.5599999999995,0
2026-01-14 10:00:00+00:00,4630.540000000001,4641.915,4624.535,4635.66,0
2026-01-14 14:00:00+00:00,4635.68,4638.905,4599.49,4614.48,0
2026-01-14 18:00:00+00:00,4614.475,4642.9,4612.775,4626.675,0
2026-01-14 22:00:00+00:00,4631.82,4632.895,4583.575,4600.055,0
2026-01-15 02:00:00+00:00,4600.0650000000005,4614.875,4580.95,4595.370000000001,0
2026-01-15 06:00:00+00:00,4595.35,4613.66,4593.79,4612.665,0
2026-01-15 10:00:00+00:00,4612.655,4623.145,4581.48,4588.0,0
2026-01-15 14:00:00+00:00,4588.014999999999,4625.225,4583.17,4616.505,0
2026-01-15 18:00:00+00:00,4616.515,4622.005,4600.77,4615.875,0
2026-01-15 22:00:00+00:00,4618.3,4621.12,4593.805,4600.530000000001,0
2026-01-16 02:00:00+00:00,4600.48,4616.459999999999,4591.455,4611.535,0
2026-01-16 06:00:00+00:00,4611.525,4612.639999999999,4594.200000000001,4600.83,0
2026-01-16 10:00:00+00:00,4600.8099999999995,4616.295,4582.715,4602.129999999999,0
2026-01-16 14:00:00+00:00,4602.139999999999,4620.3150000000005,4536.655000000001,4581.59,0
2026-01-16 18:00:00+00:00,4581.575,4598.74,4579.965,4596.33,0
2026-01-18 22:00:00+00:00,4635.8099999999995,4690.855,4594.82,4657.415,0
2026-01-19 02:00:00+00:00,4657.405000000001,4674.530000000001,4653.155,4669.915,0
2026-01-19 06:00:00+00:00,4669.91,4679.26,4661.615,4668.33,0
2026-01-19 10:00:00+00:00,4668.345,4673.95,4659.705,4666.195,0
2026-01-19 14:00:00+00:00,4666.165,4679.035,4661.719999999999,4676.385,0
2026-01-19 18:00:00+00:00,4676.395,4680.469999999999,4667.32,4671.195,0
2026-01-19 22:00:00+00:00,4675.32,4677.594999999999,4659.605,4669.83,0
2026-01-20 02:00:00+00:00,4669.8,4716.735000000001,4665.665,4714.639999999999,0
2026-01-20 06:00:00+00:00,4714.65,4737.795,4705.655,4732.625,0
2026-01-20 10:00:00+00:00,4732.635,4738.59,4715.38,4737.57,0
2026-01-20 14:00:00+00:00,4737.525,4762.575,4722.264999999999,4759.045,0
2026-01-20 18:00:00+00:00,4759.05,4766.375,4747.575,4763.48,0
2026-01-20 22:00:00+00:00,4761.825000000001,4844.175,4757.72,4835.605,0
2026-01-21 02:00:00+00:00,4835.59,4878.63,4817.46,4869.969999999999,0
2026-01-21 06:00:00+00:00,4869.865,4888.514999999999,4832.780000000001,4860.43,0
2026-01-21 10:00:00+00:00,4860.45,4880.15,4855.375,4879.45,0
2026-01-21 14:00:00+00:00,4879.47,4881.1900000000005,4802.905,4826.52,0
2026-01-21 18:00:00+00:00,4826.504999999999,4854.055,4755.639999999999,4831.195,0
2026-01-21 22:00:00+00:00,4832.514999999999,4833.844999999999,4772.8,4797.85,0
2026-01-22 02:00:00+00:00,4797.845,4821.905000000001,4774.635,4821.49,0
2026-01-22 06:00:00+00:00,4821.505,4839.4349999999995,4814.035,4823.379999999999,0
2026-01-22 10:00:00+00:00,4823.365,4836.34,4810.34,4822.53,0
2026-01-22 14:00:00+00:00,4822.52,4906.455,4820.41,4904.68,0
2026-01-22 18:00:00+00:00,4904.700000000001,4940.92,4901.264999999999,4936.67,0
2026-01-22 22:00:00+00:00,4945.26,4967.505,4930.485000000001,4953.865,0
2026-01-23 02:00:00+00:00,4953.799999999999,4967.459999999999,4938.51,4960.805,0
2026-01-23 06:00:00+00:00,4960.764999999999,4963.26,4900.0,4919.02,0
2026-01-23 10:00:00+00:00,4919.02,4947.895,4912.165,4939.35,0
2026-01-23 14:00:00+00:00,4939.36,4988.32,4932.975,4965.57,0
2026-01-23 18:00:00+00:00,4965.575000000001,4991.145,4958.365,4988.6,0
2026-01-25 22:00:00+00:00,5011.21,5085.6900000000005,5002.75,5071.23,0
2026-01-26 02:00:00+00:00,5071.225,5093.07,5052.195,5074.700000000001,0
2026-01-26 06:00:00+00:00,5074.65,5111.5,5065.485,5084.145,0
2026-01-26 10:00:00+00:00,5084.17,5097.025,5054.8099999999995,5068.775,0
2026-01-26 14:00:00+00:00,5068.77,5105.35,5058.555,5100.9349999999995,0
2026-01-26 18:00:00+00:00,5100.95,5103.365,4989.96,5008.405,0
2026-01-26 22:00:00+00:00,5021.71,5076.014999999999,5013.965,5060.665,0
2026-01-27 02:00:00+00:00,5060.655,5085.3099999999995,5049.625,5083.07,0
2026-01-27 06:00:00+00:00,5083.105,5100.835,5073.465,5098.84,0
2026-01-27 10:00:00+00:00,5098.76,5098.8,5066.955,5077.424999999999,0
2026-01-27 14:00:00+00:00,5077.415,5103.18,5046.91,5081.505,0
2026-01-27 18:00:00+00:00,5081.53,5190.495,5076.4,5181.905000000001,0
2026-01-27 22:00:00+00:00,5173.255,5225.045,5156.255,5205.675,0
2026-01-28 02:00:00+00:00,5205.655000000001,5266.4400000000005,5201.79,5261.63,0
2026-01-28 06:00:00+00:00,5261.610000000001,5311.514999999999,5251.8,5278.505,0
2026-01-28 10:00:00+00:00,5278.49,5289.745,5238.92,5266.645,0
2026-01-28 14:00:00+00:00,5266.63,5307.355,5235.845,5297.84,0
2026-01-28 18:00:00+00:00,5297.845,5419.68,5268.555,5418.465,0
2026-01-28 22:00:00+00:00,5423.835,5609.625,5423.365,5545.5650000000005,0
2026-01-29 02:00:00+00:00,5545.59,5564.745000000001,5504.575000000001,5562.254999999999,0
2026-01-29 06:00:00+00:00,5562.33,5595.845,5473.665,5514.14,0
2026-01-29 10:00:00+00:00,5514.17,5543.4,5471.014999999999,5509.355,0
2026-01-29 14:00:00+00:00,5509.305,5557.09,5065.045,5335.035,0
2026-01-29 18:00:00+00:00,5335.04,5426.14,5283.18,5370.7,0
2026-01-29 22:00:00+00:00,5401.110000000001,5475.389999999999,5282.48,5300.63,0
2026-01-30 02:00:00+00:00,5300.64,5312.799999999999,5100.89,5184.91,0
2026-01-30 06:00:00+00:00,5184.985000000001,5262.805,4938.775,5015.175,0
2026-01-30 10:00:00+00:00,5015.17,5145.625,4992.4400000000005,5018.735,0
2026-01-30 14:00:00+00:00,5018.74,5113.485000000001,4798.925,4849.925,0
2026-01-30 18:00:00+00:00,4849.98,4955.120000000001,4677.625,4893.719999999999,0
2026-02-01 22:00:00+00:00,4879.245,4965.145,4569.21,4737.49,0
2026-02-02 02:00:00+00:00,4737.51,4773.4400000000005,4492.02,4548.545,0
2026-02-02 06:00:00+00:00,4548.555,4731.665,4401.139999999999,4720.014999999999,0
2026-02-02 10:00:00+00:00,4719.825,4812.285,4657.52,4706.73,0
2026-02-02 14:00:00+00:00,4706.32,4794.745,4596.915,4674.61,0
2026-02-02 18:00:00+00:00,4674.6,4713.005,4618.505,4661.045,0
2026-02-02 22:00:00+00:00,4676.8150000000005,4856.6900000000005,4672.95,4842.375,0
2026-02-03 02:00:00+00:00,4842.290000000001,4842.75,4745.0650000000005,4825.3150000000005,0
2026-02-03 06:00:00+00:00,4825.33,4950.625,4816.75,4916.264999999999,0
2026-02-03 10:00:00+00:00,4916.26,4951.285,4883.889999999999,4932.955,0
2026-02-03 14:00:00+00:00,4932.96,4993.79,4893.9400000000005,4929.37,0
2026-02-03 18:00:00+00:00,4929.375,4964.1849999999995,4878.99,4947.24,0
2026-02-03 22:00:00+00:00,4966.69,5053.68,4907.165,5047.639999999999,0
2026-02-04 02:00:00+00:00,5047.59,5090.465,5035.595,5079.365,0
2026-02-04 06:00:00+00:00,5079.405000000001,5091.585,5043.13,5060.23,0
2026-02-04 10:00:00+00:00,5060.2,5064.42,5013.715,5054.0599999999995,0
2026-02-04 14:00:00+00:00,5054.0599999999995,5059.235,4843.93,4898.105,0
2026-02-04 18:00:00+00:00,4898.095,4971.195,4873.15,4965.46,0
2026-02-04 22:00:00+00:00,4981.635,5024.33,4936.08,4958.9349999999995,0
2026-02-05 02:00:00+00:00,4958.93,4977.755,4778.415,4896.24,0
2026-02-05 06:00:00+00:00,4896.254999999999,4944.24,4849.9,4855.465,0
2026-02-05 10:00:00+00:00,4855.4349999999995,4894.915,4802.42,4835.59,0
2026-02-05 14:00:00+00:00,4836.120000000001,4906.745000000001,4800.525,4869.59,0
2026-02-05 18:00:00+00:00,4869.585,4875.475,4712.35,4779.9400000000005,0
2026-02-05 22:00:00+00:00,4764.219999999999,4794.58,4655.33,4774.455,0
2026-02-06 02:00:00+00:00,4774.475,4897.96,4760.85,4897.445,0
2026-02-06 06:00:00+00:00,4897.43,4903.389999999999,4825.795,4866.765,0
2026-02-06 10:00:00+00:00,4866.795,4938.389999999999,4851.78,4929.045,0
2026-02-06 14:00:00+00:00,4929.165,4968.525,4894.655,4960.455,0
2026-02-06 18:00:00+00:00,4960.145,4971.445,4936.6849999999995,4966.055,0
2026-02-08 22:00:00+00:00,4989.985,5048.095,4964.975,4982.82,0
2026-02-09 02:00:00+00:00,4982.76,5041.815,4968.78,5037.1,0
2026-02-09 06:00:00+00:00,5037.09,5045.67,4993.35,5007.9400000000005,0
2026-02-09 10:00:00+00:00,5007.93,5024.79,4981.969999999999,5007.245,0
2026-02-09 14:00:00+00:00,5007.235000000001,5081.08,5002.82,5046.21,0
2026-02-09 18:00:00+00:00,5046.245,5086.275,5044.58,5058.35,0
2026-02-09 22:00:00+00:00,5069.33,5128.045,4961.215,5032.62,0
2026-02-10 02:00:00+00:00,5032.68,5056.345,5011.485000000001,5039.47,0
2026-02-10 06:00:00+00:00,5039.48,5063.735000000001,5018.865,5047.175,0
2026-02-10 10:00:00+00:00,5047.18,5059.280000000001,5019.9349999999995,5051.06,0
2026-02-10 14:00:00+00:00,5051.105,5078.72,4999.42,5026.1900000000005,0
2026-02-10 18:00:00+00:00,5026.195,5045.52,5004.665,5025.445,0
2026-02-10 22:00:00+00:00,5027.42,5055.0599999999995,5027.05,5053.04,0
2026-02-11 02:00:00+00:00,5053.049999999999,5064.335,5032.735000000001,5052.5,0
2026-02-11 06:00:00+00:00,5052.51,5072.13,5046.09,5062.93,0
2026-02-11 10:00:00+00:00,5062.9400000000005,5126.89,5018.844999999999,5066.415,0
2026-02-11 14:00:00+00:00,5066.41,5098.785,5036.125,5091.65,0
2026-02-11 18:00:00+00:00,5091.610000000001,5094.475,5067.205,5084.575,0
2026-02-11 22:00:00+00:00,5096.92,5100.264999999999,5045.385,5063.8099999999995,0
2026-02-12 02:00:00+00:00,5063.985000000001,5078.389999999999,5051.01,5075.450000000001,0
2026-02-12 06:00:00+00:00,5075.46,5080.945,5047.0,5073.16,0
2026-02-12 10:00:00+00:00,5073.155000000001,5083.725,5048.93,5075.030000000001,0
2026-02-12 14:00:00+00:00,5075.0650000000005,5077.96,4878.475,4941.53,0
2026-02-12 18:00:00+00:00,4941.655000000001,4958.264999999999,4906.775,4922.07,0
2026-02-12 22:00:00+00:00,4889.005,4989.055,4879.485,4980.98,0
2026-02-13 02:00:00+00:00,4980.995,4997.66,4944.915,4945.77,0
2026-02-13 06:00:00+00:00,4945.715,4989.575,4945.465,4970.37,0
2026-02-13 10:00:00+00:00,4970.405,5000.805,4933.745,4987.255,0
2026-02-13 14:00:00+00:00,4987.325000000001,5033.995,4964.6900000000005,5021.264999999999,0
2026-02-13 18:00:00+00:00,5021.285,5046.4349999999995,5015.57,5042.625,0
2026-02-15 22:00:00+00:00,5035.885,5037.805,4999.535,5028.97,0
2026-02-16 02:00:00+00:00,5028.98,5031.47,4959.18,4991.055,0
2026-02-16 06:00:00+00:00,4990.855,5017.345,4984.68,5013.6,0
2026-02-16 10:00:00+00:00,5013.585,5017.38,4989.505,4997.34,0
2026-02-16 14:00:00+00:00,4997.36,4999.5650000000005,4968.9400000000005,4991.9349999999995,0
2026-02-16 18:00:00+00:00,4991.99,4997.9,4988.985,4992.594999999999,0
2026-02-16 22:00:00+00:00,4991.549999999999,5000.84,4923.200000000001,4957.5650000000005,0
2026-02-17 02:00:00+00:00,4957.575000000001,4971.84,4858.205,4888.785,0
2026-02-17 06:00:00+00:00,4888.8150000000005,4932.535,4886.555,4926.035,0
2026-02-17 10:00:00+00:00,4926.014999999999,4944.755,4869.93,4871.225,0
2026-02-17 14:00:00+00:00,4871.21,4907.39,4841.52,4865.469999999999,0
2026-02-17 18:00:00+00:00,4865.475,4911.004999999999,4862.6,4877.59,0
2026-02-17 22:00:00+00:00,4876.905000000001,4897.68,4850.8150000000005,4889.83,0
2026-02-18 02:00:00+00:00,4889.85,4940.23,4886.530000000001,4933.215,0
2026-02-18 06:00:00+00:00,4933.23,4942.26,4913.03,4917.485000000001,0
2026-02-18 10:00:00+00:00,4917.52,4969.15,4906.43,4954.535,0
2026-02-18 14:00:00+00:00,4954.51,5010.975,4952.450000000001,4999.115,0
2026-02-18 18:00:00+00:00,4999.1,5003.215,4972.895,4977.49,0
2026-02-18 22:00:00+00:00,4977.035,4988.82,4959.0650000000005,4973.16,0
2026-02-19 02:00:00+00:00,4973.17,4998.844999999999,4965.54,4997.219999999999,0
2026-02-19 06:00:00+00:00,4997.129999999999,5022.24,4993.02,4995.805,0
2026-02-19 10:00:00+00:00,4995.845,4998.65,4971.129999999999,4997.1900000000005,0
2026-02-19 14:00:00+00:00,4997.21,5022.46,4963.74,4985.01,0
2026-02-19 18:00:00+00:00,4985.0,5004.235,4975.370000000001,4996.02,0
2026-02-19 22:00:00+00:00,5002.91,5014.925,4985.47,4997.450000000001,0
2026-02-20 02:00:00+00:00,4997.4400000000005,5011.9349999999995,4981.665,5011.915,0
2026-02-20 06:00:00+00:00,5012.02,5042.594999999999,5005.120000000001,5027.8099999999995,0
2026-02-20 10:00:00+00:00,5027.889999999999,5048.905,5007.11,5043.504999999999,0
2026-02-20 14:00:00+00:00,5043.51,5076.389999999999,4989.15,5072.96,0
2026-02-20 18:00:00+00:00,5072.98,5108.780000000001,5053.780000000001,5107.53,0
2026-02-22 22:00:00+00:00,5108.445,5172.005,5107.82,5157.775,0
2026-02-23 02:00:00+00:00,5157.75,5176.545,5152.085,5158.27,0
2026-02-23 06:00:00+00:00,5158.264999999999,5161.73,5122.139999999999,5149.54,0
2026-02-23 10:00:00+00:00,5149.5,5165.639999999999,5143.925,5146.35,0
2026-02-23 14:00:00+00:00,5146.3,5219.29,5141.5650000000005,5207.969999999999,0
2026-02-23 18:00:00+00:00,5207.99,5238.165,5200.745000000001,5227.52,0
2026-02-23 22:00:00+00:00,5230.65,5250.2,5145.27,5177.37,0
2026-02-24 02:00:00+00:00,5177.365,5191.885,5161.15,5182.43,0
2026-02-24 06:00:00+00:00,5182.4400000000005,5184.97,5155.805,5171.65,0
2026-02-24 10:00:00+00:00,5171.610000000001,5181.745,5110.755,5115.245,0
2026-02-24 14:00:00+00:00,5115.295,5163.935,5093.52,5163.935,0
2026-02-24 18:00:00+00:00,5163.91,5173.33,5140.219999999999,5143.889999999999,0
2026-02-24 22:00:00+00:00,5140.395,5190.155,5111.885,5177.01,0
2026-02-25 02:00:00+00:00,5176.975,5210.76,5166.445,5201.6900000000005,0
2026-02-25 06:00:00+00:00,5201.695,5201.700000000001,5176.8150000000005,5193.175,0
2026-02-25 10:00:00+00:00,5193.200000000001,5195.424999999999,5155.075,5185.54,0
2026-02-25 14:00:00+00:00,5185.555,5217.73,5158.975,5207.01,0
2026-02-25 18:00:00+00:00,5207.04,5208.535,5145.215,5164.705,0
2026-02-25 22:00:00+00:00,5165.685,5198.58,5155.27,5191.844999999999,0
2026-02-26 02:00:00+00:00,5191.8099999999995,5205.75,5174.375,5198.5599999999995,0
2026-02-26 06:00:00+00:00,5198.545,5199.985000000001,5167.39,5186.405000000001,0
2026-02-26 10:00:00+00:00,5186.37,5190.32,5157.93,5166.555,0
2026-02-26 14:00:00+00:00,5166.55,5193.055,5130.334999999999,5167.18,0
2026-02-26 18:00:00+00:00,5167.195,5200.9349999999995,5160.645,5185.415,0
2026-02-26 22:00:00+00:00,5189.105,5195.125,5166.835,5194.335,0
2026-02-27 02:00:00+00:00,5194.33,5200.68,5173.594999999999,5198.174999999999,0
2026-02-27 06:00:00+00:00,5198.18,5199.254999999999,5172.305,5176.235000000001,0
2026-02-27 10:00:00+00:00,5176.1849999999995,5240.535,5168.639999999999,5223.3,0
2026-02-27 14:00:00+00:00,5223.29,5257.885,5213.975,5234.605,0
2026-02-27 18:00:00+00:00,5234.610000000001,5281.235,5222.66,5279.35,0
2026-03-01 22:00:00+00:00,5316.785,5411.99,5295.985,5324.96,0
2026-03-02 02:00:00+00:00,5324.92,5367.5650000000005,5317.139999999999,5366.225,0
2026-03-02 06:00:00+00:00,5366.235000000001,5419.255,5363.665,5391.995,0
2026-03-02 10:00:00+00:00,5392.045,5416.955,5374.76,5394.0650000000005,0
2026-03-02 14:00:00+00:00,5394.055,5395.365,5260.355,5306.97,0
2026-03-02 18:00:00+00:00,5306.955,5346.5599999999995,5289.67,5322.37,0
2026-03-02 22:00:00+00:00,5331.665,5380.07,5329.21,5339.235,0
2026-03-03 02:00:00+00:00,5339.16,5375.76,5305.110000000001,5319.375,0
2026-03-03 06:00:00+00:00,5319.385,5336.29,5225.49,5275.48,0
2026-03-03 10:00:00+00:00,5275.455,5288.360000000001,5072.969999999999,5157.235000000001,0
2026-03-03 14:00:00+00:00,5157.235000000001,5175.71,4996.425,5079.475,0
2026-03-03 18:00:00+00:00,5079.445,5148.93,5079.18,5088.74,0
2026-03-03 22:00:00+00:00,5109.775,5178.91,5082.625,5174.965,0
2026-03-04 02:00:00+00:00,5174.99,5191.375,5140.865,5159.75,0
2026-03-04 06:00:00+00:00,5159.74,5185.145,5117.4,5182.3,0
2026-03-04 10:00:00+00:00,5182.285,5206.215,5156.385,5167.82,0
2026-03-04 14:00:00+00:00,5167.8150000000005,5185.13,5120.24,5141.3150000000005,0
2026-03-04 18:00:00+00:00,5141.31,5147.174999999999,5108.764999999999,5141.3150000000005,0
2026-03-04 22:00:00+00:00,5150.605,5186.6,5142.924999999999,5172.475,0
2026-03-05 02:00:00+00:00,5172.465,5195.405000000001,5148.23,5148.715,0
2026-03-05 06:00:00+00:00,5148.715,5180.65,5120.465,5161.2,0
2026-03-05 10:00:00+00:00,5161.125,5171.6900000000005,5079.705,5118.264999999999,0
2026-03-05 14:00:00+00:00,5118.26,5130.2,5054.1849999999995,5063.030000000001,0
2026-03-05 18:00:00+00:00,5063.0,5094.71,5051.0599999999995,5081.15,0
2026-03-05 22:00:00+00:00,5085.31,5144.1900000000005,5058.83,5134.625,0
2026-03-06 02:00:00+00:00,5134.610000000001,5141.8150000000005,5114.09,5117.545,0
2026-03-06 06:00:00+00:00,5117.51,5123.285,5083.535,5085.83,0
2026-03-06 10:00:00+00:00,5085.844999999999,5131.29,5062.915,5085.0,0
2026-03-06 14:00:00+00:00,5085.005,5171.9,5080.99,5140.675,0
2026-03-06 18:00:00+00:00,5140.655,5176.835,5138.66,5171.65,0
2026-03-08 21:00:00+00:00,5189.545,5196.84,5028.655,5050.15,0
2026-03-09 01:00:00+00:00,5049.965,5102.225,5015.35,5090.085,0
2026-03-09 05:00:00+00:00,5090.245,5140.84,5081.094999999999,5096.575000000001,0
2026-03-09 09:00:00+00:00,5096.58,5132.58,5079.76,5094.985000000001,0
2026-03-09 13:00:00+00:00,5094.905000000001,5116.445,5060.725,5104.9400000000005,0
2026-03-09 17:00:00+00:00,5104.96,5148.4349999999995,5089.005,5136.975,0
2026-03-09 21:00:00+00:00,5149.08,5156.24,5117.46,5131.585,0
2026-03-10 01:00:00+00:00,5131.595,5187.085,5124.72,5163.875,0
2026-03-10 05:00:00+00:00,5163.865,5195.415,5158.535,5183.165,0
2026-03-10 09:00:00+00:00,5183.1900000000005,5192.09,5156.38,5187.139999999999,0
2026-03-10 13:00:00+00:00,5187.110000000001,5238.875,5185.465,5227.705,0
2026-03-10 17:00:00+00:00,5227.755,5235.515,5160.5,5193.08,0
2026-03-10 21:00:00+00:00,5191.02,5219.719999999999,5183.174999999999,5215.745,0
2026-03-11 01:00:00+00:00,5215.48,5223.405,5194.155,5204.32,0
2026-03-11 05:00:00+00:00,5204.355,5211.125,5175.485000000001,5187.805,0
2026-03-11 09:00:00+00:00,5187.795,5197.415000000001,5166.615,5167.4,0
2026-03-11 13:00:00+00:00,5167.445,5196.74,5149.0650000000005,5175.67,0
2026-03-11 17:00:00+00:00,5175.665,5183.57,5154.59,5176.26,0
2026-03-11 21:00:00+00:00,5182.665,5183.115,5125.45,5153.15,0
2026-03-12 01:00:00+00:00,5153.18,5175.4,5140.5650000000005,5142.905000000001,0
2026-03-12 05:00:00+00:00,5142.855,5189.905,5137.139999999999,5178.12,0
2026-03-12 09:00:00+00:00,5178.15,5191.75,5163.605,5181.34,0
2026-03-12 13:00:00+00:00,5181.345,5186.385,5109.65,5123.505,0
2026-03-12 17:00:00+00:00,5123.485000000001,5129.72,5055.16,5078.975,0
2026-03-12 21:00:00+00:00,5075.775,5115.575,5072.08,5113.665,0
2026-03-13 01:00:00+00:00,5113.8099999999995,5128.56,5102.715,5104.785,0
2026-03-13 05:00:00+00:00,5104.635,5111.575,5061.655000000001,5087.87,0
2026-03-13 09:00:00+00:00,5087.895,5121.825,5079.795,5118.28,0
2026-03-13 13:00:00+00:00,5118.235,5121.43,5019.005,5046.200000000001,0
2026-03-13 17:00:00+00:00,5046.155000000001,5064.155000000001,5009.514999999999,5020.139999999999,0
2026-03-15 21:00:00+00:00,5009.73,5038.575,4967.629999999999,5025.73,0
2026-03-16 01:00:00+00:00,5025.725,5026.605,4982.725,5012.895,0
2026-03-16 05:00:00+00:00,5012.889999999999,5036.1900000000005,4985.014999999999,4991.335,0
2026-03-16 09:00:00+00:00,4991.34,5025.860000000001,4970.11,5019.97,0
2026-03-16 13:00:00+00:00,5019.915,5038.17,4974.055,4990.575,0
2026-03-16 17:00:00+00:00,4990.635,5021.8,4984.0650000000005,5006.5,0
2026-03-16 21:00:00+00:00,5010.76,5016.1900000000005,4998.595,5003.16,0
2026-03-17 01:00:00+00:00,5003.1900000000005,5042.245,4994.985000000001,5038.075,0
2026-03-17 05:00:00+00:00,5038.085,5044.71,5005.04,5025.085,0
2026-03-17 09:00:00+00:00,5025.07,5026.29,4992.03,5011.959999999999,0
2026-03-17 13:00:00+00:00,5012.030000000001,5031.83,4973.715,5002.1849999999995,0
2026-03-17 17:00:00+00:00,5002.17,5009.11,4996.465,5005.73,0
2026-03-17 21:00:00+00:00,5005.49,5012.635,4993.425,5004.355,0
2026-03-18 01:00:00+00:00,5004.325,5016.49,4981.955,4987.360000000001,0
2026-03-18 05:00:00+00:00,4987.355,5016.42,4977.275,4987.895,0
2026-03-18 09:00:00+00:00,4987.889999999999,4995.889999999999,4870.6849999999995,4881.885,0
2026-03-18 13:00:00+00:00,4881.9,4894.735000000001,4834.255,4887.405,0
2026-03-18 17:00:00+00:00,4887.41,4899.545,4806.8150000000005,4818.91,0
2026-03-18 21:00:00+00:00,4829.295,4848.950000000001,4804.23,4841.31,0
2026-03-19 01:00:00+00:00,4841.335,4867.4400000000005,4833.115,4850.094999999999,0
2026-03-19 05:00:00+00:00,4850.145,4854.14,4686.875,4709.4,0
2026-03-19 09:00:00+00:00,4709.424999999999,4726.17,4531.469999999999,4575.08,0
2026-03-19 13:00:00+00:00,4575.075000000001,4649.035,4502.68,4584.91,0
2026-03-19 17:00:00+00:00,4584.96,4663.535,4573.98,4651.31,0
2026-03-19 21:00:00+00:00,4659.54,4677.235000000001,4634.145,4648.94,0
2026-03-20 01:00:00+00:00,4648.91,4736.379999999999,4639.43,4721.995,0
2026-03-20 05:00:00+00:00,4721.99,4735.11,4661.549999999999,4693.860000000001,0
2026-03-20 09:00:00+00:00,4693.865,4700.785,4637.0,4678.11,0
2026-03-20 13:00:00+00:00,4678.105,4679.45,4540.72,4583.195,0
2026-03-20 17:00:00+00:00,4583.245,4600.935,4477.605,4494.485000000001,0
2026-03-22 21:00:00+00:00,4488.775,4536.345,4319.85,4353.9,0
2026-03-23 01:00:00+00:00,4354.094999999999,4454.52,4330.09,4367.57,0
2026-03-23 05:00:00+00:00,4367.525,4380.3150000000005,4098.6849999999995,4251.18,0
2026-03-23 09:00:00+00:00,4251.155000000001,4492.945,4223.645,4478.87,0
2026-03-23 13:00:00+00:00,4478.844999999999,4513.0,4350.620000000001,4375.985000000001,0
2026-03-23 17:00:00+00:00,4375.835,4467.299999999999,4370.605,4406.72,0
2026-03-23 21:00:00+00:00,4417.754999999999,4448.475,4331.325,4364.48,0
2026-03-24 01:00:00+00:00,4364.59,4379.795,4305.45,4333.424999999999,0
2026-03-24 05:00:00+00:00,4333.4400000000005,4433.155000000001,4319.76,4411.995,0
2026-03-24 09:00:00+00:00,4412.01,4442.095,4362.145,4379.17,0
2026-03-24 13:00:00+00:00,4379.21,4433.84,4351.1849999999995,4421.48,0
2026-03-24 17:00:00+00:00,4421.5,4484.264999999999,4372.34,4474.67,0
2026-03-24 21:00:00+00:00,4477.610000000001,4572.48,4455.79,4563.79,0
2026-03-25 01:00:00+00:00,4563.69,4602.88,4552.5599999999995,4572.51,0
2026-03-25 05:00:00+00:00,4572.58,4573.445,4532.995,4556.3150000000005,0
2026-03-25 09:00:00+00:00,4556.305,4585.844999999999,4522.015,4544.12,0
2026-03-25 13:00:00+00:00,4544.205,4579.425,4525.035,4555.485000000001,0
2026-03-25 17:00:00+00:00,4555.495,4569.02,4486.6900000000005,4506.629999999999,0
2026-03-25 21:00:00+00:00,4518.135,4539.595,4489.13,4536.21,0
2026-03-26 01:00:00+00:00,4536.15,4544.8150000000005,4499.860000000001,4520.465,0
2026-03-26 05:00:00+00:00,4520.475,4522.424999999999,4412.5599999999995,4427.8099999999995,0
2026-03-26 09:00:00+00:00,4427.8,4456.755,4414.594999999999,4430.545,0
2026-03-26 13:00:00+00:00,4430.535,4479.585,4367.145,4389.26,0
2026-03-26 17:00:00+00:00,4389.27,4420.755,4351.305,4378.655000000001,0
2026-03-26 21:00:00+00:00,4380.370000000001,4415.495000000001,4375.465,4378.68,0
2026-03-27 01:00:00+00:00,4378.665,4449.57,4377.115,4446.27,0
2026-03-27 05:00:00+00:00,4446.24,4475.52,4423.74,4424.0,0
2026-03-27 09:00:00+00:00,4423.995,4445.195,4404.41,4437.9349999999995,0
2026-03-27 13:00:00+00:00,4437.915,4555.585,4413.73,4515.96,0
2026-03-27 17:00:00+00:00,4516.005,4528.79,4486.530000000001,4493.58,0
2026-03-29 21:00:00+00:00,4483.76,4515.475,4417.79,4432.13,0
2026-03-30 01:00:00+00:00,4432.110000000001,4517.695,4431.639999999999,4497.22,0
2026-03-30 05:00:00+00:00,4497.23,4550.785,4496.91,4538.005,0
2026-03-30 09:00:00+00:00,4538.01,4581.205,4523.5650000000005,4569.405000000001,0
2026-03-30 13:00:00+00:00,4569.495,4578.8099999999995,4512.674999999999,4540.215,0
2026-03-30 17:00:00+00:00,4540.165,4542.605,4493.24,4511.125,0
2026-03-30 21:00:00+00:00,4514.889999999999,4548.415000000001,4483.095,4547.615,0
2026-03-31 01:00:00+00:00,4547.595,4619.775,4532.525,4564.735000000001,0
2026-03-31 05:00:00+00:00,4564.755,4582.275,4543.505,4568.515,0
2026-03-31 09:00:00+00:00,4568.5,4597.84,4529.665,4574.6849999999995,0
2026-03-31 13:00:00+00:00,4574.705,4651.51,4567.825000000001,4638.16,0
2026-03-31 17:00:00+00:00,4638.125,4687.4349999999995,4636.57,4667.264999999999,0
2026-03-31 21:00:00+00:00,4681.875,4723.1,4662.4400000000005,4711.01,0
2026-04-01 01:00:00+00:00,4710.97,4724.46,4667.1849999999995,4676.71,0
2026-04-01 05:00:00+00:00,4676.639999999999,4747.93,4674.945,4728.585,0
2026-04-01 09:00:00+00:00,4728.610000000001,4763.155000000001,4713.1,4724.895,0
2026-04-01 13:00:00+00:00,4725.125,4790.965,4716.36,4787.27,0
2026-04-01 17:00:00+00:00,4787.254999999999,4793.209999999999,4742.09,4758.385,0
2026-04-01 21:00:00+00:00,4757.695,4800.605,4755.975,4784.84,0
2026-04-02 01:00:00+00:00,4784.855,4786.92,4650.09,4672.545,0
2026-04-02 05:00:00+00:00,4672.555,4680.615,4553.595,4621.035,0
2026-04-02 09:00:00+00:00,4621.03,4635.3099999999995,4593.025,4601.775,0
2026-04-02 13:00:00+00:00,4601.835,4700.085,4580.575000000001,4659.24,0
2026-04-02 17:00:00+00:00,4659.265,4681.855,4645.89,4676.275,0
2026-04-05 21:00:00+00:00,4633.8150000000005,4666.6,4600.835,4622.88,0
2026-04-06 01:00:00+00:00,4622.905000000001,4671.775,4620.620000000001,4658.88,0
2026-04-06 05:00:00+00:00,4658.89,4698.32,4643.485000000001,4695.865,0
2026-04-06 09:00:00+00:00,4695.875,4706.9,4659.71,4676.1900000000005,0
2026-04-06 13:00:00+00:00,4676.195,4697.745,4652.245,4660.575,0
2026-04-06 17:00:00+00:00,4660.6,4666.885,4645.5599999999995,4651.045,0
2026-04-06 21:00:00+00:00,4658.969999999999,4668.18,4649.115,4655.035,0
2026-04-07 01:00:00+00:00,4655.045,4664.83,4616.139999999999,4659.24,0
2026-04-07 05:00:00+00:00,4659.385,4691.094999999999,4622.98,4683.11,0
2026-04-07 09:00:00+00:00,4683.08,4694.87,4628.825,4651.67,0
2026-04-07 13:00:00+00:00,4651.645,4668.775,4607.51,4657.12,0
2026-04-07 17:00:00+00:00,4657.135,4719.25,4654.105,4705.4,0
2026-04-07 21:00:00+00:00,4747.44,4858.45,4712.9,4818.855,0
2026-04-08 01:00:00+00:00,4818.84,4825.610000000001,4788.205,4804.17,0
2026-04-08 05:00:00+00:00,4804.110000000001,4844.195,4790.450000000001,4793.95,0
2026-04-08 09:00:00+00:00,4793.895,4807.4349999999995,4768.625,4799.795,0
2026-04-08 13:00:00+00:00,4799.785,4806.860000000001,4732.54,4760.549999999999,0
2026-04-08 17:00:00+00:00,4760.555,4764.405,4699.73,4719.215,0
2026-04-08 21:00:00+00:00,4728.005,4732.975,4698.285,4707.155000000001,0
2026-04-09 01:00:00+00:00,4707.16,4733.22,4699.715,4720.67,0
2026-04-09 05:00:00+00:00,4720.645,4733.360000000001,4703.535,4726.424999999999,0
2026-04-09 09:00:00+00:00,4726.4,4759.825000000001,4722.975,4745.455,0
2026-04-09 13:00:00+00:00,4745.46,4801.280000000001,4739.075000000001,4788.879999999999,0
2026-04-09 17:00:00+00:00,4788.92,4801.34,4760.924999999999,4765.725,0
2026-04-09 21:00:00+00:00,4775.73,4780.615,4750.57,4763.215,0
2026-04-10 01:00:00+00:00,4763.219999999999,4777.5,4738.29,4758.805,0
2026-04-10 05:00:00+00:00,4758.85,4769.455,4730.655,4741.0599999999995,0
2026-04-10 09:00:00+00:00,4741.07,4782.715,4740.865,4771.635,0
2026-04-10 13:00:00+00:00,4771.645,4795.280000000001,4747.450000000001,4763.8099999999995,0
2026-04-10 17:00:00+00:00,4763.765,4773.299999999999,4741.33,4749.43,0
2026-04-12 21:00:00+00:00,4695.36,4717.9400000000005,4643.205,4695.375,0
2026-04-13 01:00:00+00:00,4695.389999999999,4728.219999999999,4693.905000000001,4723.16,0
2026-04-13 05:00:00+00:00,4723.145,4739.85,4716.27,4723.48,0
2026-04-13 09:00:00+00:00,4723.47,4729.299999999999,4703.455,4723.780000000001,0
2026-04-13 13:00:00+00:00,4723.805,4746.1849999999995,4700.405000000001,4733.165,0
2026-04-13 17:00:00+00:00,4733.195,4750.145,4723.415,4740.49,0
2026-04-13 21:00:00+00:00,4752.48,4776.110000000001,4732.475,4769.84,0
2026-04-14 01:00:00+00:00,4769.945,4777.455,4761.700000000001,4774.030000000001,0
2026-04-14 05:00:00+00:00,4774.05,4796.705,4758.21,4786.549999999999,0
2026-04-14 09:00:00+00:00,4786.58,4789.37,4751.5,4771.51,0
2026-04-14 13:00:00+00:00,4771.525,4820.525,4771.285,4810.290000000001,0
2026-04-14 17:00:00+00:00,4810.25,4846.48,4809.379999999999,4842.025,0
2026-04-14 21:00:00+00:00,4840.645,4850.945,4827.07,4835.41,0
2026-04-15 01:00:00+00:00,4835.344999999999,4871.58,4817.030000000001,4824.975,0
2026-04-15 05:00:00+00:00,4824.985000000001,4830.63,4804.05,4818.504999999999,0
2026-04-15 09:00:00+00:00,4818.51,4819.485000000001,4786.235000000001,4811.825000000001,0
2026-04-15 13:00:00+00:00,4811.71,4830.665,4787.15,4804.02,0
2026-04-15 17:00:00+00:00,4803.975,4808.945,4788.065,4790.845,0
2026-04-15 21:00:00+00:00,4797.995,4838.01,4790.879999999999,4833.17,0
2026-04-16 01:00:00+00:00,4833.18,4836.235,4811.3,4833.030000000001,0
2026-04-16 05:00:00+00:00,4833.025,4838.625,4806.764999999999,4813.785,0
2026-04-16 09:00:00+00:00,4813.77,4823.075000000001,4805.1849999999995,4816.25,0
2026-04-16 13:00:00+00:00,4816.25,4824.094999999999,4772.9400000000005,4791.93,0
2026-04-16 17:00:00+00:00,4791.9349999999995,4798.745,4781.41,4790.945,0
2026-04-16 21:00:00+00:00,4794.7,4801.39,4785.889999999999,4794.915,0
2026-04-17 01:00:00+00:00,4794.91,4804.74,4767.8150000000005,4803.275,0
2026-04-17 05:00:00+00:00,4803.25,4806.255,4778.925,4795.889999999999,0
2026-04-17 09:00:00+00:00,4795.905,4847.879999999999,4782.34,4846.475,0
2026-04-17 13:00:00+00:00,4846.5650000000005,4891.215,4835.0599999999995,4867.299999999999,0
2026-04-17 17:00:00+00:00,4867.280000000001,4869.719999999999,4830.305,4831.91,0
2026-04-19 21:00:00+00:00,4767.43,4795.13,4732.465,4772.985,0
2026-04-20 01:00:00+00:00,4772.855,4814.625,4771.4400000000005,4789.155,0
2026-04-20 05:00:00+00:00,4789.16,4805.705,4779.37,4796.040000000001,0
2026-04-20 09:00:00+00:00,4796.05,4822.075000000001,4783.54,4803.5599999999995,0
2026-04-20 13:00:00+00:00,4803.6,4827.82,4792.405,4805.51,0
2026-04-20 17:00:00+00:00,4805.555,4822.08,4804.005,4820.745000000001,0
2026-04-20 21:00:00+00:00,4824.385,4833.365,4816.93,4823.64,0
2026-04-21 01:00:00+00:00,4823.645,4824.75,4788.65,4789.275,0
2026-04-21 05:00:00+00:00,4789.26,4796.985,4772.755,4785.99,0
2026-04-21 09:00:00+00:00,4785.98,4798.22,4766.865,4778.99,0
2026-04-21 13:00:00+00:00,4778.98,4794.52,4708.38,4711.86,0
2026-04-21 17:00:00+00:00,4711.835,4722.46,4668.55,4720.235,0
2026-04-21 21:00:00+00:00,4722.9400000000005,4747.74,4715.66,4739.77,0
2026-04-22 01:00:00+00:00,4739.799999999999,4764.955,4735.9349999999995,4754.895,0
2026-04-22 05:00:00+00:00,4754.88,4772.535,4751.855,4757.459999999999,0
2026-04-22 09:00:00+00:00,4757.475,4762.68,4742.965,4744.355,0
2026-04-22 13:00:00+00:00,4744.365,4761.125,4724.15,4728.91,0
2026-04-22 17:00:00+00:00,4728.905000000001,4750.12,4728.709999999999,4740.370000000001,0
2026-04-22 21:00:00+00:00,4745.88,4754.085,4694.245,4748.049999999999,0
2026-04-23 01:00:00+00:00,4748.105,4750.24,4698.24,4704.725,0
2026-04-23 05:00:00+00:00,4704.73,4725.1900000000005,4692.450000000001,4703.365,0
2026-04-23 09:00:00+00:00,4703.32,4743.07,4684.265,4740.18,0
2026-04-23 13:00:00+00:00,4740.215,4741.17,4715.585,4733.09,0
2026-04-23 17:00:00+00:00,4733.095,4734.5650000000005,4664.0650000000005,4694.42,0
2026-04-23 21:00:00+00:00,4700.379999999999,4708.155,4686.715,4704.700000000001,0
2026-04-24 01:00:00+00:00,4704.665,4711.155,4657.709999999999,4674.66,0
2026-04-24 05:00:00+00:00,4674.675,4697.405,4666.88,4691.075000000001,0
2026-04-24 09:00:00+00:00,4691.08,4717.65,4674.71,4700.91,0
2026-04-24 13:00:00+00:00,4700.92,4740.35,4689.76,4726.93,0
2026-04-24 17:00:00+00:00,4726.9349999999995,4730.225,4705.365,4710.59,0
2026-04-26 21:00:00+00:00,4694.275,4700.665000000001,4672.395,4697.635,0
2026-04-27 01:00:00+00:00,4697.8150000000005,4729.88,4691.04,4724.805,0
2026-04-27 05:00:00+00:00,4724.799999999999,4725.38,4705.645,4706.8150000000005,0
2026-04-27 09:00:00+00:00,4706.82,4712.585,4696.945,4699.26,0
2026-04-27 13:00:00+00:00,4699.280000000001,4703.5599999999995,4667.09,4676.96,0
2026-04-27 17:00:00+00:00,4676.955,4686.195,4668.465,4681.915,0
2026-04-27 21:00:00+00:00,4684.23,4701.5,4682.205,4690.755,0
2026-04-28 01:00:00+00:00,4690.639999999999,4691.620000000001,4666.33,4667.9,0
2026-04-28 05:00:00+00:00,4667.91,4668.24,4614.715,4629.62,0
2026-04-28 09:00:00+00:00,4629.615,4630.2,4554.965,4594.135,0
2026-04-28 13:00:00+00:00,4594.09,4594.875,4557.15,4592.32,0
2026-04-28 17:00:00+00:00,4592.275,4601.665,4587.209999999999,4597.09,0
2026-04-28 21:00:00+00:00,4599.57,4610.425,4587.885,4600.325000000001,0
2026-04-29 01:00:00+00:00,4600.360000000001,4605.85,4575.73,4604.885,0
2026-04-29 05:00:00+00:00,4604.875,4607.615,4557.365,4573.25,0
2026-04-29 09:00:00+00:00,4573.27,4580.875,4541.455,4544.860000000001,0
2026-04-29 13:00:00+00:00,4544.875,4564.84,4510.35,4545.45,0
2026-04-29 17:00:00+00:00,4545.46,4554.575000000001,4518.379999999999,4543.545,0
2026-04-29 21:00:00+00:00,4543.0599999999995,4574.424999999999,4539.225,4570.095,0
2026-04-30 01:00:00+00:00,4570.0650000000005,4582.665,4540.969999999999,4542.375,0
2026-04-30 05:00:00+00:00,4542.379999999999,4629.9,4542.085,4616.32,0
2026-04-30 09:00:00+00:00,4616.305,4647.200000000001,4614.280000000001,4639.48,0
2026-04-30 13:00:00+00:00,4639.51,4645.99,4605.32,4607.9349999999995,0
2026-04-30 17:00:00+00:00,4607.9,4627.535,4607.77,4621.91,0
2026-04-30 21:00:00+00:00,4628.075,4634.205,4618.605,4619.95,0
2026-05-01 01:00:00+00:00,4619.93,4636.27,4609.34,4609.389999999999,0
2026-05-01 05:00:00+00:00,4609.38,4616.37,4564.950000000001,4568.65,0
2026-05-01 09:00:00+00:00,4568.625,4608.01,4560.085,4591.41,0
2026-05-01 13:00:00+00:00,4591.455,4660.465,4586.42,4639.02,0
2026-05-01 17:00:00+00:00,4639.01,4642.785,4607.385,4614.365,0
2026-05-03 21:00:00+00:00,4620.335,4630.47,4601.84,4613.155000000001,0
2026-05-04 01:00:00+00:00,4613.16,4618.5599999999995,4590.975,4605.955,0
2026-05-04 05:00:00+00:00,4605.975,4613.35,4573.715,4577.11,0
2026-05-04 09:00:00+00:00,4577.115,4584.700000000001,4526.355,4568.895,0
2026-05-04 13:00:00+00:00,4568.925,4583.594999999999,4500.969999999999,4510.725,0
2026-05-04 17:00:00+00:00,4510.71,4531.79,4509.775,4523.8099999999995,0
2026-05-04 21:00:00+00:00,4523.145,4530.6,4513.41,4529.74,0
2026-05-05 01:00:00+00:00,4529.719999999999,4546.785,4525.605,4533.92,0
2026-05-05 05:00:00+00:00,4533.905000000001,4559.82,4531.415,4558.5599999999995,0
2026-05-05 09:00:00+00:00,4558.555,4574.755,4539.860000000001,4564.795,0
2026-05-05 13:00:00+00:00,4564.780000000001,4586.82,4553.95,4561.43,0
2026-05-05 17:00:00+00:00,4561.44,4565.905,4551.6900000000005,4557.385,0
2026-05-05 21:00:00+00:00,4557.505,4620.025,4546.55,4618.775,0
2026-05-06 01:00:00+00:00,4618.71,4653.745,4609.77,4648.785,0
2026-05-06 05:00:00+00:00,4648.795,4702.74,4644.73,4700.27,0
2026-05-06 09:00:00+00:00,4700.185,4723.355,4660.6900000000005,4683.225,0
2026-05-06 13:00:00+00:00,4683.22,4717.610000000001,4668.889999999999,4683.02,0
2026-05-06 17:00:00+00:00,4682.969999999999,4700.08,4679.030000000001,4690.860000000001,0
2026-05-06 21:00:00+00:00,4695.345,4701.299999999999,4685.445,4688.665,0
2026-05-07 01:00:00+00:00,4688.67,4721.66,4685.395,4696.615,0
2026-05-07 05:00:00+00:00,4696.575,4753.825000000001,4694.9349999999995,4731.225,0
2026-05-07 09:00:00+00:00,4731.27,4752.5650000000005,4721.66,4749.82,0
2026-05-07 13:00:00+00:00,4749.83,4765.045,4704.545,4715.115,0
2026-05-07 17:00:00+00:00,4715.12,4719.835,4686.5,4687.25,0
2026-05-07 21:00:00+00:00,4687.385,4709.495,4682.075000000001,4701.57,0
2026-05-08 01:00:00+00:00,4701.575000000001,4733.014999999999,4700.5,4710.885,0
2026-05-08 05:00:00+00:00,4711.025,4734.74,4697.215,4715.905,0
2026-05-08 09:00:00+00:00,4715.875,4732.085,4703.0,4724.535,0
2026-05-08 13:00:00+00:00,4724.549999999999,4749.8150000000005,4702.395,4712.645,0
2026-05-08 17:00:00+00:00,4712.65,4729.165,4712.405000000001,4716.01,0
2026-05-10 21:00:00+00:00,4699.95,4701.99,4670.555,4683.405000000001,0
2026-05-11 01:00:00+00:00,4683.415,4705.65,4668.45,4672.305,0
2026-05-11 05:00:00+00:00,4672.1849999999995,4681.02,4647.924999999999,4667.85,0
2026-05-11 09:00:00+00:00,4667.835,4701.135,4650.5,4699.82,0
2026-05-11 13:00:00+00:00,4699.84,4748.8099999999995,4698.875,4716.4400000000005,0
2026-05-11 17:00:00+00:00,4716.43,4738.530000000001,4716.139999999999,4734.91,0
2026-05-11 21:00:00+00:00,4741.0,4773.63,4737.575,4750.045,0
2026-05-12 01:00:00+00:00,4749.985000000001,4755.905,4711.155000000001,4713.99,0
2026-05-12 05:00:00+00:00,4714.1,4722.38,4686.0650000000005,4703.38,0
2026-05-12 09:00:00+00:00,4703.375,4711.745,4685.405,4705.74,0
2026-05-12 13:00:00+00:00,4705.745,4708.92,4638.115,4671.28,0
2026-05-12 17:00:00+00:00,4671.325,4719.700000000001,4671.29,4715.455,0
2026-05-12 21:00:00+00:00,4716.67,4727.0650000000005,4687.96,4714.835,0
2026-05-13 01:00:00+00:00,4714.88,4717.48,4687.78,4699.955,0
2026-05-13 05:00:00+00:00,4699.945,4715.27,4693.635,4700.799999999999,0
2026-05-13 09:00:00+00:00,4700.795,4710.5,4676.27,4683.9349999999995,0
2026-05-13 13:00:00+00:00,4683.875,4710.139999999999,4669.655000000001,4695.93,0
2026-05-13 17:00:00+00:00,4695.87,4701.395,4677.695,4688.995000000001,0
2026-05-13 21:00:00+00:00,4693.04,4706.65,4688.3099999999995,4705.09,0
2026-05-14 01:00:00+00:00,4705.129999999999,4713.17,4668.924999999999,4702.355,0
2026-05-14 05:00:00+00:00,4702.365,4718.765,4686.1849999999995,4693.485000000001,0
2026-05-14 09:00:00+00:00,4693.53,4710.285,4688.49,4704.875,0
2026-05-14 13:00:00+00:00,4704.879999999999,4707.555,4666.6,4678.3,0
2026-05-14 17:00:00+00:00,4678.280000000001,4683.21,4644.395,4652.52,0
2026-05-14 21:00:00+00:00,4650.41,4665.45,4613.66,4630.165000000001,0
2026-05-15 01:00:00+00:00,4630.110000000001,4631.85,4604.549999999999,4605.75,0
2026-05-15 05:00:00+00:00,4605.755,4606.38,4550.07,4554.18,0
2026-05-15 09:00:00+00:00,4554.175,4572.705,4532.09,4545.99,0
2026-05-15 13:00:00+00:00,4546.0,4566.639999999999,4511.67,4544.875,0
2026-05-15 17:00:00+00:00,4544.885,4564.585,4533.405000000001,4540.26,0
2026-05-17 21:00:00+00:00,4533.280000000001,4555.165000000001,4480.335,4516.08,0
2026-05-18 01:00:00+00:00,4516.075,4550.0599999999995,4489.735,4540.825,0
2026-05-18 05:00:00+00:00,4540.875,4560.030000000001,4529.83,4549.955,0
2026-05-18 09:00:00+00:00,4549.945,4575.01,4529.86,4571.889999999999,0
2026-05-18 13:00:00+00:00,4571.889999999999,4584.41,4532.005,4550.275,0
2026-05-18 17:00:00+00:00,4550.290000000001,4566.889999999999,4534.139999999999,4566.46,0
2026-05-18 21:00:00+00:00,4569.46,4589.5599999999995,4561.605,4563.5599999999995,0
2026-05-19 01:00:00+00:00,4563.495,4572.385,4538.24,4542.54,0
2026-05-19 05:00:00+00:00,4542.535,4559.360000000001,4530.835,4542.875,0
2026-05-19 09:00:00+00:00,4542.865,4547.91,4525.5,4537.2,0
2026-05-19 13:00:00+00:00,4537.290000000001,4537.5650000000005,4464.969999999999,4508.09,0
2026-05-19 17:00:00+00:00,4508.08,4511.25,4480.844999999999,4482.25,0
2026-05-19 21:00:00+00:00,4482.12,4509.085,4477.52,4500.950000000001,0
2026-05-20 01:00:00+00:00,4501.0,4506.225,4453.32,4462.395,0
2026-05-20 05:00:00+00:00,4462.389999999999,4490.455,4461.6,4484.445,0
2026-05-20 09:00:00+00:00,4484.4400000000005,4505.555,4472.575,4496.1900000000005,0
2026-05-20 13:00:00+00:00,4496.17,4553.025,4467.3150000000005,4534.445,0
2026-05-20 17:00:00+00:00,4534.459999999999,4550.469999999999,4529.375,4543.695,0
2026-05-20 21:00:00+00:00,4547.365,4553.57,4534.705,4545.225,0
2026-05-21 01:00:00+00:00,4545.42,4570.83,4527.16,4538.745,0
2026-05-21 05:00:00+00:00,4538.73,4540.6849999999995,4512.155000000001,4532.54,0
2026-05-21 09:00:00+00:00,4532.530000000001,4543.275,4502.255,4504.1900000000005,0
2026-05-21 13:00:00+00:00,4504.195,4520.885,4488.485000000001,4519.58,0
2026-05-21 17:00:00+00:00,4519.595,4559.530000000001,4514.415,4543.200000000001,0
2026-05-21 21:00:00+00:00,4542.8099999999995,4546.18,4525.719999999999,4527.035,0
2026-05-22 01:00:00+00:00,4526.965,4536.305,4518.504999999999,4527.26,0
2026-05-22 05:00:00+00:00,4527.254999999999,4534.51,4507.4,4522.120000000001,0
2026-05-22 09:00:00+00:00,4522.195,4536.875,4510.375,4528.370000000001,0
2026-05-22 13:00:00+00:00,4528.35,4534.34,4491.58,4515.07,0
2026-05-22 17:00:00+00:00,4515.0599999999995,4528.15,4504.264999999999,4509.23,0
2026-05-24 21:00:00+00:00,4542.34,4580.469999999999,4539.780000000001,4569.77,0
2026-05-25 01:00:00+00:00,4569.76,4576.36,4556.77,4564.805,0
2026-05-25 05:00:00+00:00,4564.8150000000005,4566.215,4550.575000000001,4556.195,0
2026-05-25 09:00:00+00:00,4556.1849999999995,4577.055,4553.27,4567.719999999999,0
2026-05-25 13:00:00+00:00,4567.735,4574.7,4560.1,4573.68,0
2026-05-25 17:00:00+00:00,4573.674999999999,4578.094999999999,4563.33,4570.55,0
2026-05-25 21:00:00+00:00,4572.18,4580.795,4539.75,4549.585,0
2026-05-26 01:00:00+00:00,4549.59,4550.54,4523.595,4525.5650000000005,0
2026-05-26 05:00:00+00:00,4525.57,4539.16,4520.165,4523.73,0
2026-05-26 09:00:00+00:00,4523.799999999999,4540.5650000000005,4500.735,4520.335,0
2026-05-26 13:00:00+00:00,4520.33,4531.665,4499.915,4504.915,0
2026-05-26 17:00:00+00:00,4504.9349999999995,4510.865,4482.594999999999,4507.594999999999,0
2026-05-26 21:00:00+00:00,4515.18,4537.52,4487.8150000000005,4515.415000000001,0
2026-05-27 01:00:00+00:00,4515.4,4521.305,4495.575000000001,4510.15,0
2026-05-27 05:00:00+00:00,4510.120000000001,4513.795,4475.84,4497.959999999999,0
2026-05-27 09:00:00+00:00,4497.98,4498.01,4425.049999999999,4439.025,0
2026-05-27 13:00:00+00:00,4439.01,4455.73,4401.64,4451.035,0
2026-05-27 17:00:00+00:00,4450.905000000001,4459.125,4441.44,4456.235,0
2026-05-27 21:00:00+00:00,4463.6900000000005,4466.59,4443.764999999999,4457.375,0
2026-05-28 01:00:00+00:00,4457.355,4459.0599999999995,4366.32,4372.98,0
2026-05-28 05:00:00+00:00,4372.995,4396.5,4367.09,4387.23,0
2026-05-28 09:00:00+00:00,4387.21,4433.745,4375.255,4432.605,0
2026-05-28 13:00:00+00:00,4432.620000000001,4511.145,4418.365,4511.09,0
2026-05-28 17:00:00+00:00,4511.015,4516.59,4494.97,4495.765,0
2026-05-28 21:00:00+00:00,4499.51,4500.84,4489.280000000001,4496.360000000001,0
2026-05-29 01:00:00+00:00,4496.385,4521.17,4492.655,4513.790000000001,0
2026-05-29 05:00:00+00:00,4513.84,4526.299999999999,4502.700000000001,4515.1900000000005,0
2026-05-29 09:00:00+00:00,4515.18,4543.280000000001,4512.549999999999,4523.265,0
2026-05-29 13:00:00+00:00,4523.255,4595.505,4516.9400000000005,4566.625,0
2026-05-29 17:00:00+00:00,4566.594999999999,4568.57,4539.735,4540.43,0
2026-05-31 21:00:00+00:00,4523.93,4546.155,4518.32,4540.415000000001,0
2026-06-01 01:00:00+00:00,4540.405000000001,4541.245,4508.51,4514.51,0
2026-06-01 05:00:00+00:00,4514.530000000001,4525.629999999999,4490.43,4498.110000000001,0
2026-06-01 09:00:00+00:00,4498.094999999999,4513.15,4489.06,4501.835,0
2026-06-01 13:00:00+00:00,4501.825000000001,4504.215,4447.85,4480.299999999999,0
2026-06-01 17:00:00+00:00,4480.290000000001,4495.575000000001,4471.755,4484.995,0
2026-06-01 21:00:00+00:00,4486.91,4497.264999999999,4476.905000000001,4481.889999999999,0
2026-06-02 01:00:00+00:00,4481.98,4518.51,4463.165,4517.74,0
2026-06-02 05:00:00+00:00,4517.76,4541.705,4515.33,4526.925,0
2026-06-02 09:00:00+00:00,4527.0,4535.76,4513.62,4514.125,0
2026-06-02 13:00:00+00:00,4514.15,4525.004999999999,4486.280000000001,4492.0,0
2026-06-02 17:00:00+00:00,4492.030000000001,4493.325000000001,4478.67,4487.975,0
2026-06-02 21:00:00+00:00,4492.27,4496.805,4462.1900000000005,4486.145,0
2026-06-03 01:00:00+00:00,4486.135,4488.41,4463.59,4469.58,0
2026-06-03 05:00:00+00:00,4469.57,4474.34,4440.345,4444.025,0
2026-06-03 09:00:00+00:00,4444.055,4468.4400000000005,4438.885,4460.280000000001,0
2026-06-03 13:00:00+00:00,4460.285,4466.0650000000005,4426.475,4442.014999999999,0
2026-06-03 17:00:00+00:00,4442.025,4452.265,4430.405,4434.4349999999995,0
2026-06-03 21:00:00+00:00,4436.93,4465.1849999999995,4423.93,4448.55,0
2026-06-04 01:00:00+00:00,4448.540000000001,4484.335,4443.115,4481.025,0
2026-06-04 05:00:00+00:00,4480.975,4482.415,4458.665,4463.32,0
2026-06-04 09:00:00+00:00,4463.33,4514.6900000000005,4460.83,4504.110000000001,0
2026-06-04 13:00:00+00:00,4504.120000000001,4515.68,4457.4400000000005,4482.775,0
2026-06-04 17:00:00+00:00,4482.77,4483.645,4472.8,4475.5599999999995,0
2026-06-04 21:00:00+00:00,4475.01,4481.325000000001,4450.885,4460.014999999999,0
2026-06-05 01:00:00+00:00,4459.995,4470.135,4435.425,4445.120000000001,0
2026-06-05 05:00:00+00:00,4445.18,4468.200000000001,4428.625,4462.92,0
2026-06-05 09:00:00+00:00,4462.92,4475.835,4404.98,4406.385,0
2026-06-05 13:00:00+00:00,4406.389999999999,4421.335,4323.405000000001,4344.51,0
2026-06-05 17:00:00+00:00,4344.475,4347.475,4311.755,4328.295,0
2026-06-07 21:00:00+00:00,4328.860000000001,4353.33,4310.335,4342.73,0
2026-06-08 01:00:00+00:00,4342.575000000001,4346.1849999999995,4299.98,4312.73,0
2026-06-08 05:00:00+00:00,4312.755,4317.02,4268.325000000001,4288.615,0
2026-06-08 09:00:00+00:00,4288.629999999999,4339.37,4273.08,4333.299999999999,0
2026-06-08 13:00:00+00:00,4333.285,4346.715,4314.775,4340.844999999999,0
2026-06-08 17:00:00+00:00,4340.84,4346.18,4323.3099999999995,4329.805,0
2026-06-08 21:00:00+00:00,4330.639999999999,4331.195,4312.87,4320.1,0
2026-06-09 01:00:00+00:00,4320.0650000000005,4342.57,4318.58,4332.254999999999,0
2026-06-09 05:00:00+00:00,4332.245,4351.79,4321.285,4326.610000000001,0
2026-06-09 09:00:00+00:00,4326.62,4344.385,4324.04,4341.395,0
2026-06-09 13:00:00+00:00,4341.375,4363.825000000001,4236.889999999999,4252.055,0
2026-06-09 17:00:00+00:00,4252.0650000000005,4274.335,4250.16,4259.42,0
2026-06-09 21:00:00+00:00,4255.58,4257.475,4199.105,4217.76,0
2026-06-10 01:00:00+00:00,4217.75,4219.1849999999995,4172.335,4174.795,0
2026-06-10 05:00:00+00:00,4174.83,4222.255,4161.34,4168.7,0
2026-06-10 09:00:00+00:00,4168.75,4179.525,4130.535,4147.35,0
2026-06-10 13:00:00+00:00,4147.3150000000005,4186.344999999999,4107.055,4122.13,0
2026-06-10 17:00:00+00:00,4122.09,4135.085,4067.21,4071.42,0
2026-06-10 21:00:00+00:00,4070.4700000000003,4078.34,4023.885,4076.4700000000003,0
2026-06-11 01:00:00+00:00,4076.455,4118.43,4052.0950000000003,4082.83,0
2026-06-11 05:00:00+00:00,4082.825,4112.94,4072.9,4084.76,0
2026-06-11 09:00:00+00:00,4084.715,4096.53,4057.8100000000004,4082.105,0
2026-06-11 13:00:00+00:00,4082.14,4107.585,4052.81,4080.1800000000003,0
2026-06-11 17:00:00+00:00,4080.185,4220.13,4072.0550000000003,4210.9400000000005,0
2026-06-11 21:00:00+00:00,4218.625,4246.745,4200.52,4208.24,0
2026-06-12 01:00:00+00:00,4208.25,4211.3099999999995,4171.625,4189.93,0
2026-06-12 05:00:00+00:00,4189.855,4226.04,4170.17,4219.73,0
2026-06-12 09:00:00+00:00,4219.745000000001,4228.18,4188.465,4191.75,0
2026-06-12 13:00:00+00:00,4191.76,4235.605,4177.0599999999995,4216.325000000001,0
2026-06-12 17:00:00+00:00,4216.335,4235.4,4201.955,4219.030000000001,0
2026-06-14 21:00:00+00:00,4267.93,4309.17,4266.325000000001,4292.77,0
2026-06-15 01:00:00+00:00,4292.785,4335.75,4285.405000000001,4328.33,0
2026-06-15 05:00:00+00:00,4328.42,4345.395,4301.094999999999,4334.4,0
2026-06-15 09:00:00+00:00,4334.395,4349.535,4324.63,4348.844999999999,0
2026-06-15 13:00:00+00:00,4348.85,4369.57,4334.625,4339.18,0
2026-06-15 17:00:00+00:00,4339.225,4339.31,4306.74,4309.255,0
2026-06-15 21:00:00+00:00,4311.335,4321.135,4306.115,4319.355,0
2026-06-16 01:00:00+00:00,4319.41,4333.455,4307.75,4322.51,0
2026-06-16 05:00:00+00:00,4322.53,4348.09,4313.514999999999,4346.865,0
2026-06-16 09:00:00+00:00,4346.844999999999,4354.965,4335.17,4354.715,0
2026-06-16 13:00:00+00:00,4354.76,4355.01,4313.33,4340.74,0
2026-06-16 17:00:00+00:00,4340.75,4343.01,4325.295,4331.285,0
2026-06-16 21:00:00+00:00,4334.21,4341.875,4328.545,4337.17,0
2026-06-17 01:00:00+00:00,4337.245000000001,4349.8099999999995,4317.389999999999,4326.540000000001,0
2026-06-17 05:00:00+00:00,4326.51,4334.53,4317.1849999999995,4324.67,0
2026-06-17 09:00:00+00:00,4324.6849999999995,4335.74,4319.945,4333.645,0
2026-06-17 13:00:00+00:00,4333.665,4366.57,4324.120000000001,4359.67,0
2026-06-17 17:00:00+00:00,4359.7,4382.485000000001,4219.0,4257.77,0
2026-06-17 21:00:00+00:00,4257.0650000000005,4315.305,4254.475,4308.795,0
2026-06-18 01:00:00+00:00,4308.74,4329.93,4306.95,4316.335,0
2026-06-18 05:00:00+00:00,4316.32,4324.950000000001,4265.44,4266.785,0
2026-06-18 09:00:00+00:00,4266.82,4273.52,4240.07,4246.68,0
2026-06-18 13:00:00+00:00,4246.715,4276.76,4214.209999999999,4219.6900000000005,0
2026-06-18 17:00:00+00:00,4219.675,4233.385,4201.52,4209.030000000001,0
2026-06-18 21:00:00+00:00,4212.42,4213.26,4183.865,4190.4349999999995,0
2026-06-19 01:00:00+00:00,4190.514999999999,4194.5,4125.174999999999,4125.9349999999995,0
2026-06-19 05:00:00+00:00,4125.91,4178.615,4121.885,4169.26,0
2026-06-19 09:00:00+00:00,4169.24,4180.16,4142.040000000001,4178.9349999999995,0
2026-06-19 13:00:00+00:00,4178.92,4183.0650000000005,4142.8150000000005,4155.945,0
2026-06-21 21:00:00+00:00,4148.435,4200.92,4136.549999999999,4200.51,0
2026-06-22 01:00:00+00:00,4200.57,4221.335,4170.73,4181.780000000001,0
2026-06-22 05:00:00+00:00,4181.82,4207.41,4179.475,4197.385,0
2026-06-22 09:00:00+00:00,4197.379999999999,4215.15,4192.35,4193.389999999999,0
2026-06-22 13:00:00+00:00,4193.385,4210.915,4169.8150000000005,4189.985000000001,0
2026-06-22 17:00:00+00:00,4190.120000000001,4193.885,4177.15,4191.49,0
2026-06-22 21:00:00+00:00,4192.27,4195.465,4178.295,4193.505,0
2026-06-23 01:00:00+00:00,4193.54,4198.73,4114.84,4118.1,0
2026-06-23 05:00:00+00:00,4118.110000000001,4137.57,4090.75,4105.49,0
2026-06-23 09:00:00+00:00,4105.505,4133.3099999999995,4104.105,4113.610000000001,0
2026-06-23 13:00:00+00:00,4113.56,4145.285,4105.38,4134.555,0
2026-06-23 17:00:00+00:00,4134.585,4139.870000000001,4107.785,4110.3150000000005,0
2026-06-23 21:00:00+00:00,4113.0599999999995,4114.96,4080.6899999999996,4097.415,0
2026-06-24 01:00:00+00:00,4097.424999999999,4102.37,4050.37,4064.8,0
2026-06-24 05:00:00+00:00,4064.75,4097.835,4060.885,4076.4399999999996,0
2026-06-24 09:00:00+00:00,4076.415,4079.425,3987.88,3987.925,0
2026-06-24 13:00:00+00:00,3987.9049999999997,4042.275,3964.39,4006.935,0
2026-06-24 17:00:00+00:00,4006.89,4011.435,3959.34,3999.14,0
2026-06-24 21:00:00+00:00,4006.86,4018.945,3978.575,3991.3199999999997,0
2026-06-25 01:00:00+00:00,3991.355,4005.9449999999997,3962.69,3996.415,0
2026-06-25 05:00:00+00:00,3996.3900000000003,4002.3100000000004,3971.56,3989.245,0
2026-06-25 09:00:00+00:00,3989.2349999999997,4019.2700000000004,3973.4700000000003,4012.74,0
2026-06-25 13:00:00+00:00,4012.75,4044.245,3999.1,4028.835,0
2026-06-25 17:00:00+00:00,4028.8199999999997,4044.225,4021.855,4026.575,0
2026-06-25 21:00:00+00:00,4029.01,4036.5699999999997,4011.725,4020.5550000000003,0
2026-06-26 01:00:00+00:00,4020.5950000000003,4029.7799999999997,3982.965,4011.335,0
2026-06-26 05:00:00+00:00,4011.34,4039.98,4005.62,4031.125,0
2026-06-26 09:00:00+00:00,4031.115,4061.5950000000003,4029.7,4059.475,0
2026-06-26 13:00:00+00:00,4059.45,4096.06,4043.3100000000004,4085.3050000000003,0
2026-06-26 17:00:00+00:00,4085.315,4090.665,4064.575,4090.42,0
2026-06-28 21:00:00+00:00,4079.63,4086.13,4048.425,4069.87,0
2026-06-29 01:00:00+00:00,4069.8100000000004,4075.875,4049.74,4052.37,0
2026-06-29 05:00:00+00:00,4052.39,4068.875,4039.6,4047.105,0
2026-06-29 09:00:00+00:00,4047.0950000000003,4055.5249999999996,4024.59,4043.92,0
2026-06-29 13:00:00+00:00,4043.93,4051.835,3999.815,4023.82,0
2026-06-29 17:00:00+00:00,4023.8050000000003,4032.1,4005.325,4016.835,0
2026-06-29 21:00:00+00:00,4018.855,4022.55,3979.775,3987.505,0
2026-06-30 01:00:00+00:00,3987.4350000000004,3998.29,3942.365,3985.6549999999997,0
2026-06-30 05:00:00+00:00,3985.675,4037.9449999999997,3975.0299999999997,4016.035,0
2026-06-30 09:00:00+00:00,4015.99,4037.5150000000003,4008.5950000000003,4010.3050000000003,0
2026-06-30 13:00:00+00:00,4010.25,4063.235,4009.275,4026.185,0
2026-06-30 17:00:00+00:00,4026.1949999999997,4033.71,4006.725,4007.505,0
2026-06-30 21:00:00+00:00,4011.99,4018.5550000000003,3993.215,3996.8199999999997,0
2026-07-01 01:00:00+00:00,3996.835,3999.565,3970.23,3976.625,0
2026-07-01 05:00:00+00:00,3976.61,3984.705,3960.16,3974.7700000000004,0
2026-07-01 09:00:00+00:00,3974.76,4035.57,3972.885,4023.04,0
2026-07-01 13:00:00+00:00,4023.0,4115.845,4012.81,4071.545,0
2026-07-01 17:00:00+00:00,4071.5,4073.755,4028.55,4031.455,0
2026-07-01 21:00:00+00:00,4034.2,4052.705,4031.005,4051.7650000000003,0
2026-07-02 01:00:00+00:00,4051.825,4074.48,4041.245,4061.08,0
2026-07-02 05:00:00+00:00,4060.965,4080.385,4053.155,4076.215,0
2026-07-02 09:00:00+00:00,4076.1549999999997,4140.59,4057.275,4117.7,0
2026-07-02 13:00:00+00:00,4117.65,4144.255,4100.629999999999,4118.275,0
2026-07-02 17:00:00+00:00,4118.280000000001,4127.275,4105.79,4123.825000000001,0
2026-07-02 21:00:00+00:00,4126.13,4150.965,4121.335,4147.0,0
2026-07-03 01:00:00+00:00,4146.99,4195.745,4146.67,4178.92,0
2026-07-03 05:00:00+00:00,4178.915,4186.705,4160.645,4181.014999999999,0
2026-07-03 09:00:00+00:00,4181.0,4186.51,4168.395,4177.040000000001,0
2026-07-03 13:00:00+00:00,4177.05,4179.325,4155.235000000001,4175.1849999999995,0
2026-07-05 21:00:00+00:00,4176.719999999999,4201.965,4170.33,4180.725,0
2026-07-06 01:00:00+00:00,4180.695,4203.280000000001,4157.594999999999,4159.889999999999,0
2026-07-06 05:00:00+00:00,4159.885,4166.475,4144.805,4150.545,0
2026-07-06 09:00:00+00:00,4150.535,4159.639999999999,4131.605,4139.59,0
2026-07-06 13:00:00+00:00,4139.595,4156.4349999999995,4128.379999999999,4155.235,0
2026-07-06 17:00:00+00:00,4155.24,4167.754999999999,4150.59,4165.235000000001,0
2026-07-06 21:00:00+00:00,4166.79,4168.535,4145.475,4146.28,0
2026-07-07 01:00:00+00:00,4146.26,4148.285,4124.625,4126.825,0
2026-07-07 05:00:00+00:00,4126.83,4139.425,4116.48,4126.139999999999,0
2026-07-07 09:00:00+00:00,4126.129999999999,4175.23,4119.75,4172.445,0
2026-07-07 13:00:00+00:00,4172.465,4180.424999999999,4135.825,4145.035,0
2026-07-07 17:00:00+00:00,4145.04,4148.365,4092.285,4106.0650000000005,0
2026-07-07 21:00:00+00:00,4095.545,4126.845,4093.8500000000004,4111.8150000000005,0
2026-07-08 01:00:00+00:00,4111.8099999999995,4131.34,4096.605,4125.135,0
2026-07-08 05:00:00+00:00,4125.139999999999,4133.924999999999,4052.24,4056.545,0
2026-07-08 09:00:00+00:00,4056.5550000000003,4086.53,4040.4449999999997,4072.145,0
2026-07-08 13:00:00+00:00,4072.2,4083.17,4021.77,4063.63,0
2026-07-08 17:00:00+00:00,4063.67,4091.455,4059.645,4077.605,0
2026-07-08 21:00:00+00:00,4077.755,4090.06,4070.45,4074.175,0
2026-07-09 01:00:00+00:00,4074.19,4082.8050000000003,4054.205,4064.335,0
2026-07-09 05:00:00+00:00,4064.355,4117.945,4063.5950000000003,4108.540000000001,0
2026-07-09 09:00:00+00:00,4108.530000000001,4122.77,4093.755,4107.959999999999,0
2026-07-09 13:00:00+00:00,4107.969999999999,4138.375,4107.035,4128.209999999999,0
2026-07-09 17:00:00+00:00,4128.215,4138.325,4118.995000000001,4123.545,0
2026-07-09 21:00:00+00:00,4124.825000000001,4128.4349999999995,4114.485000000001,4126.264999999999,0
2026-07-10 01:00:00+00:00,4126.32,4134.875,4108.780000000001,4115.34,0
2026-07-10 05:00:00+00:00,4115.33,4120.344999999999,4095.065,4098.1,0
2026-07-10 09:00:00+00:00,4098.09,4117.75,4094.365,4100.915,0
2026-07-10 13:00:00+00:00,4100.895,4115.52,4072.37,4104.575000000001,0
2026-07-10 17:00:00+00:00,4104.645,4120.905,4097.955,4119.33,0
2026-07-12 21:00:00+00:00,4098.06,4104.955,4061.035,4074.105,0
2026-07-13 01:00:00+00:00,4074.12,4090.08,4050.465,4059.035,0
2026-07-13 05:00:00+00:00,4059.06,4081.01,4043.9049999999997,4074.73,0
2026-07-13 09:00:00+00:00,4074.7650000000003,4076.955,4046.815,4067.39,0
2026-07-13 13:00:00+00:00,4067.4049999999997,4067.68,3986.6549999999997,3993.315,0
2026-07-13 17:00:00+00:00,3993.275,4006.395,3986.685,4000.76,0
2026-07-13 21:00:00+00:00,4005.96,4007.4300000000003,3983.745,4004.015,0
2026-07-14 01:00:00+00:00,4004.04,4023.5,3992.225,4020.455,0
2026-07-14 05:00:00+00:00,4020.465,4034.1549999999997,4014.32,4015.995,0
2026-07-14 09:00:00+00:00,4016.045,4104.325000000001,4013.69,4076.225,0
2026-07-14 13:00:00+00:00,4076.27,4100.915,4057.7650000000003,4061.6400000000003,0
2026-07-14 17:00:00+00:00,4061.635,4064.995,4043.105,4052.9449999999997,0
2026-07-14 21:00:00+00:00,4052.175,4060.775,4047.035,4059.195,0
2026-07-15 01:00:00+00:00,4059.2,4062.045,4027.9750000000004,4033.255,0
2026-07-15 05:00:00+00:00,4033.245,4037.24,4017.37,4031.02,0
2026-07-15 09:00:00+00:00,4031.025,4071.625,4025.68,4067.75,0
2026-07-15 13:00:00+00:00,4067.7799999999997,4074.235,4026.92,4033.99,0
2026-07-15 17:00:00+00:00,4034.015,4081.57,4033.03,4060.45,0
2026-07-15 21:00:00+00:00,4064.4700000000003,4065.605,4043.625,4044.62,0
2026-07-16 01:00:00+00:00,4044.635,4050.645,4024.1549999999997,4033.3,0
2026-07-16 05:00:00+00:00,4033.285,4036.795,4023.135,4035.2799999999997,0
2026-07-16 09:00:00+00:00,4035.27,4043.43,3990.455,3992.375,0
2026-07-16 13:00:00+00:00,3992.37,4017.12,3973.81,3992.175,0
2026-07-16 17:00:00+00:00,3992.165,3993.205,3969.1099999999997,3976.55,0
2026-07-16 21:00:00+00:00,3978.05,3992.1549999999997,3973.1899999999996,3991.87,0
2026-07-17 01:00:00+00:00,3991.95,4008.6499999999996,3970.51,3981.955,0
2026-07-17 05:00:00+00:00,3981.9449999999997,4007.32,3975.16,3994.315,0
2026-07-17 09:00:00+00:00,3994.3100000000004,4002.675,3964.0550000000003,3966.14,0
2026-07-17 13:00:00+00:00,3966.23,4023.7700000000004,3959.875,4014.95,0
2026-07-17 17:00:00+00:00,4014.99,4019.1949999999997,4002.375,4017.605,0
2026-07-19 21:00:00+00:00,4001.83,4010.41,3982.6949999999997,4008.365,0
2026-07-20 01:00:00+00:00,4008.3599999999997,4029.085,3995.6549999999997,4019.025,0
2026-07-20 05:00:00+00:00,4019.0,4030.815,4002.225,4018.9449999999997,0
2026-07-20 09:00:00+00:00,4018.925,4040.925,4006.54,4008.165,0
2026-07-20 13:00:00+00:00,4008.14,4019.84,3998.34,4009.79,0
2026-07-20 17:00:00+00:00,4009.8,4017.98,4003.54,4007.61,0
2026-07-20 21:00:00+00:00,4009.76,4027.395,3999.85,4024.99,0
2026-07-21 01:00:00+00:00,4025.01,4051.89,4018.6400000000003,4049.855,0
2026-07-21 05:00:00+00:00,4049.865,4084.235,4046.275,4063.05,0
2026-07-21 09:00:00+00:00,4063.065,4070.2799999999997,4051.05,4054.175,0
2026-07-21 13:00:00+00:00,4054.165,4083.62,4044.68,4071.76,0
2026-07-21 17:00:00+00:00,4071.755,4087.4049999999997,4066.6800000000003,4077.9449999999997,0
2026-07-21 21:00:00+00:00,4080.3149999999996,4102.780000000001,4076.83,4097.385,0
2026-07-22 01:00:00+00:00,4097.355,4141.8150000000005,4096.46,4127.1900000000005,0
2026-07-22 05:00:00+00:00,4127.195,4135.55,4109.195,4118.165,0
2026-07-22 09:00:00+00:00,4118.155,4134.495,4107.174999999999,4113.02,0
2026-07-22 13:00:00+00:00,4113.025,4166.1900000000005,4112.695,4146.715,0
2026-07-22 17:00:00+00:00,4146.725,4148.005,4128.375,4130.145,0
2026-07-22 21:00:00+00:00,4117.469999999999,4135.09,4116.219999999999,4132.325,0
2026-07-23 01:00:00+00:00,4132.32,4141.415,4112.15,4121.1849999999995,0
2026-07-23 05:00:00+00:00,4121.18,4130.79,4087.1800000000003,4093.285,0
2026-07-23 09:00:00+00:00,4093.28,4099.450000000001,4061.1099999999997,4061.93,0
2026-07-23 13:00:00+00:00,4061.915,4067.29,4040.07,4051.57,0
2026-07-23 17:00:00+00:00,4051.585,4054.65,4040.645,4049.54,0
2026-07-23 21:00:00+00:00,4049.31,4051.175,4041.37,4049.8599999999997,0
2026-07-24 01:00:00+00:00,4049.8450000000003,4050.54,4023.135,4027.335,0
2026-07-24 05:00:00+00:00,4027.35,4058.895,4021.9449999999997,4057.665,0
2026-07-24 09:00:00+00:00,4057.67,4064.09,4051.5,4056.18,0
2026-07-24 13:00:00+00:00,4056.175,4082.1800000000003,4044.705,4067.235,0
2026-07-24 17:00:00+00:00,4067.24,4070.1000000000004,4049.33,4053.045,0
2026-07-26 21:00:00+00:00,4092.28,4116.34,4083.62,4100.84,0
2026-07-27 01:00:00+00:00,4100.82,4112.68,4085.1000000000004,4090.2250000000004,0
2026-07-27 05:00:00+00:00,4090.23,4106.035,4084.63,4095.3050000000003,0
2026-07-27 09:00:00+00:00,4095.295,4104.139999999999,4081.6899999999996,4083.8500000000004,0
2026-07-27 13:00:00+00:00,4083.855,4094.16,4065.335,4082.505,0
2026-07-27 17:00:00+00:00,4082.505,4089.48,4070.6949999999997,4076.575,0
2026-07-27 21:00:00+00:00,4081.92,4082.18,4057.625,4057.955,0
2026-07-28 01:00:00+00:00,4058.0249999999996,4060.3,4040.535,4042.225,0
2026-07-28 05:00:00+00:00,4042.28,4055.1099999999997,4034.7,4045.65,0
2026-07-28 09:00:00+00:00,4045.675,4046.2349999999997,4017.07,4029.65,0
2026-07-28 13:00:00+00:00,4029.6549999999997,4047.24,4011.755,4037.49,0
2026-07-28 17:00:00+00:00,4037.5,4041.78,4021.875,4028.69,0
2026-07-28 21:00:00+00:00,4028.35,4029.6949999999997,4014.165,4022.04,0
2026-07-29 01:00:00+00:00,4022.055,4038.1,4010.46,4027.44,0
2026-07-29 05:00:00+00:00,4027.455,4047.9700000000003,4026.86,4037.79,0
2026-07-29 09:00:00+00:00,4037.785,4038.56,4009.25,4022.5150000000003,0
2026-07-29 13:00:00+00:00,4022.53,4033.005,3996.145,4027.2,0
2026-07-29 17:00:00+00:00,4027.18,4116.575,4027.125,4066.41,0
2026-07-29 21:00:00+00:00,4072.075,4100.4400000000005,4064.6000000000004,4072.1549999999997,0
2026-07-30 01:00:00+00:00,4072.15,4093.135,4044.5550000000003,4046.25,0
2026-07-30 05:00:00+00:00,4046.26,4073.0200000000004,4028.625,4061.5249999999996,0
2026-07-30 09:00:00+00:00,4061.505,4086.66,4060.355,4069.1549999999997,0
2026-07-30 13:00:00+00:00,4069.145,4120.51,4065.13,4110.5,0
2026-07-30 17:00:00+00:00,4110.49,4117.34,4098.540000000001,4103.8099999999995,0
2026-07-30 21:00:00+00:00,4105.89,4111.985,4090.3450000000003,4094.75,0
2026-07-31 01:00:00+00:00,4094.7799999999997,4101.625,4072.035,4080.1899999999996,0
2026-07-31 05:00:00+00:00,4080.2200000000003,4087.6549999999997,4054.385,4061.0950000000003,0
2026-07-31 09:00:00+00:00,4061.08,4064.1000000000004,4040.55,4041.0,0
2026-07-31 13:00:00+00:00,4041.03,4052.8,4021.19,4043.5,0
2026-07-31 17:00:00+00:00,4043.51,4055.815,4041.455,4044.58,0
2026-08-02 21:00:00+00:00,4073.74,4080.1099999999997,4055.6800000000003,4057.285,0
2026-08-03 01:00:00+00:00,4057.31,4072.075,4047.4049999999997,4063.875,0
2026-08-03 05:00:00+00:00,4063.92,4072.3050000000003,4051.925,4059.475,0
2026-08-03 09:00:00+00:00,4059.46,4064.5950000000003,4042.2,4047.635,0
2026-08-03 13:00:00+00:00,4047.665,4053.75,4019.225,4036.965,0
2026-08-03 17:00:00+00:00,4036.98,4058.03,4029.78,4055.34,0
2026-08-03 21:00:00+00:00,4054.26,4069.445,4048.865,4049.64,0
2026-08-04 01:00:00+00:00,4049.665,4066.45,4042.56,4063.825,0
2026-08-04 05:00:00+00:00,4063.81,4073.115,4054.61,4055.24,0
2026-08-04 09:00:00+00:00,4055.2349999999997,4084.45,4045.665,4071.33,0
2026-08-04 13:00:00+00:00,4071.3100000000004,4093.9849999999997,4061.2,4093.35,0
2026-08-04 17:00:00+00:00,4093.315,4106.605,4074.81,4077.55,0
2026-08-04 21:00:00+00:00,4078.42,4085.95,4065.49,4082.4,0
2026-08-05 01:00:00+00:00,4082.52,4141.4,4077.55,4135.51,0
2026-08-05 05:00:00+00:00,4135.5,4179.51,4134.67,4160.6900000000005,0
2026-08-05 09:00:00+00:00,4160.68,4213.719999999999,4150.135,4183.889999999999,0
2026-08-05 13:00:00+00:00,4183.9400000000005,4265.245,4183.74,4242.325000000001,0
2026-08-05 17:00:00+00:00,4242.38,4267.965,4236.924999999999,4247.03,0
2026-08-05 21:00:00+00:00,4249.8,4300.4400000000005,4245.639999999999,4294.865,0
2026-08-06 01:00:00+00:00,4294.895,4304.365,4252.889999999999,4262.245,0
2026-08-06 05:00:00+00:00,4262.235000000001,4278.92,4247.2,4278.205,0
2026-08-06 09:00:00+00:00,4278.254999999999,4284.885,4249.264999999999,4250.17,0
2026-08-06 13:00:00+00:00,4250.219999999999,4275.535,4223.514999999999,4241.625,0
2026-08-06 17:00:00+00:00,4241.615,4251.4400000000005,4232.95,4240.795,0
2026-08-06 21:00:00+00:00,4239.51,4253.315,4229.705,4232.505,0
2026-08-07 01:00:00+00:00,4232.5650000000005,4269.465,4231.395,4264.865,0
2026-08-07 05:00:00+00:00,4264.875,4316.745,4261.905000000001,4306.145,0
2026-08-07 09:00:00+00:00,4306.139999999999,4372.0599999999995,4301.195,4361.1900000000005,0
2026-08-07 13:00:00+00:00,4361.17,4367.945,4327.59,4329.209999999999,0
2026-08-07 17:00:00+00:00,4329.26,4350.29,4327.795,4342.075,0
2026-08-09 21:00:00+00:00,4348.975,4351.04,4330.955,4332.525,0
2026-08-10 01:00:00+00:00,4332.530000000001,4340.975,4313.41,4339.635,0
2026-08-10 05:00:00+00:00,4339.645,4361.975,4331.915,4347.08,0
2026-08-10 09:00:00+00:00,4347.085,4350.219999999999,4324.145,4333.0599999999995,0
2026-08-10 13:00:00+00:00,4333.07,4364.975,4316.764999999999,4356.825000000001,0
2026-08-10 17:00:00+00:00,4356.83,4395.32,4351.8099999999995,4390.530000000001,0
2026-08-10 21:00:00+00:00,4390.295,4419.38,4388.705,4409.93,0
2026-08-11 01:00:00+00:00,4409.924999999999,4435.33,4393.55,4408.98,0
2026-08-11 05:00:00+00:00,4408.98,4409.205,4356.64,4369.075,0
2026-08-11 09:00:00+00:00,4369.0599999999995,4400.155000000001,4367.53,4392.715,0
2026-08-11 13:00:00+00:00,4392.705,4404.35,4369.030000000001,4383.615,0
2026-08-11 17:00:00+00:00,4383.620000000001,4385.7,4360.32,4368.275,0
2026-08-11 21:00:00+00:00,4371.865,4383.795,4362.395,4380.695,0
2026-08-12 01:00:00+00:00,4380.6849999999995,4416.0,4378.34,4401.305,0
2026-08-12 05:00:00+00:00,4401.3099999999995,4410.6,4383.905,4401.780000000001,0
2026-08-12 09:00:00+00:00,4401.780000000001,4438.475,4382.084999999999,4437.325000000001,0
2026-08-12 13:00:00+00:00,4437.32,4441.275,4396.76,4401.805,0
2026-08-12 17:00:00+00:00,4401.875,4418.535,4396.46,4408.405,0
2026-08-12 21:00:00+00:00,4408.98,4449.83,4398.4,4428.315,0
2026-08-13 01:00:00+00:00,4428.33,4435.505,4391.73,4398.175,0
2026-08-13 05:00:00+00:00,4398.14,4407.4,4364.245,4376.0,0
2026-08-13 09:00:00+00:00,4376.01,4401.92,4372.82,4401.844999999999,0
2026-08-13 13:00:00+00:00,4401.84,4402.18,4351.165,4367.095,0
2026-08-13 17:00:00+00:00,4367.12,4373.549999999999,4343.695,4351.275,0
2026-08-13 21:00:00+00:00,4353.65,4364.335,4329.280000000001,4341.035,0
2026-08-14 01:00:00+00:00,4340.98,4341.389999999999,4311.014999999999,4327.075000000001,0
2026-08-14 05:00:00+00:00,4327.085,4349.995,4311.110000000001,4348.57,0
2026-08-14 09:00:00+00:00,4348.585,4387.005,4346.0,4373.58,0
2026-08-14 13:00:00+00:00,4373.59,4397.09,4370.215,4385.92,0
2026-08-14 17:00:00+00:00,4385.93,4386.555,4370.835,4376.425,0
2026-08-16 21:00:00+00:00,4380.155000000001,4402.37,4367.215,4400.9349999999995,0
2026-08-17 01:00:00+00:00,4400.865,4416.47,4388.07,4390.865,0
2026-08-17 05:00:00+00:00,4390.8150000000005,4411.28,4387.085,4395.22,0
2026-08-17 09:00:00+00:00,4395.24,4406.030000000001,4377.2,4385.105,0
2026-08-17 13:00:00+00:00,4385.075,4428.8,4382.09,4424.209999999999,0
2026-08-17 17:00:00+00:00,4424.1849999999995,4426.225,4398.33,4416.735000000001,0
2026-08-17 21:00:00+00:00,4418.455,4435.225,4409.68,4434.975,0
2026-08-18 01:00:00+00:00,4434.965,4436.52,4388.85,4393.6900000000005,0
2026-08-18 05:00:00+00:00,4393.67,4403.795,4386.0650000000005,4393.535,0
2026-08-18 09:00:00+00:00,4393.52,4400.82,4386.959999999999,4394.725,0
2026-08-18 13:00:00+00:00,4394.72,4406.860000000001,4351.785,4363.950000000001,0
2026-08-18 17:00:00+00:00,4363.9400000000005,4368.38,4329.3,4334.425,0
2026-08-18 21:00:00+00:00,4336.5,4347.405000000001,4327.04,4337.79,0
2026-08-19 01:00:00+00:00,4337.795,4362.049999999999,4324.594999999999,4348.389999999999,0
2026-08-19 05:00:00+00:00,4348.405000000001,4363.25,4335.16,4355.8150000000005,0
2026-08-19 09:00:00+00:00,4355.8099999999995,4442.455,4353.41,4438.469999999999,0
2026-08-19 13:00:00+00:00,4438.5,4499.555,4424.375,4493.969999999999,0
2026-08-19 17:00:00+00:00,4493.9400000000005,4524.305,4472.175,4522.925,0
2026-08-19 21:00:00+00:00,4525.33,4527.84,4503.8150000000005,4504.82,0
2026-08-20 01:00:00+00:00,4504.79,4510.3150000000005,4484.46,4488.594999999999,0
2026-08-20 05:00:00+00:00,4488.605,4498.835,4477.889999999999,4489.5,0
2026-08-20 09:00:00+00:00,4489.51,4494.889999999999,4450.67,4474.835,0
2026-08-20 13:00:00+00:00,4474.860000000001,4541.075,4469.290000000001,4510.040000000001,0
2026-08-20 17:00:00+00:00,4510.030000000001,4532.305,4507.9349999999995,4519.425,0
2026-08-20 21:00:00+00:00,4520.674999999999,4533.02,4509.84,4510.895,0
2026-08-21 01:00:00+00:00,4510.83,4548.17,4508.745,4540.844999999999,0
2026-08-21 05:00:00+00:00,4540.885,4584.915,4529.424999999999,4584.155000000001,0
2026-08-21 09:00:00+00:00,4584.120000000001,4604.8099999999995,4563.45,4578.200000000001,0
2026-08-21 13:00:00+00:00,4578.18,4629.24,4573.34,4628.99,0
2026-08-21 17:00:00+00:00,4628.959999999999,4632.18,4602.93,4603.555,0
2026-08-23 21:00:00+00:00,4624.22,4641.004999999999,4594.5599999999995,4621.82,0
2026-08-24 01:00:00+00:00,4621.85,4657.014999999999,4608.025,4638.96,0
2026-08-24 05:00:00+00:00,4638.93,4659.96,4628.844999999999,4638.155000000001,0
2026-08-24 09:00:00+00:00,4638.18,4670.25,4632.8,4662.785,0
2026-08-24 13:00:00+00:00,4662.764999999999,4680.855,4639.9400000000005,4645.06,0
2026-08-24 17:00:00+00:00,4645.035,4656.3,4625.174999999999,4651.59,0
2026-08-24 21:00:00+00:00,4655.29,4697.055,4652.59,4684.23,0
2026-08-25 01:00:00+00:00,4684.255,4686.91,4617.7,4625.88,0
2026-08-25 05:00:00+00:00,4625.875,4653.545,4620.165,4630.34,0
2026-08-25 09:00:00+00:00,4630.33,4647.52,4624.25,4641.115,0
2026-08-25 13:00:00+00:00,4641.139999999999,4659.575000000001,4605.29,4643.5,0
2026-08-25 17:00:00+00:00,4643.49,4668.995000000001,4634.305,4658.915,0
2026-08-25 21:00:00+00:00,4661.21,4673.93,4634.475,4637.59,0
2026-08-26 01:00:00+00:00,4637.6,4670.65,4630.0,4640.835,0
2026-08-26 05:00:00+00:00,4640.825,4649.76,4622.24,4628.459999999999,0
2026-08-26 09:00:00+00:00,4628.45,4633.75,4610.83,4614.495,0
2026-08-26 13:00:00+00:00,4614.42,4633.62,4583.08,4591.73,0
2026-08-26 17:00:00+00:00,4591.709999999999,4604.82,4584.205,4594.695,0
2026-08-26 21:00:00+00:00,4605.095,4627.155,4600.695,4605.280000000001,0
2026-08-27 01:00:00+00:00,4605.26,4643.16,4602.505,4618.785,0
2026-08-27 05:00:00+00:00,4618.775,4621.89,4593.625,4599.13,0
2026-08-27 09:00:00+00:00,4599.135,4601.27,4569.135,4586.18,0
2026-08-27 13:00:00+00:00,4586.17,4616.915,4564.75,4614.9,0
2026-08-27 17:00:00+00:00,4614.845,4618.055,4600.005,4601.76,0
2026-08-27 21:00:00+00:00,4608.129999999999,4611.530000000001,4585.844999999999,4588.82,0
2026-08-28 01:00:00+00:00,4588.825,4602.375,4575.225,4584.495,0
2026-08-28 05:00:00+00:00,4584.5650000000005,4614.695,4571.655000000001,4603.1,0
2026-08-28 09:00:00+00:00,4603.105,4610.17,4589.15,4601.885,0
2026-08-28 13:00:00+00:00,4601.87,4631.67,4464.535,4479.735000000001,0
2026-08-28 17:00:00+00:00,4479.715,4486.9,4445.469999999999,4455.28,0
2026-08-30 21:00:00+00:00,4437.59,4472.43,4434.514999999999,4456.360000000001,0
2026-08-31 01:00:00+00:00,4456.355,4463.5599999999995,4396.549999999999,4424.65,0
2026-08-31 05:00:00+00:00,4424.64,4449.475,4419.41,4435.755,0
2026-08-31 09:00:00+00:00,4435.725,4464.25,4435.469999999999,4436.035,0
2026-08-31 13:00:00+00:00,4436.025,4448.265,4415.91,4433.540000000001,0
2026-08-31 17:00:00+00:00,4433.525,4455.889999999999,4426.49,4449.1849999999995,0
2026-08-31 21:00:00+00:00,4450.389999999999,4461.6900000000005,4441.85,4453.795,0
2026-09-01 01:00:00+00:00,4453.82,4457.0599999999995,4425.38,4426.5,0
2026-09-01 05:00:00+00:00,4426.505,4446.145,4369.225,4370.695,0
2026-09-01 09:00:00+00:00,4370.700000000001,4387.2,4351.96,4356.41,0
2026-09-01 13:00:00+00:00,4356.405,4375.73,4326.25,4351.4400000000005,0
2026-09-01 17:00:00+00:00,4351.469999999999,4352.225,4322.610000000001,4328.370000000001,0
2026-09-01 21:00:00+00:00,4334.655,4335.855,4314.665,4315.915000000001,0
2026-09-02 01:00:00+00:00,4315.905000000001,4326.84,4282.674999999999,4307.48,0
2026-09-02 05:00:00+00:00,4307.505,4331.795,4303.6900000000005,4313.145,0
2026-09-02 09:00:00+00:00,4313.15,4344.389999999999,4301.75,4331.74,0
2026-09-02 13:00:00+00:00,4331.68,4397.780000000001,4330.764999999999,4368.52,0
2026-09-02 17:00:00+00:00,4368.52,4391.51,4364.5650000000005,4388.065,0
2026-09-02 21:00:00+00:00,4391.235000000001,4397.93,4381.225,4395.49,0
2026-09-03 01:00:00+00:00,4395.4,4438.780000000001,4387.5650000000005,4437.379999999999,0
2026-09-03 05:00:00+00:00,4437.375,4443.805,4418.71,4435.245,0
2026-09-03 09:00:00+00:00,4435.22,4495.24,4419.04,4493.6,0
2026-09-03 13:00:00+00:00,4493.5650000000005,4511.07,4456.725,4486.215,0
2026-09-03 17:00:00+00:00,4486.165,4494.860000000001,4470.65,4473.34,0
2026-09-03 21:00:00+00:00,4474.014999999999,4487.360000000001,4471.58,4486.575,0
2026-09-04 01:00:00+00:00,4486.51,4487.27,4465.555,4473.889999999999,0
2026-09-04 05:00:00+00:00,4473.91,4491.02,4460.235000000001,4477.9,0
2026-09-04 09:00:00+00:00,4477.889999999999,4479.325000000001,4379.395,4393.84,0
2026-09-04 13:00:00+00:00,4393.76,4449.200000000001,4365.68,4436.34,0
2026-09-04 17:00:00+00:00,4436.33,4440.595,4412.02,4430.135,0
2026-09-06 21:00:00+00:00,4423.335,4435.4,4410.085,4412.82,0
2026-09-07 01:00:00+00:00,4412.84,4419.025,4389.540000000001,4398.1,0
2026-09-07 05:00:00+00:00,4398.12,4424.235000000001,4385.4,4411.389999999999,0
2026-09-07 09:00:00+00:00,4411.34,4414.005,4381.3,4396.75,0
2026-09-07 13:00:00+00:00,4396.74,4419.955,4395.395,4414.450000000001,0
2026-09-07 17:00:00+00:00,4414.445,4415.0599999999995,4403.005,4406.33,0
2026-09-07 21:00:00+00:00,4411.26,4430.27,4406.22,4426.969999999999,0
2026-09-08 01:00:00+00:00,4427.005,4443.13,4417.110000000001,4436.09,0
2026-09-08 05:00:00+00:00,4436.11,4437.79,4387.885,4394.295,0
2026-09-08 09:00:00+00:00,4394.3,4411.865,4385.45,4411.645,0
2026-09-08 13:00:00+00:00,4411.674999999999,4413.32,4380.639999999999,4393.88,0
2026-09-08 17:00:00+00:00,4393.860000000001,4403.85,4345.695,4355.405,0
2026-09-08 21:00:00+00:00,4354.43,4365.605,4341.115,4364.84,0
2026-09-09 01:00:00+00:00,4364.844999999999,4384.6,4354.01,4381.635,0
2026-09-09 05:00:00+00:00,4381.63,4412.915,4380.525,4400.62,0
2026-09-09 09:00:00+00:00,4400.66,4415.205,4386.07,4400.645,0
2026-09-09 13:00:00+00:00,4400.639999999999,4434.105,4375.11,4409.775,0
2026-09-09 17:00:00+00:00,4409.765,4421.55,4393.719999999999,4402.115,0
2026-09-09 21:00:00+00:00,4404.225,4406.495,4389.605,4401.245,0
2026-09-10 01:00:00+00:00,4401.27,4421.095,4400.26,4408.4,0
2026-09-10 05:00:00+00:00,4408.42,4434.8099999999995,4392.5599999999995,4395.02,0
2026-09-10 09:00:00+00:00,4395.025,4400.52,4324.1900000000005,4340.55,0
2026-09-10 13:00:00+00:00,4340.57,4376.395,4339.135,4364.23,0
2026-09-10 17:00:00+00:00,4364.235000000001,4368.005,4313.885,4316.855,0
2026-09-10 21:00:00+00:00,4322.674999999999,4333.959999999999,4311.139999999999,4332.04,0
2026-09-11 01:00:00+00:00,4331.965,4340.585,4300.6849999999995,4332.049999999999,0
2026-09-11 05:00:00+00:00,4332.04,4361.105,4328.325000000001,4347.1,0
2026-09-11 09:00:00+00:00,4347.139999999999,4390.424999999999,4291.83,4388.6,0
2026-09-11 13:00:00+00:00,4388.5599999999995,4402.6900000000005,4351.99,4361.72,0
2026-09-11 17:00:00+00:00,4361.725,4370.415,4342.575,4349.035,0
2026-09-13 21:00:00+00:00,4338.1900000000005,4367.139999999999,4316.9400000000005,4339.4,0
2026-09-14 01:00:00+00:00,4339.38,4355.42,4322.21,4329.639999999999,0
2026-09-14 05:00:00+00:00,4329.65,4338.955,4303.48,4306.74,0
2026-09-14 09:00:00+00:00,4306.755,4311.9349999999995,4265.745000000001,4271.335,0
2026-09-14 13:00:00+00:00,4271.285,4317.975,4253.87,4315.71,0
2026-09-14 17:00:00+00:00,4315.6900000000005,4316.45,4282.555,4298.835,0
2026-09-14 21:00:00+00:00,4300.485,4300.645,4283.264999999999,4293.129999999999,0
2026-09-15 01:00:00+00:00,4293.035,4317.5,4287.99,4305.025,0
2026-09-15 05:00:00+00:00,4305.0,4307.825,4261.514999999999,4262.530000000001,0
2026-09-15 09:00:00+00:00,4262.5,4295.77,4261.68,4290.705,0
2026-09-15 13:00:00+00:00,4290.705,4300.575,4273.945,4295.52,0
2026-09-15 17:00:00+00:00,4295.525,4310.8150000000005,4290.235000000001,4293.895,0
2026-09-15 21:00:00+00:00,4295.66,4299.094999999999,4275.385,4277.745,0
2026-09-16 01:00:00+00:00,4277.625,4341.155,4276.805,4322.195,0
2026-09-16 05:00:00+00:00,4322.16,4339.345,4321.01,4330.495000000001,0
2026-09-16 09:00:00+00:00,4330.48,4353.68,4327.455,4347.83,0
2026-09-16 13:00:00+00:00,4347.8099999999995,4361.1900000000005,4324.285,4346.625,0
2026-09-16 17:00:00+00:00,4346.57,4367.585,4235.04,4264.405000000001,0
2026-09-16 21:00:00+00:00,4263.13,4292.445,4257.535,4280.39,0
2026-09-17 01:00:00+00:00,4280.385,4318.1849999999995,4274.085,4297.610000000001,0
2026-09-17 05:00:00+00:00,4297.625,4335.555,4285.5599999999995,4311.62,0
2026-09-17 09:00:00+00:00,4311.639999999999,4381.094999999999,4304.950000000001,4373.43,0
2026-09-17 13:00:00+00:00,4373.47,4380.125,4351.459999999999,4362.465,0
2026-09-17 17:00:00+00:00,4362.495000000001,4365.895,4340.485000000001,4342.16,0
2026-09-17 21:00:00+00:00,4343.99,4360.25,4339.735000000001,4356.139999999999,0
2026-09-18 01:00:00+00:00,4356.110000000001,4367.135,4334.174999999999,4366.8150000000005,0
2026-09-18 05:00:00+00:00,4366.84,4399.610000000001,4360.51,4392.49,0
2026-09-18 09:00:00+00:00,4392.5,4398.22,4353.6849999999995,4368.895,0
2026-09-18 13:00:00+00:00,4368.865,4383.91,4342.645,4382.9349999999995,0
2026-09-18 17:00:00+00:00,4382.950000000001,4397.105,4375.094999999999,4378.165,0
2026-09-20 21:00:00+00:00,4376.66,4382.41,4358.344999999999,4366.795,0
2026-09-21 01:00:00+00:00,4366.844999999999,4383.365,4355.3150000000005,4356.215,0
2026-09-21 05:00:00+00:00,4356.215,4362.25,4342.110000000001,4353.145,0
2026-09-21 09:00:00+00:00,4353.21,4374.84,4339.95,4359.715,0
2026-09-21 13:00:00+00:00,4359.735,4369.76,4322.73,4343.41,0
2026-09-21 17:00:00+00:00,4343.405,4353.725,4337.615,4343.79,0
2026-09-21 21:00:00+00:00,4348.360000000001,4376.295,4346.725,4360.4,0
2026-09-22 01:00:00+00:00,4360.365,4365.115,4335.295,4342.86,0
2026-09-22 05:00:00+00:00,4342.855,4347.389999999999,4291.5650000000005,4330.045,0
2026-09-22 09:00:00+00:00,4330.02,4344.155,4309.049999999999,4333.86,0
2026-09-22 13:00:00+00:00,4333.89,4344.025,4314.91,4336.42,0
2026-09-22 17:00:00+00:00,4336.345,4371.38,4334.625,4358.665,0
2026-09-22 21:00:00+00:00,4360.765,4369.59,4355.01,4357.860000000001,0
2026-09-23 01:00:00+00:00,4357.889999999999,4359.485000000001,4333.18,4344.225,0
2026-09-23 05:00:00+00:00,4344.21,4345.905000000001,4315.49,4318.360000000001,0
2026-09-23 09:00:00+00:00,4318.375,4320.585,4294.83,4309.83,0
2026-09-23 13:00:00+00:00,4309.845,4313.53,4277.49,4285.0650000000005,0
2026-09-23 17:00:00+00:00,4285.0599999999995,4295.030000000001,4274.780000000001,4287.370000000001,0
2026-09-23 21:00:00+00:00,4290.555,4299.42,4284.155000000001,4298.5650000000005,0
2026-09-24 01:00:00+00:00,4298.57,4303.485,4273.635,4289.7,0
2026-09-24 05:00:00+00:00,4289.71,4296.34,4260.51,4261.205,0
2026-09-24 09:00:00+00:00,4261.219999999999,4283.385,4244.125,4281.030000000001,0
2026-09-24 13:00:00+00:00,4281.0650000000005,4288.765,4244.83,4273.035,0
2026-09-24 17:00:00+00:00,4272.99,4281.78,4256.365,4273.889999999999,0
2026-09-24 21:00:00+00:00,4274.575,4281.094999999999,4264.365,4278.49,0
2026-09-25 01:00:00+00:00,4278.525,4295.82,4262.72,4263.08,0
2026-09-25 05:00:00+00:00,4263.09,4297.27,4256.38,4293.514999999999,0
2026-09-25 09:00:00+00:00,4293.475,4315.905000000001,4289.615,4298.145,0
2026-09-25 13:00:00+00:00,4298.165,4300.514999999999,4254.290000000001,4286.525,0
2026-09-25 17:00:00+00:00,4286.54,4297.15,4279.545,4285.54,0
2026-09-27 21:00:00+00:00,4269.525,4275.280000000001,4227.43,4230.9349999999995,0
2026-09-28 01:00:00+00:00,4230.925,4231.48,4191.4,4195.09,0
2026-09-28 05:00:00+00:00,4195.1,4198.225,4142.59,4144.57,0
2026-09-28 09:00:00+00:00,4144.5650000000005,4171.245000000001,4140.735000000001,4154.469999999999,0
2026-09-28 13:00:00+00:00,4154.49,4160.695,4110.83,4129.93,0
2026-09-28 17:00:00+00:00,4129.9400000000005,4146.66,4111.445,4115.235000000001,0
2026-09-28 21:00:00+00:00,4116.360000000001,4129.21,4114.585,4118.135,0
2026-09-29 01:00:00+00:00,4118.12,4140.48,4113.585,4126.6900000000005,0
2026-09-29 05:00:00+00:00,4126.665,4149.195,4122.04,4139.62,0
2026-09-29 09:00:00+00:00,4139.6,4161.505,4139.09,4151.09,0
2026-09-29 13:00:00+00:00,4151.09,4175.335,4144.4,4145.695,0
2026-09-29 17:00:00+00:00,4145.69,4185.25,4142.375,4181.91,0
2026-09-29 21:00:00+00:00,4184.110000000001,4187.674999999999,4176.620000000001,4176.639999999999,0
2026-09-30 01:00:00+00:00,4176.635,4184.950000000001,4167.45,4178.895,0
2026-09-30 05:00:00+00:00,4178.915,4202.38,4165.65,4191.92,0
2026-09-30 09:00:00+00:00,4191.925,4219.37,4176.575,4208.575,0
2026-09-30 13:00:00+00:00,4208.5650000000005,4214.63,4151.415,4157.525,0
2026-09-30 17:00:00+00:00,4157.56,4160.375,4147.475,4157.3099999999995,0
2026-09-30 21:00:00+00:00,4160.415,4160.705,4139.280000000001,4145.365,0
2026-10-01 01:00:00+00:00,4145.360000000001,4180.82,4145.0599999999995,4180.07,0
2026-10-01 05:00:00+00:00,4180.0650000000005,4192.77,4149.3099999999995,4153.465,0
2026-10-01 09:00:00+00:00,4153.455,4187.775,4150.209999999999,4178.780000000001,0
2026-10-01 13:00:00+00:00,4178.775,4181.8150000000005,4150.295,4162.4349999999995,0
2026-10-01 17:00:00+00:00,4162.465,4186.36,4161.46,4177.1900000000005,0
2026-10-01 21:00:00+00:00,4176.09,4183.8150000000005,4152.84,4153.785,0
2026-10-02 01:00:00+00:00,4153.79,4190.885,4133.74,4184.82,0
2026-10-02 05:00:00+00:00,4184.8099999999995,4196.995,4177.43,4184.594999999999,0
2026-10-02 09:00:00+00:00,4184.585,4226.88,4166.215,4217.855,0
2026-10-02 13:00:00+00:00,4217.88,4225.405,4125.26,4139.24,0
