datetime,Open,High,Low,Close,Volume
2026-08-27 16:45:00+00:00,4611.465,4616.915,4610.325000000001,4614.9,0
2026-08-27 17:00:00+00:00,4614.845,4616.585,4608.46,4610.424999999999,0
2026-08-27 17:15:00+00:00,4610.455,4612.165,4608.3150000000005,4610.555,0
2026-08-27 17:30:00+00:00,4610.5599999999995,4614.545,4608.325,4611.665,0
2026-08-27 17:45:00+00:00,4611.675,4611.8150000000005,4605.275,4606.645,0
2026-08-27 18:00:00+00:00,4606.65,4608.23,4602.1849999999995,4605.48,0
2026-08-27 18:15:00+00:00,4605.505,4607.975,4601.575,4601.8150000000005,0
2026-08-27 18:30:00+00:00,4601.785,4605.17,4601.05,4604.43,0
2026-08-27 18:45:00+00:00,4604.465,4611.4,4604.26,4610.24,0
2026-08-27 19:00:00+00:00,4610.245000000001,4618.055,4610.23,4615.48,0
2026-08-27 19:15:00+00:00,4615.469999999999,4616.0599999999995,4604.15,4605.83,0
2026-08-27 19:30:00+00:00,4605.77,4610.115,4604.65,4609.715,0
2026-08-27 19:45:00+00:00,4609.790000000001,4612.76,4605.33,4609.27,0
2026-08-27 20:00:00+00:00,4609.275,4609.695,4603.775,4605.125,0
2026-08-27 20:15:00+00:00,4605.110000000001,4605.525,4602.74,4604.030000000001,0
2026-08-27 20:30:00+00:00,4604.02,4604.51,4601.985000000001,4603.77,0
2026-08-27 20:45:00+00:00,4603.775,4604.915,4600.005,4601.76,0
2026-08-27 22:00:00+00:00,4608.129999999999,4608.129999999999,4601.0599999999995,4604.86,0
2026-08-27 22:15:00+00:00,4604.799999999999,4608.585,4604.43,4607.63,0
2026-08-27 22:30:00+00:00,4607.625,4610.1900000000005,4606.764999999999,4607.925,0
2026-08-27 22:45:00+00:00,4607.915,4610.95,4606.780000000001,4610.8099999999995,0
2026-08-27 23:00:00+00:00,4610.805,4611.530000000001,4602.945,4603.04,0
2026-08-27 23:15:00+00:00,4603.025,4603.82,4600.1849999999995,4601.075000000001,0
2026-08-27 23:30:00+00:00,4601.08,4602.4349999999995,4598.66,4600.015,0
2026-08-27 23:45:00+00:00,4600.02,4600.1849999999995,4594.05,4594.5,0
2026-08-28 00:00:00+00:00,4594.51,4602.605,4593.345,4600.605,0
2026-08-28 00:15:00+00:00,4600.594999999999,4600.78,4590.62,4594.23,0
2026-08-28 00:30:00+00:00,4594.205,4594.605,4587.695,4591.145,0
2026-08-28 00:45:00+00:00,4591.21,4591.395,4585.844999999999,4588.82,0
2026-08-28 01:00:00+00:00,4588.825,4602.375,4586.5,4593.755,0
2026-08-28 01:15:00+00:00,4593.725,4598.205,4583.76,4585.68,0
2026-08-28 01:30:00+00:00,4585.6849999999995,4589.43,4578.5,4582.1849999999995,0
2026-08-28 01:45:00+00:00,4582.175,4583.5599999999995,4575.605,4576.045,0
2026-08-28 02:00:00+00:00,4576.085,4582.82,4575.225,4581.415,0
2026-08-28 02:15:00+00:00,4581.469999999999,4585.09,4578.66,4583.674999999999,0
2026-08-28 02:30:00+00:00,4583.6849999999995,4589.775,4583.47,4585.450000000001,0
2026-08-28 02:45:00+00:00,4585.425,4587.6,4582.5650000000005,4586.405,0
2026-08-28 03:00:00+00:00,4586.395,4588.68,4582.62,4584.16,0
2026-08-28 03:15:00+00:00,4584.155,4590.13,4584.155,4587.9,0
2026-08-28 03:30:00+00:00,4587.915,4588.295,4580.995000000001,4582.165,0
2026-08-28 03:45:00+00:00,4582.1849999999995,4582.389999999999,4578.87,4580.105,0
2026-08-28 04:00:00+00:00,4580.13,4580.56,4578.135,4579.5650000000005,0
2026-08-28 04:15:00+00:00,4579.5599999999995,4585.605,4578.845,4585.055,0
2026-08-28 04:30:00+00:00,4585.0,4585.045,4578.35,4579.945,0
2026-08-28 04:45:00+00:00,4579.9400000000005,4585.5650000000005,4578.25,4584.495,0
2026-08-28 05:00:00+00:00,4584.5650000000005,4585.57,4578.245,4579.865,0
2026-08-28 05:15:00+00:00,4579.870000000001,4586.52,4579.139999999999,4584.18,0
2026-08-28 05:30:00+00:00,4584.155,4584.2,4571.785,4572.66,0
2026-08-28 05:45:00+00:00,4572.665,4577.62,4571.655000000001,4573.295,0
2026-08-28 06:00:00+00:00,4573.325,4583.540000000001,4572.54,4581.895,0
2026-08-28 06:15:00+00:00,4581.885,4585.68,4580.805,4585.09,0
2026-08-28 06:30:00+00:00,4585.1,4588.6849999999995,4583.030000000001,4588.19,0
2026-08-28 06:45:00+00:00,4588.17,4613.375,4587.96,4612.6900000000005,0
2026-08-28 07:00:00+00:00,4612.7,4613.61,4596.799999999999,4600.9400000000005,0
2026-08-28 07:15:00+00:00,4600.96,4610.3150000000005,4599.344999999999,4607.635,0
2026-08-28 07:30:00+00:00,4607.65,4614.285,4607.030000000001,4609.3150000000005,0
2026-08-28 07:45:00+00:00,4609.32,4613.465,4607.545,4612.0,0
2026-08-28 08:00:00+00:00,4612.03,4614.695,4609.875,4611.95,0
2026-08-28 08:15:00+00:00,4611.965,4612.610000000001,4608.16,4609.07,0
2026-08-28 08:30:00+00:00,4609.139999999999,4611.42,4603.4349999999995,4603.735000000001,0
2026-08-28 08:45:00+00:00,4603.73,4606.415,4601.06,4603.1,0
2026-08-28 09:00:00+00:00,4603.105,4604.5650000000005,4600.82,4601.835,0
2026-08-28 09:15:00+00:00,4601.82,4604.155000000001,4600.459999999999,4601.969999999999,0
2026-08-28 09:30:00+00:00,4601.965,4605.23,4601.110000000001,4604.15,0
2026-08-28 09:45:00+00:00,4604.18,4607.57,4603.219999999999,4605.26,0
2026-08-28 10:00:00+00:00,4605.255,4609.094999999999,4603.665,4608.76,0
2026-08-28 10:15:00+00:00,4608.775,4610.17,4601.98,4605.645,0
2026-08-28 10:30:00+00:00,4605.62,4608.18,4602.085,4603.094999999999,0
2026-08-28 10:45:00+00:00,4603.09,4603.51,4597.7,4600.325,0
2026-08-28 11:00:00+00:00,4600.335,4601.610000000001,4594.9400000000005,4599.040000000001,0
2026-08-28 11:15:00+00:00,4599.045,4601.525,4597.63,4598.959999999999,0
2026-08-28 11:30:00+00:00,4598.965,4600.975,4591.52,4594.655,0
2026-08-28 11:45:00+00:00,4594.705,4596.1900000000005,4591.785,4593.700000000001,0
2026-08-28 12:00:00+00:00,4593.68,4597.18,4591.02,4594.305,0
2026-08-28 12:15:00+00:00,4594.33,4603.6900000000005,4592.37,4601.405000000001,0
2026-08-28 12:30:00+00:00,4601.375,4602.115,4589.15,4591.98,0
2026-08-28 12:45:00+00:00,4591.99,4602.9400000000005,4590.37,4601.885,0
2026-08-28 13:00:00+00:00,4601.87,4605.5599999999995,4596.255,4599.014999999999,0
2026-08-28 13:15:00+00:00,4599.04,4604.530000000001,4593.68,4604.02,0
2026-08-28 13:30:00+00:00,4604.030000000001,4607.915,4598.97,4604.795,0
2026-08-28 13:45:00+00:00,4604.8,4627.405000000001,4604.755,4606.3099999999995,0
2026-08-28 14:00:00+00:00,4606.17,4631.67,4543.82,4546.965,0
2026-08-28 14:15:00+00:00,4546.495,4568.6900000000005,4529.9,4552.110000000001,0
2026-08-28 14:30:00+00:00,4552.145,4577.17,4551.865,4561.3099999999995,0
2026-08-28 14:45:00+00:00,4561.3,4580.82,4550.71,4576.625,0
2026-08-28 15:00:00+00:00,4576.63,4582.879999999999,4557.125,4559.76,0
2026-08-28 15:15:00+00:00,4559.74,4569.445,4551.6900000000005,4566.885,0
2026-08-28 15:30:00+00:00,4566.915,4567.639999999999,4534.395,4539.025,0
2026-08-28 15:45:00+00:00,4539.030000000001,4546.209999999999,4524.205,4524.755,0
2026-08-28 16:00:00+00:00,4524.76,4529.469999999999,4497.33,4497.950000000001,0
2026-08-28 16:15:00+00:00,4497.96,4503.709999999999,4464.535,4481.389999999999,0
2026-08-28 16:30:00+00:00,4481.365,4487.745,4466.09,4469.0650000000005,0
2026-08-28 16:45:00+00:00,4469.165,4485.33,4469.15,4479.735000000001,0
2026-08-28 17:00:00+00:00,4479.715,4483.2,4471.335,4480.6900000000005,0
2026-08-28 17:15:00+00:00,4480.725,4486.9,4474.9349999999995,4478.31,0
2026-08-28 17:30:00+00:00,4478.295,4481.77,4460.605,4467.525,0
2026-08-28 17:45:00+00:00,4467.530000000001,4476.015,4466.6,4469.43,0
2026-08-28 18:00:00+00:00,4469.395,4471.825000000001,4459.700000000001,4461.295,0
2026-08-28 18:15:00+00:00,4461.3099999999995,4463.535,4452.47,4456.465,0
2026-08-28 18:30:00+00:00,4456.469999999999,4458.889999999999,4445.469999999999,4451.5,0
2026-08-28 18:45:00+00:00,4451.52,4458.41,4448.34,4457.305,0
2026-08-28 19:00:00+00:00,4457.24,4463.035,4453.0650000000005,4457.1,0
2026-08-28 19:15:00+00:00,4457.105,4463.735000000001,4455.299999999999,4462.5,0
2026-08-28 19:30:00+00:00,4462.505,4467.365,4461.14,4465.09,0
2026-08-28 19:45:00+00:00,4465.1,4465.105,4452.870000000001,4458.115,0
2026-08-28 20:00:00+00:00,4458.205,4462.895,4455.445,4457.865,0
2026-08-28 20:15:00+00:00,4457.875,4460.575,4453.91,4458.33,0
2026-08-28 20:30:00+00:00,4458.389999999999,4458.5650000000005,4454.030000000001,4457.325,0
2026-08-28 20:45:00+00:00,4457.280000000001,4460.16,4453.3,4455.28,0
2026-08-30 22:00:00+00:00,4437.59,4460.01,4434.514999999999,4458.925,0
2026-08-30 22:15:00+00:00,4458.965,4466.365,4456.2,4459.695,0
2026-08-30 22:30:00+00:00,4459.67,4462.745,4452.77,4458.025,0
2026-08-30 22:45:00+00:00,4458.07,4462.475,4457.015,4461.385,0
2026-08-30 23:00:00+00:00,4461.344999999999,4466.915000000001,4459.85,4460.915,0
2026-08-30 23:15:00+00:00,4460.924999999999,4465.41,4455.049999999999,4457.82,0
2026-08-30 23:30:00+00:00,4457.83,4458.01,4446.485000000001,4447.71,0
2026-08-30 23:45:00+00:00,4447.725,4460.48,4435.835,4458.7,0
2026-08-31 00:00:00+00:00,4458.674999999999,4463.715,4453.280000000001,4461.875,0
2026-08-31 00:15:00+00:00,4461.895,4465.355,4452.155000000001,4456.8150000000005,0
2026-08-31 00:30:00+00:00,4456.825,4472.43,4456.715,4465.37,0
2026-08-31 00:45:00+00:00,4465.41,4469.094999999999,4456.27,4456.360000000001,0
2026-08-31 01:00:00+00:00,4456.355,4463.5599999999995,4435.9349999999995,4444.105,0
2026-08-31 01:15:00+00:00,4444.1,4454.33,4442.25,4444.25,0
2026-08-31 01:30:00+00:00,4444.24,4454.094999999999,4436.360000000001,4451.105,0
2026-08-31 01:45:00+00:00,4451.125,4452.915,4436.16,4440.285,0
2026-08-31 02:00:00+00:00,4440.3,4441.41,4418.295,4424.71,0
2026-08-31 02:15:00+00:00,4424.73,4428.09,4418.99,4423.16,0
2026-08-31 02:30:00+00:00,4423.135,4426.66,4401.92,4402.935,0
2026-08-31 02:45:00+00:00,4402.945,4423.155000000001,4396.549999999999,4423.135,0
2026-08-31 03:00:00+00:00,4423.16,4428.465,4421.88,4428.355,0
2026-08-31 03:15:00+00:00,4428.365,4434.2,4426.205,4427.945,0
2026-08-31 03:30:00+00:00,4427.925,4427.925,4419.764999999999,4422.705,0
2026-08-31 03:45:00+00:00,4422.715,4427.0599999999995,4421.549999999999,4422.675,0
2026-08-31 04:00:00+00:00,4422.65,4423.025,4416.785,4421.2,0
2026-08-31 04:15:00+00:00,4421.174999999999,4421.455,4416.01,4416.16,0
2026-08-31 04:30:00+00:00,4416.145,4421.785,4412.825000000001,4420.18,0
2026-08-31 04:45:00+00:00,4420.215,4425.18,4418.66,4424.65,0
2026-08-31 05:00:00+00:00,4424.64,4427.18,4419.41,4422.845,0
2026-08-31 05:15:00+00:00,4422.835,4440.985,4422.049999999999,4440.37,0
2026-08-31 05:30:00+00:00,4440.355,4442.43,4430.525,4437.674999999999,0
2026-08-31 05:45:00+00:00,4437.665,4443.825,4434.355,4443.055,0
2026-08-31 06:00:00+00:00,4443.075,4443.27,4429.165,4432.139999999999,0
2026-08-31 06:15:00+00:00,4432.09,4439.195,4431.54,4435.780000000001,0
2026-08-31 06:30:00+00:00,4435.785,4441.405000000001,4431.13,4439.344999999999,0
2026-08-31 06:45:00+00:00,4439.355,4442.66,4436.645,4439.530000000001,0
2026-08-31 07:00:00+00:00,4439.52,4441.9,4435.6900000000005,4436.255,0
2026-08-31 07:15:00+00:00,4436.200000000001,4448.26,4435.094999999999,4443.8099999999995,0
2026-08-31 07:30:00+00:00,4443.86,4447.18,4441.1900000000005,4446.535,0
2026-08-31 07:45:00+00:00,4446.549999999999,4447.99,4440.9400000000005,4443.495000000001,0
2026-08-31 08:00:00+00:00,4443.46,4449.475,4436.99,4438.8099999999995,0
2026-08-31 08:15:00+00:00,4438.795,4441.335,4435.950000000001,4440.51,0
2026-08-31 08:30:00+00:00,4440.455,4440.53,4434.57,4435.335,0
2026-08-31 08:45:00+00:00,4435.344999999999,4436.95,4433.93,4435.755,0
2026-08-31 09:00:00+00:00,4435.725,4443.025,4435.69,4442.92,0
2026-08-31 09:15:00+00:00,4442.9349999999995,4444.385,4437.76,4439.135,0
2026-08-31 09:30:00+00:00,4439.125,4444.754999999999,4438.96,4442.885,0
2026-08-31 09:45:00+00:00,4442.889999999999,4445.790000000001,4441.015,4445.4349999999995,0
2026-08-31 10:00:00+00:00,4445.365,4453.959999999999,4444.825,4451.475,0
2026-08-31 10:15:00+00:00,4451.485000000001,4452.26,4446.545,4448.525,0
2026-08-31 10:30:00+00:00,4448.535,4451.555,4447.5650000000005,4450.865,0
2026-08-31 10:45:00+00:00,4450.860000000001,4455.64,4449.295,4454.040000000001,0
2026-08-31 11:00:00+00:00,4454.049999999999,4457.875,4453.075,4453.91,0
2026-08-31 11:15:00+00:00,4453.95,4464.25,4452.6849999999995,4463.25,0
2026-08-31 11:30:00+00:00,4463.24,4463.915,4453.545,4454.780000000001,0
2026-08-31 11:45:00+00:00,4454.76,4456.22,4452.64,4455.335,0
2026-08-31 12:00:00+00:00,4455.32,4461.045,4450.425,4457.24,0
2026-08-31 12:15:00+00:00,4457.25,4458.91,4447.34,4447.555,0
2026-08-31 12:30:00+00:00,4447.5599999999995,4449.965,4439.0,4440.775,0
2026-08-31 12:45:00+00:00,4440.764999999999,4441.695,4435.469999999999,4436.035,0
2026-08-31 13:00:00+00:00,4436.025,4446.845,4434.0,4445.75,0
2026-08-31 13:15:00+00:00,4445.780000000001,4448.265,4439.129999999999,4445.525,0
2026-08-31 13:30:00+00:00,4445.549999999999,4447.33,4432.125,4433.945,0
2026-08-31 13:45:00+00:00,4433.93,4434.01,4415.91,4417.46,0
2026-08-31 14:00:00+00:00,4417.5,4428.165,4416.41,4427.635,0
2026-08-31 14:15:00+00:00,4427.625,4431.16,4416.549999999999,4420.2,0
2026-08-31 14:30:00+00:00,4420.195,4436.475,4419.290000000001,4433.13,0
2026-08-31 14:45:00+00:00,4433.139999999999,4436.219999999999,4426.174999999999,4431.705,0
2026-08-31 15:00:00+00:00,4431.695,4437.87,4428.21,4435.3150000000005,0
2026-08-31 15:15:00+00:00,4435.295,4438.0599999999995,4429.005,4432.965,0
2026-08-31 15:30:00+00:00,4432.985000000001,4434.455,4426.43,4427.379999999999,0
2026-08-31 15:45:00+00:00,4427.370000000001,4433.8099999999995,4424.870000000001,4426.41,0
2026-08-31 16:00:00+00:00,4426.49,4437.085,4423.9349999999995,4434.805,0
2026-08-31 16:15:00+00:00,4434.8150000000005,4438.69,4433.245,4438.47,0
2026-08-31 16:30:00+00:00,4438.46,4440.46,4431.4,4435.775,0
2026-08-31 16:45:00+00:00,4435.77,4437.59,4432.219999999999,4433.540000000001,0
2026-08-31 17:00:00+00:00,4433.525,4435.370000000001,4430.93,4433.950000000001,0
2026-08-31 17:15:00+00:00,4433.955,4437.37,4428.965,4430.540000000001,0
2026-08-31 17:30:00+00:00,4430.535,4437.01,4429.865,4436.610000000001,0
2026-08-31 17:45:00+00:00,4436.615,4440.3,4435.9,4436.74,0
2026-08-31 18:00:00+00:00,4436.715,4437.014999999999,4430.4400000000005,4433.76,0
2026-08-31 18:15:00+00:00,4433.735,4434.540000000001,4429.57,4429.88,0
2026-08-31 18:30:00+00:00,4429.855,4430.57,4426.49,4429.41,0
2026-08-31 18:45:00+00:00,4429.415,4434.885,4429.295,4430.76,0
2026-08-31 19:00:00+00:00,4430.764999999999,4435.635,4429.145,4433.76,0
2026-08-31 19:15:00+00:00,4433.77,4442.505,4433.0,4440.52,0
2026-08-31 19:30:00+00:00,4440.525,4445.37,4439.005,4442.924999999999,0
2026-08-31 19:45:00+00:00,4442.9400000000005,4453.6849999999995,4441.47,4453.110000000001,0
2026-08-31 20:00:00+00:00,4453.09,4455.889999999999,4449.7,4450.035,0
2026-08-31 20:15:00+00:00,4450.04,4450.305,4446.83,4447.3,0
2026-08-31 20:30:00+00:00,4447.3099999999995,4449.415,4446.73,4448.055,0
2026-08-31 20:45:00+00:00,4448.085,4449.465,4446.385,4449.1849999999995,0
2026-08-31 22:00:00+00:00,4450.389999999999,4455.955,4447.385,4451.795,0
2026-08-31 22:15:00+00:00,4451.74,4452.3099999999995,4447.825000000001,4449.9349999999995,0
2026-08-31 22:30:00+00:00,4449.975,4451.325,4447.41,4448.0650000000005,0
2026-08-31 22:45:00+00:00,4448.08,4448.504999999999,4445.6900000000005,4447.535,0
2026-08-31 23:00:00+00:00,4447.46,4447.58,4444.014999999999,4444.25,0
2026-08-31 23:15:00+00:00,4444.215,4444.485000000001,4441.85,4443.52,0
2026-08-31 23:30:00+00:00,4443.555,4448.1900000000005,4443.205,4445.68,0
2026-08-31 23:45:00+00:00,4445.6849999999995,4452.7,4445.530000000001,4452.49,0
2026-09-01 00:00:00+00:00,4452.5,4458.1900000000005,4446.46,4455.305,0
2026-09-01 00:15:00+00:00,4455.345,4461.6900000000005,4452.780000000001,4460.02,0
2026-09-01 00:30:00+00:00,4460.04,4461.355,4452.2,4453.58,0
2026-09-01 00:45:00+00:00,4453.535,4461.67,4450.945,4453.795,0
2026-09-01 01:00:00+00:00,4453.82,4457.0599999999995,4445.375,4446.365,0
2026-09-01 01:15:00+00:00,4446.424999999999,4447.969999999999,4437.96,4439.995,0
2026-09-01 01:30:00+00:00,4440.030000000001,4445.955,4436.555,4445.855,0
2026-09-01 01:45:00+00:00,4445.84,4446.855,4439.655000000001,4444.485,0
2026-09-01 02:00:00+00:00,4444.465,4449.425,4441.835,4445.395,0
2026-09-01 02:15:00+00:00,4445.385,4448.629999999999,4440.504999999999,4440.9,0
2026-09-01 02:30:00+00:00,4440.865,4441.24,4431.48,4431.795,0
2026-09-01 02:45:00+00:00,4431.8,4443.42,4427.635,4443.295,0
2026-09-01 03:00:00+00:00,4443.290000000001,4444.285,4438.655,4440.21,0
2026-09-01 03:15:00+00:00,4440.2,4440.635,4431.835,4434.15,0
2026-09-01 03:30:00+00:00,4434.195,4439.135,4433.295,4438.9400000000005,0
2026-09-01 03:45:00+00:00,4438.915,4443.46,4437.005,4437.110000000001,0
2026-09-01 04:00:00+00:00,4437.115,4438.0,4430.24,4431.450000000001,0
2026-09-01 04:15:00+00:00,4431.41,4434.075000000001,4429.615,4429.77,0
2026-09-01 04:30:00+00:00,4429.74,4430.8150000000005,4426.6900000000005,4427.950000000001,0
2026-09-01 04:45:00+00:00,4427.965,4429.885,4425.38,4426.5,0
2026-09-01 05:00:00+00:00,4426.505,4432.75,4426.155000000001,4429.6849999999995,0
2026-09-01 05:15:00+00:00,4429.645,4430.875,4425.495000000001,4426.83,0
2026-09-01 05:30:00+00:00,4426.8150000000005,4443.605,4424.275,4442.74,0
2026-09-01 05:45:00+00:00,4442.72,4446.145,4440.17,4440.425,0
2026-09-01 06:00:00+00:00,4440.4,4440.74,4431.605,4432.844999999999,0
2026-09-01 06:15:00+00:00,4432.865,4435.015,4427.82,4429.26,0
2026-09-01 06:30:00+00:00,4429.27,4435.235000000001,4428.595,4434.805,0
2026-09-01 06:45:00+00:00,4434.790000000001,4435.24,4428.4400000000005,4429.8150000000005,0
2026-09-01 07:00:00+00:00,4429.835,4435.025,4429.424999999999,4433.365,0
2026-09-01 07:15:00+00:00,4433.375,4433.9400000000005,4426.0650000000005,4426.344999999999,0
2026-09-01 07:30:00+00:00,4426.3150000000005,4428.42,4412.05,4418.235000000001,0
2026-09-01 07:45:00+00:00,4418.18,4423.39,4416.950000000001,4420.1900000000005,0
2026-09-01 08:00:00+00:00,4420.1900000000005,4420.1900000000005,4389.585,4405.75,0
2026-09-01 08:15:00+00:00,4405.76,4406.115,4381.95,4383.45,0
2026-09-01 08:30:00+00:00,4383.465,4384.125,4369.9400000000005,4375.525,0
2026-09-01 08:45:00+00:00,4375.645,4378.65,4369.225,4370.695,0
2026-09-01 09:00:00+00:00,4370.700000000001,4376.345,4366.675,4376.17,0
2026-09-01 09:15:00+00:00,4376.139999999999,4378.235000000001,4370.715,4373.55,0
2026-09-01 09:30:00+00:00,4373.54,4373.54,4365.645,4371.61,0
2026-09-01 09:45:00+00:00,4371.605,4373.66,4364.625,4364.91,0
2026-09-01 10:00:00+00:00,4364.9400000000005,4382.08,4364.264999999999,4378.4349999999995,0
2026-09-01 10:15:00+00:00,4378.43,4385.889999999999,4378.295,4384.825000000001,0
2026-09-01 10:30:00+00:00,4384.83,4386.08,4381.65,4382.13,0
2026-09-01 10:45:00+00:00,4382.110000000001,4382.110000000001,4375.325000000001,4378.275,0
2026-09-01 11:00:00+00:00,4378.26,4383.29,4375.775,4377.125,0
2026-09-01 11:15:00+00:00,4377.040000000001,4381.93,4374.92,4380.495,0
2026-09-01 11:30:00+00:00,4380.485,4384.73,4378.145,4384.26,0
2026-09-01 11:45:00+00:00,4384.27,4387.2,4371.870000000001,4374.735,0
2026-09-01 12:00:00+00:00,4374.73,4374.73,4367.01,4371.15,0
2026-09-01 12:15:00+00:00,4371.155000000001,4376.15,4366.09,4368.825000000001,0
2026-09-01 12:30:00+00:00,4368.8150000000005,4369.09,4351.96,4365.055,0
2026-09-01 12:45:00+00:00,4365.0650000000005,4370.055,4356.09,4356.41,0
2026-09-01 13:00:00+00:00,4356.405,4357.75,4326.25,4329.89,0
2026-09-01 13:15:00+00:00,4329.860000000001,4344.845,4326.4349999999995,4342.91,0
2026-09-01 13:30:00+00:00,4342.89,4362.335,4341.125,4362.005,0
2026-09-01 13:45:00+00:00,4362.015,4367.47,4354.375,4365.61,0
2026-09-01 14:00:00+00:00,4365.55,4370.59,4353.26,4370.24,0
2026-09-01 14:15:00+00:00,4370.24,4375.73,4365.775,4366.115,0
2026-09-01 14:30:00+00:00,4366.155000000001,4373.25,4364.27,4367.219999999999,0
2026-09-01 14:45:00+00:00,4367.23,4370.445,4356.64,4360.5599999999995,0
2026-09-01 15:00:00+00:00,4360.549999999999,4363.21,4355.3099999999995,4357.405,0
2026-09-01 15:15:00+00:00,4357.389999999999,4366.1849999999995,4356.4349999999995,4365.99,0
2026-09-01 15:30:00+00:00,4366.005,4370.8150000000005,4361.51,4370.7,0
2026-09-01 15:45:00+00:00,4370.69,4373.99,4368.515,4373.07,0
2026-09-01 16:00:00+00:00,4373.07,4374.799999999999,4362.5599999999995,4362.725,0
2026-09-01 16:15:00+00:00,4362.735,4365.635,4352.530000000001,4352.924999999999,0
2026-09-01 16:30:00+00:00,4352.905,4357.875,4346.95,4355.06,0
2026-09-01 16:45:00+00:00,4355.030000000001,4359.335,4351.18,4351.4400000000005,0
2026-09-01 17:00:00+00:00,4351.469999999999,4352.08,4344.255,4346.355,0
2026-09-01 17:15:00+00:00,4346.385,4350.155000000001,4342.615,4349.905000000001,0
2026-09-01 17:30:00+00:00,4349.915,4352.225,4342.67,4344.17,0
2026-09-01 17:45:00+00:00,4344.145,4344.825000000001,4341.120000000001,4342.875,0
2026-09-01 18:00:00+00:00,4342.9,4344.515,4334.379999999999,4336.620000000001,0
2026-09-01 18:15:00+00:00,4336.605,4341.9400000000005,4335.8,4337.594999999999,0
2026-09-01 18:30:00+00:00,4337.59,4337.765,4328.275,4329.975,0
2026-09-01 18:45:00+00:00,4329.969999999999,4334.4349999999995,4328.275,4331.92,0
2026-09-01 19:00:00+00:00,4331.855,4337.459999999999,4329.335,4337.459999999999,0
2026-09-01 19:15:00+00:00,4337.4400000000005,4337.805,4333.325000000001,4334.5599999999995,0
2026-09-01 19:30:00+00:00,4334.575000000001,4334.855,4322.610000000001,4326.530000000001,0
2026-09-01 19:45:00+00:00,4326.530000000001,4330.425,4323.719999999999,4326.9349999999995,0
2026-09-01 20:00:00+00:00,4327.030000000001,4330.88,4323.825,4325.68,0
2026-09-01 20:15:00+00:00,4325.61,4329.16,4325.025,4326.26,0
2026-09-01 20:30:00+00:00,4326.25,4330.8150000000005,4325.235000000001,4327.645,0
2026-09-01 20:45:00+00:00,4327.63,4329.93,4326.82,4328.370000000001,0
2026-09-01 22:00:00+00:00,4334.655,4334.83,4328.455,4329.264999999999,0
2026-09-01 22:15:00+00:00,4329.3,4329.4349999999995,4327.285,4327.785,0
2026-09-01 22:30:00+00:00,4327.855,4329.715,4326.29,4328.415,0
2026-09-01 22:45:00+00:00,4328.37,4331.285,4327.48,4329.36,0
2026-09-01 23:00:00+00:00,4329.455,4332.73,4327.07,4330.775,0
2026-09-01 23:15:00+00:00,4330.780000000001,4331.775,4325.6900000000005,4330.84,0
2026-09-01 23:30:00+00:00,4330.855,4335.855,4330.695,4333.83,0
2026-09-01 23:45:00+00:00,4333.825,4333.915,4323.209999999999,4324.325,0
2026-09-02 00:00:00+00:00,4324.35,4330.535,4315.78,4328.055,0
2026-09-02 00:15:00+00:00,4328.110000000001,4334.635,4322.455,4325.785,0
2026-09-02 00:30:00+00:00,4325.84,4331.835,4320.290000000001,4330.125,0
2026-09-02 00:45:00+00:00,4330.135,4331.51,4314.665,4315.915000000001,0
2026-09-02 01:00:00+00:00,4315.905000000001,4322.93,4304.975,4317.745,0
2026-09-02 01:15:00+00:00,4317.695,4326.84,4315.205,4317.53,0
2026-09-02 01:30:00+00:00,4317.525,4318.74,4305.1849999999995,4309.27,0
2026-09-02 01:45:00+00:00,4309.3099999999995,4310.0650000000005,4288.335,4291.11,0
2026-09-02 02:00:00+00:00,4291.17,4301.915,4287.175,4296.165,0
2026-09-02 02:15:00+00:00,4296.16,4306.525,4296.02,4304.585,0
2026-09-02 02:30:00+00:00,4304.594999999999,4314.805,4299.469999999999,4309.235000000001,0
2026-09-02 02:45:00+00:00,4309.46,4311.41,4300.360000000001,4302.865,0
2026-09-02 03:00:00+00:00,4302.88,4304.5650000000005,4297.17,4300.879999999999,0
2026-09-02 03:15:00+00:00,4300.855,4302.635,4289.625,4293.764999999999,0
2026-09-02 03:30:00+00:00,4293.785,4293.950000000001,4282.674999999999,4288.9,0
2026-09-02 03:45:00+00:00,4288.9,4303.985000000001,4288.83,4303.27,0
2026-09-02 04:00:00+00:00,4303.29,4307.120000000001,4301.98,4304.375,0
2026-09-02 04:15:00+00:00,4304.37,4305.700000000001,4301.415,4302.8150000000005,0
2026-09-02 04:30:00+00:00,4302.805,4307.96,4302.5650000000005,4305.004999999999,0
2026-09-02 04:45:00+00:00,4305.02,4307.905000000001,4304.095,4307.48,0
2026-09-02 05:00:00+00:00,4307.505,4310.38,4303.6900000000005,4310.14,0
2026-09-02 05:15:00+00:00,4310.13,4314.219999999999,4306.805,4313.41,0
2026-09-02 05:30:00+00:00,4313.365,4325.195,4313.3,4323.455,0
2026-09-02 05:45:00+00:00,4323.465,4326.780000000001,4319.525,4320.155000000001,0
2026-09-02 06:00:00+00:00,4320.1849999999995,4329.495,4317.72,4326.719999999999,0
2026-09-02 06:15:00+00:00,4326.790000000001,4328.83,4320.975,4322.8150000000005,0
2026-09-02 06:30:00+00:00,4322.83,4326.545,4317.049999999999,4324.4,0
2026-09-02 06:45:00+00:00,4324.39,4325.085,4314.555,4321.825000000001,0
2026-09-02 07:00:00+00:00,4321.81,4331.12,4319.335,4326.745,0
2026-09-02 07:15:00+00:00,4326.719999999999,4329.200000000001,4324.89,4326.735000000001,0
2026-09-02 07:30:00+00:00,4326.725,4331.32,4322.139999999999,4322.719999999999,0
2026-09-02 07:45:00+00:00,4322.75,4325.115,4320.455,4323.115,0
2026-09-02 08:00:00+00:00,4323.13,4331.795,4322.049999999999,4325.995,0
2026-09-02 08:15:00+00:00,4325.969999999999,4327.99,4322.805,4323.48,0
2026-09-02 08:30:00+00:00,4323.469999999999,4326.785,4319.575000000001,4322.305,0
2026-09-02 08:45:00+00:00,4322.33,4322.785,4312.5650000000005,4313.145,0
2026-09-02 09:00:00+00:00,4313.15,4322.475,4312.425,4314.04,0
2026-09-02 09:15:00+00:00,4314.05,4315.424999999999,4305.030000000001,4309.1900000000005,0
2026-09-02 09:30:00+00:00,4309.18,4311.93,4307.335,4310.225,0
2026-09-02 09:45:00+00:00,4310.264999999999,4311.62,4308.07,4308.735000000001,0
2026-09-02 10:00:00+00:00,4308.725,4309.905,4301.75,4306.755,0
2026-09-02 10:15:00+00:00,4306.76,4312.425,4306.08,4310.014999999999,0
2026-09-02 10:30:00+00:00,4310.02,4310.87,4307.16,4309.65,0
2026-09-02 10:45:00+00:00,4309.639999999999,4310.6,4305.305,4309.32,0
2026-09-02 11:00:00+00:00,4309.325000000001,4324.525,4307.620000000001,4323.255,0
2026-09-02 11:15:00+00:00,4323.285,4323.389999999999,4315.785,4321.764999999999,0
2026-09-02 11:30:00+00:00,4321.76,4332.99,4321.6900000000005,4324.85,0
2026-09-02 11:45:00+00:00,4324.860000000001,4333.3,4323.395,4332.1900000000005,0
2026-09-02 12:00:00+00:00,4332.22,4336.48,4328.924999999999,4333.29,0
2026-09-02 12:15:00+00:00,4333.344999999999,4344.389999999999,4330.03,4336.07,0
2026-09-02 12:30:00+00:00,4336.0650000000005,4337.915,4327.469999999999,4334.485000000001,0
2026-09-02 12:45:00+00:00,4334.465,4339.35,4330.52,4331.74,0
2026-09-02 13:00:00+00:00,4331.68,4344.6900000000005,4330.764999999999,4339.865,0
2026-09-02 13:15:00+00:00,4339.790000000001,4358.45,4336.895,4358.3099999999995,0
2026-09-02 13:30:00+00:00,4358.32,4379.465,4356.92,4377.92,0
2026-09-02 13:45:00+00:00,4377.9400000000005,4385.59,4367.635,4385.39,0
2026-09-02 14:00:00+00:00,4385.4,4397.780000000001,4378.83,4388.17,0
2026-09-02 14:15:00+00:00,4388.139999999999,4397.280000000001,4384.75,4387.695,0
2026-09-02 14:30:00+00:00,4387.675,4388.2,4381.215,4385.605,0
2026-09-02 14:45:00+00:00,4385.594999999999,4386.83,4374.365,4376.96,0
2026-09-02 15:00:00+00:00,4376.98,4380.995000000001,4372.5650000000005,4372.66,0
2026-09-02 15:15:00+00:00,4372.615,4373.155,4365.67,4372.84,0
2026-09-02 15:30:00+00:00,4372.790000000001,4375.145,4365.915,4366.209999999999,0
2026-09-02 15:45:00+00:00,4366.195,4374.1,4364.48,4373.09,0
2026-09-02 16:00:00+00:00,4373.1,4374.9400000000005,4368.945,4372.65,0
2026-09-02 16:15:00+00:00,4372.610000000001,4372.67,4367.755,4368.92,0
2026-09-02 16:30:00+00:00,4368.879999999999,4370.76,4364.395,4364.950000000001,0
2026-09-02 16:45:00+00:00,4364.950000000001,4370.924999999999,4364.48,4368.52,0
2026-09-02 17:00:00+00:00,4368.52,4371.385,4367.610000000001,4368.99,0
2026-09-02 17:15:00+00:00,4368.99,4370.030000000001,4364.5650000000005,4369.969999999999,0
2026-09-02 17:30:00+00:00,4369.950000000001,4377.545,4366.71,4376.8099999999995,0
2026-09-02 17:45:00+00:00,4376.83,4380.9,4375.219999999999,4377.200000000001,0
2026-09-02 18:00:00+00:00,4377.1900000000005,4377.795,4370.32,4370.365,0
2026-09-02 18:15:00+00:00,4370.345,4379.705,4369.355,4373.335,0
2026-09-02 18:30:00+00:00,4373.299999999999,4378.145,4372.585,4373.030000000001,0
2026-09-02 18:45:00+00:00,4373.040000000001,4375.985000000001,4372.645,4374.094999999999,0
2026-09-02 19:00:00+00:00,4374.075000000001,4380.360000000001,4371.65,4379.155000000001,0
2026-09-02 19:15:00+00:00,4379.135,4383.254999999999,4378.26,4381.235,0
2026-09-02 19:30:00+00:00,4381.245,4388.92,4381.145,4388.295,0
2026-09-02 19:45:00+00:00,4388.27,4391.27,4384.785,4390.844999999999,0
2026-09-02 20:00:00+00:00,4390.950000000001,4391.51,4385.865,4385.92,0
2026-09-02 20:15:00+00:00,4385.905000000001,4387.675,4383.96,4386.335,0
2026-09-02 20:30:00+00:00,4386.24,4389.77,4385.629999999999,4387.875,0
2026-09-02 20:45:00+00:00,4387.84,4390.66,4387.34,4388.065,0
2026-09-02 22:00:00+00:00,4391.235000000001,4393.26,4389.93,4390.0599999999995,0
2026-09-02 22:15:00+00:00,4390.0,4390.985,4387.9400000000005,4389.795,0
2026-09-02 22:30:00+00:00,4389.8,4389.85,4384.71,4384.889999999999,0
2026-09-02 22:45:00+00:00,4384.895,4385.35,4383.344999999999,4384.610000000001,0
2026-09-02 23:00:00+00:00,4384.615,4386.875,4383.905,4384.07,0
2026-09-02 23:15:00+00:00,4384.04,4384.174999999999,4381.97,4382.36,0
2026-09-02 23:30:00+00:00,4382.3099999999995,4385.64,4381.225,4385.22,0
2026-09-02 23:45:00+00:00,4385.1900000000005,4388.969999999999,4384.455,4385.655000000001,0
2026-09-03 00:00:00+00:00,4385.645,4392.595,4384.469999999999,4390.285,0
2026-09-03 00:15:00+00:00,4390.29,4390.4349999999995,4385.145,4387.365,0
2026-09-03 00:30:00+00:00,4387.4,4389.915000000001,4382.655,4387.74,0
2026-09-03 00:45:00+00:00,4387.7,4397.93,4385.765,4395.49,0
2026-09-03 01:00:00+00:00,4395.4,4409.64,4387.5650000000005,4401.3099999999995,0
2026-09-03 01:15:00+00:00,4401.32,4403.8099999999995,4394.0650000000005,4402.18,0
2026-09-03 01:30:00+00:00,4402.16,4409.645,4400.42,4401.17,0
2026-09-03 01:45:00+00:00,4401.16,4412.75,4400.5,4410.535,0
2026-09-03 02:00:00+00:00,4410.59,4415.844999999999,4409.094999999999,4411.105,0
2026-09-03 02:15:00+00:00,4411.085,4413.32,4406.785,4411.844999999999,0
2026-09-03 02:30:00+00:00,4411.84,4418.24,4409.725,4413.6900000000005,0
2026-09-03 02:45:00+00:00,4413.705,4420.59,4411.715,4420.34,0
2026-09-03 03:00:00+00:00,4420.31,4430.195,4419.395,4428.805,0
2026-09-03 03:15:00+00:00,4428.775,4431.27,4424.605,4429.360000000001,0
2026-09-03 03:30:00+00:00,4429.34,4432.389999999999,4426.835,4426.835,0
2026-09-03 03:45:00+00:00,4426.795,4432.889999999999,4425.34,4431.79,0
2026-09-03 04:00:00+00:00,4431.775,4436.085,4425.71,4431.33,0
2026-09-03 04:15:00+00:00,4431.325,4436.91,4430.165,4436.635,0
2026-09-03 04:30:00+00:00,4436.665,4438.709999999999,4435.47,4438.225,0
2026-09-03 04:45:00+00:00,4438.219999999999,4438.780000000001,4433.8150000000005,4437.379999999999,0
2026-09-03 05:00:00+00:00,4437.375,4440.305,4428.945,4429.75,0
2026-09-03 05:15:00+00:00,4429.74,4431.055,4422.8150000000005,4424.775,0
2026-09-03 05:30:00+00:00,4424.83,4432.825000000001,4422.395,4432.51,0
2026-09-03 05:45:00+00:00,4432.525,4439.52,4428.344999999999,4430.975,0
2026-09-03 06:00:00+00:00,4431.04,4436.26,4425.91,4427.24,0
2026-09-03 06:15:00+00:00,4427.26,4430.795,4418.71,4421.915,0
2026-09-03 06:30:00+00:00,4421.895,4426.139999999999,4420.55,4425.585,0
2026-09-03 06:45:00+00:00,4425.57,4428.98,4420.52,4420.625,0
2026-09-03 07:00:00+00:00,4420.62,4431.6,4419.02,4422.299999999999,0
2026-09-03 07:15:00+00:00,4422.305,4430.18,4421.805,4426.51,0
2026-09-03 07:30:00+00:00,4426.4,4430.83,4423.55,4426.605,0
2026-09-03 07:45:00+00:00,4426.615,4431.005,4424.405,4428.825000000001,0
2026-09-03 08:00:00+00:00,4428.755,4443.805,4428.22,4431.344999999999,0
2026-09-03 08:15:00+00:00,4431.355,4439.424999999999,4430.835,4438.424999999999,0
2026-09-03 08:30:00+00:00,4438.4349999999995,4439.665,4431.4,4434.275,0
2026-09-03 08:45:00+00:00,4434.25,4440.105,4433.92,4435.245,0
2026-09-03 09:00:00+00:00,4435.22,4441.969999999999,4434.095,4438.389999999999,0
2026-09-03 09:15:00+00:00,4438.355,4438.49,4432.205,4435.29,0
2026-09-03 09:30:00+00:00,4435.26,4437.875,4429.889999999999,4430.125,0
2026-09-03 09:45:00+00:00,4430.120000000001,4430.51,4425.715,4427.8099999999995,0
2026-09-03 10:00:00+00:00,4427.790000000001,4430.049999999999,4423.18,4424.58,0
2026-09-03 10:15:00+00:00,4424.615,4425.77,4419.04,4422.605,0
2026-09-03 10:30:00+00:00,4422.620000000001,4426.49,4420.360000000001,4425.91,0
2026-09-03 10:45:00+00:00,4425.92,4428.535,4424.165,4427.525,0
2026-09-03 11:00:00+00:00,4427.51,4432.865,4425.07,4432.8,0
2026-09-03 11:15:00+00:00,4432.85,4438.139999999999,4430.37,4434.505,0
2026-09-03 11:30:00+00:00,4434.495,4439.445,4427.049999999999,4439.030000000001,0
2026-09-03 11:45:00+00:00,4439.04,4445.68,4436.715,4444.265,0
2026-09-03 12:00:00+00:00,4444.26,4450.135,4441.045,4443.955,0
2026-09-03 12:15:00+00:00,4443.9400000000005,4449.29,4437.995,4446.9349999999995,0
2026-09-03 12:30:00+00:00,4446.885,4478.93,4446.62,4467.76,0
2026-09-03 12:45:00+00:00,4467.79,4495.24,4465.610000000001,4493.6,0
2026-09-03 13:00:00+00:00,4493.5650000000005,4496.01,4484.674999999999,4485.889999999999,0
2026-09-03 13:15:00+00:00,4485.87,4488.110000000001,4477.049999999999,4480.049999999999,0
2026-09-03 13:30:00+00:00,4480.085,4482.605,4468.195,4470.17,0
2026-09-03 13:45:00+00:00,4470.165,4471.594999999999,4456.725,4471.355,0
2026-09-03 14:00:00+00:00,4471.379999999999,4472.905,4459.639999999999,4469.08,0
2026-09-03 14:15:00+00:00,4469.1,4480.885,4469.1,4477.755,0
2026-09-03 14:30:00+00:00,4477.799999999999,4479.915,4466.125,4472.9,0
2026-09-03 14:45:00+00:00,4472.915,4485.365,4471.21,4485.13,0
2026-09-03 15:00:00+00:00,4485.139999999999,4504.49,4484.105,4503.41,0
2026-09-03 15:15:00+00:00,4503.469999999999,4511.07,4501.69,4506.625,0
2026-09-03 15:30:00+00:00,4506.635,4509.6900000000005,4494.955,4495.08,0
2026-09-03 15:45:00+00:00,4495.105,4495.8,4486.1900000000005,4493.5599999999995,0
2026-09-03 16:00:00+00:00,4493.555,4495.405,4487.875,4494.045,0
2026-09-03 16:15:00+00:00,4494.075000000001,4495.045,4490.615,4493.275,0
2026-09-03 16:30:00+00:00,4493.3099999999995,4495.58,4486.895,4488.055,0
2026-09-03 16:45:00+00:00,4488.030000000001,4491.34,4485.4349999999995,4486.215,0
2026-09-03 17:00:00+00:00,4486.165,4489.03,4483.205,4487.92,0
2026-09-03 17:15:00+00:00,4487.93,4494.014999999999,4485.15,4493.075,0
2026-09-03 17:30:00+00:00,4493.08,4494.3,4490.98,4491.8099999999995,0
2026-09-03 17:45:00+00:00,4491.8099999999995,4494.860000000001,4486.535,4486.665,0
2026-09-03 18:00:00+00:00,4486.645,4489.790000000001,4484.14,4484.1849999999995,0
2026-09-03 18:15:00+00:00,4484.165,4488.07,4479.889999999999,4480.0,0
2026-09-03 18:30:00+00:00,4479.99,4482.955,4476.0,4481.68,0
2026-09-03 18:45:00+00:00,4481.67,4482.780000000001,4473.879999999999,4475.094999999999,0
2026-09-03 19:00:00+00:00,4475.110000000001,4477.18,4472.825000000001,4474.389999999999,0
2026-09-03 19:15:00+00:00,4474.379999999999,4476.65,4472.5599999999995,4475.73,0
2026-09-03 19:30:00+00:00,4475.745,4478.844999999999,4473.875,4477.51,0
2026-09-03 19:45:00+00:00,4477.465,4481.055,4473.0599999999995,4474.424999999999,0
2026-09-03 20:00:00+00:00,4474.405000000001,4475.65,4471.615,4472.34,0
2026-09-03 20:15:00+00:00,4472.34,4472.85,4470.65,4471.955,0
2026-09-03 20:30:00+00:00,4471.95,4472.870000000001,4471.09,4472.469999999999,0
2026-09-03 20:45:00+00:00,4472.495,4474.365,4471.780000000001,4473.34,0
2026-09-03 22:00:00+00:00,4474.014999999999,4478.450000000001,4473.04,4478.145,0
2026-09-03 22:15:00+00:00,4478.09,4478.9349999999995,4474.4349999999995,4475.335,0
2026-09-03 22:30:00+00:00,4475.3099999999995,4476.96,4472.825,4474.110000000001,0
2026-09-03 22:45:00+00:00,4474.08,4476.04,4471.58,4474.655000000001,0
2026-09-03 23:00:00+00:00,4474.530000000001,4477.775,4472.62,4474.275,0
2026-09-03 23:15:00+00:00,4474.27,4475.165000000001,4471.71,4474.075,0
2026-09-03 23:30:00+00:00,4474.07,4478.495000000001,4473.695,4477.45,0
2026-09-03 23:45:00+00:00,4477.43,4480.530000000001,4474.99,4480.265,0
2026-09-04 00:00:00+00:00,4480.26,4483.51,4478.15,4480.945,0
2026-09-04 00:15:00+00:00,4480.92,4481.135,4474.355,4474.71,0
2026-09-04 00:30:00+00:00,4474.695,4482.355,4472.77,4482.34,0
2026-09-04 00:45:00+00:00,4482.33,4487.360000000001,4480.835,4486.575,0
2026-09-04 01:00:00+00:00,4486.51,4487.27,4474.42,4474.76,0
2026-09-04 01:15:00+00:00,4474.65,4479.09,4467.835,4471.219999999999,0
2026-09-04 01:30:00+00:00,4471.16,4477.055,4468.125,4474.014999999999,0
2026-09-04 01:45:00+00:00,4473.99,4480.78,4467.125,4478.79,0
2026-09-04 02:00:00+00:00,4478.8,4482.639999999999,4477.285,4479.24,0
2026-09-04 02:15:00+00:00,4479.255,4480.2,4471.495,4474.01,0
2026-09-04 02:30:00+00:00,4474.025,4477.35,4470.51,4471.0599999999995,0
2026-09-04 02:45:00+00:00,4471.045,4481.125,4470.3099999999995,4477.52,0
2026-09-04 03:00:00+00:00,4477.58,4478.945,4470.24,4473.455,0
2026-09-04 03:15:00+00:00,4473.375,4474.785,4471.48,4472.8,0
2026-09-04 03:30:00+00:00,4472.78,4475.43,4469.325,4469.540000000001,0
2026-09-04 03:45:00+00:00,4469.61,4470.115,4466.9349999999995,4466.95,0
2026-09-04 04:00:00+00:00,4466.945,4470.09,4465.555,4469.35,0
2026-09-04 04:15:00+00:00,4469.385,4472.37,4468.205,4471.795,0
2026-09-04 04:30:00+00:00,4471.78,4474.975,4471.719999999999,4474.325,0
2026-09-04 04:45:00+00:00,4474.3150000000005,4475.13,4472.725,4473.889999999999,0
2026-09-04 05:00:00+00:00,4473.91,4474.835,4467.49,4469.360000000001,0
2026-09-04 05:15:00+00:00,4469.370000000001,4475.46,4467.73,4467.790000000001,0
2026-09-04 05:30:00+00:00,4467.825,4477.665,4467.04,4471.1,0
2026-09-04 05:45:00+00:00,4471.094999999999,4473.1,4467.285,4472.264999999999,0
2026-09-04 06:00:00+00:00,4472.27,4473.51,4466.62,4468.915,0
2026-09-04 06:15:00+00:00,4468.93,4472.07,4466.65,4469.129999999999,0
2026-09-04 06:30:00+00:00,4469.11,4469.985000000001,4463.41,4464.1900000000005,0
2026-09-04 06:45:00+00:00,4464.209999999999,4464.32,4460.235000000001,4463.125,0
2026-09-04 07:00:00+00:00,4463.105,4471.49,4461.625,4467.735,0
2026-09-04 07:15:00+00:00,4467.73,4472.995,4466.68,4472.92,0
2026-09-04 07:30:00+00:00,4472.925,4486.370000000001,4472.625,4485.89,0
2026-09-04 07:45:00+00:00,4485.889999999999,4491.02,4481.549999999999,4483.515,0
2026-09-04 08:00:00+00:00,4483.530000000001,4486.63,4479.41,4482.049999999999,0
2026-09-04 08:15:00+00:00,4482.045,4484.35,4479.535,4481.01,0
2026-09-04 08:30:00+00:00,4481.030000000001,4482.59,4477.610000000001,4477.71,0
2026-09-04 08:45:00+00:00,4477.71,4479.835,4474.41,4477.9,0
2026-09-04 09:00:00+00:00,4477.889999999999,4479.325000000001,4468.99,4469.82,0
2026-09-04 09:15:00+00:00,4469.915,4470.85,4463.83,4466.74,0
2026-09-04 09:30:00+00:00,4466.76,4470.205,4464.44,4467.48,0
2026-09-04 09:45:00+00:00,4467.49,4469.8150000000005,4465.48,4465.81,0
2026-09-04 10:00:00+00:00,4465.805,4473.3099999999995,4465.625,4472.76,0
2026-09-04 10:15:00+00:00,4472.7,4473.75,4468.105,4471.37,0
2026-09-04 10:30:00+00:00,4471.415,4475.1900000000005,4470.15,4473.735000000001,0
2026-09-04 10:45:00+00:00,4473.725,4476.780000000001,4472.8150000000005,4472.955,0
2026-09-04 11:00:00+00:00,4472.9349999999995,4473.485000000001,4469.695,4470.395,0
2026-09-04 11:15:00+00:00,4470.385,4471.02,4465.535,4465.85,0
2026-09-04 11:30:00+00:00,4465.83,4470.52,4465.42,4468.43,0
2026-09-04 11:45:00+00:00,4468.424999999999,4470.67,4465.094999999999,4467.03,0
2026-09-04 12:00:00+00:00,4467.0650000000005,4470.530000000001,4464.725,4464.875,0
2026-09-04 12:15:00+00:00,4464.870000000001,4476.46,4464.3099999999995,4472.924999999999,0
2026-09-04 12:30:00+00:00,4473.085,4473.27,4379.395,4394.035,0
2026-09-04 12:45:00+00:00,4394.055,4409.93,4380.415,4393.84,0
2026-09-04 13:00:00+00:00,4393.76,4394.639999999999,4365.68,4394.125,0
2026-09-04 13:15:00+00:00,4394.14,4414.5650000000005,4391.27,4412.879999999999,0
2026-09-04 13:30:00+00:00,4412.87,4424.05,4405.13,4423.8150000000005,0
2026-09-04 13:45:00+00:00,4423.8099999999995,4435.005,4413.155,4413.6900000000005,0
2026-09-04 14:00:00+00:00,4413.67,4435.12,4411.975,4433.975,0
2026-09-04 14:15:00+00:00,4433.985000000001,4437.25,4426.639999999999,4429.125,0
2026-09-04 14:30:00+00:00,4429.105,4442.43,4425.4,4428.79,0
2026-09-04 14:45:00+00:00,4428.78,4432.219999999999,4417.325000000001,4427.375,0
2026-09-04 15:00:00+00:00,4427.389999999999,4443.755,4422.635,4443.49,0
2026-09-04 15:15:00+00:00,4443.525,4449.200000000001,4439.415,4439.98,0
2026-09-04 15:30:00+00:00,4439.965,4446.77,4436.49,4443.15,0
2026-09-04 15:45:00+00:00,4443.155000000001,4446.139999999999,4435.639999999999,4436.445,0
2026-09-04 16:00:00+00:00,4436.46,4440.45,4432.395,4438.96,0
2026-09-04 16:15:00+00:00,4438.97,4443.79,4433.27,4434.505,0
2026-09-04 16:30:00+00:00,4434.525,4439.915,4433.535,4438.225,0
2026-09-04 16:45:00+00:00,4438.219999999999,4440.715,4434.700000000001,4436.34,0
2026-09-04 17:00:00+00:00,4436.33,4436.805,4430.055,4434.35,0
2026-09-04 17:15:00+00:00,4434.33,4440.595,4427.395,4428.57,0
2026-09-04 17:30:00+00:00,4428.59,4429.805,4416.345,4417.280000000001,0
2026-09-04 17:45:00+00:00,4417.26,4421.59,4415.67,4416.785,0
2026-09-04 18:00:00+00:00,4416.76,4419.85,4412.02,4419.7,0
2026-09-04 18:15:00+00:00,4419.6900000000005,4426.84,4419.21,4424.629999999999,0
2026-09-04 18:30:00+00:00,4424.615,4425.92,4421.325,4423.0,0
2026-09-04 18:45:00+00:00,4422.98,4426.195,4422.035,4424.02,0
2026-09-04 19:00:00+00:00,4424.049999999999,4430.1900000000005,4422.58,4428.870000000001,0
2026-09-04 19:15:00+00:00,4428.860000000001,4436.05,4426.785,4435.594999999999,0
2026-09-04 19:30:00+00:00,4435.615,4438.4349999999995,4434.34,4436.73,0
2026-09-04 19:45:00+00:00,4436.735,4437.335,4432.969999999999,4434.845,0
2026-09-04 20:00:00+00:00,4434.924999999999,4435.155000000001,4430.780000000001,4431.780000000001,0
2026-09-04 20:15:00+00:00,4431.79,4431.95,4429.4400000000005,4430.25,0
2026-09-04 20:30:00+00:00,4430.225,4431.025,4428.9349999999995,4430.49,0
2026-09-04 20:45:00+00:00,4430.51,4431.905,4428.705,4430.135,0
2026-09-06 22:00:00+00:00,4423.335,4429.3,4417.865,4429.219999999999,0
2026-09-06 22:15:00+00:00,4429.115,4430.21,4426.925,4428.715,0
2026-09-06 22:30:00+00:00,4428.719999999999,4431.53,4427.625,4430.889999999999,0
2026-09-06 22:45:00+00:00,4430.85,4435.4,4429.110000000001,4429.48,0
2026-09-06 23:00:00+00:00,4429.485000000001,4431.405,4429.27,4429.99,0
2026-09-06 23:15:00+00:00,4429.995,4430.125,4425.15,4427.155000000001,0
2026-09-06 23:30:00+00:00,4427.15,4430.715,4425.29,4429.174999999999,0
2026-09-06 23:45:00+00:00,4429.1849999999995,4434.33,4421.115,4423.41,0
2026-09-07 00:00:00+00:00,4423.43,4427.62,4421.165000000001,4425.030000000001,0
2026-09-07 00:15:00+00:00,4425.035,4429.01,4422.4400000000005,4422.5599999999995,0
2026-09-07 00:30:00+00:00,4422.504999999999,4425.360000000001,4418.46,4423.995,0
2026-09-07 00:45:00+00:00,4424.04,4429.52,4410.085,4412.82,0
2026-09-07 01:00:00+00:00,4412.84,4416.11,4395.64,4400.085,0
2026-09-07 01:15:00+00:00,4400.139999999999,4404.03,4389.540000000001,4403.719999999999,0
2026-09-07 01:30:00+00:00,4403.764999999999,4413.55,4403.35,4410.46,0
2026-09-07 01:45:00+00:00,4410.465,4416.9400000000005,4409.035,4409.424999999999,0
2026-09-07 02:00:00+00:00,4409.370000000001,4410.975,4403.085,4403.91,0
2026-09-07 02:15:00+00:00,4403.945,4409.790000000001,4403.605,4407.799999999999,0
2026-09-07 02:30:00+00:00,4407.805,4418.549999999999,4406.905000000001,4414.9,0
2026-09-07 02:45:00+00:00,4414.895,4419.025,4407.37,4409.08,0
2026-09-07 03:00:00+00:00,4409.085,4410.68,4405.785,4407.855,0
2026-09-07 03:15:00+00:00,4407.91,4410.29,4404.530000000001,4408.675,0
2026-09-07 03:30:00+00:00,4408.62,4409.135,4401.82,4401.855,0
2026-09-07 03:45:00+00:00,4401.845,4405.04,4401.185,4404.2,0
2026-09-07 04:00:00+00:00,4404.1849999999995,4407.465,4401.44,4406.475,0
2026-09-07 04:15:00+00:00,4406.485000000001,4406.77,4400.115,4402.34,0
2026-09-07 04:30:00+00:00,4402.365,4402.73,4394.3099999999995,4396.8150000000005,0
2026-09-07 04:45:00+00:00,4396.785,4399.200000000001,4395.4400000000005,4398.1,0
2026-09-07 05:00:00+00:00,4398.12,4404.325000000001,4397.71,4402.5,0
2026-09-07 05:15:00+00:00,4402.51,4411.9349999999995,4402.1849999999995,4411.285,0
2026-09-07 05:30:00+00:00,4411.235,4413.450000000001,4401.485000000001,4403.9,0
2026-09-07 05:45:00+00:00,4403.915,4406.725,4393.235000000001,4394.115,0
2026-09-07 06:00:00+00:00,4394.125,4394.9400000000005,4385.4,4392.18,0
2026-09-07 06:15:00+00:00,4392.21,4398.615,4390.075000000001,4394.385,0
2026-09-07 06:30:00+00:00,4394.375,4400.049999999999,4393.77,4396.46,0
2026-09-07 06:45:00+00:00,4396.48,4399.48,4391.365,4392.985000000001,0
2026-09-07 07:00:00+00:00,4392.99,4402.06,4392.105,4401.715,0
2026-09-07 07:15:00+00:00,4401.6849999999995,4402.495,4394.755,4395.450000000001,0
2026-09-07 07:30:00+00:00,4395.51,4399.32,4392.235000000001,4395.92,0
2026-09-07 07:45:00+00:00,4395.93,4406.84,4395.045,4406.355,0
2026-09-07 08:00:00+00:00,4406.375,4418.1,4405.23,4417.355,0
2026-09-07 08:15:00+00:00,4417.38,4423.665,4416.405000000001,4420.030000000001,0
2026-09-07 08:30:00+00:00,4420.045,4424.235000000001,4413.46,4414.82,0
2026-09-07 08:45:00+00:00,4414.805,4415.54,4409.76,4411.389999999999,0
2026-09-07 09:00:00+00:00,4411.34,4414.005,4410.860000000001,4411.245,0
2026-09-07 09:15:00+00:00,4411.255,4412.139999999999,4405.52,4405.66,0
2026-09-07 09:30:00+00:00,4405.6900000000005,4410.375,4403.66,4409.885,0
2026-09-07 09:45:00+00:00,4409.9,4410.5650000000005,4404.945,4405.785,0
2026-09-07 10:00:00+00:00,4405.79,4406.48,4402.665,4403.48,0
2026-09-07 10:15:00+00:00,4403.469999999999,4404.805,4395.76,4396.0,0
2026-09-07 10:30:00+00:00,4395.965,4399.415,4391.885,4398.49,0
2026-09-07 10:45:00+00:00,4398.5,4398.8,4388.09,4391.93,0
2026-09-07 11:00:00+00:00,4391.969999999999,4394.5650000000005,4389.235,4393.82,0
2026-09-07 11:15:00+00:00,4393.8099999999995,4394.98,4387.585,4389.625,0
2026-09-07 11:30:00+00:00,4389.62,4390.135,4381.3,4386.775,0
2026-09-07 11:45:00+00:00,4386.79,4392.2,4384.98,4385.285,0
2026-09-07 12:00:00+00:00,4385.34,4393.15,4385.34,4391.01,0
2026-09-07 12:15:00+00:00,4390.99,4395.594999999999,4390.385,4395.575,0
2026-09-07 12:30:00+00:00,4395.58,4397.860000000001,4392.610000000001,4397.0,0
2026-09-07 12:45:00+00:00,4397.025,4398.05,4394.344999999999,4396.75,0
2026-09-07 13:00:00+00:00,4396.74,4404.63,4395.395,4404.16,0
2026-09-07 13:15:00+00:00,4404.29,4405.195,4401.629999999999,4403.95,0
2026-09-07 13:30:00+00:00,4403.96,4407.665,4401.725,4403.555,0
2026-09-07 13:45:00+00:00,4403.5650000000005,4407.895,4401.06,4402.575,0
2026-09-07 14:00:00+00:00,4402.585,4409.09,4400.985000000001,4407.155000000001,0
2026-09-07 14:15:00+00:00,4407.165,4409.37,4405.06,4407.02,0
2026-09-07 14:30:00+00:00,4407.015,4412.264999999999,4404.61,4412.110000000001,0
2026-09-07 14:45:00+00:00,4412.049999999999,4419.955,4410.82,4416.094999999999,0
2026-09-07 15:00:00+00:00,4416.09,4416.8099999999995,4409.275,4414.825,0
2026-09-07 15:15:00+00:00,4414.82,4415.12,4411.6,4412.99,0
2026-09-07 15:30:00+00:00,4412.969999999999,4413.88,4408.955,4411.545,0
2026-09-07 15:45:00+00:00,4411.6,4415.27,4411.205,4414.575000000001,0
2026-09-07 16:00:00+00:00,4414.59,4417.4400000000005,4413.145,4415.585,0
2026-09-07 16:15:00+00:00,4415.540000000001,4416.095,4412.695,4413.6900000000005,0
2026-09-07 16:30:00+00:00,4413.674999999999,4414.195,4411.825000000001,4414.110000000001,0
2026-09-07 16:45:00+00:00,4414.135,4414.555,4412.915,4414.450000000001,0
2026-09-07 17:00:00+00:00,4414.445,4415.0599999999995,4411.88,4411.969999999999,0
2026-09-07 17:15:00+00:00,4411.98,4413.709999999999,4411.98,4412.225,0
2026-09-07 17:30:00+00:00,4412.23,4412.605,4410.01,4411.02,0
2026-09-07 17:45:00+00:00,4411.0650000000005,4411.1,4407.005,4407.055,0
2026-09-07 18:00:00+00:00,4407.0599999999995,4409.014999999999,4404.379999999999,4404.985,0
2026-09-07 18:15:00+00:00,4405.0,4406.639999999999,4403.005,4406.33,0
2026-09-07 22:00:00+00:00,4411.26,4414.5599999999995,4409.334999999999,4412.68,0
2026-09-07 22:15:00+00:00,4412.6849999999995,4413.47,4409.75,4409.84,0
2026-09-07 22:30:00+00:00,4409.745000000001,4410.1,4407.975,4408.455,0
2026-09-07 22:45:00+00:00,4408.485000000001,4408.645,4406.22,4407.67,0
2026-09-07 23:00:00+00:00,4407.61,4412.41,4407.24,4411.105,0
2026-09-07 23:15:00+00:00,4411.1,4412.780000000001,4408.77,4410.96,0
2026-09-07 23:30:00+00:00,4410.965,4428.1,4410.91,4427.46,0
2026-09-07 23:45:00+00:00,4427.47,4428.095,4420.16,4423.21,0
2026-09-08 00:00:00+00:00,4423.219999999999,4424.78,4415.26,4417.57,0
2026-09-08 00:15:00+00:00,4417.514999999999,4430.27,4416.245,4421.4,0
2026-09-08 00:30:00+00:00,4421.389999999999,4426.52,4418.895,4421.6,0
2026-09-08 00:45:00+00:00,4421.594999999999,4427.73,4415.174999999999,4426.969999999999,0
2026-09-08 01:00:00+00:00,4427.005,4431.585,4417.110000000001,4428.535,0
2026-09-08 01:15:00+00:00,4428.525,4436.43,4426.965,4434.465,0
2026-09-08 01:30:00+00:00,4434.485000000001,4437.205,4430.9400000000005,4433.505,0
2026-09-08 01:45:00+00:00,4433.525,4440.55,4433.525,4436.975,0
2026-09-08 02:00:00+00:00,4436.98,4438.875,4426.35,4428.43,0
2026-09-08 02:15:00+00:00,4428.46,4429.825000000001,4424.425,4425.005,0
2026-09-08 02:30:00+00:00,4424.995,4427.155000000001,4421.74,4426.945,0
2026-09-08 02:45:00+00:00,4426.93,4428.025,4421.205,4424.54,0
2026-09-08 03:00:00+00:00,4424.525,4431.765,4422.8150000000005,4429.545,0
2026-09-08 03:15:00+00:00,4429.56,4440.285,4428.865,4432.325,0
2026-09-08 03:30:00+00:00,4432.275,4435.299999999999,4430.4,4432.8150000000005,0
2026-09-08 03:45:00+00:00,4432.835,4438.9349999999995,4432.695,4437.74,0
2026-09-08 04:00:00+00:00,4437.76,4443.13,4437.725,4439.295,0
2026-09-08 04:15:00+00:00,4439.32,4440.77,4431.65,4432.735000000001,0
2026-09-08 04:30:00+00:00,4432.755,4436.55,4432.275,4436.475,0
2026-09-08 04:45:00+00:00,4436.485000000001,4440.15,4434.1849999999995,4436.09,0
2026-09-08 05:00:00+00:00,4436.11,4437.79,4427.205,4427.205,0
2026-09-08 05:15:00+00:00,4427.215,4431.58,4420.37,4420.41,0
2026-09-08 05:30:00+00:00,4420.385,4427.285,4417.99,4425.76,0
2026-09-08 05:45:00+00:00,4425.755,4428.8099999999995,4417.73,4419.3,0
2026-09-08 06:00:00+00:00,4419.305,4420.26,4408.585,4411.785,0
2026-09-08 06:15:00+00:00,4411.77,4411.77,4398.995,4399.9400000000005,0
2026-09-08 06:30:00+00:00,4399.93,4408.98,4398.07,4407.200000000001,0
2026-09-08 06:45:00+00:00,4407.235,4409.49,4403.385,4404.07,0
2026-09-08 07:00:00+00:00,4404.095,4409.63,4402.335,4403.66,0
2026-09-08 07:15:00+00:00,4403.629999999999,4404.355,4400.049999999999,4401.6849999999995,0
2026-09-08 07:30:00+00:00,4401.780000000001,4405.46,4391.219999999999,4395.7,0
2026-09-08 07:45:00+00:00,4395.6900000000005,4397.545,4390.110000000001,4392.375,0
2026-09-08 08:00:00+00:00,4392.37,4395.9400000000005,4387.885,4390.639999999999,0
2026-09-08 08:15:00+00:00,4390.635,4396.765,4389.870000000001,4394.99,0
2026-09-08 08:30:00+00:00,4394.98,4398.85,4391.985000000001,4392.915,0
2026-09-08 08:45:00+00:00,4392.92,4398.49,4390.995,4394.295,0
2026-09-08 09:00:00+00:00,4394.3,4398.09,4391.465,4397.85,0
2026-09-08 09:15:00+00:00,4397.84,4399.395,4392.475,4393.17,0
2026-09-08 09:30:00+00:00,4393.125,4403.975,4390.92,4401.485,0
2026-09-08 09:45:00+00:00,4401.455,4405.84,4401.08,4402.95,0
2026-09-08 10:00:00+00:00,4402.945,4402.97,4393.73,4395.889999999999,0
2026-09-08 10:15:00+00:00,4395.885,4407.04,4395.88,4399.57,0
2026-09-08 10:30:00+00:00,4399.585,4399.725,4393.9,4397.3099999999995,0
2026-09-08 10:45:00+00:00,4397.295,4400.395,4395.4,4395.875,0
2026-09-08 11:00:00+00:00,4395.885,4399.504999999999,4390.995,4395.13,0
2026-09-08 11:15:00+00:00,4395.135,4403.205,4394.995000000001,4402.25,0
2026-09-08 11:30:00+00:00,4402.25,4408.110000000001,4400.78,4403.605,0
2026-09-08 11:45:00+00:00,4403.59,4406.92,4397.675,4406.29,0
2026-09-08 12:00:00+00:00,4406.305,4406.74,4390.629999999999,4392.175,0
2026-09-08 12:15:00+00:00,4392.1849999999995,4401.945,4385.45,4401.7,0
2026-09-08 12:30:00+00:00,4401.75,4408.1900000000005,4395.33,4396.91,0
2026-09-08 12:45:00+00:00,4396.905000000001,4411.865,4395.715,4411.645,0
2026-09-08 13:00:00+00:00,4411.674999999999,4413.32,4402.46,4408.58,0
2026-09-08 13:15:00+00:00,4408.575000000001,4410.645,4399.215,4400.54,0
2026-09-08 13:30:00+00:00,4400.545,4405.825,4390.405,4396.48,0
2026-09-08 13:45:00+00:00,4396.57,4407.5,4394.295,4395.754999999999,0
2026-09-08 14:00:00+00:00,4395.74,4402.9,4391.455,4394.695,0
2026-09-08 14:15:00+00:00,4394.71,4403.96,4394.215,4396.83,0
2026-09-08 14:30:00+00:00,4396.79,4400.91,4392.735000000001,4397.5650000000005,0
2026-09-08 14:45:00+00:00,4397.555,4399.305,4389.389999999999,4398.93,0
2026-09-08 15:00:00+00:00,4398.95,4408.455,4397.5,4404.73,0
2026-09-08 15:15:00+00:00,4404.7,4409.525,4396.545,4398.925,0
2026-09-08 15:30:00+00:00,4398.9349999999995,4404.285,4397.469999999999,4400.0650000000005,0
2026-09-08 15:45:00+00:00,4400.07,4400.75,4394.895,4394.93,0
2026-09-08 16:00:00+00:00,4394.91,4395.255,4380.639999999999,4386.77,0
2026-09-08 16:15:00+00:00,4386.785,4395.41,4383.695,4394.57,0
2026-09-08 16:30:00+00:00,4394.540000000001,4396.95,4393.219999999999,4394.17,0
2026-09-08 16:45:00+00:00,4394.165,4398.709999999999,4390.26,4393.88,0
2026-09-08 17:00:00+00:00,4393.860000000001,4403.85,4393.71,4395.620000000001,0
2026-09-08 17:15:00+00:00,4395.610000000001,4397.4,4392.135,4394.04,0
2026-09-08 17:30:00+00:00,4394.05,4395.27,4385.475,4385.595,0
2026-09-08 17:45:00+00:00,4385.64,4390.6,4385.1900000000005,4390.12,0
2026-09-08 18:00:00+00:00,4390.15,4390.585,4384.045,4387.52,0
2026-09-08 18:15:00+00:00,4387.635,4387.75,4384.37,4385.955,0
2026-09-08 18:30:00+00:00,4385.945,4385.995,4381.639999999999,4385.77,0
2026-09-08 18:45:00+00:00,4385.75,4386.84,4358.4349999999995,4375.665,0
2026-09-08 19:00:00+00:00,4375.63,4377.5,4369.4,4370.605,0
2026-09-08 19:15:00+00:00,4370.620000000001,4373.25,4366.17,4368.9349999999995,0
2026-09-08 19:30:00+00:00,4368.955,4369.995,4361.555,4368.865,0
2026-09-08 19:45:00+00:00,4368.885,4369.045,4356.77,4359.735000000001,0
2026-09-08 20:00:00+00:00,4359.719999999999,4364.5599999999995,4355.985000000001,4360.245000000001,0
2026-09-08 20:15:00+00:00,4360.265,4361.585,4355.775,4356.915,0
2026-09-08 20:30:00+00:00,4356.9400000000005,4359.035,4356.375,4358.09,0
2026-09-08 20:45:00+00:00,4358.105,4358.33,4345.695,4355.405,0
2026-09-08 22:00:00+00:00,4354.43,4359.145,4352.965,4356.325000000001,0
2026-09-08 22:15:00+00:00,4356.33,4357.845,4353.49,4354.84,0
2026-09-08 22:30:00+00:00,4354.87,4356.13,4350.5650000000005,4352.205,0
2026-09-08 22:45:00+00:00,4352.195,4354.514999999999,4351.1,4354.33,0
2026-09-08 23:00:00+00:00,4354.4400000000005,4355.365,4351.9400000000005,4352.325000000001,0
2026-09-08 23:15:00+00:00,4352.32,4357.9400000000005,4351.719999999999,4357.67,0
2026-09-08 23:30:00+00:00,4357.65,4359.975,4356.55,4358.79,0
2026-09-08 23:45:00+00:00,4358.754999999999,4358.835,4349.23,4350.04,0
2026-09-09 00:00:00+00:00,4350.01,4353.215,4344.645,4349.745,0
2026-09-09 00:15:00+00:00,4349.825,4350.495,4341.115,4347.12,0
2026-09-09 00:30:00+00:00,4347.115,4355.15,4343.67,4354.965,0
2026-09-09 00:45:00+00:00,4354.975,4365.605,4352.75,4364.84,0
2026-09-09 01:00:00+00:00,4364.844999999999,4368.77,4354.01,4368.29,0
2026-09-09 01:15:00+00:00,4368.285,4373.34,4362.875,4371.855,0
2026-09-09 01:30:00+00:00,4371.905000000001,4378.3099999999995,4370.885,4376.665,0
2026-09-09 01:45:00+00:00,4376.71,4378.33,4370.87,4373.870000000001,0
2026-09-09 02:00:00+00:00,4373.885,4375.9,4370.5,4373.67,0
2026-09-09 02:15:00+00:00,4373.674999999999,4377.07,4371.71,4373.200000000001,0
2026-09-09 02:30:00+00:00,4373.17,4374.51,4367.385,4374.3150000000005,0
2026-09-09 02:45:00+00:00,4374.325000000001,4384.6,4373.055,4382.549999999999,0
2026-09-09 03:00:00+00:00,4382.545,4383.07,4378.28,4379.200000000001,0
2026-09-09 03:15:00+00:00,4379.219999999999,4379.625,4375.4400000000005,4378.105,0
2026-09-09 03:30:00+00:00,4378.12,4380.4,4375.215,4378.74,0
2026-09-09 03:45:00+00:00,4378.725,4379.385,4375.175,4375.255,0
2026-09-09 04:00:00+00:00,4375.33,4376.155000000001,4370.945,4373.48,0
2026-09-09 04:15:00+00:00,4373.475,4380.860000000001,4372.375,4380.325000000001,0
2026-09-09 04:30:00+00:00,4380.264999999999,4380.3099999999995,4376.29,4378.225,0
2026-09-09 04:45:00+00:00,4378.235,4382.514999999999,4377.639999999999,4381.635,0
2026-09-09 05:00:00+00:00,4381.63,4387.955,4380.525,4387.719999999999,0
2026-09-09 05:15:00+00:00,4387.71,4388.65,4383.29,4385.280000000001,0
2026-09-09 05:30:00+00:00,4385.335,4395.5650000000005,4384.325,4395.525,0
2026-09-09 05:45:00+00:00,4395.535,4400.995,4392.625,4398.865,0
2026-09-09 06:00:00+00:00,4398.870000000001,4405.66,4398.32,4401.775,0
2026-09-09 06:15:00+00:00,4401.74,4403.225,4395.18,4398.375,0
2026-09-09 06:30:00+00:00,4398.365,4406.285,4397.225,4400.235000000001,0
2026-09-09 06:45:00+00:00,4400.245,4401.735,4398.775,4400.54,0
2026-09-09 07:00:00+00:00,4400.53,4407.965,4399.21,4406.780000000001,0
2026-09-09 07:15:00+00:00,4406.74,4408.950000000001,4403.135,4407.780000000001,0
2026-09-09 07:30:00+00:00,4407.764999999999,4410.615,4406.405,4410.32,0
2026-09-09 07:45:00+00:00,4410.34,4412.915,4408.495000000001,4409.110000000001,0
2026-09-09 08:00:00+00:00,4409.09,4411.895,4403.81,4403.91,0
2026-09-09 08:15:00+00:00,4403.9,4404.895,4399.459999999999,4399.63,0
2026-09-09 08:30:00+00:00,4399.62,4403.52,4399.17,4399.825000000001,0
2026-09-09 08:45:00+00:00,4399.77,4403.3099999999995,4398.835,4400.62,0
2026-09-09 09:00:00+00:00,4400.66,4402.450000000001,4397.860000000001,4398.475,0
2026-09-09 09:15:00+00:00,4398.485000000001,4400.219999999999,4396.85,4398.585,0
2026-09-09 09:30:00+00:00,4398.6,4399.105,4395.405000000001,4396.1849999999995,0
2026-09-09 09:45:00+00:00,4396.17,4396.32,4388.780000000001,4390.74,0
2026-09-09 10:00:00+00:00,4390.755,4393.6,4386.07,4391.200000000001,0
2026-09-09 10:15:00+00:00,4391.215,4396.155000000001,4389.49,4394.165,0
2026-09-09 10:30:00+00:00,4394.18,4399.255,4393.66,4394.85,0
2026-09-09 10:45:00+00:00,4394.84,4403.0599999999995,4394.665,4399.845,0
2026-09-09 11:00:00+00:00,4399.860000000001,4404.645,4399.645,4403.21,0
2026-09-09 11:15:00+00:00,4403.205,4409.02,4401.41,4408.514999999999,0
2026-09-09 11:30:00+00:00,4408.475,4408.6,4403.535,4405.5,0
2026-09-09 11:45:00+00:00,4405.504999999999,4415.205,4403.395,4407.335,0
2026-09-09 12:00:00+00:00,4407.325,4409.639999999999,4399.2,4399.415,0
2026-09-09 12:15:00+00:00,4399.469999999999,4400.5650000000005,4393.594999999999,4393.860000000001,0
2026-09-09 12:30:00+00:00,4393.84,4397.735000000001,4390.995,4395.674999999999,0
2026-09-09 12:45:00+00:00,4395.615,4402.535,4395.49,4400.645,0
2026-09-09 13:00:00+00:00,4400.639999999999,4413.735,4398.615,4413.39,0
2026-09-09 13:15:00+00:00,4413.370000000001,4430.344999999999,4411.030000000001,4429.344999999999,0
2026-09-09 13:30:00+00:00,4429.365,4434.105,4412.93,4417.355,0
2026-09-09 13:45:00+00:00,4417.379999999999,4423.85,4410.915,4415.24,0
2026-09-09 14:00:00+00:00,4415.24,4428.6849999999995,4414.38,4423.35,0
2026-09-09 14:15:00+00:00,4423.360000000001,4426.195,4409.895,4425.84,0
2026-09-09 14:30:00+00:00,4425.844999999999,4426.915,4418.75,4418.995000000001,0
2026-09-09 14:45:00+00:00,4418.97,4423.49,4414.955,4418.885,0
2026-09-09 15:00:00+00:00,4418.85,4432.43,4380.4400000000005,4390.15,0
2026-09-09 15:15:00+00:00,4390.18,4395.51,4375.11,4394.33,0
2026-09-09 15:30:00+00:00,4394.459999999999,4407.58,4392.6,4402.98,0
2026-09-09 15:45:00+00:00,4402.995000000001,4407.32,4398.17,4398.344999999999,0
2026-09-09 16:00:00+00:00,4398.365,4403.285,4394.9,4398.014999999999,0
2026-09-09 16:15:00+00:00,4398.02,4402.5,4391.445,4401.605,0
2026-09-09 16:30:00+00:00,4401.58,4407.785,4398.75,4407.205,0
2026-09-09 16:45:00+00:00,4407.209999999999,4410.505,4405.625,4409.775,0
2026-09-09 17:00:00+00:00,4409.765,4420.639999999999,4408.969999999999,4416.945,0
2026-09-09 17:15:00+00:00,4416.9349999999995,4420.700000000001,4414.195,4414.735000000001,0
2026-09-09 17:30:00+00:00,4414.639999999999,4417.385,4411.85,4413.84,0
2026-09-09 17:45:00+00:00,4413.83,4416.98,4413.225,4416.16,0
2026-09-09 18:00:00+00:00,4416.17,4421.55,4415.76,4420.514999999999,0
2026-09-09 18:15:00+00:00,4420.495000000001,4420.975,4416.610000000001,4417.6,0
2026-09-09 18:30:00+00:00,4417.620000000001,4418.275,4409.615,4409.99,0
2026-09-09 18:45:00+00:00,4409.99,4410.26,4401.645,4403.32,0
2026-09-09 19:00:00+00:00,4403.3099999999995,4404.26,4396.98,4400.4349999999995,0
2026-09-09 19:15:00+00:00,4400.295,4405.03,4398.540000000001,4399.76,0
2026-09-09 19:30:00+00:00,4399.8099999999995,4401.09,4395.5599999999995,4400.085,0
2026-09-09 19:45:00+00:00,4400.08,4401.82,4396.425,4399.105,0
2026-09-09 20:00:00+00:00,4399.094999999999,4399.355,4396.6,4397.5,0
2026-09-09 20:15:00+00:00,4397.475,4397.6849999999995,4393.719999999999,4394.67,0
2026-09-09 20:30:00+00:00,4394.76,4401.139999999999,4394.6849999999995,4400.4400000000005,0
2026-09-09 20:45:00+00:00,4400.41,4402.115,4399.52,4402.115,0
2026-09-09 22:00:00+00:00,4404.225,4406.495,4402.5599999999995,4402.99,0
2026-09-09 22:15:00+00:00,4402.985,4404.585,4400.26,4402.62,0
2026-09-09 22:30:00+00:00,4402.635,4404.025,4399.955,4401.69,0
2026-09-09 22:45:00+00:00,4401.67,4401.925,4397.555,4399.7,0
2026-09-09 23:00:00+00:00,4399.6,4403.26,4398.53,4400.865,0
2026-09-09 23:15:00+00:00,4400.8099999999995,4402.674999999999,4395.985,4397.834999999999,0
2026-09-09 23:30:00+00:00,4397.73,4399.344999999999,4393.415,4394.58,0
2026-09-09 23:45:00+00:00,4394.545,4395.4349999999995,4393.22,4394.219999999999,0
2026-09-10 00:00:00+00:00,4394.23,4397.205,4389.605,4394.925,0
2026-09-10 00:15:00+00:00,4394.97,4398.475,4392.32,4392.99,0
2026-09-10 00:30:00+00:00,4392.995,4401.895,4391.635,4401.17,0
2026-09-10 00:45:00+00:00,4401.174999999999,4405.225,4398.110000000001,4401.245,0
2026-09-10 01:00:00+00:00,4401.27,4419.32,4400.26,4412.785,0
2026-09-10 01:15:00+00:00,4412.795,4416.785,4410.38,4410.51,0
2026-09-10 01:30:00+00:00,4410.52,4411.09,4405.545,4409.780000000001,0
2026-09-10 01:45:00+00:00,4409.805,4414.71,4408.105,4412.28,0
2026-09-10 02:00:00+00:00,4412.3099999999995,4418.82,4411.54,4414.21,0
2026-09-10 02:15:00+00:00,4414.16,4417.955,4408.095,4417.28,0
2026-09-10 02:30:00+00:00,4417.275,4420.855,4411.344999999999,4418.12,0
2026-09-10 02:45:00+00:00,4418.1,4420.955,4416.355,4419.585,0
2026-09-10 03:00:00+00:00,4419.5650000000005,4421.07,4411.775,4412.725,0
2026-09-10 03:15:00+00:00,4412.755,4414.905000000001,4409.45,4410.55,0
2026-09-10 03:30:00+00:00,4410.555,4412.825,4407.125,4407.965,0
2026-09-10 03:45:00+00:00,4407.98,4410.205,4406.955,4409.235,0
2026-09-10 04:00:00+00:00,4409.264999999999,4415.805,4409.23,4414.18,0
2026-09-10 04:15:00+00:00,4414.1849999999995,4415.74,4410.865,4411.93,0
2026-09-10 04:30:00+00:00,4411.94,4413.9,4405.77,4407.264999999999,0
2026-09-10 04:45:00+00:00,4407.25,4412.045,4406.575,4408.4,0
2026-09-10 05:00:00+00:00,4408.42,4418.9,4408.155000000001,4418.74,0
2026-09-10 05:15:00+00:00,4418.77,4420.725,4416.855,4420.445,0
2026-09-10 05:30:00+00:00,4420.465,4429.545,4417.42,4428.03,0
2026-09-10 05:45:00+00:00,4428.105,4431.405000000001,4423.845,4430.9400000000005,0
2026-09-10 06:00:00+00:00,4430.955,4434.8099999999995,4416.16,4416.45,0
2026-09-10 06:15:00+00:00,4416.51,4417.91,4411.25,4417.625,0
2026-09-10 06:30:00+00:00,4417.635,4427.219999999999,4413.245,4426.835,0
2026-09-10 06:45:00+00:00,4426.885,4428.93,4423.465,4425.094999999999,0
2026-09-10 07:00:00+00:00,4425.105,4425.26,4413.264999999999,4413.4349999999995,0
2026-09-10 07:15:00+00:00,4413.424999999999,4415.24,4408.365,4408.57,0
2026-09-10 07:30:00+00:00,4408.5650000000005,4410.82,4404.345,4409.72,0
2026-09-10 07:45:00+00:00,4409.75,4415.415000000001,4409.055,4411.92,0
2026-09-10 08:00:00+00:00,4411.9349999999995,4412.85,4404.635,4405.8150000000005,0
2026-09-10 08:15:00+00:00,4405.82,4407.74,4404.1900000000005,4406.075,0
2026-09-10 08:30:00+00:00,4406.0650000000005,4406.255,4394.85,4396.01,0
2026-09-10 08:45:00+00:00,4396.004999999999,4398.725,4392.5599999999995,4395.02,0
2026-09-10 09:00:00+00:00,4395.025,4396.765,4389.865,4395.045,0
2026-09-10 09:15:00+00:00,4395.05,4397.045,4391.94,4392.855,0
2026-09-10 09:30:00+00:00,4392.835,4393.295,4388.295,4392.73,0
2026-09-10 09:45:00+00:00,4392.73,4395.9,4392.4400000000005,4394.215,0
2026-09-10 10:00:00+00:00,4394.2,4400.264999999999,4389.96,4395.525,0
2026-09-10 10:15:00+00:00,4395.4349999999995,4400.52,4393.6,4394.344999999999,0
2026-09-10 10:30:00+00:00,4394.29,4394.945,4378.145,4383.955,0
2026-09-10 10:45:00+00:00,4383.905000000001,4388.17,4375.545,4379.18,0
2026-09-10 11:00:00+00:00,4379.165,4384.74,4375.385,4383.785,0
2026-09-10 11:15:00+00:00,4383.76,4388.785,4379.865,4386.139999999999,0
2026-09-10 11:30:00+00:00,4386.15,4390.77,4384.53,4384.705,0
2026-09-10 11:45:00+00:00,4384.725,4385.355,4374.48,4374.9,0
2026-09-10 12:00:00+00:00,4374.860000000001,4377.835,4369.82,4375.075000000001,0
2026-09-10 12:15:00+00:00,4375.0650000000005,4377.4400000000005,4361.945,4363.225,0
2026-09-10 12:30:00+00:00,4363.22,4372.85,4324.1900000000005,4341.115,0
2026-09-10 12:45:00+00:00,4341.15,4355.17,4336.49,4340.55,0
2026-09-10 13:00:00+00:00,4340.57,4355.465,4339.135,4344.385,0
2026-09-10 13:15:00+00:00,4344.389999999999,4358.035,4341.219999999999,4357.4400000000005,0
2026-09-10 13:30:00+00:00,4357.45,4373.52,4352.585,4364.57,0
2026-09-10 13:45:00+00:00,4364.5599999999995,4375.965,4362.514999999999,4365.275,0
2026-09-10 14:00:00+00:00,4365.375,4375.3150000000005,4359.27,4359.455,0
2026-09-10 14:15:00+00:00,4359.469999999999,4376.395,4353.975,4363.255,0
2026-09-10 14:30:00+00:00,4363.280000000001,4370.37,4356.46,4356.545,0
2026-09-10 14:45:00+00:00,4356.585,4361.780000000001,4354.045,4358.245,0
2026-09-10 15:00:00+00:00,4358.33,4361.835,4352.54,4359.775,0
2026-09-10 15:15:00+00:00,4359.76,4367.87,4358.625,4365.34,0
2026-09-10 15:30:00+00:00,4365.32,4372.425,4362.405,4365.905000000001,0
2026-09-10 15:45:00+00:00,4365.865,4370.125,4361.014999999999,4365.91,0
2026-09-10 16:00:00+00:00,4365.885,4370.07,4353.975,4359.155,0
2026-09-10 16:15:00+00:00,4359.145,4363.885,4355.345,4363.135,0
2026-09-10 16:30:00+00:00,4363.13,4365.68,4355.885,4356.385,0
2026-09-10 16:45:00+00:00,4356.38,4364.51,4356.264999999999,4364.23,0
2026-09-10 17:00:00+00:00,4364.235000000001,4368.005,4359.855,4362.585,0
2026-09-10 17:15:00+00:00,4362.59,4366.865,4361.41,4365.675,0
2026-09-10 17:30:00+00:00,4365.700000000001,4366.33,4355.32,4359.535,0
2026-09-10 17:45:00+00:00,4359.54,4360.469999999999,4351.385,4352.83,0
2026-09-10 18:00:00+00:00,4352.845,4356.325,4340.295,4340.82,0
2026-09-10 18:15:00+00:00,4340.835,4346.5599999999995,4337.445,4339.11,0
2026-09-10 18:30:00+00:00,4339.095,4339.115,4331.915,4333.895,0
2026-09-10 18:45:00+00:00,4333.924999999999,4338.8,4329.780000000001,4333.21,0
2026-09-10 19:00:00+00:00,4333.200000000001,4333.25,4313.885,4322.615,0
2026-09-10 19:15:00+00:00,4322.595,4331.125,4319.370000000001,4327.325000000001,0
2026-09-10 19:30:00+00:00,4327.295,4329.52,4323.65,4324.57,0
2026-09-10 19:45:00+00:00,4324.575000000001,4326.08,4320.055,4324.425,0
2026-09-10 20:00:00+00:00,4324.425,4324.62,4320.08,4323.15,0
2026-09-10 20:15:00+00:00,4323.155000000001,4323.264999999999,4316.49,4318.885,0
2026-09-10 20:30:00+00:00,4318.865,4318.865,4315.805,4318.135,0
2026-09-10 20:45:00+00:00,4318.075000000001,4319.215,4314.549999999999,4316.855,0
2026-09-10 22:00:00+00:00,4322.674999999999,4325.13,4320.745000000001,4321.575,0
2026-09-10 22:15:00+00:00,4321.549999999999,4322.25,4318.99,4319.8,0
2026-09-10 22:30:00+00:00,4319.780000000001,4320.51,4313.780000000001,4316.15,0
2026-09-10 22:45:00+00:00,4316.135,4319.415,4315.225,4318.795,0
2026-09-10 23:00:00+00:00,4318.695,4320.129999999999,4316.575,4319.665,0
2026-09-10 23:15:00+00:00,4319.629999999999,4320.46,4317.805,4318.425,0
2026-09-10 23:30:00+00:00,4318.42,4320.61,4314.595,4316.37,0
2026-09-10 23:45:00+00:00,4316.375,4318.280000000001,4311.139999999999,4315.4,0
2026-09-11 00:00:00+00:00,4315.435,4324.105,4312.82,4319.465,0
2026-09-11 00:15:00+00:00,4319.46,4324.35,4317.095,4323.97,0
2026-09-11 00:30:00+00:00,4323.965,4327.6,4319.665,4327.415,0
2026-09-11 00:45:00+00:00,4327.41,4333.959999999999,4326.585,4332.04,0
2026-09-11 01:00:00+00:00,4331.965,4340.585,4328.105,4333.25,0
2026-09-11 01:15:00+00:00,4333.28,4337.545,4320.775,4328.18,0
2026-09-11 01:30:00+00:00,4328.275,4335.215,4322.61,4326.405,0
2026-09-11 01:45:00+00:00,4326.46,4330.535,4324.045,4329.405,0
2026-09-11 02:00:00+00:00,4329.43,4333.725,4327.92,4330.76,0
2026-09-11 02:15:00+00:00,4330.754999999999,4334.57,4323.68,4325.34,0
2026-09-11 02:30:00+00:00,4325.35,4326.67,4317.014999999999,4318.63,0
2026-09-11 02:45:00+00:00,4318.635,4326.924999999999,4316.225,4322.6900000000005,0
2026-09-11 03:00:00+00:00,4322.625,4326.38,4314.495,4319.73,0
2026-09-11 03:15:00+00:00,4319.719999999999,4321.615,4304.1849999999995,4309.675,0
2026-09-11 03:30:00+00:00,4309.645,4312.96,4306.68,4308.58,0
2026-09-11 03:45:00+00:00,4308.575000000001,4308.725,4300.6849999999995,4304.014999999999,0
2026-09-11 04:00:00+00:00,4304.0,4325.25,4301.995,4321.625,0
2026-09-11 04:15:00+00:00,4321.610000000001,4329.15,4319.635,4328.5,0
2026-09-11 04:30:00+00:00,4328.5,4333.125,4325.33,4330.47,0
2026-09-11 04:45:00+00:00,4330.450000000001,4335.55,4329.139999999999,4332.049999999999,0
2026-09-11 05:00:00+00:00,4332.04,4338.385,4328.325000000001,4338.200000000001,0
2026-09-11 05:15:00+00:00,4338.22,4339.525,4333.52,4334.795,0
2026-09-11 05:30:00+00:00,4334.775,4343.23,4333.805,4343.15,0
2026-09-11 05:45:00+00:00,4343.139999999999,4352.01,4339.77,4345.61,0
2026-09-11 06:00:00+00:00,4345.67,4361.105,4345.605,4359.0599999999995,0
2026-09-11 06:15:00+00:00,4359.025,4360.46,4351.3150000000005,4351.625,0
2026-09-11 06:30:00+00:00,4351.610000000001,4354.215,4346.875,4350.73,0
2026-09-11 06:45:00+00:00,4350.805,4355.295,4349.3,4353.3150000000005,0
2026-09-11 07:00:00+00:00,4353.3099999999995,4356.43,4349.99,4351.72,0
2026-09-11 07:15:00+00:00,4351.735000000001,4352.575,4346.139999999999,4346.485000000001,0
2026-09-11 07:30:00+00:00,4346.47,4347.945,4343.08,4345.195,0
2026-09-11 07:45:00+00:00,4345.200000000001,4345.37,4340.485,4345.085,0
2026-09-11 08:00:00+00:00,4345.105,4349.4,4342.365,4347.290000000001,0
2026-09-11 08:15:00+00:00,4347.255,4358.075,4343.55,4351.855,0
2026-09-11 08:30:00+00:00,4351.83,4356.965,4351.16,4352.59,0
2026-09-11 08:45:00+00:00,4352.605,4355.49,4345.615,4347.1,0
2026-09-11 09:00:00+00:00,4347.139999999999,4354.0,4342.58,4342.639999999999,0
2026-09-11 09:15:00+00:00,4342.575,4346.41,4341.555,4343.91,0
2026-09-11 09:30:00+00:00,4343.959999999999,4345.5,4340.67,4343.4,0
2026-09-11 09:45:00+00:00,4343.42,4347.84,4342.43,4346.405,0
2026-09-11 10:00:00+00:00,4346.42,4349.925,4341.385,4346.185,0
2026-09-11 10:15:00+00:00,4346.215,4349.895,4345.615,4349.175,0
2026-09-11 10:30:00+00:00,4349.14,4349.700000000001,4343.805,4345.24,0
2026-09-11 10:45:00+00:00,4345.215,4345.540000000001,4336.68,4337.424999999999,0
2026-09-11 11:00:00+00:00,4337.535,4342.6,4334.715,4338.16,0
2026-09-11 11:15:00+00:00,4338.165000000001,4341.575,4336.125,4336.4400000000005,0
2026-09-11 11:30:00+00:00,4336.465,4337.514999999999,4330.15,4334.66,0
2026-09-11 11:45:00+00:00,4334.73,4336.139999999999,4330.99,4333.514999999999,0
2026-09-11 12:00:00+00:00,4333.545,4334.9349999999995,4324.885,4327.700000000001,0
2026-09-11 12:15:00+00:00,4327.6900000000005,4343.530000000001,4327.389999999999,4341.325000000001,0
2026-09-11 12:30:00+00:00,4341.38,4362.655000000001,4291.83,4354.379999999999,0
2026-09-11 12:45:00+00:00,4354.33,4390.424999999999,4352.545,4388.6,0
2026-09-11 13:00:00+00:00,4388.5599999999995,4394.66,4380.5,4389.505,0
2026-09-11 13:15:00+00:00,4389.52,4398.639999999999,4380.76,4389.955,0
2026-09-11 13:30:00+00:00,4389.950000000001,4400.455,4381.79,4394.655,0
2026-09-11 13:45:00+00:00,4394.66,4402.52,4387.1,4401.67,0
2026-09-11 14:00:00+00:00,4401.71,4402.6900000000005,4381.7,4383.0599999999995,0
2026-09-11 14:15:00+00:00,4383.055,4385.504999999999,4374.305,4374.93,0
2026-09-11 14:30:00+00:00,4374.969999999999,4375.795,4364.845,4371.24,0
2026-09-11 14:45:00+00:00,4371.225,4384.41,4370.585,4370.99,0
2026-09-11 15:00:00+00:00,4370.975,4373.0,4359.3150000000005,4362.23,0
2026-09-11 15:15:00+00:00,4362.24,4372.33,4361.67,4370.525,0
2026-09-11 15:30:00+00:00,4370.52,4377.2,4368.99,4372.835,0
2026-09-11 15:45:00+00:00,4372.845,4373.77,4365.2,4367.0599999999995,0
2026-09-11 16:00:00+00:00,4367.0650000000005,4372.915,4361.05,4361.395,0
2026-09-11 16:15:00+00:00,4361.365,4364.21,4351.99,4354.75,0
2026-09-11 16:30:00+00:00,4354.725,4365.99,4353.275,4363.6,0
2026-09-11 16:45:00+00:00,4363.615,4365.195,4360.295,4361.72,0
2026-09-11 17:00:00+00:00,4361.725,4369.195,4360.895,4365.885,0
2026-09-11 17:15:00+00:00,4365.91,4369.875,4363.485000000001,4367.13,0
2026-09-11 17:30:00+00:00,4367.145,4370.415,4360.055,4362.22,0
2026-09-11 17:45:00+00:00,4362.17,4363.85,4358.094999999999,4358.395,0
2026-09-11 18:00:00+00:00,4358.4,4360.025,4345.905000000001,4347.025,0
2026-09-11 18:15:00+00:00,4347.049999999999,4353.280000000001,4344.195,4350.865,0
2026-09-11 18:30:00+00:00,4350.835,4351.82,4345.775,4347.645,0
2026-09-11 18:45:00+00:00,4347.63,4347.74,4344.290000000001,4346.895,0
2026-09-11 19:00:00+00:00,4346.9400000000005,4352.075,4344.4400000000005,4352.055,0
2026-09-11 19:15:00+00:00,4352.035,4353.844999999999,4347.495,4347.51,0
2026-09-11 19:30:00+00:00,4347.5,4348.535,4345.23,4346.139999999999,0
2026-09-11 19:45:00+00:00,4346.115,4349.475,4342.575,4349.135,0
2026-09-11 20:00:00+00:00,4349.115,4351.535,4348.135,4348.355,0
2026-09-11 20:15:00+00:00,4348.365,4350.6,4346.325,4348.844999999999,0
2026-09-11 20:30:00+00:00,4348.875,4349.299999999999,4345.844999999999,4346.465,0
2026-09-11 20:45:00+00:00,4346.48,4349.675,4345.71,4349.035,0
2026-09-13 22:00:00+00:00,4338.1900000000005,4364.01,4317.805,4330.955,0
2026-09-13 22:15:00+00:00,4330.985000000001,4336.555,4328.415,4336.335,0
2026-09-13 22:30:00+00:00,4336.29,4338.365,4333.6900000000005,4337.4349999999995,0
2026-09-13 22:45:00+00:00,4337.39,4340.26,4335.325000000001,4338.08,0
2026-09-13 23:00:00+00:00,4338.1,4342.59,4338.094999999999,4339.615,0
2026-09-13 23:15:00+00:00,4339.5599999999995,4340.76,4335.78,4339.33,0
2026-09-13 23:30:00+00:00,4339.32,4342.22,4337.975,4338.055,0
2026-09-13 23:45:00+00:00,4338.055,4338.45,4331.855,4332.715,0
2026-09-14 00:00:00+00:00,4332.754999999999,4347.49,4329.64,4342.85,0
2026-09-14 00:15:00+00:00,4342.82,4345.165,4333.2,4338.3,0
2026-09-14 00:30:00+00:00,4338.29,4340.985,4332.055,4338.32,0
2026-09-14 00:45:00+00:00,4338.4349999999995,4343.495,4337.2,4339.4,0
2026-09-14 01:00:00+00:00,4339.38,4344.825,4329.475,4331.43,0
2026-09-14 01:15:00+00:00,4331.4400000000005,4338.17,4326.375,4335.29,0
2026-09-14 01:30:00+00:00,4335.395,4346.735000000001,4328.32,4342.459999999999,0
2026-09-14 01:45:00+00:00,4342.415,4355.360000000001,4342.415,4353.41,0
2026-09-14 02:00:00+00:00,4353.379999999999,4355.025,4348.57,4349.385,0
2026-09-14 02:15:00+00:00,4349.41,4354.32,4348.275,4352.1849999999995,0
2026-09-14 02:30:00+00:00,4352.1900000000005,4355.42,4343.365,4345.855,0
2026-09-14 02:45:00+00:00,4345.860000000001,4348.325,4330.41,4331.215,0
2026-09-14 03:00:00+00:00,4331.2,4336.174999999999,4327.335,4333.485,0
2026-09-14 03:15:00+00:00,4333.57,4336.719999999999,4331.99,4334.885,0
2026-09-14 03:30:00+00:00,4334.9,4335.26,4327.23,4329.395,0
2026-09-14 03:45:00+00:00,4329.375,4333.71,4328.755,4330.65,0
2026-09-14 04:00:00+00:00,4330.585,4331.895,4329.344999999999,4329.385,0
2026-09-14 04:15:00+00:00,4329.37,4332.049999999999,4329.005,4331.83,0
2026-09-14 04:30:00+00:00,4331.805,4332.02,4323.5650000000005,4323.639999999999,0
2026-09-14 04:45:00+00:00,4323.635,4331.895,4322.21,4329.639999999999,0
2026-09-14 05:00:00+00:00,4329.65,4332.96,4326.700000000001,4330.84,0
2026-09-14 05:15:00+00:00,4330.889999999999,4332.405000000001,4326.5599999999995,4326.8150000000005,0
2026-09-14 05:30:00+00:00,4326.82,4337.275,4325.389999999999,4330.98,0
2026-09-14 05:45:00+00:00,4330.9,4337.610000000001,4323.345,4337.53,0
2026-09-14 06:00:00+00:00,4337.450000000001,4338.955,4327.01,4330.094999999999,0
2026-09-14 06:15:00+00:00,4330.030000000001,4332.745,4327.05,4330.475,0
2026-09-14 06:30:00+00:00,4330.355,4332.610000000001,4325.235000000001,4327.445,0
2026-09-14 06:45:00+00:00,4327.46,4330.02,4320.785,4322.504999999999,0
2026-09-14 07:00:00+00:00,4322.45,4324.219999999999,4317.77,4323.945,0
2026-09-14 07:15:00+00:00,4323.97,4324.264999999999,4316.385,4316.855,0
2026-09-14 07:30:00+00:00,4316.85,4319.855,4315.915,4319.42,0
2026-09-14 07:45:00+00:00,4319.424999999999,4322.29,4307.925,4310.844999999999,0
2026-09-14 08:00:00+00:00,4310.86,4318.235000000001,4310.825,4313.450000000001,0
2026-09-14 08:15:00+00:00,4313.425,4314.605,4310.27,4310.52,0
2026-09-14 08:30:00+00:00,4310.549999999999,4316.0650000000005,4309.605,4311.775,0
2026-09-14 08:45:00+00:00,4311.785,4313.3,4303.48,4306.74,0
2026-09-14 09:00:00+00:00,4306.755,4311.9349999999995,4305.225,4306.23,0
2026-09-14 09:15:00+00:00,4306.225,4306.405000000001,4280.695,4288.209999999999,0
2026-09-14 09:30:00+00:00,4288.200000000001,4289.77,4279.355,4281.48,0
2026-09-14 09:45:00+00:00,4281.514999999999,4288.3150000000005,4278.52,4285.6,0
2026-09-14 10:00:00+00:00,4285.62,4289.4,4278.16,4288.4,0
2026-09-14 10:15:00+00:00,4288.4349999999995,4292.74,4285.9400000000005,4291.055,0
2026-09-14 10:30:00+00:00,4291.110000000001,4295.075,4289.33,4294.155,0
2026-09-14 10:45:00+00:00,4294.09,4296.585,4289.965,4294.745,0
2026-09-14 11:00:00+00:00,4294.75,4297.155000000001,4291.035,4292.045,0
2026-09-14 11:15:00+00:00,4292.0599999999995,4297.045,4291.075000000001,4296.205,0
2026-09-14 11:30:00+00:00,4296.175,4296.955,4292.02,4292.545,0
2026-09-14 11:45:00+00:00,4292.535,4293.84,4284.24,4287.195,0
2026-09-14 12:00:00+00:00,4287.155000000001,4297.025,4285.129999999999,4294.625,0
2026-09-14 12:15:00+00:00,4294.605,4297.5650000000005,4283.469999999999,4286.245,0
2026-09-14 12:30:00+00:00,4286.25,4289.950000000001,4273.615,4283.83,0
2026-09-14 12:45:00+00:00,4283.875,4283.875,4265.745000000001,4271.335,0
2026-09-14 13:00:00+00:00,4271.285,4272.84,4253.87,4266.445,0
2026-09-14 13:15:00+00:00,4266.389999999999,4277.965,4263.905,4273.485000000001,0
2026-09-14 13:30:00+00:00,4273.445,4278.52,4266.79,4275.01,0
2026-09-14 13:45:00+00:00,4275.005,4281.280000000001,4269.705,4272.88,0
2026-09-14 14:00:00+00:00,4272.870000000001,4282.0,4264.9,4281.865,0
2026-09-14 14:15:00+00:00,4281.889999999999,4283.035,4263.9,4270.0,0
2026-09-14 14:30:00+00:00,4270.02,4277.1,4266.805,4276.799999999999,0
2026-09-14 14:45:00+00:00,4276.775,4279.73,4274.045,4279.57,0
2026-09-14 15:00:00+00:00,4279.58,4286.485000000001,4272.675,4276.985000000001,0
2026-09-14 15:15:00+00:00,4276.995,4284.84,4272.700000000001,4283.605,0
2026-09-14 15:30:00+00:00,4283.57,4298.43,4282.795,4294.215,0
2026-09-14 15:45:00+00:00,4294.26,4295.24,4286.549999999999,4288.3099999999995,0
2026-09-14 16:00:00+00:00,4288.3150000000005,4297.91,4286.425,4294.54,0
2026-09-14 16:15:00+00:00,4294.525,4305.43,4294.415,4300.17,0
2026-09-14 16:30:00+00:00,4300.15,4308.125,4299.6900000000005,4306.375,0
2026-09-14 16:45:00+00:00,4306.365,4317.975,4305.05,4315.71,0
2026-09-14 17:00:00+00:00,4315.6900000000005,4316.45,4311.535,4311.675,0
2026-09-14 17:15:00+00:00,4311.66,4314.355,4309.405000000001,4311.85,0
2026-09-14 17:30:00+00:00,4311.845,4313.55,4307.79,4309.9400000000005,0
2026-09-14 17:45:00+00:00,4309.96,4313.86,4308.585,4311.16,0
2026-09-14 18:00:00+00:00,4311.15,4316.085,4308.395,4312.719999999999,0
2026-09-14 18:15:00+00:00,4312.764999999999,4312.885,4306.514999999999,4309.639999999999,0
2026-09-14 18:30:00+00:00,4309.66,4313.29,4308.67,4309.665,0
2026-09-14 18:45:00+00:00,4309.625,4309.84,4304.79,4307.595,0
2026-09-14 19:00:00+00:00,4307.615,4308.085,4302.725,4305.969999999999,0
2026-09-14 19:15:00+00:00,4305.99,4306.040000000001,4296.16,4296.38,0
2026-09-14 19:30:00+00:00,4296.375,4297.42,4290.545,4291.87,0
2026-09-14 19:45:00+00:00,4291.88,4291.924999999999,4282.924999999999,4284.355,0
2026-09-14 20:00:00+00:00,4284.375,4288.55,4282.555,4287.88,0
2026-09-14 20:15:00+00:00,4287.875,4298.41,4287.85,4296.745,0
2026-09-14 20:30:00+00:00,4296.76,4299.6849999999995,4294.74,4294.96,0
2026-09-14 20:45:00+00:00,4294.99,4299.57,4294.905000000001,4298.835,0
2026-09-14 22:00:00+00:00,4300.485,4300.645,4296.639999999999,4297.125,0
2026-09-14 22:15:00+00:00,4297.0650000000005,4298.469999999999,4292.9400000000005,4295.860000000001,0
2026-09-14 22:30:00+00:00,4295.87,4298.74,4293.62,4295.8150000000005,0
2026-09-14 22:45:00+00:00,4295.799999999999,4298.35,4293.315,4295.525,0
2026-09-14 23:00:00+00:00,4295.51,4297.625,4291.08,4292.34,0
2026-09-14 23:15:00+00:00,4292.335,4292.585,4287.1849999999995,4290.110000000001,0
2026-09-14 23:30:00+00:00,4290.085,4291.85,4287.9400000000005,4289.67,0
2026-09-14 23:45:00+00:00,4289.705,4289.775,4287.295,4288.325000000001,0
2026-09-15 00:00:00+00:00,4288.32,4289.355,4283.625,4286.965,0
2026-09-15 00:15:00+00:00,4286.9400000000005,4289.955,4283.665,4288.325,0
2026-09-15 00:30:00+00:00,4288.27,4293.35,4283.264999999999,4292.75,0
2026-09-15 00:45:00+00:00,4292.73,4296.8,4292.015,4293.129999999999,0
2026-09-15 01:00:00+00:00,4293.035,4299.9349999999995,4287.99,4299.8099999999995,0
2026-09-15 01:15:00+00:00,4299.875,4306.055,4298.995000000001,4302.015,0
2026-09-15 01:30:00+00:00,4302.094999999999,4306.645,4295.34,4298.715,0
2026-09-15 01:45:00+00:00,4298.67,4305.055,4294.4,4304.495000000001,0
2026-09-15 02:00:00+00:00,4304.4400000000005,4312.035,4304.4349999999995,4307.49,0
2026-09-15 02:15:00+00:00,4307.4400000000005,4310.165,4305.530000000001,4310.165,0
2026-09-15 02:30:00+00:00,4310.145,4317.385,4307.37,4311.455,0
2026-09-15 02:45:00+00:00,4311.365,4317.5,4311.125,4314.21,0
2026-09-15 03:00:00+00:00,4314.225,4314.700000000001,4310.055,4310.92,0
2026-09-15 03:15:00+00:00,4310.875,4314.58,4309.775,4310.725,0
2026-09-15 03:30:00+00:00,4310.66,4313.915,4308.38,4308.79,0
2026-09-15 03:45:00+00:00,4308.780000000001,4310.23,4303.514999999999,4303.765,0
2026-09-15 04:00:00+00:00,4303.76,4309.65,4302.46,4307.295,0
2026-09-15 04:15:00+00:00,4307.32,4308.61,4302.665,4303.700000000001,0
2026-09-15 04:30:00+00:00,4303.68,4306.26,4300.99,4305.24,0
2026-09-15 04:45:00+00:00,4305.225,4308.13,4304.38,4305.025,0
2026-09-15 05:00:00+00:00,4305.0,4307.825,4300.535,4301.67,0
2026-09-15 05:15:00+00:00,4301.700000000001,4302.110000000001,4296.44,4297.3099999999995,0
2026-09-15 05:30:00+00:00,4297.295,4300.365,4289.325000000001,4296.335,0
2026-09-15 05:45:00+00:00,4296.344999999999,4300.02,4290.905000000001,4291.215,0
2026-09-15 06:00:00+00:00,4291.21,4294.805,4286.18,4290.0,0
2026-09-15 06:15:00+00:00,4289.995,4292.54,4287.29,4289.6849999999995,0
2026-09-15 06:30:00+00:00,4289.675,4291.610000000001,4286.16,4291.049999999999,0
2026-09-15 06:45:00+00:00,4291.094999999999,4295.5,4290.635,4293.5650000000005,0
2026-09-15 07:00:00+00:00,4293.555,4295.785,4286.82,4288.09,0
2026-09-15 07:15:00+00:00,4288.105,4292.35,4287.745000000001,4292.025,0
2026-09-15 07:30:00+00:00,4292.04,4292.955,4280.78,4283.969999999999,0
2026-09-15 07:45:00+00:00,4283.99,4289.965,4276.1849999999995,4280.709999999999,0
2026-09-15 08:00:00+00:00,4280.709999999999,4280.965,4263.700000000001,4267.945,0
2026-09-15 08:15:00+00:00,4267.959999999999,4275.24,4266.805,4273.469999999999,0
2026-09-15 08:30:00+00:00,4273.495,4275.16,4267.385,4267.795,0
2026-09-15 08:45:00+00:00,4267.775,4269.58,4261.514999999999,4262.530000000001,0
2026-09-15 09:00:00+00:00,4262.5,4267.215,4261.68,4266.09,0
2026-09-15 09:15:00+00:00,4266.129999999999,4269.93,4261.98,4267.025,0
2026-09-15 09:30:00+00:00,4267.0,4272.33,4264.94,4269.530000000001,0
2026-09-15 09:45:00+00:00,4269.505,4272.365,4267.965,4268.41,0
2026-09-15 10:00:00+00:00,4268.4349999999995,4277.915,4268.395,4272.93,0
2026-09-15 10:15:00+00:00,4272.950000000001,4274.895,4269.89,4274.674999999999,0
2026-09-15 10:30:00+00:00,4274.655000000001,4277.51,4273.695,4275.0,0
2026-09-15 10:45:00+00:00,4274.99,4284.040000000001,4274.85,4281.7,0
2026-09-15 11:00:00+00:00,4281.715,4283.85,4278.585,4283.635,0
2026-09-15 11:15:00+00:00,4283.67,4285.825,4282.4400000000005,4283.49,0
2026-09-15 11:30:00+00:00,4283.51,4285.33,4280.415,4282.875,0
2026-09-15 11:45:00+00:00,4282.885,4286.725,4282.575,4284.58,0
2026-09-15 12:00:00+00:00,4284.57,4284.945,4275.74,4278.505,0
2026-09-15 12:15:00+00:00,4278.49,4279.285,4271.389999999999,4277.745,0
2026-09-15 12:30:00+00:00,4277.8099999999995,4286.345,4274.865,4281.275,0
2026-09-15 12:45:00+00:00,4281.280000000001,4295.77,4281.085,4290.705,0
2026-09-15 13:00:00+00:00,4290.705,4294.445,4283.795,4287.02,0
2026-09-15 13:15:00+00:00,4287.025,4293.0650000000005,4283.785,4287.355,0
2026-09-15 13:30:00+00:00,4287.34,4294.155,4284.105,4289.790000000001,0
2026-09-15 13:45:00+00:00,4289.775,4298.445,4288.35,4294.844999999999,0
2026-09-15 14:00:00+00:00,4294.84,4300.575,4293.35,4294.540000000001,0
2026-09-15 14:15:00+00:00,4294.549999999999,4295.5599999999995,4282.705,4284.344999999999,0
2026-09-15 14:30:00+00:00,4284.35,4286.1,4275.6,4278.41,0
2026-09-15 14:45:00+00:00,4278.395,4283.205,4273.945,4277.275,0
2026-09-15 15:00:00+00:00,4277.200000000001,4286.3099999999995,4276.53,4285.495,0
2026-09-15 15:15:00+00:00,4285.49,4287.514999999999,4282.505,4283.625,0
2026-09-15 15:30:00+00:00,4283.639999999999,4290.695,4281.665,4287.945,0
2026-09-15 15:45:00+00:00,4287.9349999999995,4294.95,4285.040000000001,4289.505,0
2026-09-15 16:00:00+00:00,4289.51,4291.6,4286.155000000001,4286.42,0
2026-09-15 16:15:00+00:00,4286.424999999999,4297.225,4285.59,4295.555,0
2026-09-15 16:30:00+00:00,4295.5650000000005,4297.84,4291.575,4296.625,0
2026-09-15 16:45:00+00:00,4296.635,4298.385,4295.135,4295.52,0
2026-09-15 17:00:00+00:00,4295.525,4299.17,4290.235000000001,4295.3099999999995,0
2026-09-15 17:15:00+00:00,4295.3150000000005,4296.605,4291.585,4293.24,0
2026-09-15 17:30:00+00:00,4293.265,4299.27,4292.31,4293.4349999999995,0
2026-09-15 17:45:00+00:00,4293.45,4296.42,4293.325,4294.85,0
2026-09-15 18:00:00+00:00,4294.865,4304.635,4292.93,4302.469999999999,0
2026-09-15 18:15:00+00:00,4302.475,4306.98,4302.225,4305.09,0
2026-09-15 18:30:00+00:00,4305.105,4308.68,4301.6849999999995,4305.035,0
2026-09-15 18:45:00+00:00,4305.035,4310.58,4304.639999999999,4308.66,0
2026-09-15 19:00:00+00:00,4308.65,4310.8150000000005,4300.445,4300.52,0
2026-09-15 19:15:00+00:00,4300.495,4302.43,4298.26,4301.43,0
2026-09-15 19:30:00+00:00,4301.48,4302.715,4296.674999999999,4296.674999999999,0
2026-09-15 19:45:00+00:00,4296.665,4299.969999999999,4294.335,4297.865,0
2026-09-15 20:00:00+00:00,4297.959999999999,4299.299999999999,4295.545,4296.21,0
2026-09-15 20:15:00+00:00,4296.17,4296.83,4293.9400000000005,4294.285,0
2026-09-15 20:30:00+00:00,4294.379999999999,4296.275,4291.9349999999995,4293.195,0
2026-09-15 20:45:00+00:00,4293.205,4294.355,4292.0,4293.895,0
2026-09-15 22:00:00+00:00,4295.66,4295.969999999999,4292.870000000001,4292.950000000001,0
2026-09-15 22:15:00+00:00,4292.98,4299.014999999999,4291.73,4298.66,0
2026-09-15 22:30:00+00:00,4298.700000000001,4299.035,4294.39,4294.719999999999,0
2026-09-15 22:45:00+00:00,4294.695,4295.43,4288.895,4289.055,0
2026-09-15 23:00:00+00:00,4289.085,4289.575,4284.925,4286.23,0
2026-09-15 23:15:00+00:00,4286.245,4287.415,4282.035,4284.575000000001,0
2026-09-15 23:30:00+00:00,4284.575000000001,4287.745,4282.6849999999995,4284.68,0
2026-09-15 23:45:00+00:00,4284.71,4286.34,4281.33,4283.67,0
2026-09-16 00:00:00+00:00,4283.675,4284.9349999999995,4280.665,4282.555,0
2026-09-16 00:15:00+00:00,4282.565,4286.1849999999995,4281.585,4284.24,0
2026-09-16 00:30:00+00:00,4284.215,4285.83,4279.9400000000005,4283.74,0
2026-09-16 00:45:00+00:00,4283.8150000000005,4285.27,4275.385,4277.745,0
2026-09-16 01:00:00+00:00,4277.625,4287.82,4276.805,4287.21,0
2026-09-16 01:15:00+00:00,4287.275,4293.889999999999,4284.585,4290.6849999999995,0
2026-09-16 01:30:00+00:00,4290.67,4291.505,4286.07,4288.825,0
2026-09-16 01:45:00+00:00,4288.844999999999,4289.3,4280.25,4282.5,0
2026-09-16 02:00:00+00:00,4282.514999999999,4294.835,4281.97,4292.395,0
2026-09-16 02:15:00+00:00,4292.41,4300.745,4290.135,4298.975,0
2026-09-16 02:30:00+00:00,4299.014999999999,4316.040000000001,4298.6,4311.280000000001,0
2026-09-16 02:45:00+00:00,4311.280000000001,4323.67,4311.075000000001,4321.785,0
2026-09-16 03:00:00+00:00,4321.764999999999,4338.8099999999995,4321.495,4337.120000000001,0
2026-09-16 03:15:00+00:00,4337.125,4341.155,4331.84,4331.860000000001,0
2026-09-16 03:30:00+00:00,4331.865,4332.43,4325.945,4327.0650000000005,0
2026-09-16 03:45:00+00:00,4327.075000000001,4328.285,4322.845,4327.17,0
2026-09-16 04:00:00+00:00,4327.145,4328.865,4325.305,4326.855,0
2026-09-16 04:15:00+00:00,4326.845,4328.655000000001,4323.485,4325.775,0
2026-09-16 04:30:00+00:00,4325.764999999999,4328.515,4322.83,4322.955,0
2026-09-16 04:45:00+00:00,4322.96,4323.4349999999995,4320.53,4322.195,0
2026-09-16 05:00:00+00:00,4322.16,4324.76,4321.01,4321.84,0
2026-09-16 05:15:00+00:00,4321.844999999999,4327.15,4321.59,4324.825,0
2026-09-16 05:30:00+00:00,4324.83,4333.045,4324.360000000001,4332.825,0
2026-09-16 05:45:00+00:00,4332.83,4333.92,4326.49,4326.49,0
2026-09-16 06:00:00+00:00,4326.535,4332.16,4321.75,4326.12,0
2026-09-16 06:15:00+00:00,4326.125,4330.545,4324.995,4326.969999999999,0
2026-09-16 06:30:00+00:00,4326.98,4328.35,4323.82,4328.1,0
2026-09-16 06:45:00+00:00,4328.07,4333.299999999999,4325.530000000001,4332.93,0
2026-09-16 07:00:00+00:00,4332.889999999999,4335.92,4330.07,4335.719999999999,0
2026-09-16 07:15:00+00:00,4335.7,4337.545,4332.085,4335.785,0
2026-09-16 07:30:00+00:00,4335.780000000001,4339.345,4333.945,4336.299999999999,0
2026-09-16 07:45:00+00:00,4336.305,4338.155000000001,4328.63,4329.6,0
2026-09-16 08:00:00+00:00,4329.585,4329.87,4323.18,4327.555,0
2026-09-16 08:15:00+00:00,4327.549999999999,4337.59,4326.775,4334.0650000000005,0
2026-09-16 08:30:00+00:00,4334.0599999999995,4334.35,4323.795,4328.445,0
2026-09-16 08:45:00+00:00,4328.450000000001,4331.3150000000005,4324.92,4330.495000000001,0
2026-09-16 09:00:00+00:00,4330.48,4332.59,4329.674999999999,4332.280000000001,0
2026-09-16 09:15:00+00:00,4332.27,4334.265,4327.455,4329.76,0
2026-09-16 09:30:00+00:00,4329.77,4337.275,4329.450000000001,4335.1849999999995,0
2026-09-16 09:45:00+00:00,4335.219999999999,4339.55,4331.26,4338.3,0
2026-09-16 10:00:00+00:00,4338.33,4349.085,4337.865,4343.030000000001,0
2026-09-16 10:15:00+00:00,4343.049999999999,4348.9,4340.9,4348.1,0
2026-09-16 10:30:00+00:00,4348.13,4349.6,4345.84,4349.07,0
2026-09-16 10:45:00+00:00,4349.055,4349.725,4345.58,4348.719999999999,0
2026-09-16 11:00:00+00:00,4348.795,4353.33,4346.805,4347.01,0
2026-09-16 11:15:00+00:00,4347.01,4353.68,4346.49,4350.65,0
2026-09-16 11:30:00+00:00,4350.639999999999,4353.389999999999,4347.245,4349.635,0
2026-09-16 11:45:00+00:00,4349.639999999999,4350.855,4341.799999999999,4341.885,0
2026-09-16 12:00:00+00:00,4341.9349999999995,4348.24,4340.705,4343.465,0
2026-09-16 12:15:00+00:00,4343.48,4345.870000000001,4337.91,4339.735000000001,0
2026-09-16 12:30:00+00:00,4339.75,4345.38,4335.700000000001,4344.030000000001,0
2026-09-16 12:45:00+00:00,4343.98,4349.280000000001,4342.475,4347.83,0
2026-09-16 13:00:00+00:00,4347.8099999999995,4357.450000000001,4343.85,4356.58,0
2026-09-16 13:15:00+00:00,4356.605,4360.49,4349.35,4352.13,0
2026-09-16 13:30:00+00:00,4352.094999999999,4354.514999999999,4340.365,4340.535,0
2026-09-16 13:45:00+00:00,4340.5599999999995,4345.8,4335.17,4338.62,0
2026-09-16 14:00:00+00:00,4338.6,4340.01,4324.285,4339.9349999999995,0
2026-09-16 14:15:00+00:00,4339.9400000000005,4341.115,4330.705,4338.155,0
2026-09-16 14:30:00+00:00,4338.17,4346.1849999999995,4334.325,4345.83,0
2026-09-16 14:45:00+00:00,4345.780000000001,4355.889999999999,4345.195,4354.905000000001,0
2026-09-16 15:00:00+00:00,4354.9,4358.32,4350.115,4353.540000000001,0
2026-09-16 15:15:00+00:00,4353.5599999999995,4355.505,4344.120000000001,4344.26,0
2026-09-16 15:30:00+00:00,4344.25,4352.875,4343.049999999999,4351.0,0
2026-09-16 15:45:00+00:00,4351.0,4361.1900000000005,4350.0650000000005,4352.865,0
2026-09-16 16:00:00+00:00,4352.885,4353.254999999999,4346.655000000001,4350.31,0
2026-09-16 16:15:00+00:00,4350.295,4352.115,4344.555,4346.1849999999995,0
2026-09-16 16:30:00+00:00,4346.215,4348.645,4345.305,4347.469999999999,0
2026-09-16 16:45:00+00:00,4347.535,4348.77,4343.969999999999,4346.625,0
2026-09-16 17:00:00+00:00,4346.57,4346.799999999999,4341.780000000001,4343.6900000000005,0
2026-09-16 17:15:00+00:00,4343.719999999999,4347.59,4342.395,4346.835,0
2026-09-16 17:30:00+00:00,4346.855,4350.13,4343.24,4343.91,0
2026-09-16 17:45:00+00:00,4343.905,4365.705,4342.43,4362.174999999999,0
2026-09-16 18:00:00+00:00,4361.835,4367.585,4307.945,4309.950000000001,0
2026-09-16 18:15:00+00:00,4309.98,4324.33,4306.264999999999,4322.389999999999,0
2026-09-16 18:30:00+00:00,4322.36,4323.705,4262.1900000000005,4301.235000000001,0
2026-09-16 18:45:00+00:00,4301.24,4307.615,4256.9,4261.32,0
2026-09-16 19:00:00+00:00,4261.325,4287.79,4235.04,4253.01,0
2026-09-16 19:15:00+00:00,4253.014999999999,4257.955,4239.514999999999,4253.635,0
2026-09-16 19:30:00+00:00,4253.610000000001,4271.200000000001,4253.26,4265.5599999999995,0
2026-09-16 19:45:00+00:00,4265.61,4276.505,4264.445,4272.67,0
2026-09-16 20:00:00+00:00,4272.655000000001,4273.965,4263.455,4264.620000000001,0
2026-09-16 20:15:00+00:00,4264.674999999999,4268.25,4257.305,4260.325,0
2026-09-16 20:30:00+00:00,4260.379999999999,4265.28,4258.32,4262.65,0
2026-09-16 20:45:00+00:00,4262.700000000001,4266.75,4260.975,4264.405000000001,0
2026-09-16 22:00:00+00:00,4263.13,4263.139999999999,4258.525,4259.405000000001,0
2026-09-16 22:15:00+00:00,4259.345,4263.82,4257.535,4262.389999999999,0
2026-09-16 22:30:00+00:00,4262.33,4276.26,4262.2,4273.275,0
2026-09-16 22:45:00+00:00,4273.245,4274.110000000001,4265.595,4266.49,0
2026-09-16 23:00:00+00:00,4266.485000000001,4268.055,4258.9,4262.865,0
2026-09-16 23:15:00+00:00,4262.875,4273.450000000001,4262.095,4272.01,0
2026-09-16 23:30:00+00:00,4272.03,4274.610000000001,4268.764999999999,4273.629999999999,0
2026-09-16 23:45:00+00:00,4273.645,4275.780000000001,4271.555,4271.6849999999995,0
2026-09-17 00:00:00+00:00,4271.6900000000005,4287.085,4266.605,4285.195,0
2026-09-17 00:15:00+00:00,4285.135,4289.855,4281.475,4284.52,0
2026-09-17 00:30:00+00:00,4284.48,4292.445,4281.975,4288.825,0
2026-09-17 00:45:00+00:00,4288.795,4289.4,4277.125,4280.39,0
2026-09-17 01:00:00+00:00,4280.385,4310.344999999999,4280.235000000001,4298.895,0
2026-09-17 01:15:00+00:00,4298.88,4312.66,4298.49,4310.18,0
2026-09-17 01:30:00+00:00,4310.16,4318.1849999999995,4308.385,4309.16,0
2026-09-17 01:45:00+00:00,4309.16,4312.135,4298.0650000000005,4300.254999999999,0
2026-09-17 02:00:00+00:00,4300.26,4301.07,4280.99,4287.629999999999,0
2026-09-17 02:15:00+00:00,4287.625,4293.049999999999,4287.115,4292.0599999999995,0
2026-09-17 02:30:00+00:00,4292.075000000001,4293.285,4281.635,4288.530000000001,0
2026-09-17 02:45:00+00:00,4288.5650000000005,4289.65,4274.085,4277.389999999999,0
2026-09-17 03:00:00+00:00,4277.365,4286.655000000001,4277.215,4285.205,0
2026-09-17 03:15:00+00:00,4285.1849999999995,4287.25,4283.3150000000005,4286.24,0
2026-09-17 03:30:00+00:00,4286.219999999999,4296.6900000000005,4286.01,4296.175,0
2026-09-17 03:45:00+00:00,4296.145,4297.4349999999995,4293.76,4296.025,0
2026-09-17 04:00:00+00:00,4296.02,4296.855,4292.995,4293.835,0
2026-09-17 04:15:00+00:00,4293.860000000001,4295.98,4291.014999999999,4291.17,0
2026-09-17 04:30:00+00:00,4291.139999999999,4296.8,4290.485000000001,4295.4400000000005,0
2026-09-17 04:45:00+00:00,4295.39,4299.219999999999,4295.385,4297.610000000001,0
2026-09-17 05:00:00+00:00,4297.625,4299.35,4294.115,4294.1900000000005,0
2026-09-17 05:15:00+00:00,4294.200000000001,4294.235000000001,4285.5599999999995,4286.73,0
2026-09-17 05:30:00+00:00,4286.71,4298.415,4286.504999999999,4297.35,0
2026-09-17 05:45:00+00:00,4297.360000000001,4305.719999999999,4295.905,4304.75,0
2026-09-17 06:00:00+00:00,4304.74,4312.675,4304.285,4312.27,0
2026-09-17 06:15:00+00:00,4312.28,4313.35,4304.955,4312.325,0
2026-09-17 06:30:00+00:00,4312.33,4315.285,4306.04,4309.49,0
2026-09-17 06:45:00+00:00,4309.49,4312.075,4306.635,4310.88,0
2026-09-17 07:00:00+00:00,4310.91,4323.5599999999995,4309.415,4323.26,0
2026-09-17 07:15:00+00:00,4323.25,4330.0,4319.405000000001,4329.545,0
2026-09-17 07:30:00+00:00,4329.535,4335.125,4329.105,4331.52,0
2026-09-17 07:45:00+00:00,4331.5,4335.555,4323.780000000001,4327.075000000001,0
2026-09-17 08:00:00+00:00,4327.105,4328.395,4317.945,4320.1900000000005,0
2026-09-17 08:15:00+00:00,4320.16,4322.075000000001,4314.450000000001,4316.1900000000005,0
2026-09-17 08:30:00+00:00,4316.1900000000005,4319.9,4312.1,4314.014999999999,0
2026-09-17 08:45:00+00:00,4314.005,4314.175,4310.174999999999,4311.62,0
2026-09-17 09:00:00+00:00,4311.639999999999,4319.35,4311.615,4316.05,0
2026-09-17 09:15:00+00:00,4316.014999999999,4316.73,4305.879999999999,4306.895,0
2026-09-17 09:30:00+00:00,4306.855,4311.325000000001,4304.99,4309.275,0
2026-09-17 09:45:00+00:00,4309.27,4311.51,4305.6,4306.145,0
2026-09-17 10:00:00+00:00,4306.174999999999,4313.9,4304.969999999999,4310.145,0
2026-09-17 10:15:00+00:00,4310.165,4315.785,4306.52,4313.735000000001,0
2026-09-17 10:30:00+00:00,4313.75,4318.65,4312.32,4316.51,0
2026-09-17 10:45:00+00:00,4316.535,4325.145,4316.085,4324.36,0
2026-09-17 11:00:00+00:00,4324.355,4340.125,4323.93,4331.995,0
2026-09-17 11:15:00+00:00,4332.040000000001,4334.96,4326.32,4328.65,0
2026-09-17 11:30:00+00:00,4328.645,4328.9400000000005,4323.41,4325.055,0
2026-09-17 11:45:00+00:00,4325.035,4352.98,4324.615,4350.08,0
2026-09-17 12:00:00+00:00,4350.055,4355.47,4343.555,4354.450000000001,0
2026-09-17 12:15:00+00:00,4354.46,4381.02,4353.275,4380.885,0
2026-09-17 12:30:00+00:00,4380.844999999999,4381.094999999999,4360.4349999999995,4360.59,0
2026-09-17 12:45:00+00:00,4360.5650000000005,4374.855,4358.95,4373.43,0
2026-09-17 13:00:00+00:00,4373.47,4374.25,4360.17,4366.165,0
2026-09-17 13:15:00+00:00,4366.18,4375.26,4364.875,4367.035,0
2026-09-17 13:30:00+00:00,4367.045,4374.344999999999,4356.37,4358.05,0
2026-09-17 13:45:00+00:00,4358.0599999999995,4371.9349999999995,4355.355,4366.594999999999,0
2026-09-17 14:00:00+00:00,4366.635,4380.125,4364.485,4371.735000000001,0
2026-09-17 14:15:00+00:00,4371.74,4372.825000000001,4365.485,4366.73,0
2026-09-17 14:30:00+00:00,4366.745,4367.98,4359.42,4361.045,0
2026-09-17 14:45:00+00:00,4361.030000000001,4364.67,4352.39,4354.135,0
2026-09-17 15:00:00+00:00,4354.15,4362.219999999999,4351.459999999999,4361.76,0
2026-09-17 15:15:00+00:00,4361.780000000001,4364.639999999999,4356.290000000001,4358.05,0
2026-09-17 15:30:00+00:00,4358.055,4367.35,4355.595,4365.835,0
2026-09-17 15:45:00+00:00,4365.83,4370.145,4363.365,4370.0599999999995,0
2026-09-17 16:00:00+00:00,4370.049999999999,4372.475,4367.33,4368.004999999999,0
2026-09-17 16:15:00+00:00,4368.014999999999,4368.889999999999,4363.594999999999,4367.775,0
2026-09-17 16:30:00+00:00,4367.755,4367.755,4357.67,4360.174999999999,0
2026-09-17 16:45:00+00:00,4360.264999999999,4362.51,4356.045,4362.465,0
2026-09-17 17:00:00+00:00,4362.495000000001,4365.895,4358.52,4362.255,0
2026-09-17 17:15:00+00:00,4362.225,4363.25,4357.955,4360.695,0
2026-09-17 17:30:00+00:00,4360.700000000001,4363.855,4357.905000000001,4360.594999999999,0
2026-09-17 17:45:00+00:00,4360.6,4361.754999999999,4358.775,4361.3099999999995,0
2026-09-17 18:00:00+00:00,4361.32,4365.585,4360.215,4364.82,0
2026-09-17 18:15:00+00:00,4364.8099999999995,4365.615,4355.92,4356.365,0
2026-09-17 18:30:00+00:00,4356.345,4356.5650000000005,4348.459999999999,4352.15,0
2026-09-17 18:45:00+00:00,4352.155000000001,4352.735000000001,4349.360000000001,4351.805,0
2026-09-17 19:00:00+00:00,4351.9,4356.290000000001,4351.6,4354.47,0
2026-09-17 19:15:00+00:00,4354.45,4354.655000000001,4343.38,4343.38,0
2026-09-17 19:30:00+00:00,4343.445,4347.030000000001,4342.799999999999,4345.110000000001,0
2026-09-17 19:45:00+00:00,4345.12,4349.4349999999995,4344.225,4345.895,0
2026-09-17 20:00:00+00:00,4345.875,4347.045,4342.425,4343.1,0
2026-09-17 20:15:00+00:00,4343.09,4345.375,4342.125,4342.280000000001,0
2026-09-17 20:30:00+00:00,4342.27,4343.75,4340.49,4341.575000000001,0
2026-09-17 20:45:00+00:00,4341.57,4342.63,4340.585,4342.16,0
2026-09-17 22:00:00+00:00,4343.99,4345.28,4341.92,4344.725,0
2026-09-17 22:15:00+00:00,4344.75,4345.335,4341.83,4345.0599999999995,0
2026-09-17 22:30:00+00:00,4345.115,4349.705,4344.335,4344.5599999999995,0
2026-09-17 22:45:00+00:00,4344.59,4346.1849999999995,4341.615,4344.505,0
2026-09-17 23:00:00+00:00,4344.495,4346.545,4339.735000000001,4345.045,0
2026-09-17 23:15:00+00:00,4345.025,4347.865,4341.65,4344.325,0
2026-09-17 23:30:00+00:00,4344.3150000000005,4345.26,4343.195,4344.389999999999,0
2026-09-17 23:45:00+00:00,4344.375,4348.34,4343.51,4346.39,0
2026-09-18 00:00:00+00:00,4346.355,4355.16,4341.955,4354.665,0
2026-09-18 00:15:00+00:00,4354.62,4357.530000000001,4350.9,4353.515,0
2026-09-18 00:30:00+00:00,4353.54,4360.25,4353.094999999999,4358.74,0
2026-09-18 00:45:00+00:00,4358.735,4359.4,4352.355,4356.139999999999,0
2026-09-18 01:00:00+00:00,4356.110000000001,4365.81,4356.110000000001,4358.465,0
2026-09-18 01:15:00+00:00,4358.459999999999,4364.82,4355.035,4360.04,0
2026-09-18 01:30:00+00:00,4360.05,4360.32,4347.465,4347.540000000001,0
2026-09-18 01:45:00+00:00,4347.57,4350.635,4343.93,4348.305,0
2026-09-18 02:00:00+00:00,4348.29,4351.735000000001,4346.165,4350.4,0
2026-09-18 02:15:00+00:00,4350.405,4353.825000000001,4348.264999999999,4352.91,0
2026-09-18 02:30:00+00:00,4352.9,4356.6900000000005,4350.195,4351.7,0
2026-09-18 02:45:00+00:00,4351.67,4355.860000000001,4343.21,4346.975,0
2026-09-18 03:00:00+00:00,4346.965,4352.110000000001,4344.44,4344.895,0
2026-09-18 03:15:00+00:00,4344.905000000001,4345.08,4334.174999999999,4341.27,0
2026-09-18 03:30:00+00:00,4341.280000000001,4359.02,4340.865,4357.6900000000005,0
2026-09-18 03:45:00+00:00,4357.6849999999995,4360.9349999999995,4356.715,4359.555,0
2026-09-18 04:00:00+00:00,4359.5599999999995,4361.595,4356.775,4356.89,0
2026-09-18 04:15:00+00:00,4356.875,4358.040000000001,4352.71,4357.9400000000005,0
2026-09-18 04:30:00+00:00,4357.945,4365.455,4357.07,4364.415,0
2026-09-18 04:45:00+00:00,4364.405000000001,4367.135,4361.25,4366.8150000000005,0
2026-09-18 05:00:00+00:00,4366.84,4369.45,4364.0599999999995,4365.68,0
2026-09-18 05:15:00+00:00,4365.67,4369.58,4364.02,4364.8150000000005,0
2026-09-18 05:30:00+00:00,4364.855,4378.51,4360.51,4377.209999999999,0
2026-09-18 05:45:00+00:00,4377.254999999999,4378.155000000001,4370.425,4377.6,0
2026-09-18 06:00:00+00:00,4377.549999999999,4390.625,4377.225,4389.105,0
2026-09-18 06:15:00+00:00,4389.05,4394.13,4381.959999999999,4392.555,0
2026-09-18 06:30:00+00:00,4392.61,4397.14,4390.610000000001,4396.25,0
2026-09-18 06:45:00+00:00,4396.255,4397.365,4389.8099999999995,4393.4,0
2026-09-18 07:00:00+00:00,4393.43,4395.7,4388.9400000000005,4390.5,0
2026-09-18 07:15:00+00:00,4390.530000000001,4395.925,4389.605,4395.74,0
2026-09-18 07:30:00+00:00,4395.76,4397.24,4391.1900000000005,4393.57,0
2026-09-18 07:45:00+00:00,4393.59,4399.610000000001,4392.68,4393.4,0
2026-09-18 08:00:00+00:00,4393.375,4398.66,4390.49,4390.5599999999995,0
2026-09-18 08:15:00+00:00,4390.52,4394.055,4387.665,4387.969999999999,0
2026-09-18 08:30:00+00:00,4387.93,4389.615,4385.295,4386.79,0
2026-09-18 08:45:00+00:00,4386.795,4394.485000000001,4386.305,4392.49,0
2026-09-18 09:00:00+00:00,4392.5,4398.22,4391.85,4394.705,0
2026-09-18 09:15:00+00:00,4394.71,4395.29,4385.775,4387.9400000000005,0
2026-09-18 09:30:00+00:00,4387.925,4388.665,4376.9,4376.969999999999,0
2026-09-18 09:45:00+00:00,4376.95,4378.415,4373.38,4376.844999999999,0
2026-09-18 10:00:00+00:00,4376.85,4380.41,4375.6849999999995,4379.405,0
2026-09-18 10:15:00+00:00,4379.43,4381.514999999999,4377.64,4381.504999999999,0
2026-09-18 10:30:00+00:00,4381.525,4382.19,4378.27,4381.675,0
2026-09-18 10:45:00+00:00,4381.67,4382.34,4376.38,4381.81,0
2026-09-18 11:00:00+00:00,4381.790000000001,4388.655000000001,4377.665,4388.445,0
2026-09-18 11:15:00+00:00,4388.424999999999,4388.675,4377.79,4377.795,0
2026-09-18 11:30:00+00:00,4377.799999999999,4382.535,4374.66,4375.98,0
2026-09-18 11:45:00+00:00,4375.99,4381.88,4372.545,4381.3150000000005,0
2026-09-18 12:00:00+00:00,4381.335,4382.799999999999,4370.865,4373.615,0
2026-09-18 12:15:00+00:00,4373.59,4376.485,4353.6849999999995,4358.65,0
2026-09-18 12:30:00+00:00,4358.595,4373.01,4358.285,4369.425,0
2026-09-18 12:45:00+00:00,4369.415,4370.785,4366.275,4368.895,0
2026-09-18 13:00:00+00:00,4368.865,4375.74,4363.875,4371.115,0
2026-09-18 13:15:00+00:00,4371.11,4374.705,4363.215,4367.41,0
2026-09-18 13:30:00+00:00,4367.415,4368.055,4352.195,4353.6849999999995,0
2026-09-18 13:45:00+00:00,4353.715,4358.33,4347.54,4349.615,0
2026-09-18 14:00:00+00:00,4349.610000000001,4356.65,4347.889999999999,4351.389999999999,0
2026-09-18 14:15:00+00:00,4351.395,4355.16,4343.085,4343.135,0
2026-09-18 14:30:00+00:00,4343.139999999999,4355.129999999999,4342.645,4353.67,0
2026-09-18 14:45:00+00:00,4353.674999999999,4361.79,4351.59,4353.035,0
2026-09-18 15:00:00+00:00,4353.04,4356.77,4348.219999999999,4352.385,0
2026-09-18 15:15:00+00:00,4352.4,4357.18,4351.85,4356.6900000000005,0
2026-09-18 15:30:00+00:00,4356.66,4357.475,4348.785,4354.945,0
2026-09-18 15:45:00+00:00,4354.9400000000005,4358.17,4352.280000000001,4356.6849999999995,0
2026-09-18 16:00:00+00:00,4356.66,4365.17,4354.754999999999,4362.12,0
2026-09-18 16:15:00+00:00,4362.094999999999,4378.65,4360.2,4377.719999999999,0
2026-09-18 16:30:00+00:00,4377.725,4383.9,4374.58,4378.0650000000005,0
2026-09-18 16:45:00+00:00,4378.085,4383.75,4376.95,4382.9349999999995,0
2026-09-18 17:00:00+00:00,4382.950000000001,4387.375,4381.555,4385.825,0
2026-09-18 17:15:00+00:00,4385.835,4389.38,4382.9349999999995,4386.860000000001,0
2026-09-18 17:30:00+00:00,4386.879999999999,4396.7,4385.389999999999,4393.125,0
2026-09-18 17:45:00+00:00,4393.135,4397.105,4392.135,4393.219999999999,0
2026-09-18 18:00:00+00:00,4393.195,4394.43,4389.125,4392.285,0
2026-09-18 18:15:00+00:00,4392.3,4392.785,4389.13,4390.595,0
2026-09-18 18:30:00+00:00,4390.59,4390.86,4380.66,4381.08,0
2026-09-18 18:45:00+00:00,4381.075000000001,4383.9,4379.5599999999995,4382.209999999999,0
2026-09-18 19:00:00+00:00,4382.215,4386.095,4379.38,4384.335,0
2026-09-18 19:15:00+00:00,4384.355,4384.93,4378.975,4380.505,0
2026-09-18 19:30:00+00:00,4380.495,4382.48,4379.764999999999,4381.645,0
2026-09-18 19:45:00+00:00,4381.65,4383.425,4375.094999999999,4376.844999999999,0
2026-09-18 20:00:00+00:00,4376.855,4383.57,4375.65,4381.5650000000005,0
2026-09-18 20:15:00+00:00,4381.58,4383.455,4379.325000000001,4381.215,0
2026-09-18 20:30:00+00:00,4381.21,4383.08,4379.35,4381.01,0
2026-09-18 20:45:00+00:00,4380.99,4381.004999999999,4376.46,4378.165,0
2026-09-20 22:00:00+00:00,4376.66,4382.41,4373.215,4379.76,0
2026-09-20 22:15:00+00:00,4379.785,4379.785,4374.665,4376.025,0
2026-09-20 22:30:00+00:00,4376.040000000001,4377.895,4374.48,4374.59,0
2026-09-20 22:45:00+00:00,4374.645,4376.875,4373.625,4373.805,0
2026-09-20 23:00:00+00:00,4373.865,4374.889999999999,4371.035,4373.055,0
2026-09-20 23:15:00+00:00,4373.0650000000005,4374.97,4371.695,4374.5,0
2026-09-20 23:30:00+00:00,4374.48,4376.235000000001,4370.995,4371.145,0
2026-09-20 23:45:00+00:00,4371.135,4373.505,4369.0,4372.685,0
2026-09-21 00:00:00+00:00,4372.705,4372.98,4363.83,4364.445,0
2026-09-21 00:15:00+00:00,4364.475,4369.9,4358.344999999999,4367.835,0
2026-09-21 00:30:00+00:00,4367.825,4375.915,4365.855,4369.15,0
2026-09-21 00:45:00+00:00,4369.115,4371.15,4362.3099999999995,4366.795,0
2026-09-21 01:00:00+00:00,4366.844999999999,4380.674999999999,4366.49,4380.62,0
2026-09-21 01:15:00+00:00,4380.629999999999,4383.365,4374.6849999999995,4375.200000000001,0
2026-09-21 01:30:00+00:00,4375.25,4380.844999999999,4374.055,4379.4,0
2026-09-21 01:45:00+00:00,4379.41,4382.96,4375.505,4377.73,0
2026-09-21 02:00:00+00:00,4377.66,4378.055,4368.610000000001,4369.280000000001,0
2026-09-21 02:15:00+00:00,4369.255,4370.215,4361.37,4369.835,0
2026-09-21 02:30:00+00:00,4369.875,4372.675,4364.3099999999995,4366.525,0
2026-09-21 02:45:00+00:00,4366.495,4370.28,4363.055,4364.1849999999995,0
2026-09-21 03:00:00+00:00,4364.16,4367.05,4359.28,4363.475,0
2026-09-21 03:15:00+00:00,4363.469999999999,4365.8099999999995,4359.3,4360.42,0
2026-09-21 03:30:00+00:00,4360.4349999999995,4368.360000000001,4359.575000000001,4367.21,0
2026-09-21 03:45:00+00:00,4367.165,4368.165,4357.8150000000005,4359.335,0
2026-09-21 04:00:00+00:00,4359.33,4361.42,4356.23,4360.045,0
2026-09-21 04:15:00+00:00,4360.065,4365.535,4359.375,4361.57,0
2026-09-21 04:30:00+00:00,4361.59,4363.405000000001,4358.15,4362.0,0
2026-09-21 04:45:00+00:00,4361.985000000001,4362.5650000000005,4355.3150000000005,4356.215,0
2026-09-21 05:00:00+00:00,4356.215,4357.425,4352.785,4356.1900000000005,0
2026-09-21 05:15:00+00:00,4356.200000000001,4361.17,4354.17,4357.4,0
2026-09-21 05:30:00+00:00,4357.405,4362.25,4351.969999999999,4354.865,0
2026-09-21 05:45:00+00:00,4354.860000000001,4356.225,4349.33,4351.1,0
2026-09-21 06:00:00+00:00,4351.08,4355.885,4349.37,4353.23,0
2026-09-21 06:15:00+00:00,4353.225,4354.870000000001,4346.23,4347.12,0
2026-09-21 06:30:00+00:00,4347.135,4354.255,4347.095,4351.889999999999,0
2026-09-21 06:45:00+00:00,4351.88,4355.025,4350.0,4353.15,0
2026-09-21 07:00:00+00:00,4353.139999999999,4356.205,4346.005,4353.235000000001,0
2026-09-21 07:15:00+00:00,4353.195,4355.675,4347.030000000001,4350.870000000001,0
2026-09-21 07:30:00+00:00,4350.89,4355.135,4342.110000000001,4347.27,0
2026-09-21 07:45:00+00:00,4347.245,4350.08,4344.345,4344.67,0
2026-09-21 08:00:00+00:00,4344.639999999999,4353.475,4343.57,4350.674999999999,0
2026-09-21 08:15:00+00:00,4350.65,4355.450000000001,4350.120000000001,4353.1849999999995,0
2026-09-21 08:30:00+00:00,4353.1900000000005,4357.865,4351.135,4357.6,0
2026-09-21 08:45:00+00:00,4357.605,4357.6849999999995,4349.8150000000005,4353.145,0
2026-09-21 09:00:00+00:00,4353.21,4354.115,4349.594999999999,4353.969999999999,0
2026-09-21 09:15:00+00:00,4353.969999999999,4355.04,4346.475,4346.495,0
2026-09-21 09:30:00+00:00,4346.49,4348.0650000000005,4339.95,4347.505,0
2026-09-21 09:45:00+00:00,4347.51,4348.52,4343.395,4345.75,0
2026-09-21 10:00:00+00:00,4345.735,4353.44,4345.235000000001,4353.44,0
2026-09-21 10:15:00+00:00,4353.445,4357.005,4350.0650000000005,4350.945,0
2026-09-21 10:30:00+00:00,4350.965,4352.275,4347.745,4348.32,0
2026-09-21 10:45:00+00:00,4348.3099999999995,4350.74,4342.73,4342.855,0
2026-09-21 11:00:00+00:00,4342.845,4348.4400000000005,4341.87,4348.2,0
2026-09-21 11:15:00+00:00,4348.245,4355.594999999999,4348.23,4353.945,0
2026-09-21 11:30:00+00:00,4353.9349999999995,4367.51,4352.46,4366.705,0
2026-09-21 11:45:00+00:00,4366.715,4371.265,4364.91,4369.120000000001,0
2026-09-21 12:00:00+00:00,4369.105,4374.84,4362.875,4369.515,0
2026-09-21 12:15:00+00:00,4369.49,4371.02,4351.530000000001,4355.485000000001,0
2026-09-21 12:30:00+00:00,4355.49,4363.5599999999995,4351.41,4363.035,0
2026-09-21 12:45:00+00:00,4363.09,4363.719999999999,4354.01,4359.715,0
2026-09-21 13:00:00+00:00,4359.735,4364.495,4356.105,4363.0650000000005,0
2026-09-21 13:15:00+00:00,4363.04,4369.76,4360.924999999999,4364.47,0
2026-09-21 13:30:00+00:00,4364.475,4364.875,4349.295,4353.295,0
2026-09-21 13:45:00+00:00,4353.305,4356.225,4345.97,4346.18,0
2026-09-21 14:00:00+00:00,4346.1849999999995,4347.4,4322.73,4340.17,0
2026-09-21 14:15:00+00:00,4340.16,4343.0,4334.165,4341.65,0
2026-09-21 14:30:00+00:00,4341.63,4343.775,4332.219999999999,4332.45,0
2026-09-21 14:45:00+00:00,4332.4349999999995,4342.875,4332.375,4338.755,0
2026-09-21 15:00:00+00:00,4338.74,4350.62,4338.74,4349.505,0
2026-09-21 15:15:00+00:00,4349.515,4353.965,4348.365,4351.205,0
2026-09-21 15:30:00+00:00,4351.17,4356.15,4348.075000000001,4349.875,0
2026-09-21 15:45:00+00:00,4349.879999999999,4354.17,4346.389999999999,4348.05,0
2026-09-21 16:00:00+00:00,4348.110000000001,4355.91,4344.905000000001,4351.844999999999,0
2026-09-21 16:15:00+00:00,4351.855,4357.23,4349.0599999999995,4350.764999999999,0
2026-09-21 16:30:00+00:00,4350.79,4352.855,4343.459999999999,4343.895,0
2026-09-21 16:45:00+00:00,4343.879999999999,4346.965,4342.825000000001,4343.41,0
2026-09-21 17:00:00+00:00,4343.405,4347.08,4341.985,4346.33,0
2026-09-21 17:15:00+00:00,4346.34,4346.755,4341.625,4345.915,0
2026-09-21 17:30:00+00:00,4345.925,4346.594999999999,4337.615,4340.969999999999,0
2026-09-21 17:45:00+00:00,4340.955,4346.41,4339.530000000001,4344.655000000001,0
2026-09-21 18:00:00+00:00,4344.635,4351.094999999999,4344.15,4350.155,0
2026-09-21 18:15:00+00:00,4350.195,4352.58,4348.65,4350.375,0
2026-09-21 18:30:00+00:00,4350.469999999999,4351.78,4346.215,4347.26,0
2026-09-21 18:45:00+00:00,4347.255,4348.945,4345.985,4346.12,0
2026-09-21 19:00:00+00:00,4346.139999999999,4346.83,4342.15,4345.715,0
2026-09-21 19:15:00+00:00,4345.705,4350.5650000000005,4344.85,4348.875,0
2026-09-21 19:30:00+00:00,4348.889999999999,4353.725,4347.525,4348.095,0
2026-09-21 19:45:00+00:00,4348.1,4348.365,4344.715,4345.0599999999995,0
2026-09-21 20:00:00+00:00,4345.075000000001,4345.34,4341.61,4341.66,0
2026-09-21 20:15:00+00:00,4341.655,4341.969999999999,4339.985,4340.75,0
2026-09-21 20:30:00+00:00,4340.74,4342.9,4339.38,4342.030000000001,0
2026-09-21 20:45:00+00:00,4342.025,4344.305,4340.73,4343.79,0
2026-09-21 22:00:00+00:00,4348.360000000001,4350.855,4346.725,4349.91,0
2026-09-21 22:15:00+00:00,4349.87,4352.98,4349.39,4352.3099999999995,0
2026-09-21 22:30:00+00:00,4352.3150000000005,4353.254999999999,4351.5,4352.91,0
2026-09-21 22:45:00+00:00,4352.9400000000005,4365.125,4352.780000000001,4361.125,0
2026-09-21 23:00:00+00:00,4361.195,4366.26,4359.885,4360.014999999999,0
2026-09-21 23:15:00+00:00,4360.005,4364.6,4358.52,4360.235000000001,0
2026-09-21 23:30:00+00:00,4360.200000000001,4371.0599999999995,4358.1,4368.455,0
2026-09-21 23:45:00+00:00,4368.54,4370.55,4363.77,4368.79,0
2026-09-22 00:00:00+00:00,4368.700000000001,4376.295,4367.195,4370.215,0
2026-09-22 00:15:00+00:00,4370.2,4370.29,4357.709999999999,4358.305,0
2026-09-22 00:30:00+00:00,4358.32,4359.215,4348.465,4355.219999999999,0
2026-09-22 00:45:00+00:00,4355.305,4360.49,4353.174999999999,4360.4,0
2026-09-22 01:00:00+00:00,4360.365,4365.115,4353.355,4353.75,0
2026-09-22 01:15:00+00:00,4353.735000000001,4358.8150000000005,4349.950000000001,4355.745000000001,0
2026-09-22 01:30:00+00:00,4355.735000000001,4357.360000000001,4349.3150000000005,4349.52,0
2026-09-22 01:45:00+00:00,4349.54,4351.545,4343.715,4348.5650000000005,0
2026-09-22 02:00:00+00:00,4348.5599999999995,4353.135,4341.889999999999,4342.65,0
2026-09-22 02:15:00+00:00,4342.695,4352.465,4339.9,4351.719999999999,0
2026-09-22 02:30:00+00:00,4351.73,4355.93,4346.9400000000005,4347.219999999999,0
2026-09-22 02:45:00+00:00,4347.225,4347.465,4340.46,4344.98,0
2026-09-22 03:00:00+00:00,4344.96,4346.17,4339.629999999999,4345.735000000001,0
2026-09-22 03:15:00+00:00,4345.71,4346.675,4341.245,4346.32,0
2026-09-22 03:30:00+00:00,4346.3150000000005,4349.530000000001,4341.325,4342.855,0
2026-09-22 03:45:00+00:00,4342.83,4344.155000000001,4340.575,4341.695,0
2026-09-22 04:00:00+00:00,4341.674999999999,4341.889999999999,4335.295,4338.51,0
2026-09-22 04:15:00+00:00,4338.52,4339.785,4335.844999999999,4337.59,0
2026-09-22 04:30:00+00:00,4337.605,4341.174999999999,4336.33,4340.4,0
2026-09-22 04:45:00+00:00,4340.365,4343.120000000001,4338.790000000001,4342.86,0
2026-09-22 05:00:00+00:00,4342.855,4347.389999999999,4340.48,4346.525,0
2026-09-22 05:15:00+00:00,4346.514999999999,4347.095,4323.135,4332.22,0
2026-09-22 05:30:00+00:00,4332.195,4333.565,4316.35,4320.865,0
2026-09-22 05:45:00+00:00,4320.889999999999,4333.32,4320.1,4323.58,0
2026-09-22 06:00:00+00:00,4323.675,4324.455,4315.12,4319.745,0
2026-09-22 06:15:00+00:00,4319.735,4321.0599999999995,4315.85,4318.26,0
2026-09-22 06:30:00+00:00,4318.255,4321.01,4315.43,4320.21,0
2026-09-22 06:45:00+00:00,4320.245,4321.959999999999,4315.17,4318.674999999999,0
2026-09-22 07:00:00+00:00,4318.65,4323.25,4315.17,4320.629999999999,0
2026-09-22 07:15:00+00:00,4320.605,4324.415,4315.26,4315.6,0
2026-09-22 07:30:00+00:00,4315.57,4315.855,4308.9349999999995,4311.115,0
2026-09-22 07:45:00+00:00,4311.105,4315.9,4299.695,4301.3150000000005,0
2026-09-22 08:00:00+00:00,4301.344999999999,4312.09,4299.280000000001,4303.695,0
2026-09-22 08:15:00+00:00,4303.665,4307.665,4297.9400000000005,4301.219999999999,0
2026-09-22 08:30:00+00:00,4301.2,4322.015,4291.5650000000005,4320.23,0
2026-09-22 08:45:00+00:00,4320.245000000001,4335.665,4315.889999999999,4330.045,0
2026-09-22 09:00:00+00:00,4330.02,4331.12,4316.625,4318.365,0
2026-09-22 09:15:00+00:00,4318.389999999999,4323.8099999999995,4314.25,4314.475,0
2026-09-22 09:30:00+00:00,4314.465,4320.625,4312.135,4320.225,0
2026-09-22 09:45:00+00:00,4320.27,4337.969999999999,4318.955,4336.225,0
2026-09-22 10:00:00+00:00,4336.24,4338.32,4329.1900000000005,4330.639999999999,0
2026-09-22 10:15:00+00:00,4330.65,4332.485000000001,4328.280000000001,4329.515,0
2026-09-22 10:30:00+00:00,4329.525,4334.254999999999,4327.74,4330.889999999999,0
2026-09-22 10:45:00+00:00,4330.91,4331.59,4321.915,4322.075000000001,0
2026-09-22 11:00:00+00:00,4322.0650000000005,4323.59,4309.049999999999,4315.185,0
2026-09-22 11:15:00+00:00,4315.175,4318.905,4312.32,4317.860000000001,0
2026-09-22 11:30:00+00:00,4317.85,4320.43,4313.725,4317.71,0
2026-09-22 11:45:00+00:00,4317.71,4323.780000000001,4316.68,4322.8099999999995,0
2026-09-22 12:00:00+00:00,4322.84,4326.92,4320.35,4324.34,0
2026-09-22 12:15:00+00:00,4324.345,4342.695,4323.030000000001,4336.975,0
2026-09-22 12:30:00+00:00,4337.02,4344.155,4332.165,4332.165,0
2026-09-22 12:45:00+00:00,4332.115,4337.549999999999,4330.620000000001,4333.86,0
2026-09-22 13:00:00+00:00,4333.89,4342.21,4330.575000000001,4340.219999999999,0
2026-09-22 13:15:00+00:00,4340.209999999999,4342.98,4329.73,4330.735,0
2026-09-22 13:30:00+00:00,4330.73,4343.165,4327.61,4340.955,0
2026-09-22 13:45:00+00:00,4340.950000000001,4344.025,4329.8150000000005,4333.39,0
2026-09-22 14:00:00+00:00,4333.4,4338.275,4327.415,4333.615,0
2026-09-22 14:15:00+00:00,4333.6,4334.32,4325.27,4328.29,0
2026-09-22 14:30:00+00:00,4328.28,4333.43,4314.91,4320.155000000001,0
2026-09-22 14:45:00+00:00,4320.165,4328.74,4317.695,4328.0599999999995,0
2026-09-22 15:00:00+00:00,4328.09,4340.655,4325.51,4336.360000000001,0
2026-09-22 15:15:00+00:00,4336.355,4340.66,4332.165,4332.305,0
2026-09-22 15:30:00+00:00,4332.35,4333.135,4327.424999999999,4327.995,0
2026-09-22 15:45:00+00:00,4327.975,4332.17,4325.475,4331.335,0
2026-09-22 16:00:00+00:00,4331.375,4332.62,4322.78,4324.02,0
2026-09-22 16:15:00+00:00,4324.030000000001,4327.665,4323.530000000001,4326.985000000001,0
2026-09-22 16:30:00+00:00,4326.98,4332.525,4326.285,4332.264999999999,0
2026-09-22 16:45:00+00:00,4332.275,4342.095,4331.209999999999,4336.42,0
2026-09-22 17:00:00+00:00,4336.345,4341.03,4334.625,4337.84,0
2026-09-22 17:15:00+00:00,4337.860000000001,4340.360000000001,4335.55,4339.6900000000005,0
2026-09-22 17:30:00+00:00,4339.719999999999,4340.4349999999995,4334.91,4338.88,0
2026-09-22 17:45:00+00:00,4338.825,4353.125,4338.43,4350.955,0
2026-09-22 18:00:00+00:00,4350.965,4360.095,4347.57,4358.145,0
2026-09-22 18:15:00+00:00,4358.139999999999,4360.855,4353.9349999999995,4356.56,0
2026-09-22 18:30:00+00:00,4356.57,4357.344999999999,4348.895,4350.475,0
2026-09-22 18:45:00+00:00,4350.395,4354.475,4350.295,4353.370000000001,0
2026-09-22 19:00:00+00:00,4353.325000000001,4359.215,4353.200000000001,4358.45,0
2026-09-22 19:15:00+00:00,4358.43,4361.585,4356.385,4359.73,0
2026-09-22 19:30:00+00:00,4359.75,4371.38,4359.715,4369.165,0
2026-09-22 19:45:00+00:00,4369.15,4370.705,4363.545,4364.245000000001,0
2026-09-22 20:00:00+00:00,4364.275,4364.82,4358.465,4359.615,0
2026-09-22 20:15:00+00:00,4359.6,4360.7,4358.215,4359.51,0
2026-09-22 20:30:00+00:00,4359.54,4359.995,4357.68,4358.855,0
2026-09-22 20:45:00+00:00,4358.84,4360.075,4357.57,4358.665,0
2026-09-22 22:00:00+00:00,4360.765,4364.705,4360.645,4364.385,0
2026-09-22 22:15:00+00:00,4364.355,4365.275,4362.365,4364.775,0
2026-09-22 22:30:00+00:00,4364.700000000001,4365.415,4362.745,4362.905000000001,0
2026-09-22 22:45:00+00:00,4362.855,4363.15,4360.54,4362.299999999999,0
2026-09-22 23:00:00+00:00,4362.295,4364.42,4360.875,4361.605,0
2026-09-22 23:15:00+00:00,4361.629999999999,4365.67,4360.4400000000005,4363.91,0
2026-09-22 23:30:00+00:00,4363.86,4364.85,4360.764999999999,4364.02,0
2026-09-22 23:45:00+00:00,4364.049999999999,4365.8,4358.405000000001,4364.04,0
2026-09-23 00:00:00+00:00,4364.014999999999,4369.59,4361.985000000001,4365.725,0
2026-09-23 00:15:00+00:00,4365.6900000000005,4366.27,4358.77,4358.87,0
2026-09-23 00:30:00+00:00,4358.865,4361.855,4355.01,4359.299999999999,0
2026-09-23 00:45:00+00:00,4359.32,4360.88,4356.48,4357.860000000001,0
2026-09-23 01:00:00+00:00,4357.889999999999,4359.485000000001,4346.235000000001,4349.415,0
2026-09-23 01:15:00+00:00,4349.4,4349.655,4342.705,4343.745,0
2026-09-23 01:30:00+00:00,4343.75,4346.475,4341.73,4345.049999999999,0
2026-09-23 01:45:00+00:00,4345.014999999999,4346.83,4338.995000000001,4341.68,0
2026-09-23 02:00:00+00:00,4341.695,4341.695,4337.24,4337.24,0
2026-09-23 02:15:00+00:00,4337.26,4339.76,4334.415,4338.295,0
2026-09-23 02:30:00+00:00,4338.32,4339.049999999999,4333.459999999999,4337.3099999999995,0
2026-09-23 02:45:00+00:00,4337.365,4338.305,4333.27,4334.035,0
2026-09-23 03:00:00+00:00,4334.03,4339.705,4333.1900000000005,4339.105,0
2026-09-23 03:15:00+00:00,4339.13,4340.505,4335.775,4338.129999999999,0
2026-09-23 03:30:00+00:00,4338.15,4341.9,4337.389999999999,4341.530000000001,0
2026-09-23 03:45:00+00:00,4341.545,4345.77,4341.535,4342.790000000001,0
2026-09-23 04:00:00+00:00,4342.77,4347.01,4342.64,4346.105,0
2026-09-23 04:15:00+00:00,4346.07,4347.415,4344.615,4345.62,0
2026-09-23 04:30:00+00:00,4345.635,4346.84,4343.639999999999,4344.635,0
2026-09-23 04:45:00+00:00,4344.625,4347.045,4343.425,4344.225,0
2026-09-23 05:00:00+00:00,4344.21,4345.905000000001,4341.875,4342.32,0
2026-09-23 05:15:00+00:00,4342.305,4343.625,4340.12,4341.02,0
2026-09-23 05:30:00+00:00,4341.005,4342.26,4328.8099999999995,4329.235000000001,0
2026-09-23 05:45:00+00:00,4329.2,4335.370000000001,4327.905000000001,4334.85,0
2026-09-23 06:00:00+00:00,4334.805,4336.93,4329.235000000001,4330.93,0
2026-09-23 06:15:00+00:00,4330.92,4331.335,4326.045,4328.895,0
2026-09-23 06:30:00+00:00,4328.844999999999,4334.9400000000005,4328.625,4334.280000000001,0
2026-09-23 06:45:00+00:00,4334.285,4337.11,4330.35,4331.5599999999995,0
2026-09-23 07:00:00+00:00,4331.540000000001,4332.95,4324.395,4324.82,0
2026-09-23 07:15:00+00:00,4324.83,4328.63,4322.26,4323.965,0
2026-09-23 07:30:00+00:00,4323.995,4325.205,4319.65,4322.26,0
2026-09-23 07:45:00+00:00,4322.280000000001,4325.35,4318.8099999999995,4319.4400000000005,0
2026-09-23 08:00:00+00:00,4319.445,4321.42,4317.135,4319.450000000001,0
2026-09-23 08:15:00+00:00,4319.51,4322.965,4317.135,4318.98,0
2026-09-23 08:30:00+00:00,4318.959999999999,4320.25,4315.905000000001,4316.68,0
2026-09-23 08:45:00+00:00,4316.6900000000005,4319.610000000001,4315.49,4318.360000000001,0
2026-09-23 09:00:00+00:00,4318.375,4320.585,4317.389999999999,4320.0599999999995,0
2026-09-23 09:15:00+00:00,4320.045,4320.08,4315.87,4317.110000000001,0
2026-09-23 09:30:00+00:00,4317.135,4319.175,4313.215,4316.469999999999,0
2026-09-23 09:45:00+00:00,4316.47,4316.475,4308.639999999999,4314.22,0
2026-09-23 10:00:00+00:00,4314.23,4319.165,4313.85,4316.799999999999,0
2026-09-23 10:15:00+00:00,4316.795,4318.094999999999,4314.625,4317.870000000001,0
2026-09-23 10:30:00+00:00,4317.905000000001,4319.0650000000005,4314.475,4315.780000000001,0
2026-09-23 10:45:00+00:00,4315.76,4316.33,4312.29,4315.79,0
2026-09-23 11:00:00+00:00,4315.775,4317.110000000001,4312.705,4315.075000000001,0
2026-09-23 11:15:00+00:00,4315.07,4315.795,4303.85,4306.469999999999,0
2026-09-23 11:30:00+00:00,4306.469999999999,4307.2,4294.83,4304.66,0
2026-09-23 11:45:00+00:00,4304.639999999999,4310.225,4304.504999999999,4309.41,0
2026-09-23 12:00:00+00:00,4309.42,4319.105,4308.98,4318.855,0
2026-09-23 12:15:00+00:00,4318.865,4318.865,4310.1849999999995,4311.155,0
2026-09-23 12:30:00+00:00,4311.145,4311.24,4301.895,4303.844999999999,0
2026-09-23 12:45:00+00:00,4303.83,4310.93,4300.955,4309.83,0
2026-09-23 13:00:00+00:00,4309.845,4310.68,4298.025,4302.545,0
2026-09-23 13:15:00+00:00,4302.530000000001,4312.505,4301.44,4312.1849999999995,0
2026-09-23 13:30:00+00:00,4312.215,4313.53,4286.66,4292.295,0
2026-09-23 13:45:00+00:00,4292.33,4292.425,4281.014999999999,4283.9400000000005,0
2026-09-23 14:00:00+00:00,4283.92,4293.54,4282.18,4283.76,0
2026-09-23 14:15:00+00:00,4283.74,4287.715,4278.03,4280.96,0
2026-09-23 14:30:00+00:00,4280.965,4291.975,4280.665,4286.985,0
2026-09-23 14:45:00+00:00,4287.004999999999,4298.825,4284.32,4294.305,0
2026-09-23 15:00:00+00:00,4294.315,4297.545,4289.645,4294.165,0
2026-09-23 15:15:00+00:00,4294.155000000001,4295.245,4282.9400000000005,4283.4349999999995,0
2026-09-23 15:30:00+00:00,4283.46,4286.02,4279.040000000001,4284.23,0
2026-09-23 15:45:00+00:00,4284.235,4285.43,4277.49,4282.33,0
2026-09-23 16:00:00+00:00,4282.35,4284.54,4278.36,4283.355,0
2026-09-23 16:15:00+00:00,4283.35,4285.915,4282.165,4285.905000000001,0
2026-09-23 16:30:00+00:00,4285.959999999999,4289.860000000001,4285.219999999999,4286.5650000000005,0
2026-09-23 16:45:00+00:00,4286.55,4287.205,4279.105,4285.0650000000005,0
2026-09-23 17:00:00+00:00,4285.0599999999995,4285.87,4275.91,4279.030000000001,0
2026-09-23 17:15:00+00:00,4279.07,4284.209999999999,4276.799999999999,4282.295,0
2026-09-23 17:30:00+00:00,4282.26,4289.790000000001,4274.780000000001,4288.33,0
2026-09-23 17:45:00+00:00,4288.365,4293.43,4287.280000000001,4293.01,0
2026-09-23 18:00:00+00:00,4292.99,4295.030000000001,4288.09,4289.299999999999,0
2026-09-23 18:15:00+00:00,4289.27,4291.39,4283.870000000001,4286.3,0
2026-09-23 18:30:00+00:00,4286.37,4287.965,4284.285,4284.405000000001,0
2026-09-23 18:45:00+00:00,4284.4349999999995,4290.73,4283.09,4290.625,0
2026-09-23 19:00:00+00:00,4290.635,4293.55,4284.45,4284.555,0
2026-09-23 19:15:00+00:00,4284.575000000001,4287.2,4283.1900000000005,4286.82,0
2026-09-23 19:30:00+00:00,4286.845,4287.505,4281.280000000001,4282.5599999999995,0
2026-09-23 19:45:00+00:00,4282.54,4287.375,4282.215,4284.674999999999,0
2026-09-23 20:00:00+00:00,4284.695,4288.075,4283.59,4285.1900000000005,0
2026-09-23 20:15:00+00:00,4285.19,4286.139999999999,4282.655000000001,4285.475,0
2026-09-23 20:30:00+00:00,4285.48,4286.145,4282.9400000000005,4285.73,0
2026-09-23 20:45:00+00:00,4285.75,4290.530000000001,4285.094999999999,4287.370000000001,0
2026-09-23 22:00:00+00:00,4290.555,4294.469999999999,4286.83,4288.299999999999,0
2026-09-23 22:15:00+00:00,4288.455,4292.49,4287.16,4288.44,0
2026-09-23 22:30:00+00:00,4288.4349999999995,4291.45,4287.525,4289.375,0
2026-09-23 22:45:00+00:00,4289.264999999999,4291.395,4287.635,4289.51,0
2026-09-23 23:00:00+00:00,4289.48,4291.55,4288.885,4291.37,0
2026-09-23 23:15:00+00:00,4291.360000000001,4293.379999999999,4288.040000000001,4288.139999999999,0
2026-09-23 23:30:00+00:00,4288.21,4289.01,4285.18,4285.455,0
2026-09-23 23:45:00+00:00,4285.475,4291.7,4285.4400000000005,4288.719999999999,0
2026-09-24 00:00:00+00:00,4288.745,4291.935,4287.41,4289.12,0
2026-09-24 00:15:00+00:00,4289.13,4292.615,4284.155000000001,4292.280000000001,0
2026-09-24 00:30:00+00:00,4292.219999999999,4294.89,4290.3,4294.605,0
2026-09-24 00:45:00+00:00,4294.58,4299.42,4291.33,4298.5650000000005,0
2026-09-24 01:00:00+00:00,4298.57,4303.165,4289.8150000000005,4303.135,0
2026-09-24 01:15:00+00:00,4303.145,4303.485,4295.225,4299.395,0
2026-09-24 01:30:00+00:00,4299.405000000001,4301.005,4289.545,4290.01,0
2026-09-24 01:45:00+00:00,4290.035,4290.705,4277.965,4279.514999999999,0
2026-09-24 02:00:00+00:00,4279.49,4282.6,4273.635,4282.594999999999,0
2026-09-24 02:15:00+00:00,4282.6,4287.75,4282.52,4286.05,0
2026-09-24 02:30:00+00:00,4286.045,4297.1900000000005,4284.42,4295.625,0
2026-09-24 02:45:00+00:00,4295.605,4295.84,4287.215,4290.885,0
2026-09-24 03:00:00+00:00,4290.865,4293.835,4285.13,4287.129999999999,0
2026-09-24 03:15:00+00:00,4287.18,4290.735000000001,4285.255,4285.77,0
2026-09-24 03:30:00+00:00,4285.82,4287.055,4281.72,4281.88,0
2026-09-24 03:45:00+00:00,4281.875,4285.405000000001,4280.6849999999995,4285.215,0
2026-09-24 04:00:00+00:00,4285.1849999999995,4287.07,4281.9349999999995,4284.99,0
2026-09-24 04:15:00+00:00,4284.995,4288.365,4284.29,4286.395,0
2026-09-24 04:30:00+00:00,4286.38,4289.18,4285.955,4286.515,0
2026-09-24 04:45:00+00:00,4286.52,4290.52,4286.049999999999,4289.7,0
2026-09-24 05:00:00+00:00,4289.71,4296.34,4289.71,4290.235000000001,0
2026-09-24 05:15:00+00:00,4290.25,4291.3150000000005,4286.145,4290.965,0
2026-09-24 05:30:00+00:00,4290.96,4291.42,4280.545,4281.219999999999,0
2026-09-24 05:45:00+00:00,4281.21,4285.66,4277.35,4279.139999999999,0
2026-09-24 06:00:00+00:00,4279.129999999999,4286.875,4278.924999999999,4282.1849999999995,0
2026-09-24 06:15:00+00:00,4282.295,4286.795,4280.495,4282.335,0
2026-09-24 06:30:00+00:00,4282.245,4283.73,4275.47,4277.54,0
2026-09-24 06:45:00+00:00,4277.6,4278.195,4274.265,4276.299999999999,0
2026-09-24 07:00:00+00:00,4276.3099999999995,4285.135,4274.375,4284.0,0
2026-09-24 07:15:00+00:00,4284.015,4288.1,4281.235000000001,4285.05,0
2026-09-24 07:30:00+00:00,4285.055,4288.004999999999,4280.12,4283.32,0
2026-09-24 07:45:00+00:00,4283.26,4285.82,4276.115,4278.66,0
2026-09-24 08:00:00+00:00,4278.615,4285.615,4276.525,4277.715,0
2026-09-24 08:15:00+00:00,4277.675,4279.48,4262.74,4264.69,0
2026-09-24 08:30:00+00:00,4264.66,4273.84,4263.89,4268.245000000001,0
2026-09-24 08:45:00+00:00,4268.21,4270.645,4260.51,4261.205,0
2026-09-24 09:00:00+00:00,4261.219999999999,4267.54,4258.860000000001,4263.264999999999,0
2026-09-24 09:15:00+00:00,4263.295,4265.639999999999,4255.215,4255.785,0
2026-09-24 09:30:00+00:00,4255.79,4260.51,4251.045,4252.13,0
2026-09-24 09:45:00+00:00,4252.125,4256.45,4251.985000000001,4255.28,0
2026-09-24 10:00:00+00:00,4255.264999999999,4259.23,4250.365,4252.49,0
2026-09-24 10:15:00+00:00,4252.459999999999,4255.139999999999,4245.02,4245.889999999999,0
2026-09-24 10:30:00+00:00,4245.905,4262.65,4244.125,4258.59,0
2026-09-24 10:45:00+00:00,4258.585,4264.23,4256.055,4258.23,0
2026-09-24 11:00:00+00:00,4258.200000000001,4260.46,4251.860000000001,4258.88,0
2026-09-24 11:15:00+00:00,4258.91,4267.95,4256.9400000000005,4263.73,0
2026-09-24 11:30:00+00:00,4263.674999999999,4266.25,4258.379999999999,4260.77,0
2026-09-24 11:45:00+00:00,4260.8150000000005,4266.4,4259.014999999999,4265.835,0
2026-09-24 12:00:00+00:00,4265.84,4269.92,4260.68,4269.125,0
2026-09-24 12:15:00+00:00,4269.0,4272.1849999999995,4266.905000000001,4271.435,0
2026-09-24 12:30:00+00:00,4271.385,4274.46,4264.96,4271.985,0
2026-09-24 12:45:00+00:00,4271.995,4283.385,4271.32,4281.030000000001,0
2026-09-24 13:00:00+00:00,4281.0650000000005,4285.16,4277.045,4278.379999999999,0
2026-09-24 13:15:00+00:00,4278.375,4279.42,4275.385,4276.35,0
2026-09-24 13:30:00+00:00,4276.360000000001,4278.015,4267.58,4273.555,0
2026-09-24 13:45:00+00:00,4273.58,4276.6900000000005,4264.77,4267.465,0
2026-09-24 14:00:00+00:00,4267.530000000001,4273.445,4265.145,4269.639999999999,0
2026-09-24 14:15:00+00:00,4269.62,4271.5650000000005,4260.945,4267.280000000001,0
2026-09-24 14:30:00+00:00,4267.32,4267.66,4254.215,4256.545,0
2026-09-24 14:45:00+00:00,4256.555,4262.08,4252.705,4253.4400000000005,0
2026-09-24 15:00:00+00:00,4253.425,4254.285,4244.83,4247.01,0
2026-09-24 15:15:00+00:00,4247.025,4255.62,4246.469999999999,4250.639999999999,0
2026-09-24 15:30:00+00:00,4250.655,4255.639999999999,4246.485000000001,4255.275,0
2026-09-24 15:45:00+00:00,4255.245,4260.5599999999995,4253.385,4256.745,0
2026-09-24 16:00:00+00:00,4256.74,4258.43,4252.6900000000005,4255.885,0
2026-09-24 16:15:00+00:00,4255.955,4288.765,4255.955,4275.905,0
2026-09-24 16:30:00+00:00,4275.875,4285.605,4270.635,4274.33,0
2026-09-24 16:45:00+00:00,4274.43,4278.915,4271.095,4273.035,0
2026-09-24 17:00:00+00:00,4272.99,4277.98,4266.605,4271.225,0
2026-09-24 17:15:00+00:00,4271.245,4271.37,4259.215,4263.125,0
2026-09-24 17:30:00+00:00,4263.1,4267.245,4258.32,4259.13,0
2026-09-24 17:45:00+00:00,4259.105,4265.995000000001,4257.965,4264.860000000001,0
2026-09-24 18:00:00+00:00,4264.855,4270.0650000000005,4256.365,4269.639999999999,0
2026-09-24 18:15:00+00:00,4269.610000000001,4275.495,4267.2,4274.67,0
2026-09-24 18:30:00+00:00,4274.66,4281.78,4267.8150000000005,4271.32,0
2026-09-24 18:45:00+00:00,4271.34,4277.0599999999995,4270.335,4271.745000000001,0
2026-09-24 19:00:00+00:00,4271.74,4272.545,4266.9400000000005,4267.805,0
2026-09-24 19:15:00+00:00,4267.785,4275.83,4267.75,4272.174999999999,0
2026-09-24 19:30:00+00:00,4272.2,4275.84,4271.43,4274.6,0
2026-09-24 19:45:00+00:00,4274.57,4276.115,4272.545,4273.799999999999,0
2026-09-24 20:00:00+00:00,4273.85,4274.74,4269.88,4270.110000000001,0
2026-09-24 20:15:00+00:00,4270.07,4270.89,4264.57,4265.645,0
2026-09-24 20:30:00+00:00,4265.665,4271.68,4265.389999999999,4270.92,0
2026-09-24 20:45:00+00:00,4270.96,4275.360000000001,4270.355,4273.889999999999,0
2026-09-24 22:00:00+00:00,4274.575,4275.755,4270.275,4270.49,0
2026-09-24 22:15:00+00:00,4270.46,4271.715,4267.955,4271.21,0
2026-09-24 22:30:00+00:00,4271.23,4273.139999999999,4268.92,4271.004999999999,0
2026-09-24 22:45:00+00:00,4271.01,4274.505,4270.96,4272.700000000001,0
2026-09-24 23:00:00+00:00,4272.705,4275.49,4272.035,4273.38,0
2026-09-24 23:15:00+00:00,4273.325000000001,4275.225,4271.5650000000005,4272.049999999999,0
2026-09-24 23:30:00+00:00,4272.03,4276.17,4270.91,4274.6,0
2026-09-24 23:45:00+00:00,4274.575,4274.575,4264.9,4265.105,0
2026-09-25 00:00:00+00:00,4265.09,4270.43,4264.365,4266.504999999999,0
2026-09-25 00:15:00+00:00,4266.475,4270.735000000001,4265.030000000001,4270.43,0
2026-09-25 00:30:00+00:00,4270.445,4272.5599999999995,4267.030000000001,4271.615,0
2026-09-25 00:45:00+00:00,4271.610000000001,4281.094999999999,4270.525,4278.49,0
2026-09-25 01:00:00+00:00,4278.525,4290.505,4277.08,4289.889999999999,0
2026-09-25 01:15:00+00:00,4289.92,4294.41,4288.6849999999995,4293.719999999999,0
2026-09-25 01:30:00+00:00,4293.715,4295.82,4291.635,4292.595,0
2026-09-25 01:45:00+00:00,4292.59,4292.64,4286.575,4287.915,0
2026-09-25 02:00:00+00:00,4287.945,4295.3099999999995,4287.8,4290.22,0
2026-09-25 02:15:00+00:00,4290.215,4292.52,4288.055,4288.195,0
2026-09-25 02:30:00+00:00,4288.19,4288.9400000000005,4282.424999999999,4286.125,0
2026-09-25 02:45:00+00:00,4286.105,4286.415,4277.9,4283.775,0
2026-09-25 03:00:00+00:00,4283.82,4286.295,4282.155,4282.48,0
2026-09-25 03:15:00+00:00,4282.49,4284.5599999999995,4278.110000000001,4278.125,0
2026-09-25 03:30:00+00:00,4278.120000000001,4278.4,4273.455,4273.57,0
2026-09-25 03:45:00+00:00,4273.55,4274.245,4269.425,4270.125,0
2026-09-25 04:00:00+00:00,4270.115,4271.925,4268.325,4268.370000000001,0
2026-09-25 04:15:00+00:00,4268.38,4272.0650000000005,4267.715,4271.41,0
2026-09-25 04:30:00+00:00,4271.42,4273.725,4270.219999999999,4272.21,0
2026-09-25 04:45:00+00:00,4272.215,4273.66,4262.72,4263.08,0
2026-09-25 05:00:00+00:00,4263.09,4264.16,4256.38,4257.285,0
2026-09-25 05:15:00+00:00,4257.32,4265.105,4257.004999999999,4264.135,0
2026-09-25 05:30:00+00:00,4264.125,4275.535,4263.12,4274.655000000001,0
2026-09-25 05:45:00+00:00,4274.66,4275.719999999999,4265.705,4266.795,0
2026-09-25 06:00:00+00:00,4266.79,4275.594999999999,4266.165,4274.695,0
2026-09-25 06:15:00+00:00,4274.725,4281.665,4274.370000000001,4275.18,0
2026-09-25 06:30:00+00:00,4275.174999999999,4278.16,4274.375,4276.955,0
2026-09-25 06:45:00+00:00,4276.965,4278.035,4274.695,4275.745,0
2026-09-25 07:00:00+00:00,4275.76,4280.27,4273.225,4275.764999999999,0
2026-09-25 07:15:00+00:00,4275.74,4277.495,4271.67,4274.055,0
2026-09-25 07:30:00+00:00,4274.07,4280.01,4271.14,4276.65,0
2026-09-25 07:45:00+00:00,4276.67,4282.125,4276.605,4279.845,0
2026-09-25 08:00:00+00:00,4279.825000000001,4282.4,4275.030000000001,4281.71,0
2026-09-25 08:15:00+00:00,4281.6900000000005,4284.780000000001,4278.805,4284.325000000001,0
2026-09-25 08:30:00+00:00,4284.32,4292.615,4283.6849999999995,4292.33,0
2026-09-25 08:45:00+00:00,4292.344999999999,4297.27,4290.245000000001,4293.514999999999,0
2026-09-25 09:00:00+00:00,4293.475,4297.955,4293.01,4294.049999999999,0
2026-09-25 09:15:00+00:00,4294.02,4296.725,4289.615,4290.82,0
2026-09-25 09:30:00+00:00,4290.83,4297.625,4290.26,4294.76,0
2026-09-25 09:45:00+00:00,4294.719999999999,4295.395,4291.07,4295.375,0
2026-09-25 10:00:00+00:00,4295.385,4308.445,4293.96,4307.24,0
2026-09-25 10:15:00+00:00,4307.17,4309.805,4303.795,4308.139999999999,0
2026-09-25 10:30:00+00:00,4308.15,4309.145,4302.16,4305.285,0
2026-09-25 10:45:00+00:00,4305.29,4311.924999999999,4304.095,4311.0599999999995,0
2026-09-25 11:00:00+00:00,4311.09,4315.905000000001,4309.68,4312.62,0
2026-09-25 11:15:00+00:00,4312.615,4314.195,4304.45,4304.705,0
2026-09-25 11:30:00+00:00,4304.67,4308.97,4299.91,4301.805,0
2026-09-25 11:45:00+00:00,4301.825,4305.610000000001,4300.1,4303.025,0
2026-09-25 12:00:00+00:00,4303.015,4305.135,4297.87,4299.875,0
2026-09-25 12:15:00+00:00,4299.889999999999,4309.425,4297.535,4306.6,0
2026-09-25 12:30:00+00:00,4306.639999999999,4306.995,4297.379999999999,4301.969999999999,0
2026-09-25 12:45:00+00:00,4301.95,4308.8150000000005,4296.605,4298.145,0
2026-09-25 13:00:00+00:00,4298.165,4299.450000000001,4291.665,4293.135,0
2026-09-25 13:15:00+00:00,4293.13,4294.03,4277.799999999999,4277.860000000001,0
2026-09-25 13:30:00+00:00,4277.855,4284.53,4273.515,4278.85,0
2026-09-25 13:45:00+00:00,4278.825000000001,4283.725,4274.3150000000005,4275.305,0
2026-09-25 14:00:00+00:00,4275.360000000001,4277.99,4254.290000000001,4267.475,0
2026-09-25 14:15:00+00:00,4267.505,4270.915,4259.8,4265.98,0
2026-09-25 14:30:00+00:00,4265.995,4273.4349999999995,4262.82,4273.39,0
2026-09-25 14:45:00+00:00,4273.38,4280.95,4269.96,4279.094999999999,0
2026-09-25 15:00:00+00:00,4279.045,4282.79,4274.285,4280.035,0
2026-09-25 15:15:00+00:00,4280.09,4281.485000000001,4272.655000000001,4279.605,0
2026-09-25 15:30:00+00:00,4279.715,4285.955,4274.905,4275.185,0
2026-09-25 15:45:00+00:00,4275.21,4290.845,4270.105,4290.705,0
2026-09-25 16:00:00+00:00,4290.725,4300.514999999999,4287.195,4290.555,0
2026-09-25 16:15:00+00:00,4290.5650000000005,4292.97,4284.76,4292.255,0
2026-09-25 16:30:00+00:00,4292.27,4293.035,4279.725,4287.31,0
2026-09-25 16:45:00+00:00,4287.295,4288.09,4281.665,4286.525,0
2026-09-25 17:00:00+00:00,4286.54,4292.975,4285.355,4291.424999999999,0
2026-09-25 17:15:00+00:00,4291.41,4293.13,4285.04,4286.6900000000005,0
2026-09-25 17:30:00+00:00,4286.6849999999995,4288.27,4279.545,4285.74,0
2026-09-25 17:45:00+00:00,4285.71,4286.905,4282.09,4283.475,0
2026-09-25 18:00:00+00:00,4283.48,4285.780000000001,4282.955,4284.8150000000005,0
2026-09-25 18:15:00+00:00,4284.825,4290.3150000000005,4284.23,4287.5599999999995,0
2026-09-25 18:30:00+00:00,4287.57,4294.195,4287.245,4291.805,0
2026-09-25 18:45:00+00:00,4291.8150000000005,4296.275,4290.715,4295.055,0
2026-09-25 19:00:00+00:00,4295.035,4297.15,4288.77,4296.555,0
2026-09-25 19:15:00+00:00,4296.575,4296.875,4287.865,4288.905,0
2026-09-25 19:30:00+00:00,4288.93,4294.285,4287.68,4292.344999999999,0
2026-09-25 19:45:00+00:00,4292.365,4294.39,4289.33,4291.4349999999995,0
2026-09-25 20:00:00+00:00,4291.42,4292.18,4289.879999999999,4290.65,0
2026-09-25 20:15:00+00:00,4290.645,4291.13,4286.695,4287.255,0
2026-09-25 20:30:00+00:00,4287.26,4287.415,4284.98,4284.98,0
2026-09-25 20:45:00+00:00,4284.969999999999,4287.32,4284.42,4285.54,0
2026-09-27 22:00:00+00:00,4269.525,4275.280000000001,4265.1900000000005,4266.22,0
2026-09-27 22:15:00+00:00,4266.25,4270.575,4266.195,4268.719999999999,0
2026-09-27 22:30:00+00:00,4268.705,4269.110000000001,4261.645,4261.73,0
2026-09-27 22:45:00+00:00,4261.725,4263.5650000000005,4258.219999999999,4260.360000000001,0
2026-09-27 23:00:00+00:00,4260.335,4266.4,4257.41,4264.965,0
2026-09-27 23:15:00+00:00,4265.025,4265.945,4262.545,4263.445,0
2026-09-27 23:30:00+00:00,4263.41,4263.905000000001,4259.110000000001,4260.485000000001,0
2026-09-27 23:45:00+00:00,4260.48,4265.139999999999,4259.385,4260.71,0
2026-09-28 00:00:00+00:00,4260.695,4261.325000000001,4253.455,4256.45,0
2026-09-28 00:15:00+00:00,4256.4400000000005,4257.47,4250.24,4250.26,0
2026-09-28 00:30:00+00:00,4250.264999999999,4250.355,4228.610000000001,4236.514999999999,0
2026-09-28 00:45:00+00:00,4236.495,4239.395,4227.43,4230.9349999999995,0
2026-09-28 01:00:00+00:00,4230.925,4231.48,4214.385,4220.825,0
2026-09-28 01:15:00+00:00,4220.780000000001,4225.84,4216.2,4220.73,0
2026-09-28 01:30:00+00:00,4220.725,4223.75,4208.405,4209.645,0
2026-09-28 01:45:00+00:00,4209.6900000000005,4217.875,4206.08,4216.355,0
2026-09-28 02:00:00+00:00,4216.385,4217.655,4210.655000000001,4216.045,0
2026-09-28 02:15:00+00:00,4216.035,4217.655000000001,4214.305,4215.205,0
2026-09-28 02:30:00+00:00,4215.215,4215.735000000001,4205.465,4207.295,0
2026-09-28 02:45:00+00:00,4207.22,4208.8150000000005,4194.35,4196.92,0
2026-09-28 03:00:00+00:00,4196.924999999999,4203.219999999999,4195.35,4200.405000000001,0
2026-09-28 03:15:00+00:00,4200.415,4201.335,4194.225,4196.26,0
2026-09-28 03:30:00+00:00,4196.27,4198.139999999999,4191.43,4193.49,0
2026-09-28 03:45:00+00:00,4193.46,4199.6,4191.405000000001,4196.965,0
2026-09-28 04:00:00+00:00,4196.969999999999,4199.77,4195.209999999999,4199.58,0
2026-09-28 04:15:00+00:00,4199.655,4199.865,4195.625,4199.700000000001,0
2026-09-28 04:30:00+00:00,4199.68,4200.33,4196.290000000001,4198.485000000001,0
2026-09-28 04:45:00+00:00,4198.5,4199.085,4194.49,4195.09,0
2026-09-28 05:00:00+00:00,4195.1,4198.225,4189.92,4192.735,0
2026-09-28 05:15:00+00:00,4192.715,4194.764999999999,4185.345,4190.85,0
2026-09-28 05:30:00+00:00,4190.845,4190.845,4180.299999999999,4183.655000000001,0
2026-09-28 05:45:00+00:00,4183.665,4184.855,4178.879999999999,4179.71,0
2026-09-28 06:00:00+00:00,4179.7,4181.645,4175.3150000000005,4179.15,0
2026-09-28 06:15:00+00:00,4179.155000000001,4179.985,4169.3150000000005,4170.115,0
2026-09-28 06:30:00+00:00,4170.1,4177.705,4168.74,4171.715,0
2026-09-28 06:45:00+00:00,4171.705,4176.585,4161.955,4164.3150000000005,0
2026-09-28 07:00:00+00:00,4164.3099999999995,4166.46,4160.335,4161.24,0
2026-09-28 07:15:00+00:00,4161.219999999999,4164.62,4156.52,4158.23,0
2026-09-28 07:30:00+00:00,4158.24,4160.0650000000005,4152.465,4153.98,0
2026-09-28 07:45:00+00:00,4154.014999999999,4160.595,4150.865,4155.68,0
2026-09-28 08:00:00+00:00,4155.74,4159.3099999999995,4151.375,4156.870000000001,0
2026-09-28 08:15:00+00:00,4156.895,4157.07,4143.165,4144.865,0
2026-09-28 08:30:00+00:00,4144.88,4151.33,4142.59,4149.08,0
2026-09-28 08:45:00+00:00,4149.085,4153.174999999999,4144.525,4144.57,0
2026-09-28 09:00:00+00:00,4144.5650000000005,4147.51,4140.735000000001,4144.5,0
2026-09-28 09:15:00+00:00,4144.49,4149.0650000000005,4141.57,4146.535,0
2026-09-28 09:30:00+00:00,4146.49,4151.175,4142.135,4149.95,0
2026-09-28 09:45:00+00:00,4149.925,4157.725,4149.85,4155.865,0
2026-09-28 10:00:00+00:00,4155.905000000001,4159.3,4153.475,4155.45,0
2026-09-28 10:15:00+00:00,4155.4349999999995,4158.790000000001,4151.84,4158.49,0
2026-09-28 10:30:00+00:00,4158.52,4159.575000000001,4154.765,4156.049999999999,0
2026-09-28 10:45:00+00:00,4156.08,4159.540000000001,4154.44,4155.674999999999,0
2026-09-28 11:00:00+00:00,4155.68,4160.515,4148.67,4150.22,0
2026-09-28 11:15:00+00:00,4150.225,4155.93,4148.18,4155.675,0
2026-09-28 11:30:00+00:00,4155.7,4155.715,4148.49,4151.860000000001,0
2026-09-28 11:45:00+00:00,4151.879999999999,4154.865,4147.715,4148.8099999999995,0
2026-09-28 12:00:00+00:00,4148.805,4167.585,4146.695,4165.885,0
2026-09-28 12:15:00+00:00,4165.895,4171.245000000001,4154.014999999999,4154.43,0
2026-09-28 12:30:00+00:00,4154.455,4154.844999999999,4143.205,4145.305,0
2026-09-28 12:45:00+00:00,4145.32,4156.05,4143.79,4154.469999999999,0
2026-09-28 13:00:00+00:00,4154.49,4154.6849999999995,4145.299999999999,4147.8099999999995,0
2026-09-28 13:15:00+00:00,4147.775,4150.09,4141.65,4142.115,0
2026-09-28 13:30:00+00:00,4142.030000000001,4151.594999999999,4136.325000000001,4151.13,0
2026-09-28 13:45:00+00:00,4151.105,4160.695,4149.62,4157.405000000001,0
2026-09-28 14:00:00+00:00,4157.4,4157.4349999999995,4138.165,4138.885,0
2026-09-28 14:15:00+00:00,4138.84,4144.415,4136.74,4142.795,0
2026-09-28 14:30:00+00:00,4142.79,4142.8150000000005,4122.9,4123.280000000001,0
2026-09-28 14:45:00+00:00,4123.32,4123.8099999999995,4110.83,4118.34,0
2026-09-28 15:00:00+00:00,4118.35,4124.23,4116.205,4120.15,0
2026-09-28 15:15:00+00:00,4120.18,4128.48,4119.73,4125.34,0
2026-09-28 15:30:00+00:00,4125.325000000001,4126.0,4119.055,4119.91,0
2026-09-28 15:45:00+00:00,4119.94,4124.48,4115.505,4124.25,0
2026-09-28 16:00:00+00:00,4124.24,4124.780000000001,4117.5650000000005,4117.674999999999,0
2026-09-28 16:15:00+00:00,4117.67,4148.25,4116.66,4143.205,0
2026-09-28 16:30:00+00:00,4143.16,4145.290000000001,4131.264999999999,4131.88,0
2026-09-28 16:45:00+00:00,4131.87,4134.74,4128.335,4129.93,0
2026-09-28 17:00:00+00:00,4129.9400000000005,4146.66,4126.16,4141.6849999999995,0
2026-09-28 17:15:00+00:00,4141.665,4141.86,4133.82,4135.4349999999995,0
2026-09-28 17:30:00+00:00,4135.4400000000005,4139.295,4133.99,4137.465,0
2026-09-28 17:45:00+00:00,4137.445,4140.145,4134.155000000001,4134.389999999999,0
2026-09-28 18:00:00+00:00,4134.385,4138.695,4133.8099999999995,4135.995000000001,0
2026-09-28 18:15:00+00:00,4136.005,4137.655000000001,4133.98,4135.02,0
2026-09-28 18:30:00+00:00,4135.02,4139.335,4131.795,4138.83,0
2026-09-28 18:45:00+00:00,4138.8150000000005,4141.905,4137.005,4139.125,0
2026-09-28 19:00:00+00:00,4139.13,4139.46,4130.885,4132.535,0
2026-09-28 19:15:00+00:00,4132.530000000001,4136.625,4130.885,4133.6849999999995,0
2026-09-28 19:30:00+00:00,4133.67,4135.095,4128.48,4129.5,0
2026-09-28 19:45:00+00:00,4129.51,4129.525,4122.47,4123.285,0
2026-09-28 20:00:00+00:00,4123.25,4123.719999999999,4117.46,4121.764999999999,0
2026-09-28 20:15:00+00:00,4121.73,4123.645,4117.200000000001,4117.985000000001,0
2026-09-28 20:30:00+00:00,4118.02,4118.67,4113.75,4113.865,0
2026-09-28 20:45:00+00:00,4113.84,4115.64,4111.445,4115.235000000001,0
2026-09-28 22:00:00+00:00,4116.360000000001,4123.195,4115.525,4122.610000000001,0
2026-09-28 22:15:00+00:00,4122.594999999999,4126.799999999999,4122.345,4125.4400000000005,0
2026-09-28 22:30:00+00:00,4125.465,4125.625,4121.325,4123.975,0
2026-09-28 22:45:00+00:00,4123.955,4125.2,4120.315,4121.515,0
2026-09-28 23:00:00+00:00,4121.545,4125.625,4121.35,4125.275,0
2026-09-28 23:15:00+00:00,4125.25,4129.21,4124.07,4128.45,0
2026-09-28 23:30:00+00:00,4128.43,4129.105,4125.77,4126.455,0
2026-09-28 23:45:00+00:00,4126.415,4127.61,4122.205,4127.4400000000005,0
2026-09-29 00:00:00+00:00,4127.445,4128.1849999999995,4120.5,4122.42,0
2026-09-29 00:15:00+00:00,4122.425,4122.865,4114.67,4121.35,0
2026-09-29 00:30:00+00:00,4121.405,4126.475,4119.41,4120.6,0
2026-09-29 00:45:00+00:00,4120.595,4122.200000000001,4114.585,4118.135,0
2026-09-29 01:00:00+00:00,4118.12,4125.325000000001,4113.585,4124.57,0
2026-09-29 01:15:00+00:00,4124.57,4132.04,4116.905,4130.345,0
2026-09-29 01:30:00+00:00,4130.355,4134.094999999999,4124.4349999999995,4134.025,0
2026-09-29 01:45:00+00:00,4134.0650000000005,4137.245,4130.41,4135.46,0
2026-09-29 02:00:00+00:00,4135.45,4136.504999999999,4126.6849999999995,4131.995,0
2026-09-29 02:15:00+00:00,4131.975,4136.165,4130.9349999999995,4134.98,0
2026-09-29 02:30:00+00:00,4134.969999999999,4138.115,4133.014999999999,4136.41,0
2026-09-29 02:45:00+00:00,4136.405000000001,4139.265,4135.5,4137.52,0
2026-09-29 03:00:00+00:00,4137.515,4139.45,4133.885,4135.0599999999995,0
2026-09-29 03:15:00+00:00,4135.0650000000005,4140.105,4133.77,4139.65,0
2026-09-29 03:30:00+00:00,4139.645,4140.48,4136.38,4136.95,0
2026-09-29 03:45:00+00:00,4136.965,4137.51,4131.4400000000005,4134.155000000001,0
2026-09-29 04:00:00+00:00,4134.135,4134.385,4129.83,4131.335,0
2026-09-29 04:15:00+00:00,4131.32,4132.34,4128.71,4130.03,0
2026-09-29 04:30:00+00:00,4130.014999999999,4132.0599999999995,4124.85,4126.865,0
2026-09-29 04:45:00+00:00,4126.91,4128.895,4125.885,4126.6900000000005,0
2026-09-29 05:00:00+00:00,4126.665,4130.5650000000005,4126.01,4128.4400000000005,0
2026-09-29 05:15:00+00:00,4128.469999999999,4133.209999999999,4126.895,4130.530000000001,0
2026-09-29 05:30:00+00:00,4130.514999999999,4140.639999999999,4122.04,4138.67,0
2026-09-29 05:45:00+00:00,4138.66,4145.24,4134.125,4138.955,0
2026-09-29 06:00:00+00:00,4138.965,4148.38,4138.639999999999,4146.98,0
2026-09-29 06:15:00+00:00,4146.965,4147.995,4140.41,4143.35,0
2026-09-29 06:30:00+00:00,4143.325000000001,4145.65,4141.655000000001,4143.705,0
2026-09-29 06:45:00+00:00,4143.725,4143.725,4138.96,4140.215,0
2026-09-29 07:00:00+00:00,4140.24,4145.28,4136.195,4144.1,0
2026-09-29 07:15:00+00:00,4144.105,4149.195,4142.535,4146.745,0
2026-09-29 07:30:00+00:00,4146.725,4148.995,4141.05,4142.62,0
2026-09-29 07:45:00+00:00,4142.635,4143.639999999999,4139.41,4141.1849999999995,0
2026-09-29 08:00:00+00:00,4141.17,4143.905,4137.84,4140.9349999999995,0
2026-09-29 08:15:00+00:00,4140.93,4146.755,4139.875,4142.075000000001,0
2026-09-29 08:30:00+00:00,4142.055,4142.51,4137.85,4140.27,0
2026-09-29 08:45:00+00:00,4140.245,4142.200000000001,4137.59,4139.62,0
2026-09-29 09:00:00+00:00,4139.6,4145.0,4139.09,4140.4349999999995,0
2026-09-29 09:15:00+00:00,4140.465,4143.98,4139.855,4140.085,0
2026-09-29 09:30:00+00:00,4140.139999999999,4146.19,4139.33,4145.59,0
2026-09-29 09:45:00+00:00,4145.605,4148.41,4141.945,4145.57,0
2026-09-29 10:00:00+00:00,4145.59,4150.77,4143.025,4148.98,0
2026-09-29 10:15:00+00:00,4148.995,4150.040000000001,4146.95,4150.040000000001,0
2026-09-29 10:30:00+00:00,4150.07,4151.135,4147.360000000001,4150.98,0
2026-09-29 10:45:00+00:00,4150.96,4154.785,4149.83,4153.8,0
2026-09-29 11:00:00+00:00,4153.79,4157.014999999999,4152.79,4157.014999999999,0
2026-09-29 11:15:00+00:00,4157.040000000001,4161.505,4156.389999999999,4159.65,0
2026-09-29 11:30:00+00:00,4159.675,4159.764999999999,4150.969999999999,4151.96,0
2026-09-29 11:45:00+00:00,4151.99,4160.865,4149.84,4153.450000000001,0
2026-09-29 12:00:00+00:00,4153.495,4158.96,4150.860000000001,4152.915,0
2026-09-29 12:15:00+00:00,4152.91,4157.155,4148.605,4154.96,0
2026-09-29 12:30:00+00:00,4154.96,4159.02,4151.110000000001,4156.75,0
2026-09-29 12:45:00+00:00,4156.755,4156.825,4149.6849999999995,4151.09,0
2026-09-29 13:00:00+00:00,4151.09,4159.71,4150.545,4159.18,0
2026-09-29 13:15:00+00:00,4159.17,4160.025,4154.495,4154.98,0
2026-09-29 13:30:00+00:00,4154.99,4163.465,4152.745,4155.635,0
2026-09-29 13:45:00+00:00,4155.59,4164.515,4153.58,4157.475,0
2026-09-29 14:00:00+00:00,4157.59,4169.405000000001,4157.35,4166.51,0
2026-09-29 14:15:00+00:00,4166.5,4175.335,4165.305,4172.6900000000005,0
2026-09-29 14:30:00+00:00,4172.675,4174.68,4162.855,4167.85,0
2026-09-29 14:45:00+00:00,4167.84,4172.389999999999,4162.82,4170.48,0
2026-09-29 15:00:00+00:00,4170.450000000001,4170.65,4160.95,4162.225,0
2026-09-29 15:15:00+00:00,4162.22,4163.045,4148.345,4152.43,0
2026-09-29 15:30:00+00:00,4152.445,4159.145,4150.895,4155.46,0
2026-09-29 15:45:00+00:00,4155.465,4162.09,4153.719999999999,4158.26,0
2026-09-29 16:00:00+00:00,4158.245,4158.99,4150.4349999999995,4150.635,0
2026-09-29 16:15:00+00:00,4150.629999999999,4154.8,4149.3150000000005,4153.700000000001,0
2026-09-29 16:30:00+00:00,4153.719999999999,4155.16,4147.43,4147.5,0
2026-09-29 16:45:00+00:00,4147.5,4150.76,4144.4,4145.695,0
2026-09-29 17:00:00+00:00,4145.69,4148.205,4144.389999999999,4147.360000000001,0
2026-09-29 17:15:00+00:00,4147.33,4148.695,4145.825,4148.389999999999,0
2026-09-29 17:30:00+00:00,4148.385,4149.245,4143.65,4144.98,0
2026-09-29 17:45:00+00:00,4145.0,4147.525,4142.375,4144.129999999999,0
2026-09-29 18:00:00+00:00,4144.110000000001,4167.91,4144.094999999999,4166.13,0
2026-09-29 18:15:00+00:00,4166.14,4170.055,4162.450000000001,4165.84,0
2026-09-29 18:30:00+00:00,4165.799999999999,4175.645,4160.205,4170.43,0
2026-09-29 18:45:00+00:00,4170.44,4172.54,4164.68,4171.049999999999,0
2026-09-29 19:00:00+00:00,4171.01,4173.54,4167.895,4168.655,0
2026-09-29 19:15:00+00:00,4168.665,4171.83,4167.870000000001,4171.59,0
2026-09-29 19:30:00+00:00,4171.535,4173.969999999999,4169.67,4172.67,0
2026-09-29 19:45:00+00:00,4172.655,4177.610000000001,4169.985,4177.4349999999995,0
2026-09-29 20:00:00+00:00,4177.465,4177.514999999999,4172.215,4172.22,0
2026-09-29 20:15:00+00:00,4172.225,4176.5650000000005,4171.735000000001,4175.795,0
2026-09-29 20:30:00+00:00,4175.8150000000005,4185.174999999999,4175.035,4185.174999999999,0
2026-09-29 20:45:00+00:00,4185.15,4185.225,4179.23,4181.91,0
2026-09-29 22:00:00+00:00,4184.110000000001,4184.110000000001,4180.094999999999,4181.6849999999995,0
2026-09-29 22:15:00+00:00,4181.6900000000005,4182.639999999999,4179.92,4180.139999999999,0
2026-09-29 22:30:00+00:00,4180.165,4180.4,4176.87,4177.76,0
2026-09-29 22:45:00+00:00,4177.725,4180.264999999999,4177.51,4178.8099999999995,0
2026-09-29 23:00:00+00:00,4178.865,4182.255,4178.865,4182.24,0
2026-09-29 23:15:00+00:00,4182.3150000000005,4183.885,4180.01,4181.055,0
2026-09-29 23:30:00+00:00,4181.09,4181.105,4178.675,4180.16,0
2026-09-29 23:45:00+00:00,4180.11,4187.674999999999,4179.95,4185.065,0
2026-09-30 00:00:00+00:00,4185.045,4187.575000000001,4182.76,4184.01,0
2026-09-30 00:15:00+00:00,4184.045,4185.455,4181.33,4182.610000000001,0
2026-09-30 00:30:00+00:00,4182.59,4184.51,4178.165,4178.92,0
2026-09-30 00:45:00+00:00,4178.905000000001,4180.299999999999,4176.620000000001,4176.639999999999,0
2026-09-30 01:00:00+00:00,4176.635,4181.505,4172.02,4172.59,0
2026-09-30 01:15:00+00:00,4172.57,4174.635,4167.835,4167.86,0
2026-09-30 01:30:00+00:00,4167.85,4173.71,4167.45,4169.58,0
2026-09-30 01:45:00+00:00,4169.575000000001,4173.555,4168.17,4172.62,0
2026-09-30 02:00:00+00:00,4172.625,4178.7,4172.41,4176.91,0
2026-09-30 02:15:00+00:00,4176.92,4180.48,4175.475,4175.719999999999,0
2026-09-30 02:30:00+00:00,4175.705,4178.86,4171.245,4178.76,0
2026-09-30 02:45:00+00:00,4178.780000000001,4184.53,4178.1900000000005,4179.405000000001,0
2026-09-30 03:00:00+00:00,4179.385,4182.3150000000005,4177.605,4178.28,0
2026-09-30 03:15:00+00:00,4178.305,4181.035,4177.139999999999,4180.969999999999,0
2026-09-30 03:30:00+00:00,4180.99,4181.075000000001,4173.93,4175.32,0
2026-09-30 03:45:00+00:00,4175.3150000000005,4175.71,4171.48,4172.790000000001,0
2026-09-30 04:00:00+00:00,4172.780000000001,4176.264999999999,4172.105,4173.76,0
2026-09-30 04:15:00+00:00,4173.790000000001,4179.42,4173.71,4177.785,0
2026-09-30 04:30:00+00:00,4177.775,4184.950000000001,4177.15,4180.965,0
2026-09-30 04:45:00+00:00,4180.98,4181.74,4177.45,4178.895,0
2026-09-30 05:00:00+00:00,4178.915,4182.389999999999,4172.485000000001,4172.485000000001,0
2026-09-30 05:15:00+00:00,4172.469999999999,4175.235000000001,4165.65,4174.755,0
2026-09-30 05:30:00+00:00,4174.745,4180.049999999999,4172.74,4175.615,0
2026-09-30 05:45:00+00:00,4175.62,4181.1849999999995,4173.675,4178.155,0
2026-09-30 06:00:00+00:00,4178.175,4184.545,4176.35,4183.155,0
2026-09-30 06:15:00+00:00,4183.145,4184.895,4179.115,4179.95,0
2026-09-30 06:30:00+00:00,4179.975,4183.32,4178.875,4182.365,0
2026-09-30 06:45:00+00:00,4182.395,4195.200000000001,4179.5650000000005,4191.049999999999,0
2026-09-30 07:00:00+00:00,4191.035,4198.01,4189.67,4194.514999999999,0
2026-09-30 07:15:00+00:00,4194.525,4201.450000000001,4194.155,4195.219999999999,0
2026-09-30 07:30:00+00:00,4195.2,4199.15,4191.5650000000005,4192.27,0
2026-09-30 07:45:00+00:00,4192.28,4197.18,4191.375,4193.65,0
2026-09-30 08:00:00+00:00,4193.6,4196.965,4192.65,4194.875,0
2026-09-30 08:15:00+00:00,4194.865,4201.92,4193.705,4198.96,0
2026-09-30 08:30:00+00:00,4198.9349999999995,4202.38,4197.46,4198.035,0
2026-09-30 08:45:00+00:00,4198.01,4199.639999999999,4191.3,4191.92,0
2026-09-30 09:00:00+00:00,4191.925,4195.115,4187.76,4190.91,0
2026-09-30 09:15:00+00:00,4190.85,4191.16,4183.0599999999995,4185.74,0
2026-09-30 09:30:00+00:00,4185.77,4190.84,4185.68,4188.305,0
2026-09-30 09:45:00+00:00,4188.3099999999995,4189.535,4185.62,4187.96,0
2026-09-30 10:00:00+00:00,4187.955,4190.8099999999995,4186.335,4188.95,0
2026-09-30 10:15:00+00:00,4188.870000000001,4190.635,4184.8099999999995,4188.1849999999995,0
2026-09-30 10:30:00+00:00,4188.205,4189.43,4184.040000000001,4184.045,0
2026-09-30 10:45:00+00:00,4184.07,4186.605,4181.514999999999,4184.790000000001,0
2026-09-30 11:00:00+00:00,4184.799999999999,4185.38,4178.9,4180.42,0
2026-09-30 11:15:00+00:00,4180.405,4185.110000000001,4176.575,4183.610000000001,0
2026-09-30 11:30:00+00:00,4183.615,4192.4,4182.655000000001,4186.54,0
2026-09-30 11:45:00+00:00,4186.545,4187.25,4183.24,4186.615,0
2026-09-30 12:00:00+00:00,4186.59,4194.98,4185.095,4194.535,0
2026-09-30 12:15:00+00:00,4194.52,4194.57,4182.9,4193.215,0
2026-09-30 12:30:00+00:00,4193.225,4219.37,4193.15,4214.715,0
2026-09-30 12:45:00+00:00,4214.725,4218.87,4206.28,4208.575,0
2026-09-30 13:00:00+00:00,4208.5650000000005,4214.63,4201.56,4202.65,0
2026-09-30 13:15:00+00:00,4202.639999999999,4204.040000000001,4191.115,4193.425,0
2026-09-30 13:30:00+00:00,4193.42,4195.73,4181.82,4183.5599999999995,0
2026-09-30 13:45:00+00:00,4183.55,4185.21,4176.825,4177.549999999999,0
2026-09-30 14:00:00+00:00,4177.5599999999995,4184.05,4174.405,4180.555,0
2026-09-30 14:15:00+00:00,4180.55,4183.23,4169.94,4171.67,0
2026-09-30 14:30:00+00:00,4171.655000000001,4175.24,4164.27,4169.47,0
2026-09-30 14:45:00+00:00,4169.495000000001,4176.969999999999,4165.33,4165.73,0
2026-09-30 15:00:00+00:00,4165.6849999999995,4168.335,4158.24,4164.075,0
2026-09-30 15:15:00+00:00,4164.085,4166.08,4151.415,4156.625,0
2026-09-30 15:30:00+00:00,4156.65,4163.889999999999,4155.46,4157.32,0
2026-09-30 15:45:00+00:00,4157.365,4161.875,4153.9,4157.165,0
2026-09-30 16:00:00+00:00,4157.139999999999,4161.6849999999995,4155.59,4161.265,0
2026-09-30 16:15:00+00:00,4161.25,4163.26,4157.485,4161.16,0
2026-09-30 16:30:00+00:00,4161.17,4161.639999999999,4154.82,4160.295,0
2026-09-30 16:45:00+00:00,4160.325000000001,4160.83,4156.49,4157.525,0
2026-09-30 17:00:00+00:00,4157.56,4158.62,4150.99,4153.73,0
2026-09-30 17:15:00+00:00,4153.74,4156.99,4149.9400000000005,4155.950000000001,0
2026-09-30 17:30:00+00:00,4155.9400000000005,4156.09,4150.344999999999,4150.610000000001,0
2026-09-30 17:45:00+00:00,4150.605,4152.05,4147.475,4151.5650000000005,0
2026-09-30 18:00:00+00:00,4151.5599999999995,4151.585,4147.635,4150.07,0
2026-09-30 18:15:00+00:00,4150.07,4154.985000000001,4148.835,4154.405,0
2026-09-30 18:30:00+00:00,4154.42,4155.145,4151.225,4152.475,0
2026-09-30 18:45:00+00:00,4152.49,4152.9400000000005,4150.265,4151.9400000000005,0
2026-09-30 19:00:00+00:00,4151.950000000001,4154.025,4149.35,4153.24,0
2026-09-30 19:15:00+00:00,4153.254999999999,4155.905,4150.255,4154.325000000001,0
2026-09-30 19:30:00+00:00,4154.32,4156.045,4150.725,4152.4,0
2026-09-30 19:45:00+00:00,4152.405,4157.110000000001,4150.145,4155.825000000001,0
2026-09-30 20:00:00+00:00,4155.795,4157.2,4151.209999999999,4156.43,0
2026-09-30 20:15:00+00:00,4156.465,4157.95,4154.95,4157.25,0
2026-09-30 20:30:00+00:00,4157.254999999999,4160.375,4156.86,4158.969999999999,0
2026-09-30 20:45:00+00:00,4158.945,4159.73,4156.4349999999995,4157.3099999999995,0
2026-09-30 22:00:00+00:00,4160.415,4160.705,4155.125,4156.665,0
2026-09-30 22:15:00+00:00,4156.6849999999995,4157.01,4155.09,4156.24,0
2026-09-30 22:30:00+00:00,4156.23,4156.9349999999995,4154.47,4154.5599999999995,0
2026-09-30 22:45:00+00:00,4154.54,4155.605,4153.575,4154.504999999999,0
2026-09-30 23:00:00+00:00,4154.5,4154.675,4151.92,4152.280000000001,0
2026-09-30 23:15:00+00:00,4152.3,4155.33,4152.165,4154.3099999999995,0
2026-09-30 23:30:00+00:00,4154.345,4156.025,4153.68,4155.165,0
2026-09-30 23:45:00+00:00,4155.22,4156.73,4154.955,4156.145,0
2026-10-01 00:00:00+00:00,4156.15,4156.15,4150.43,4152.71,0
2026-10-01 00:15:00+00:00,4152.715,4152.885,4141.495000000001,4143.905000000001,0
2026-10-01 00:30:00+00:00,4143.91,4145.455,4139.83,4144.799999999999,0
2026-10-01 00:45:00+00:00,4144.780000000001,4145.965,4139.280000000001,4145.365,0
2026-10-01 01:00:00+00:00,4145.360000000001,4161.4349999999995,4145.0599999999995,4159.719999999999,0
2026-10-01 01:15:00+00:00,4159.715,4164.955,4159.37,4159.525,0
2026-10-01 01:30:00+00:00,4159.51,4164.65,4159.255,4161.67,0
2026-10-01 01:45:00+00:00,4161.695,4163.88,4156.535,4156.675,0
2026-10-01 02:00:00+00:00,4156.68,4158.344999999999,4151.674999999999,4154.09,0
2026-10-01 02:15:00+00:00,4154.105,4156.98,4151.43,4155.27,0
2026-10-01 02:30:00+00:00,4155.275,4156.610000000001,4152.889999999999,4155.105,0
2026-10-01 02:45:00+00:00,4155.05,4162.075000000001,4154.860000000001,4161.175,0
2026-10-01 03:00:00+00:00,4161.16,4168.715,4159.51,4167.5,0
2026-10-01 03:15:00+00:00,4167.5,4168.665,4163.764999999999,4164.84,0
2026-10-01 03:30:00+00:00,4164.83,4170.225,4163.075000000001,4169.605,0
2026-10-01 03:45:00+00:00,4169.635,4176.97,4168.96,4175.375,0
2026-10-01 04:00:00+00:00,4175.35,4178.28,4174.835,4177.514999999999,0
2026-10-01 04:15:00+00:00,4177.51,4177.51,4171.575,4171.835,0
2026-10-01 04:30:00+00:00,4171.84,4176.95,4171.71,4175.54,0
2026-10-01 04:45:00+00:00,4175.525,4180.82,4175.125,4180.07,0
2026-10-01 05:00:00+00:00,4180.0650000000005,4183.535,4179.145,4182.635,0
2026-10-01 05:15:00+00:00,4182.6,4187.49,4181.674999999999,4186.94,0
2026-10-01 05:30:00+00:00,4186.9349999999995,4192.77,4185.09,4187.465,0
2026-10-01 05:45:00+00:00,4187.38,4189.805,4185.58,4188.075,0
2026-10-01 06:00:00+00:00,4188.09,4192.545,4187.705,4191.665,0
2026-10-01 06:15:00+00:00,4191.639999999999,4191.639999999999,4187.385,4189.82,0
2026-10-01 06:30:00+00:00,4189.825000000001,4191.69,4181.105,4184.305,0
2026-10-01 06:45:00+00:00,4184.34,4185.41,4180.615,4181.844999999999,0
2026-10-01 07:00:00+00:00,4181.825000000001,4183.625,4172.110000000001,4172.45,0
2026-10-01 07:15:00+00:00,4172.455,4174.55,4155.52,4156.735000000001,0
2026-10-01 07:30:00+00:00,4156.745,4165.455,4154.4,4163.585,0
2026-10-01 07:45:00+00:00,4163.615,4166.780000000001,4161.825000000001,4163.85,0
2026-10-01 08:00:00+00:00,4163.915,4168.035,4158.43,4159.635,0
2026-10-01 08:15:00+00:00,4159.665,4162.8099999999995,4154.83,4157.545,0
2026-10-01 08:30:00+00:00,4157.55,4159.004999999999,4149.610000000001,4151.895,0
2026-10-01 08:45:00+00:00,4151.879999999999,4155.475,4149.3099999999995,4153.465,0
2026-10-01 09:00:00+00:00,4153.455,4162.3150000000005,4152.62,4161.360000000001,0
2026-10-01 09:15:00+00:00,4161.375,4162.88,4158.29,4160.115,0
2026-10-01 09:30:00+00:00,4160.075,4163.41,4159.33,4161.375,0
2026-10-01 09:45:00+00:00,4161.385,4163.6900000000005,4153.895,4154.65,0
2026-10-01 10:00:00+00:00,4154.66,4159.505,4150.209999999999,4159.3150000000005,0
2026-10-01 10:15:00+00:00,4159.3150000000005,4167.84,4158.38,4167.795,0
2026-10-01 10:30:00+00:00,4167.82,4172.965,4167.16,4171.725,0
2026-10-01 10:45:00+00:00,4171.725,4178.98,4171.0650000000005,4176.105,0
2026-10-01 11:00:00+00:00,4176.08,4176.535,4169.355,4169.57,0
2026-10-01 11:15:00+00:00,4169.58,4173.4349999999995,4166.6900000000005,4172.1,0
2026-10-01 11:30:00+00:00,4172.085,4181.135,4171.3099999999995,4179.219999999999,0
2026-10-01 11:45:00+00:00,4179.1849999999995,4185.83,4179.175,4182.700000000001,0
2026-10-01 12:00:00+00:00,4182.709999999999,4185.6900000000005,4176.530000000001,4176.865,0
2026-10-01 12:15:00+00:00,4176.959999999999,4180.139999999999,4174.91,4179.13,0
2026-10-01 12:30:00+00:00,4179.174999999999,4186.9349999999995,4178.030000000001,4182.370000000001,0
2026-10-01 12:45:00+00:00,4182.395,4187.775,4178.535,4178.780000000001,0
2026-10-01 13:00:00+00:00,4178.775,4181.8150000000005,4173.32,4173.485,0
2026-10-01 13:15:00+00:00,4173.4349999999995,4174.75,4167.535,4167.535,0
2026-10-01 13:30:00+00:00,4167.5650000000005,4172.525,4159.465,4163.52,0
2026-10-01 13:45:00+00:00,4163.514999999999,4165.86,4160.57,4165.27,0
2026-10-01 14:00:00+00:00,4165.280000000001,4166.5,4151.645,4154.115,0
2026-10-01 14:15:00+00:00,4154.139999999999,4165.765,4153.745,4162.485,0
2026-10-01 14:30:00+00:00,4162.465,4175.07,4160.225,4166.545,0
2026-10-01 14:45:00+00:00,4166.485000000001,4170.4,4159.82,4163.344999999999,0
2026-10-01 15:00:00+00:00,4163.3150000000005,4163.325,4150.295,4156.495,0
2026-10-01 15:15:00+00:00,4156.485000000001,4168.709999999999,4154.75,4166.585,0
2026-10-01 15:30:00+00:00,4166.58,4173.870000000001,4155.21,4169.1849999999995,0
2026-10-01 15:45:00+00:00,4169.175,4172.209999999999,4160.365,4169.595,0
2026-10-01 16:00:00+00:00,4169.625,4176.84,4168.1849999999995,4169.84,0
2026-10-01 16:15:00+00:00,4169.799999999999,4172.235000000001,4164.45,4167.415,0
2026-10-01 16:30:00+00:00,4167.41,4170.785,4162.75,4165.67,0
2026-10-01 16:45:00+00:00,4165.65,4167.594999999999,4159.86,4162.4349999999995,0
2026-10-01 17:00:00+00:00,4162.465,4173.385,4161.46,4171.27,0
2026-10-01 17:15:00+00:00,4171.275,4177.33,4170.01,4172.51,0
2026-10-01 17:30:00+00:00,4172.51,4186.36,4172.43,4176.955,0
2026-10-01 17:45:00+00:00,4176.945,4180.075,4166.8,4170.424999999999,0
2026-10-01 18:00:00+00:00,4170.45,4174.8150000000005,4163.17,4170.925,0
2026-10-01 18:15:00+00:00,4170.950000000001,4180.51,4170.09,4173.665,0
2026-10-01 18:30:00+00:00,4173.67,4182.245000000001,4171.485,4178.795,0
2026-10-01 18:45:00+00:00,4178.8099999999995,4179.3099999999995,4175.25,4177.195,0
2026-10-01 19:00:00+00:00,4177.23,4177.639999999999,4173.555,4176.6900000000005,0
2026-10-01 19:15:00+00:00,4176.709999999999,4180.235,4175.700000000001,4176.799999999999,0
2026-10-01 19:30:00+00:00,4176.815,4179.155000000001,4174.245000000001,4176.775,0
2026-10-01 19:45:00+00:00,4176.77,4179.965,4174.155000000001,4176.965,0
2026-10-01 20:00:00+00:00,4176.975,4180.219999999999,4176.094999999999,4177.875,0
2026-10-01 20:15:00+00:00,4177.895,4179.535,4174.975,4175.67,0
2026-10-01 20:30:00+00:00,4175.6849999999995,4176.18,4173.280000000001,4174.135,0
2026-10-01 20:45:00+00:00,4174.12,4179.09,4173.975,4177.1900000000005,0
2026-10-01 22:00:00+00:00,4176.09,4177.985000000001,4172.505,4173.530000000001,0
2026-10-01 22:15:00+00:00,4173.555,4173.735000000001,4171.82,4172.305,0
2026-10-01 22:30:00+00:00,4172.355,4176.455,4171.805,4176.115,0
2026-10-01 22:45:00+00:00,4176.145,4179.299999999999,4175.465,4178.995,0
2026-10-01 23:00:00+00:00,4178.969999999999,4180.79,4177.85,4180.045,0
2026-10-01 23:15:00+00:00,4180.08,4182.975,4179.535,4181.1849999999995,0
2026-10-01 23:30:00+00:00,4181.165,4182.855,4177.245,4179.415,0
2026-10-01 23:45:00+00:00,4179.385,4183.8150000000005,4178.049999999999,4182.205,0
2026-10-02 00:00:00+00:00,4182.219999999999,4182.735000000001,4169.375,4169.935,0
2026-10-02 00:15:00+00:00,4169.975,4171.6849999999995,4164.27,4164.8150000000005,0
2026-10-02 00:30:00+00:00,4164.805,4167.405000000001,4159.1900000000005,4159.645,0
2026-10-02 00:45:00+00:00,4159.585,4161.860000000001,4152.84,4153.785,0
2026-10-02 01:00:00+00:00,4153.79,4155.1,4133.74,4140.625,0
2026-10-02 01:15:00+00:00,4140.639999999999,4150.415,4139.5,4150.02,0
2026-10-02 01:30:00+00:00,4150.005,4152.3,4145.764999999999,4149.33,0
2026-10-02 01:45:00+00:00,4149.345,4152.385,4145.22,4151.48,0
2026-10-02 02:00:00+00:00,4151.535,4157.8,4147.44,4153.9349999999995,0
2026-10-02 02:15:00+00:00,4153.93,4162.53,4153.305,4160.6849999999995,0
2026-10-02 02:30:00+00:00,4160.625,4161.95,4155.85,4156.835,0
2026-10-02 02:45:00+00:00,4156.88,4166.63,4156.05,4166.01,0
2026-10-02 03:00:00+00:00,4166.02,4173.19,4165.205,4171.945,0
2026-10-02 03:15:00+00:00,4171.9400000000005,4175.52,4170.23,4172.785,0
2026-10-02 03:30:00+00:00,4172.805,4177.58,4172.01,4173.885,0
2026-10-02 03:45:00+00:00,4173.91,4179.38,4171.59,4177.97,0
2026-10-02 04:00:00+00:00,4177.975,4188.389999999999,4177.594999999999,4184.02,0
2026-10-02 04:15:00+00:00,4184.01,4188.885,4183.6900000000005,4188.115,0
2026-10-02 04:30:00+00:00,4188.105,4190.885,4182.01,4182.3150000000005,0
2026-10-02 04:45:00+00:00,4182.299999999999,4185.105,4181.51,4184.82,0
2026-10-02 05:00:00+00:00,4184.8099999999995,4192.344999999999,4184.325000000001,4187.889999999999,0
2026-10-02 05:15:00+00:00,4187.895,4189.74,4186.42,4187.295,0
2026-10-02 05:30:00+00:00,4187.32,4190.95,4185.635,4187.9400000000005,0
2026-10-02 05:45:00+00:00,4187.924999999999,4188.1,4183.030000000001,4186.48,0
2026-10-02 06:00:00+00:00,4186.485000000001,4196.995,4186.195,4192.3,0
2026-10-02 06:15:00+00:00,4192.215,4192.455,4186.95,4189.515,0
2026-10-02 06:30:00+00:00,4189.555,4190.795,4179.73,4180.695,0
2026-10-02 06:45:00+00:00,4180.6849999999995,4183.215,4177.43,4180.98,0
2026-10-02 07:00:00+00:00,4180.96,4187.66,4177.54,4187.62,0
2026-10-02 07:15:00+00:00,4187.635,4189.275,4183.51,4185.29,0
2026-10-02 07:30:00+00:00,4185.26,4187.475,4181.545,4182.865,0
2026-10-02 07:45:00+00:00,4182.82,4192.29,4180.885,4187.32,0
2026-10-02 08:00:00+00:00,4187.360000000001,4196.67,4184.51,4188.264999999999,0
2026-10-02 08:15:00+00:00,4188.26,4189.73,4182.459999999999,4185.48,0
2026-10-02 08:30:00+00:00,4185.459999999999,4186.46,4180.775,4180.950000000001,0
2026-10-02 08:45:00+00:00,4180.950000000001,4186.68,4179.35,4184.594999999999,0
2026-10-02 09:00:00+00:00,4184.585,4188.639999999999,4181.280000000001,4186.795,0
2026-10-02 09:15:00+00:00,4186.755,4187.875,4183.99,4186.5,0
2026-10-02 09:30:00+00:00,4186.530000000001,4188.525,4181.58,4184.45,0
2026-10-02 09:45:00+00:00,4184.41,4187.625,4179.505,4184.38,0
2026-10-02 10:00:00+00:00,4184.365,4185.885,4169.995,4171.67,0
2026-10-02 10:15:00+00:00,4171.705,4174.335,4166.215,4174.115,0
2026-10-02 10:30:00+00:00,4174.075,4182.795,4173.445,4181.75,0
2026-10-02 10:45:00+00:00,4181.755,4183.16,4179.625,4182.72,0
2026-10-02 11:00:00+00:00,4182.67,4188.5599999999995,4181.76,4187.265,0
2026-10-02 11:15:00+00:00,4187.280000000001,4188.205,4180.51,4180.78,0
2026-10-02 11:30:00+00:00,4180.77,4184.145,4178.285,4179.605,0
2026-10-02 11:45:00+00:00,4179.58,4185.365,4176.85,4181.85,0
2026-10-02 12:00:00+00:00,4181.84,4182.45,4174.719999999999,4177.805,0
2026-10-02 12:15:00+00:00,4177.82,4186.41,4175.515,4186.3,0
2026-10-02 12:30:00+00:00,4186.115,4226.88,4186.1,4210.85,0
2026-10-02 12:45:00+00:00,4210.805,4220.485,4203.885,4217.855,0
2026-10-02 13:00:00+00:00,4217.88,4225.405,4195.290000000001,4195.705,0
2026-10-02 13:15:00+00:00,4195.74,4196.63,4184.155000000001,4193.674999999999,0
2026-10-02 13:30:00+00:00,4193.665,4202.139999999999,4183.145,4186.805,0
2026-10-02 13:45:00+00:00,4186.795,4193.290000000001,4178.34,4191.1849999999995,0
2026-10-02 14:00:00+00:00,4191.25,4196.9,4179.545,4189.055,0
2026-10-02 14:15:00+00:00,4189.0599999999995,4193.0599999999995,4173.9,4174.49,0
2026-10-02 14:30:00+00:00,4174.485000000001,4181.58,4169.155000000001,4176.125,0
2026-10-02 14:45:00+00:00,4176.129999999999,4176.85,4155.285,4159.1900000000005,0
2026-10-02 15:00:00+00:00,4159.18,4160.389999999999,4142.32,4145.639999999999,0
2026-10-02 15:15:00+00:00,4145.655000000001,4147.105,4133.47,4141.82,0
2026-10-02 15:30:00+00:00,4141.86,4147.68,4134.1900000000005,4135.0650000000005,0
2026-10-02 15:45:00+00:00,4135.09,4138.65,4125.26,4127.344999999999,0
2026-10-02 16:00:00+00:00,4127.335,4136.945,4125.82,4134.82,0
2026-10-02 16:15:00+00:00,4134.82,4141.094999999999,4133.295,4135.875,0
2026-10-02 16:30:00+00:00,4135.879999999999,4141.15,4134.25,4135.355,0
2026-10-02 16:45:00+00:00,4135.375,4140.280000000001,4135.155000000001,4139.24,0
2026-10-02 17:00:00+00:00,4139.265,4143.17,4134.04,4136.1849999999995,0
2026-10-02 17:15:00+00:00,4136.21,4139.3,4130.135,4133.855,0
2026-10-02 17:30:00+00:00,4133.85,4140.33,4132.375,4137.889999999999,0
2026-10-02 17:45:00+00:00,4137.865,4140.355,4132.969999999999,4137.575,0
2026-10-02 18:00:00+00:00,4137.594999999999,4141.195,4135.235000000001,4140.18,0
2026-10-02 18:15:00+00:00,4140.345,4140.915,4136.145,4140.0599999999995,0
2026-10-02 18:30:00+00:00,4140.0650000000005,4142.76,4137.83,4142.219999999999,0
2026-10-02 18:45:00+00:00,4142.225,4146.745000000001,4141.395,4146.59,0
2026-10-02 19:00:00+00:00,4146.6,4149.295,4143.65,4148.82,0
2026-10-02 19:15:00+00:00,4148.83,4149.115,4144.7,4148.424999999999,0
2026-10-02 19:30:00+00:00,4148.385,4150.115,4142.875,4142.955,0
2026-10-02 19:45:00+00:00,4142.965,4148.105,4140.6,4147.8,0
2026-10-02 20:00:00+00:00,4147.795,4148.665,4140.485,4143.299999999999,0
2026-10-02 20:15:00+00:00,4143.305,4144.7,4141.955,4143.345,0
2026-10-02 20:30:00+00:00,4143.335,4143.335,4138.405000000001,4138.6849999999995,0
