datetime,Open,High,Low,Close,Volume
2026-04-02 01:00:00+00:00,4784.855,4786.92,4650.09,4696.8099999999995,0
2026-04-02 02:00:00+00:00,4696.860000000001,4703.98,4655.83,4687.45,0
2026-04-02 03:00:00+00:00,4687.37,4699.515,4675.875,4676.445,0
2026-04-02 04:00:00+00:00,4676.425,4681.97,4657.305,4672.545,0
2026-04-02 05:00:00+00:00,4672.555,4680.615,4585.645,4594.295,0
2026-04-02 06:00:00+00:00,4594.425,4608.955,4553.595,4599.25,0
2026-04-02 07:00:00+00:00,4599.23,4651.47,4597.25,4642.975,0
2026-04-02 08:00:00+00:00,4642.92,4648.995,4616.925,4621.035,0
2026-04-02 09:00:00+00:00,4621.03,4632.13,4612.870000000001,4621.675,0
2026-04-02 10:00:00+00:00,4621.68,4635.3099999999995,4604.025,4620.77,0
2026-04-02 11:00:00+00:00,4620.76,4630.5650000000005,4593.025,4600.095,0
2026-04-02 12:00:00+00:00,4600.105,4630.5,4594.71,4601.775,0
2026-04-02 13:00:00+00:00,4601.835,4651.52,4580.575000000001,4645.415,0
2026-04-02 14:00:00+00:00,4645.424999999999,4700.085,4631.675,4681.445,0
2026-04-02 15:00:00+00:00,4681.4400000000005,4683.975,4652.530000000001,4661.3,0
2026-04-02 16:00:00+00:00,4661.28,4670.715,4642.6849999999995,4659.24,0
2026-04-02 17:00:00+00:00,4659.265,4668.335,4645.89,4648.79,0
2026-04-02 18:00:00+00:00,4648.795,4672.14,4647.47,4668.629999999999,0
2026-04-02 19:00:00+00:00,4668.635,4681.855,4661.59,4672.12,0
2026-04-02 20:00:00+00:00,4672.105,4678.025,4664.469999999999,4676.275,0
2026-04-05 22:00:00+00:00,4633.8150000000005,4666.6,4607.76,4646.38,0
2026-04-05 23:00:00+00:00,4646.37,4651.77,4605.155,4610.905,0
2026-04-06 00:00:00+00:00,4610.915,4629.64,4600.835,4622.88,0
2026-04-06 01:00:00+00:00,4622.905000000001,4643.34,4620.620000000001,4625.844999999999,0
2026-04-06 02:00:00+00:00,4625.81,4671.775,4623.9349999999995,4648.025,0
2026-04-06 03:00:00+00:00,4648.030000000001,4648.280000000001,4625.49,4640.8,0
2026-04-06 04:00:00+00:00,4640.82,4660.075,4639.9,4658.88,0
2026-04-06 05:00:00+00:00,4658.89,4679.08,4651.335,4652.755,0
2026-04-06 06:00:00+00:00,4652.79,4668.055,4643.485000000001,4665.969999999999,0
2026-04-06 07:00:00+00:00,4666.085,4688.65,4644.89,4684.965,0
2026-04-06 08:00:00+00:00,4684.870000000001,4698.32,4680.725,4695.865,0
2026-04-06 09:00:00+00:00,4695.875,4706.9,4690.945,4693.91,0
2026-04-06 10:00:00+00:00,4693.860000000001,4697.785,4684.52,4689.955,0
2026-04-06 11:00:00+00:00,4689.93,4697.035,4677.175,4678.385,0
2026-04-06 12:00:00+00:00,4678.41,4686.96,4659.71,4676.1900000000005,0
2026-04-06 13:00:00+00:00,4676.195,4682.185,4660.0599999999995,4680.265,0
2026-04-06 14:00:00+00:00,4680.3099999999995,4697.745,4660.264999999999,4682.805,0
2026-04-06 15:00:00+00:00,4682.795,4683.9,4652.245,4668.1900000000005,0
2026-04-06 16:00:00+00:00,4668.195,4672.6900000000005,4657.865,4660.575,0
2026-04-06 17:00:00+00:00,4660.6,4661.205,4645.5599999999995,4653.755,0
2026-04-06 18:00:00+00:00,4653.91,4666.885,4649.0650000000005,4658.295,0
2026-04-06 19:00:00+00:00,4658.295,4659.805,4645.715,4655.67,0
2026-04-06 20:00:00+00:00,4655.674999999999,4658.54,4649.54,4651.045,0
2026-04-06 22:00:00+00:00,4658.969999999999,4668.18,4656.66,4658.415,0
2026-04-06 23:00:00+00:00,4658.43,4661.4400000000005,4651.575000000001,4658.9400000000005,0
2026-04-07 00:00:00+00:00,4658.93,4661.63,4649.115,4655.035,0
2026-04-07 01:00:00+00:00,4655.045,4664.83,4616.139999999999,4627.205,0
2026-04-07 02:00:00+00:00,4627.18,4654.2,4619.955,4650.48,0
2026-04-07 03:00:00+00:00,4650.4400000000005,4654.075000000001,4639.545,4649.895,0
2026-04-07 04:00:00+00:00,4649.875,4664.165,4645.49,4659.24,0
2026-04-07 05:00:00+00:00,4659.385,4661.59,4622.98,4643.02,0
2026-04-07 06:00:00+00:00,4643.045,4656.465,4637.85,4653.865,0
2026-04-07 07:00:00+00:00,4653.775,4657.110000000001,4636.675,4646.26,0
2026-04-07 08:00:00+00:00,4646.27,4691.094999999999,4644.3099999999995,4683.11,0
2026-04-07 09:00:00+00:00,4683.08,4694.87,4658.96,4671.145,0
2026-04-07 10:00:00+00:00,4671.13,4680.735,4649.46,4652.195,0
2026-04-07 11:00:00+00:00,4652.264999999999,4664.135,4628.825,4659.895,0
2026-04-07 12:00:00+00:00,4659.87,4671.02,4647.125,4651.67,0
2026-04-07 13:00:00+00:00,4651.645,4663.395,4635.855,4644.09,0
2026-04-07 14:00:00+00:00,4644.075000000001,4661.655000000001,4607.51,4633.535,0
2026-04-07 15:00:00+00:00,4633.525,4659.705,4625.215,4655.625,0
2026-04-07 16:00:00+00:00,4655.62,4668.775,4652.74,4657.12,0
2026-04-07 17:00:00+00:00,4657.135,4686.77,4654.105,4676.18,0
2026-04-07 18:00:00+00:00,4676.165,4686.35,4657.58,4662.2,0
2026-04-07 19:00:00+00:00,4662.205,4719.25,4660.75,4700.815,0
2026-04-07 20:00:00+00:00,4700.835,4717.18,4697.360000000001,4705.4,0
2026-04-07 22:00:00+00:00,4747.44,4819.91,4712.9,4817.99,0
2026-04-07 23:00:00+00:00,4818.014999999999,4836.475,4801.38,4833.405000000001,0
2026-04-08 00:00:00+00:00,4833.41,4858.45,4808.775,4818.855,0
2026-04-08 01:00:00+00:00,4818.84,4825.055,4788.205,4810.3099999999995,0
2026-04-08 02:00:00+00:00,4810.285,4825.610000000001,4798.855,4803.950000000001,0
2026-04-08 03:00:00+00:00,4803.945,4806.08,4795.174999999999,4797.77,0
2026-04-08 04:00:00+00:00,4797.83,4806.795,4790.27,4804.17,0
2026-04-08 05:00:00+00:00,4804.110000000001,4844.195,4800.514999999999,4828.02,0
2026-04-08 06:00:00+00:00,4827.975,4840.23,4820.025,4820.53,0
2026-04-08 07:00:00+00:00,4820.54,4821.450000000001,4805.315,4813.6,0
2026-04-08 08:00:00+00:00,4813.585,4819.9,4790.450000000001,4793.95,0
2026-04-08 09:00:00+00:00,4793.895,4807.215,4776.455,4783.275,0
2026-04-08 10:00:00+00:00,4783.305,4796.375,4771.125,4782.885,0
2026-04-08 11:00:00+00:00,4782.87,4803.125,4778.13,4798.38,0
2026-04-08 12:00:00+00:00,4798.36,4807.4349999999995,4768.625,4799.795,0
2026-04-08 13:00:00+00:00,4799.785,4806.860000000001,4767.605,4778.73,0
2026-04-08 14:00:00+00:00,4778.66,4792.04,4732.54,4736.115,0
2026-04-08 15:00:00+00:00,4736.174999999999,4763.365,4734.295,4756.55,0
2026-04-08 16:00:00+00:00,4756.575000000001,4765.775,4745.75,4760.549999999999,0
2026-04-08 17:00:00+00:00,4760.555,4764.405,4731.465,4734.12,0
2026-04-08 18:00:00+00:00,4734.1849999999995,4744.75,4703.635,4705.505,0
2026-04-08 19:00:00+00:00,4705.405,4732.04,4699.73,4730.87,0
2026-04-08 20:00:00+00:00,4730.955,4732.42,4717.264999999999,4719.215,0
2026-04-08 22:00:00+00:00,4728.005,4732.975,4704.455,4717.615,0
2026-04-08 23:00:00+00:00,4717.57,4720.425,4705.3099999999995,4715.77,0
2026-04-09 00:00:00+00:00,4715.65,4719.245,4698.285,4707.155000000001,0
2026-04-09 01:00:00+00:00,4707.16,4728.535,4699.715,4727.61,0
2026-04-09 02:00:00+00:00,4727.5599999999995,4733.22,4717.5,4719.24,0
2026-04-09 03:00:00+00:00,4719.25,4720.46,4705.425,4711.8,0
2026-04-09 04:00:00+00:00,4711.88,4725.5599999999995,4709.719999999999,4720.67,0
2026-04-09 05:00:00+00:00,4720.645,4726.74,4705.719999999999,4713.91,0
2026-04-09 06:00:00+00:00,4713.86,4725.605,4703.535,4712.635,0
2026-04-09 07:00:00+00:00,4712.61,4731.68,4706.014999999999,4724.275,0
2026-04-09 08:00:00+00:00,4724.27,4733.360000000001,4719.96,4726.424999999999,0
2026-04-09 09:00:00+00:00,4726.4,4733.52,4722.975,4729.295,0
2026-04-09 10:00:00+00:00,4729.27,4746.675,4723.754999999999,4741.475,0
2026-04-09 11:00:00+00:00,4741.45,4757.67,4738.469999999999,4756.755,0
2026-04-09 12:00:00+00:00,4756.75,4759.825000000001,4734.9349999999995,4745.455,0
2026-04-09 13:00:00+00:00,4745.46,4777.3099999999995,4739.075000000001,4764.325,0
2026-04-09 14:00:00+00:00,4764.3150000000005,4776.305,4747.53,4768.594999999999,0
2026-04-09 15:00:00+00:00,4768.61,4798.13,4761.155000000001,4793.135,0
2026-04-09 16:00:00+00:00,4793.110000000001,4801.280000000001,4784.47,4788.879999999999,0
2026-04-09 17:00:00+00:00,4788.92,4801.34,4786.59,4797.790000000001,0
2026-04-09 18:00:00+00:00,4797.8,4798.085,4767.68,4772.264999999999,0
2026-04-09 19:00:00+00:00,4772.295,4782.65,4766.945,4768.9400000000005,0
2026-04-09 20:00:00+00:00,4768.925,4773.469999999999,4760.924999999999,4765.725,0
2026-04-09 22:00:00+00:00,4775.73,4780.615,4758.97,4764.5599999999995,0
2026-04-09 23:00:00+00:00,4764.51,4764.67,4756.860000000001,4763.705,0
2026-04-10 00:00:00+00:00,4763.765,4763.924999999999,4750.57,4763.215,0
2026-04-10 01:00:00+00:00,4763.219999999999,4777.5,4758.295,4764.465,0
2026-04-10 02:00:00+00:00,4764.41,4765.475,4738.29,4753.115,0
2026-04-10 03:00:00+00:00,4753.139999999999,4769.59,4753.02,4766.4,0
2026-04-10 04:00:00+00:00,4766.405000000001,4771.125,4758.225,4758.805,0
2026-04-10 05:00:00+00:00,4758.85,4769.455,4757.25,4765.9,0
2026-04-10 06:00:00+00:00,4765.9,4766.0,4742.885,4746.83,0
2026-04-10 07:00:00+00:00,4746.795,4757.815,4741.355,4749.645,0
2026-04-10 08:00:00+00:00,4749.66,4753.575,4730.655,4741.0599999999995,0
2026-04-10 09:00:00+00:00,4741.07,4760.865,4740.865,4751.6849999999995,0
2026-04-10 10:00:00+00:00,4751.71,4760.795,4742.344999999999,4757.37,0
2026-04-10 11:00:00+00:00,4757.335,4769.0599999999995,4753.255,4768.285,0
2026-04-10 12:00:00+00:00,4768.32,4782.715,4759.965,4771.635,0
2026-04-10 13:00:00+00:00,4771.645,4780.265,4765.27,4775.305,0
2026-04-10 14:00:00+00:00,4775.280000000001,4795.280000000001,4767.615,4774.755,0
2026-04-10 15:00:00+00:00,4774.725,4787.4349999999995,4755.115,4762.26,0
2026-04-10 16:00:00+00:00,4762.285,4766.405000000001,4747.450000000001,4763.8099999999995,0
2026-04-10 17:00:00+00:00,4763.765,4768.895,4758.325000000001,4760.3,0
2026-04-10 18:00:00+00:00,4760.27,4773.299999999999,4751.07,4765.485000000001,0
2026-04-10 19:00:00+00:00,4765.48,4770.485,4758.29,4759.98,0
2026-04-10 20:00:00+00:00,4759.96,4760.31,4741.33,4749.43,0
2026-04-12 22:00:00+00:00,4695.36,4713.764999999999,4643.43,4658.965,0
2026-04-12 23:00:00+00:00,4658.9400000000005,4672.045,4644.094999999999,4671.450000000001,0
2026-04-13 00:00:00+00:00,4671.575000000001,4698.610000000001,4664.57,4695.375,0
2026-04-13 01:00:00+00:00,4695.389999999999,4728.219999999999,4693.905000000001,4721.57,0
2026-04-13 02:00:00+00:00,4721.5599999999995,4727.99,4711.4400000000005,4720.844999999999,0
2026-04-13 03:00:00+00:00,4720.78,4724.17,4712.29,4718.03,0
2026-04-13 04:00:00+00:00,4718.025,4724.78,4708.385,4723.16,0
2026-04-13 05:00:00+00:00,4723.145,4730.945,4716.27,4729.26,0
2026-04-13 06:00:00+00:00,4729.165,4732.799999999999,4721.02,4725.545,0
2026-04-13 07:00:00+00:00,4725.549999999999,4739.85,4724.8150000000005,4733.915,0
2026-04-13 08:00:00+00:00,4733.91,4738.67,4720.34,4723.48,0
2026-04-13 09:00:00+00:00,4723.47,4729.005,4710.75,4714.92,0
2026-04-13 10:00:00+00:00,4714.91,4723.969999999999,4708.45,4722.135,0
2026-04-13 11:00:00+00:00,4722.145,4729.299999999999,4703.455,4706.865,0
2026-04-13 12:00:00+00:00,4706.85,4725.365,4703.785,4723.780000000001,0
2026-04-13 13:00:00+00:00,4723.805,4744.844999999999,4721.365,4730.575,0
2026-04-13 14:00:00+00:00,4730.62,4731.595,4708.92,4719.094999999999,0
2026-04-13 15:00:00+00:00,4719.12,4719.9349999999995,4700.405000000001,4714.68,0
2026-04-13 16:00:00+00:00,4714.71,4746.1849999999995,4709.594999999999,4733.165,0
2026-04-13 17:00:00+00:00,4733.195,4750.145,4725.78,4730.33,0
2026-04-13 18:00:00+00:00,4730.13,4740.89,4723.415,4738.425,0
2026-04-13 19:00:00+00:00,4738.335,4747.645,4730.780000000001,4741.28,0
2026-04-13 20:00:00+00:00,4741.29,4744.1849999999995,4738.4,4740.49,0
2026-04-13 22:00:00+00:00,4752.48,4759.8099999999995,4732.475,4758.115,0
2026-04-13 23:00:00+00:00,4758.165,4765.82,4754.37,4757.41,0
2026-04-14 00:00:00+00:00,4757.43,4776.110000000001,4751.62,4769.84,0
2026-04-14 01:00:00+00:00,4769.945,4777.445,4761.700000000001,4765.28,0
2026-04-14 02:00:00+00:00,4765.325,4777.4,4762.145,4775.02,0
2026-04-14 03:00:00+00:00,4775.025,4775.61,4765.665,4767.835,0
2026-04-14 04:00:00+00:00,4767.860000000001,4776.82,4767.105,4774.030000000001,0
2026-04-14 05:00:00+00:00,4774.05,4774.24,4758.21,4760.174999999999,0
2026-04-14 06:00:00+00:00,4760.200000000001,4783.23,4760.17,4781.8,0
2026-04-14 07:00:00+00:00,4781.82,4796.705,4767.985000000001,4777.395,0
2026-04-14 08:00:00+00:00,4777.37,4789.975,4774.095,4786.549999999999,0
2026-04-14 09:00:00+00:00,4786.58,4789.37,4771.68,4778.035,0
2026-04-14 10:00:00+00:00,4778.105,4788.275,4751.5,4768.38,0
2026-04-14 11:00:00+00:00,4768.43,4783.24,4766.844999999999,4775.02,0
2026-04-14 12:00:00+00:00,4775.01,4777.655000000001,4762.455,4771.51,0
2026-04-14 13:00:00+00:00,4771.525,4803.91,4771.285,4794.945,0
2026-04-14 14:00:00+00:00,4794.94,4818.125,4793.21,4803.93,0
2026-04-14 15:00:00+00:00,4803.9,4816.395,4791.105,4808.155000000001,0
2026-04-14 16:00:00+00:00,4808.175,4820.525,4805.105,4810.290000000001,0
2026-04-14 17:00:00+00:00,4810.25,4841.755,4809.379999999999,4834.945,0
2026-04-14 18:00:00+00:00,4834.9400000000005,4843.3099999999995,4831.05,4835.735,0
2026-04-14 19:00:00+00:00,4835.795,4846.48,4835.605,4845.030000000001,0
2026-04-14 20:00:00+00:00,4845.040000000001,4846.115,4839.785,4842.025,0
2026-04-14 22:00:00+00:00,4840.645,4850.945,4833.3150000000005,4834.975,0
2026-04-14 23:00:00+00:00,4834.889999999999,4844.24,4833.5,4837.7,0
2026-04-15 00:00:00+00:00,4837.655,4840.115,4827.07,4835.41,0
2026-04-15 01:00:00+00:00,4835.344999999999,4871.58,4828.47,4847.305,0
2026-04-15 02:00:00+00:00,4847.195,4853.615,4820.915,4824.200000000001,0
2026-04-15 03:00:00+00:00,4824.205,4829.775,4817.030000000001,4823.83,0
2026-04-15 04:00:00+00:00,4823.795,4828.08,4820.459999999999,4824.975,0
2026-04-15 05:00:00+00:00,4824.985000000001,4830.63,4812.73,4819.775,0
2026-04-15 06:00:00+00:00,4819.85,4825.23,4811.33,4812.02,0
2026-04-15 07:00:00+00:00,4812.040000000001,4817.1900000000005,4804.05,4811.675,0
2026-04-15 08:00:00+00:00,4811.6,4821.595,4804.67,4818.504999999999,0
2026-04-15 09:00:00+00:00,4818.51,4819.485000000001,4786.235000000001,4798.465,0
2026-04-15 10:00:00+00:00,4798.46,4805.17,4790.55,4800.025,0
2026-04-15 11:00:00+00:00,4800.04,4814.825,4795.58,4812.8,0
2026-04-15 12:00:00+00:00,4812.764999999999,4816.2,4807.17,4811.825000000001,0
2026-04-15 13:00:00+00:00,4811.71,4830.26,4808.514999999999,4828.98,0
2026-04-15 14:00:00+00:00,4828.985000000001,4830.665,4813.285,4815.77,0
2026-04-15 15:00:00+00:00,4815.8,4816.52,4787.15,4801.945,0
2026-04-15 16:00:00+00:00,4801.92,4812.83,4800.27,4804.02,0
2026-04-15 17:00:00+00:00,4803.975,4808.945,4790.925,4792.905,0
2026-04-15 18:00:00+00:00,4792.879999999999,4802.145,4790.530000000001,4799.895,0
2026-04-15 19:00:00+00:00,4799.915,4803.565,4794.4349999999995,4796.07,0
2026-04-15 20:00:00+00:00,4796.04,4796.705,4788.065,4790.845,0
2026-04-15 22:00:00+00:00,4797.995,4811.93,4790.879999999999,4807.6900000000005,0
2026-04-15 23:00:00+00:00,4807.674999999999,4826.655000000001,4807.594999999999,4823.594999999999,0
2026-04-16 00:00:00+00:00,4823.58,4838.01,4820.18,4833.17,0
2026-04-16 01:00:00+00:00,4833.18,4836.235,4811.3,4817.9,0
2026-04-16 02:00:00+00:00,4817.905,4824.835,4812.549999999999,4819.87,0
2026-04-16 03:00:00+00:00,4819.805,4827.280000000001,4819.2,4824.335,0
2026-04-16 04:00:00+00:00,4824.295,4833.745000000001,4822.76,4833.030000000001,0
2026-04-16 05:00:00+00:00,4833.025,4838.625,4821.280000000001,4821.575000000001,0
2026-04-16 06:00:00+00:00,4821.52,4830.73,4814.625,4826.389999999999,0
2026-04-16 07:00:00+00:00,4826.385,4830.870000000001,4817.375,4821.5599999999995,0
2026-04-16 08:00:00+00:00,4821.505,4821.995,4806.764999999999,4813.785,0
2026-04-16 09:00:00+00:00,4813.77,4818.295,4806.9349999999995,4812.84,0
2026-04-16 10:00:00+00:00,4812.835,4817.445,4805.1849999999995,4817.245,0
2026-04-16 11:00:00+00:00,4817.23,4822.66,4815.375,4822.280000000001,0
2026-04-16 12:00:00+00:00,4822.26,4823.075000000001,4811.950000000001,4816.25,0
2026-04-16 13:00:00+00:00,4816.25,4824.094999999999,4784.82,4795.6,0
2026-04-16 14:00:00+00:00,4795.5650000000005,4805.67,4772.9400000000005,4788.969999999999,0
2026-04-16 15:00:00+00:00,4789.0,4812.860000000001,4788.375,4806.9400000000005,0
2026-04-16 16:00:00+00:00,4806.9400000000005,4810.264999999999,4785.255,4791.93,0
2026-04-16 17:00:00+00:00,4791.9349999999995,4795.6849999999995,4781.41,4789.095,0
2026-04-16 18:00:00+00:00,4789.08,4794.7,4785.77,4789.84,0
2026-04-16 19:00:00+00:00,4789.82,4798.745,4789.51,4793.639999999999,0
2026-04-16 20:00:00+00:00,4793.65,4794.129999999999,4786.44,4790.945,0
2026-04-16 22:00:00+00:00,4794.7,4798.225,4791.0,4795.264999999999,0
2026-04-16 23:00:00+00:00,4795.27,4798.145,4791.655000000001,4792.205,0
2026-04-17 00:00:00+00:00,4792.174999999999,4801.39,4785.889999999999,4794.915,0
2026-04-17 01:00:00+00:00,4794.91,4795.75,4767.8150000000005,4789.424999999999,0
2026-04-17 02:00:00+00:00,4789.455,4794.625,4784.395,4784.754999999999,0
2026-04-17 03:00:00+00:00,4784.725,4798.42,4784.645,4793.285,0
2026-04-17 04:00:00+00:00,4793.2,4804.74,4792.745,4803.275,0
2026-04-17 05:00:00+00:00,4803.25,4806.255,4793.96,4794.245,0
2026-04-17 06:00:00+00:00,4794.29,4795.63,4779.555,4785.07,0
2026-04-17 07:00:00+00:00,4785.075,4794.825,4778.925,4784.51,0
2026-04-17 08:00:00+00:00,4784.52,4797.07,4781.110000000001,4795.889999999999,0
2026-04-17 09:00:00+00:00,4795.905,4801.1900000000005,4790.26,4790.66,0
2026-04-17 10:00:00+00:00,4790.67,4794.215,4782.34,4787.639999999999,0
2026-04-17 11:00:00+00:00,4787.655,4811.620000000001,4783.719999999999,4799.115,0
2026-04-17 12:00:00+00:00,4799.12,4847.879999999999,4798.085,4846.475,0
2026-04-17 13:00:00+00:00,4846.5650000000005,4891.215,4835.0599999999995,4880.21,0
2026-04-17 14:00:00+00:00,4880.225,4885.37,4860.955,4873.389999999999,0
2026-04-17 15:00:00+00:00,4873.405,4880.575000000001,4855.085,4867.365,0
2026-04-17 16:00:00+00:00,4867.450000000001,4873.535,4863.795,4867.299999999999,0
2026-04-17 17:00:00+00:00,4867.280000000001,4869.719999999999,4853.610000000001,4862.485000000001,0
2026-04-17 18:00:00+00:00,4862.49,4868.0,4855.955,4858.219999999999,0
2026-04-17 19:00:00+00:00,4858.209999999999,4861.594999999999,4852.915,4854.725,0
2026-04-17 20:00:00+00:00,4854.76,4855.535,4830.305,4831.91,0
2026-04-19 22:00:00+00:00,4767.43,4795.13,4744.66,4779.165,0
2026-04-19 23:00:00+00:00,4779.235,4779.55,4736.915,4755.23,0
2026-04-20 00:00:00+00:00,4755.245,4774.84,4744.879999999999,4772.985,0
2026-04-20 01:00:00+00:00,4772.855,4814.625,4771.4400000000005,4807.755,0
2026-04-20 02:00:00+00:00,4807.775,4809.365,4793.005,4797.3099999999995,0
2026-04-20 03:00:00+00:00,4797.275,4798.52,4788.885,4791.18,0
2026-04-20 04:00:00+00:00,4791.165,4795.96,4787.0599999999995,4789.155,0
2026-04-20 05:00:00+00:00,4789.16,4796.1849999999995,4779.37,4791.07,0
2026-04-20 06:00:00+00:00,4791.1,4795.47,4783.915,4795.450000000001,0
2026-04-20 07:00:00+00:00,4795.43,4805.705,4787.040000000001,4789.665000000001,0
2026-04-20 08:00:00+00:00,4789.66,4796.26,4786.205,4796.040000000001,0
2026-04-20 09:00:00+00:00,4796.05,4798.215,4783.54,4791.52,0
2026-04-20 10:00:00+00:00,4791.51,4801.04,4789.82,4795.845,0
2026-04-20 11:00:00+00:00,4795.84,4811.075,4786.74,4810.465,0
2026-04-20 12:00:00+00:00,4810.485000000001,4822.075000000001,4799.325000000001,4803.5599999999995,0
2026-04-20 13:00:00+00:00,4803.6,4826.415,4799.575000000001,4817.965,0
2026-04-20 14:00:00+00:00,4818.02,4827.82,4792.405,4805.87,0
2026-04-20 15:00:00+00:00,4805.8099999999995,4809.58,4792.945,4799.725,0
2026-04-20 16:00:00+00:00,4799.74,4806.39,4792.9,4805.51,0
2026-04-20 17:00:00+00:00,4805.555,4812.165,4804.005,4806.555,0
2026-04-20 18:00:00+00:00,4806.615,4816.555,4806.615,4814.280000000001,0
2026-04-20 19:00:00+00:00,4814.29,4821.5,4810.405,4814.4,0
2026-04-20 20:00:00+00:00,4814.405,4822.08,4812.4,4820.745000000001,0
2026-04-20 22:00:00+00:00,4824.385,4833.365,4820.6849999999995,4827.674999999999,0
2026-04-20 23:00:00+00:00,4827.75,4831.865,4819.74,4821.719999999999,0
2026-04-21 00:00:00+00:00,4821.735,4831.115,4816.93,4823.64,0
2026-04-21 01:00:00+00:00,4823.645,4824.75,4805.76,4810.360000000001,0
2026-04-21 02:00:00+00:00,4810.365,4810.6849999999995,4802.52,4807.235000000001,0
2026-04-21 03:00:00+00:00,4807.225,4808.065,4792.715,4797.2,0
2026-04-21 04:00:00+00:00,4797.195,4798.280000000001,4788.65,4789.275,0
2026-04-21 05:00:00+00:00,4789.26,4796.985,4783.17,4784.295,0
2026-04-21 06:00:00+00:00,4784.275,4790.975,4774.69,4778.86,0
2026-04-21 07:00:00+00:00,4778.855,4792.79,4772.755,4785.73,0
2026-04-21 08:00:00+00:00,4785.8,4793.055,4774.825,4785.99,0
2026-04-21 09:00:00+00:00,4785.98,4789.635,4781.285,4783.969999999999,0
2026-04-21 10:00:00+00:00,4783.95,4790.725,4780.92,4789.98,0
2026-04-21 11:00:00+00:00,4789.905000000001,4798.22,4775.475,4794.6,0
2026-04-21 12:00:00+00:00,4794.595,4797.025,4766.865,4778.99,0
2026-04-21 13:00:00+00:00,4778.98,4794.52,4759.92,4779.355,0
2026-04-21 14:00:00+00:00,4779.34,4782.72,4723.705,4738.945,0
2026-04-21 15:00:00+00:00,4738.98,4757.98,4727.915,4741.845,0
2026-04-21 16:00:00+00:00,4741.855,4746.895,4708.38,4711.86,0
2026-04-21 17:00:00+00:00,4711.835,4722.46,4697.105,4711.415,0
2026-04-21 18:00:00+00:00,4711.41,4714.775,4692.52,4709.405000000001,0
2026-04-21 19:00:00+00:00,4709.43,4715.16,4668.55,4679.3099999999995,0
2026-04-21 20:00:00+00:00,4679.299999999999,4720.38,4669.014999999999,4720.235,0
2026-04-21 22:00:00+00:00,4722.9400000000005,4729.955,4715.66,4719.504999999999,0
2026-04-21 23:00:00+00:00,4719.5,4740.620000000001,4718.014999999999,4738.025,0
2026-04-22 00:00:00+00:00,4738.005,4747.74,4738.005,4739.77,0
2026-04-22 01:00:00+00:00,4739.799999999999,4754.965,4735.9349999999995,4752.075000000001,0
2026-04-22 02:00:00+00:00,4752.12,4758.915,4750.02,4755.72,0
2026-04-22 03:00:00+00:00,4755.705,4764.955,4752.985000000001,4758.23,0
2026-04-22 04:00:00+00:00,4758.1849999999995,4759.9349999999995,4752.115,4754.895,0
2026-04-22 05:00:00+00:00,4754.88,4772.235000000001,4752.175,4767.745,0
2026-04-22 06:00:00+00:00,4767.75,4768.09,4758.6900000000005,4767.8150000000005,0
2026-04-22 07:00:00+00:00,4767.855,4772.535,4759.67,4760.785,0
2026-04-22 08:00:00+00:00,4760.8,4762.365,4751.855,4757.459999999999,0
2026-04-22 09:00:00+00:00,4757.475,4762.68,4752.629999999999,4755.225,0
2026-04-22 10:00:00+00:00,4755.23,4760.285,4745.76,4759.235000000001,0
2026-04-22 11:00:00+00:00,4759.24,4760.965,4747.905000000001,4750.51,0
2026-04-22 12:00:00+00:00,4750.52,4760.395,4742.965,4744.355,0
2026-04-22 13:00:00+00:00,4744.365,4761.125,4736.49,4753.035,0
2026-04-22 14:00:00+00:00,4753.005,4757.63,4730.215,4736.200000000001,0
2026-04-22 15:00:00+00:00,4736.195,4740.4400000000005,4724.764999999999,4727.76,0
2026-04-22 16:00:00+00:00,4727.84,4735.0,4724.15,4728.91,0
2026-04-22 17:00:00+00:00,4728.905000000001,4739.62,4728.709999999999,4737.43,0
2026-04-22 18:00:00+00:00,4737.44,4750.12,4730.08,4741.8150000000005,0
2026-04-22 19:00:00+00:00,4741.805,4745.625,4736.985000000001,4740.305,0
2026-04-22 20:00:00+00:00,4740.290000000001,4740.785,4734.54,4740.370000000001,0
2026-04-22 22:00:00+00:00,4745.88,4746.4349999999995,4725.72,4726.035,0
2026-04-22 23:00:00+00:00,4726.049999999999,4730.02,4723.705,4727.879999999999,0
2026-04-23 00:00:00+00:00,4727.9349999999995,4754.085,4694.245,4748.049999999999,0
2026-04-23 01:00:00+00:00,4748.105,4750.24,4722.66,4723.52,0
2026-04-23 02:00:00+00:00,4723.57,4725.0599999999995,4698.245,4698.985000000001,0
2026-04-23 03:00:00+00:00,4698.995000000001,4708.98,4698.285,4704.2,0
2026-04-23 04:00:00+00:00,4704.174999999999,4707.21,4698.765,4704.725,0
2026-04-23 05:00:00+00:00,4704.73,4715.4400000000005,4692.450000000001,4713.549999999999,0
2026-04-23 06:00:00+00:00,4713.555,4721.63,4708.535,4713.34,0
2026-04-23 07:00:00+00:00,4713.3,4720.82,4703.265,4719.115,0
2026-04-23 08:00:00+00:00,4719.125,4725.1900000000005,4701.719999999999,4703.365,0
2026-04-23 09:00:00+00:00,4703.32,4704.0,4694.825000000001,4697.655,0
2026-04-23 10:00:00+00:00,4697.66,4701.889999999999,4684.265,4696.59,0
2026-04-23 11:00:00+00:00,4696.585,4721.0599999999995,4695.200000000001,4720.57,0
2026-04-23 12:00:00+00:00,4720.5650000000005,4743.07,4719.63,4740.18,0
2026-04-23 13:00:00+00:00,4740.215,4741.115,4723.674999999999,4724.475,0
2026-04-23 14:00:00+00:00,4724.41,4736.73,4717.165,4733.74,0
2026-04-23 15:00:00+00:00,4733.74,4741.165,4716.49,4720.790000000001,0
2026-04-23 16:00:00+00:00,4720.775,4737.030000000001,4715.585,4733.09,0
2026-04-23 17:00:00+00:00,4733.095,4734.5650000000005,4664.0650000000005,4709.32,0
2026-04-23 18:00:00+00:00,4709.27,4722.305,4699.285,4700.99,0
2026-04-23 19:00:00+00:00,4701.0,4704.575,4689.42,4696.08,0
2026-04-23 20:00:00+00:00,4696.07,4698.165,4686.639999999999,4694.42,0
2026-04-23 22:00:00+00:00,4700.379999999999,4700.705,4690.38,4693.36,0
2026-04-23 23:00:00+00:00,4693.34,4700.71,4686.715,4695.45,0
2026-04-24 00:00:00+00:00,4695.31,4708.155,4690.755,4704.700000000001,0
2026-04-24 01:00:00+00:00,4704.665,4711.155,4690.165,4699.425,0
2026-04-24 02:00:00+00:00,4699.4400000000005,4700.835,4673.005,4676.825000000001,0
2026-04-24 03:00:00+00:00,4676.825,4678.530000000001,4668.655,4672.355,0
2026-04-24 04:00:00+00:00,4672.365,4677.1900000000005,4657.709999999999,4674.66,0
2026-04-24 05:00:00+00:00,4674.675,4687.335,4669.8150000000005,4686.605,0
2026-04-24 06:00:00+00:00,4686.6,4688.24,4666.88,4672.01,0
2026-04-24 07:00:00+00:00,4671.96,4695.245,4670.99,4694.5650000000005,0
2026-04-24 08:00:00+00:00,4694.555,4697.405,4685.195,4691.075000000001,0
2026-04-24 09:00:00+00:00,4691.08,4696.915,4679.3,4681.965,0
2026-04-24 10:00:00+00:00,4681.955,4686.35,4674.71,4677.555,0
2026-04-24 11:00:00+00:00,4677.57,4717.65,4677.57,4706.8,0
2026-04-24 12:00:00+00:00,4706.805,4711.98,4690.424999999999,4700.91,0
2026-04-24 13:00:00+00:00,4700.92,4717.325,4689.76,4711.219999999999,0
2026-04-24 14:00:00+00:00,4711.205,4740.35,4706.965,4726.459999999999,0
2026-04-24 15:00:00+00:00,4726.445,4733.73,4714.825000000001,4727.35,0
2026-04-24 16:00:00+00:00,4727.34,4729.9,4719.215,4726.93,0
2026-04-24 17:00:00+00:00,4726.9349999999995,4730.225,4719.34,4723.459999999999,0
2026-04-24 18:00:00+00:00,4723.525,4725.205,4716.860000000001,4722.95,0
2026-04-24 19:00:00+00:00,4722.969999999999,4726.155000000001,4713.66,4716.950000000001,0
2026-04-24 20:00:00+00:00,4716.9400000000005,4717.344999999999,4705.365,4710.59,0
2026-04-26 22:00:00+00:00,4694.275,4700.665000000001,4680.21,4684.68,0
2026-04-26 23:00:00+00:00,4684.62,4685.295,4675.125,4680.075,0
2026-04-27 00:00:00+00:00,4680.115,4698.5,4672.395,4697.635,0
2026-04-27 01:00:00+00:00,4697.8150000000005,4710.21,4691.04,4702.885,0
2026-04-27 02:00:00+00:00,4702.88,4723.255,4696.29,4718.264999999999,0
2026-04-27 03:00:00+00:00,4718.254999999999,4729.629999999999,4714.62,4724.360000000001,0
2026-04-27 04:00:00+00:00,4724.415,4729.88,4722.705,4724.805,0
2026-04-27 05:00:00+00:00,4724.799999999999,4725.38,4708.605,4710.23,0
2026-04-27 06:00:00+00:00,4710.23,4715.71,4709.4349999999995,4712.8099999999995,0
2026-04-27 07:00:00+00:00,4712.845,4718.45,4710.155,4713.63,0
2026-04-27 08:00:00+00:00,4713.629999999999,4714.835,4705.645,4706.8150000000005,0
2026-04-27 09:00:00+00:00,4706.82,4708.455,4699.42,4703.845,0
2026-04-27 10:00:00+00:00,4703.855,4711.055,4699.5,4708.9400000000005,0
2026-04-27 11:00:00+00:00,4708.9400000000005,4709.280000000001,4700.205,4704.875,0
2026-04-27 12:00:00+00:00,4704.9,4712.585,4696.945,4699.26,0
2026-04-27 13:00:00+00:00,4699.280000000001,4703.5599999999995,4689.24,4696.0650000000005,0
2026-04-27 14:00:00+00:00,4696.125,4696.97,4676.505,4678.435,0
2026-04-27 15:00:00+00:00,4678.42,4682.64,4667.09,4669.975,0
2026-04-27 16:00:00+00:00,4670.02,4679.675,4667.51,4676.96,0
2026-04-27 17:00:00+00:00,4676.955,4686.195,4668.465,4682.205,0
2026-04-27 18:00:00+00:00,4682.165,4685.465,4679.005,4680.780000000001,0
2026-04-27 19:00:00+00:00,4680.76,4682.889999999999,4676.88,4680.92,0
2026-04-27 20:00:00+00:00,4680.94,4681.9400000000005,4677.514999999999,4681.915,0
2026-04-27 22:00:00+00:00,4684.23,4691.295,4682.205,4688.0650000000005,0
2026-04-27 23:00:00+00:00,4688.110000000001,4695.15,4687.295,4692.08,0
2026-04-28 00:00:00+00:00,4692.115,4701.5,4690.46,4690.755,0
2026-04-28 01:00:00+00:00,4690.639999999999,4691.620000000001,4669.525,4670.985,0
2026-04-28 02:00:00+00:00,4670.98,4680.0650000000005,4666.33,4669.42,0
2026-04-28 03:00:00+00:00,4669.465,4675.88,4668.3150000000005,4670.84,0
2026-04-28 04:00:00+00:00,4670.885,4671.445,4666.795,4667.9,0
2026-04-28 05:00:00+00:00,4667.91,4668.24,4624.005,4632.465,0
2026-04-28 06:00:00+00:00,4632.475,4643.030000000001,4623.1849999999995,4629.105,0
2026-04-28 07:00:00+00:00,4629.110000000001,4639.4,4620.77,4632.825000000001,0
2026-04-28 08:00:00+00:00,4632.84,4635.5,4614.715,4629.62,0
2026-04-28 09:00:00+00:00,4629.615,4630.2,4604.68,4604.83,0
2026-04-28 10:00:00+00:00,4604.83,4616.545,4603.475,4603.59,0
2026-04-28 11:00:00+00:00,4603.625,4608.885,4555.615,4563.004999999999,0
2026-04-28 12:00:00+00:00,4562.975,4600.1849999999995,4554.965,4594.135,0
2026-04-28 13:00:00+00:00,4594.09,4594.875,4571.0650000000005,4580.64,0
2026-04-28 14:00:00+00:00,4580.66,4580.855,4557.15,4574.43,0
2026-04-28 15:00:00+00:00,4574.445,4586.620000000001,4567.095,4586.610000000001,0
2026-04-28 16:00:00+00:00,4586.594999999999,4594.85,4578.01,4592.32,0
2026-04-28 17:00:00+00:00,4592.275,4601.665,4587.209999999999,4594.92,0
2026-04-28 18:00:00+00:00,4594.93,4600.8150000000005,4592.26,4594.51,0
2026-04-28 19:00:00+00:00,4594.535,4600.04,4593.424999999999,4595.75,0
2026-04-28 20:00:00+00:00,4595.75,4598.87,4591.200000000001,4597.09,0
2026-04-28 22:00:00+00:00,4599.57,4599.68,4592.63,4594.185,0
2026-04-28 23:00:00+00:00,4594.235000000001,4596.2,4587.885,4595.745,0
2026-04-29 00:00:00+00:00,4595.67,4610.425,4594.805,4600.325000000001,0
2026-04-29 01:00:00+00:00,4600.360000000001,4600.63,4575.73,4584.885,0
2026-04-29 02:00:00+00:00,4584.915,4604.014999999999,4584.91,4593.885,0
2026-04-29 03:00:00+00:00,4593.889999999999,4603.405,4592.45,4595.594999999999,0
2026-04-29 04:00:00+00:00,4595.585,4605.85,4595.445,4604.885,0
2026-04-29 05:00:00+00:00,4604.875,4607.615,4590.99,4591.4,0
2026-04-29 06:00:00+00:00,4591.405,4598.860000000001,4581.035,4584.5599999999995,0
2026-04-29 07:00:00+00:00,4584.5650000000005,4588.9400000000005,4567.56,4567.895,0
2026-04-29 08:00:00+00:00,4567.915,4576.85,4557.365,4573.25,0
2026-04-29 09:00:00+00:00,4573.27,4580.875,4551.780000000001,4556.225,0
2026-04-29 10:00:00+00:00,4556.219999999999,4576.68,4555.280000000001,4569.99,0
2026-04-29 11:00:00+00:00,4569.995,4572.125,4559.3099999999995,4561.860000000001,0
2026-04-29 12:00:00+00:00,4561.835,4569.3,4541.455,4544.860000000001,0
2026-04-29 13:00:00+00:00,4544.875,4553.455,4510.35,4521.67,0
2026-04-29 14:00:00+00:00,4521.675,4542.79,4517.83,4539.335,0
2026-04-29 15:00:00+00:00,4539.325000000001,4558.9,4536.370000000001,4547.545,0
2026-04-29 16:00:00+00:00,4547.52,4564.84,4543.335,4545.45,0
2026-04-29 17:00:00+00:00,4545.46,4554.575000000001,4541.6849999999995,4547.125,0
2026-04-29 18:00:00+00:00,4547.0599999999995,4552.625,4518.379999999999,4538.22,0
2026-04-29 19:00:00+00:00,4538.25,4550.889999999999,4533.469999999999,4546.98,0
2026-04-29 20:00:00+00:00,4546.969999999999,4553.895,4541.545,4543.545,0
2026-04-29 22:00:00+00:00,4543.0599999999995,4552.83,4539.225,4552.235000000001,0
2026-04-29 23:00:00+00:00,4552.280000000001,4562.215,4549.625,4561.885,0
2026-04-30 00:00:00+00:00,4561.98,4574.424999999999,4556.415,4570.095,0
2026-04-30 01:00:00+00:00,4570.0650000000005,4582.665,4564.8150000000005,4579.3150000000005,0
2026-04-30 02:00:00+00:00,4579.290000000001,4582.095,4559.87,4564.969999999999,0
2026-04-30 03:00:00+00:00,4564.959999999999,4569.200000000001,4555.83,4556.34,0
2026-04-30 04:00:00+00:00,4556.344999999999,4557.219999999999,4540.969999999999,4542.375,0
2026-04-30 05:00:00+00:00,4542.379999999999,4569.96,4542.085,4562.790000000001,0
2026-04-30 06:00:00+00:00,4562.805,4591.745,4560.075,4589.450000000001,0
2026-04-30 07:00:00+00:00,4589.52,4605.725,4585.025,4598.565,0
2026-04-30 08:00:00+00:00,4598.6,4629.9,4597.3150000000005,4616.32,0
2026-04-30 09:00:00+00:00,4616.305,4631.95,4614.280000000001,4625.23,0
2026-04-30 10:00:00+00:00,4625.200000000001,4647.200000000001,4623.8099999999995,4639.7,0
2026-04-30 11:00:00+00:00,4639.735,4645.709999999999,4626.98,4630.47,0
2026-04-30 12:00:00+00:00,4630.45,4640.205,4624.8099999999995,4639.48,0
2026-04-30 13:00:00+00:00,4639.51,4645.99,4610.735000000001,4611.1849999999995,0
2026-04-30 14:00:00+00:00,4611.17,4626.135,4609.52,4619.9349999999995,0
2026-04-30 15:00:00+00:00,4619.92,4625.57,4611.335,4615.360000000001,0
2026-04-30 16:00:00+00:00,4615.370000000001,4617.87,4605.32,4607.9349999999995,0
2026-04-30 17:00:00+00:00,4607.9,4621.73,4607.77,4616.895,0
2026-04-30 18:00:00+00:00,4616.925,4625.18,4616.74,4622.575000000001,0
2026-04-30 19:00:00+00:00,4622.5599999999995,4627.535,4614.4349999999995,4617.549999999999,0
2026-04-30 20:00:00+00:00,4617.540000000001,4621.98,4615.67,4621.91,0
2026-04-30 22:00:00+00:00,4628.075,4632.965,4625.32,4630.594999999999,0
2026-04-30 23:00:00+00:00,4630.665,4634.205,4626.83,4626.9349999999995,0
2026-05-01 00:00:00+00:00,4626.924999999999,4631.48,4618.605,4619.95,0
2026-05-01 01:00:00+00:00,4619.93,4622.455,4614.139999999999,4621.215,0
2026-05-01 02:00:00+00:00,4621.200000000001,4636.27,4616.5,4619.370000000001,0
2026-05-01 03:00:00+00:00,4619.280000000001,4631.975,4617.84,4626.74,0
2026-05-01 04:00:00+00:00,4626.71,4628.860000000001,4609.34,4609.389999999999,0
2026-05-01 05:00:00+00:00,4609.38,4616.37,4602.915,4605.055,0
2026-05-01 06:00:00+00:00,4605.02,4608.235000000001,4590.64,4594.945,0
2026-05-01 07:00:00+00:00,4594.95,4598.245,4576.045,4578.135,0
2026-05-01 08:00:00+00:00,4578.17,4582.6849999999995,4564.950000000001,4568.65,0
2026-05-01 09:00:00+00:00,4568.625,4573.05,4560.085,4562.98,0
2026-05-01 10:00:00+00:00,4563.02,4576.155000000001,4561.26,4566.775,0
2026-05-01 11:00:00+00:00,4566.785,4579.675,4562.780000000001,4578.870000000001,0
2026-05-01 12:00:00+00:00,4578.860000000001,4608.01,4575.17,4591.41,0
2026-05-01 13:00:00+00:00,4591.455,4628.995000000001,4586.42,4625.22,0
2026-05-01 14:00:00+00:00,4625.245,4660.465,4624.845,4632.275,0
2026-05-01 15:00:00+00:00,4632.295,4648.01,4619.225,4643.1849999999995,0
2026-05-01 16:00:00+00:00,4643.18,4650.01,4634.135,4639.02,0
2026-05-01 17:00:00+00:00,4639.01,4642.785,4626.795,4629.79,0
2026-05-01 18:00:00+00:00,4629.805,4631.06,4613.905,4624.21,0
2026-05-01 19:00:00+00:00,4624.225,4627.915,4609.01,4610.389999999999,0
2026-05-01 20:00:00+00:00,4610.26,4617.545,4607.385,4614.365,0
2026-05-03 22:00:00+00:00,4620.335,4630.47,4612.21,4619.005,0
2026-05-03 23:00:00+00:00,4619.07,4620.88,4611.125,4614.08,0
2026-05-04 00:00:00+00:00,4614.0650000000005,4616.8150000000005,4601.84,4613.155000000001,0
2026-05-04 01:00:00+00:00,4613.16,4614.255,4592.719999999999,4613.344999999999,0
2026-05-04 02:00:00+00:00,4613.254999999999,4618.5599999999995,4590.975,4606.115,0
2026-05-04 03:00:00+00:00,4606.09,4617.38,4598.555,4615.16,0
2026-05-04 04:00:00+00:00,4615.18,4615.605,4605.219999999999,4605.955,0
2026-05-04 05:00:00+00:00,4605.975,4613.35,4592.7,4599.16,0
2026-05-04 06:00:00+00:00,4599.15,4600.834999999999,4583.945,4588.74,0
2026-05-04 07:00:00+00:00,4588.75,4593.65,4578.205,4579.325,0
2026-05-04 08:00:00+00:00,4579.34,4581.49,4573.715,4577.11,0
2026-05-04 09:00:00+00:00,4577.115,4584.700000000001,4572.030000000001,4575.705,0
2026-05-04 10:00:00+00:00,4575.685,4576.1900000000005,4526.355,4562.71,0
2026-05-04 11:00:00+00:00,4562.715,4570.485000000001,4551.3150000000005,4560.115,0
2026-05-04 12:00:00+00:00,4560.165,4579.525,4559.17,4568.895,0
2026-05-04 13:00:00+00:00,4568.925,4575.975,4555.895,4564.3099999999995,0
2026-05-04 14:00:00+00:00,4564.32,4583.594999999999,4553.645,4561.505,0
2026-05-04 15:00:00+00:00,4561.58,4566.35,4512.805,4521.48,0
2026-05-04 16:00:00+00:00,4521.445,4527.09,4500.969999999999,4510.725,0
2026-05-04 17:00:00+00:00,4510.71,4531.79,4510.57,4522.370000000001,0
2026-05-04 18:00:00+00:00,4522.395,4525.5599999999995,4509.775,4516.555,0
2026-05-04 19:00:00+00:00,4516.530000000001,4527.145,4511.4,4517.23,0
2026-05-04 20:00:00+00:00,4517.219999999999,4523.97,4511.895,4523.8099999999995,0
2026-05-04 22:00:00+00:00,4523.145,4524.8,4515.65,4517.53,0
2026-05-04 23:00:00+00:00,4517.530000000001,4521.72,4516.17,4519.235000000001,0
2026-05-05 00:00:00+00:00,4519.225,4530.6,4513.41,4529.74,0
2026-05-05 01:00:00+00:00,4529.719999999999,4542.02,4525.605,4541.245000000001,0
2026-05-05 02:00:00+00:00,4541.24,4546.785,4534.635,4539.105,0
2026-05-05 03:00:00+00:00,4539.095,4542.73,4532.610000000001,4534.875,0
2026-05-05 04:00:00+00:00,4534.85,4536.700000000001,4528.155000000001,4533.92,0
2026-05-05 05:00:00+00:00,4533.905000000001,4551.9,4531.415,4545.86,0
2026-05-05 06:00:00+00:00,4545.84,4552.125,4533.6849999999995,4548.075000000001,0
2026-05-05 07:00:00+00:00,4548.09,4558.5650000000005,4543.62,4545.66,0
2026-05-05 08:00:00+00:00,4545.665,4559.82,4545.58,4558.5599999999995,0
2026-05-05 09:00:00+00:00,4558.555,4560.445,4551.25,4556.4,0
2026-05-05 10:00:00+00:00,4556.395,4557.105,4540.33,4543.6849999999995,0
2026-05-05 11:00:00+00:00,4543.709999999999,4565.139999999999,4539.860000000001,4562.725,0
2026-05-05 12:00:00+00:00,4562.74,4574.755,4554.040000000001,4564.795,0
2026-05-05 13:00:00+00:00,4564.780000000001,4585.025,4564.4,4579.405000000001,0
2026-05-05 14:00:00+00:00,4579.545,4586.82,4565.82,4582.44,0
2026-05-05 15:00:00+00:00,4582.45,4583.795,4568.595,4568.844999999999,0
2026-05-05 16:00:00+00:00,4568.865,4569.375,4553.95,4561.43,0
2026-05-05 17:00:00+00:00,4561.44,4562.8099999999995,4553.22,4560.025,0
2026-05-05 18:00:00+00:00,4560.030000000001,4565.905,4557.5650000000005,4560.969999999999,0
2026-05-05 19:00:00+00:00,4560.96,4561.459999999999,4551.6900000000005,4554.98,0
2026-05-05 20:00:00+00:00,4555.005,4560.1849999999995,4553.955,4557.385,0
2026-05-05 22:00:00+00:00,4557.505,4577.42,4546.55,4572.93,0
2026-05-05 23:00:00+00:00,4572.969999999999,4595.955,4569.530000000001,4593.85,0
2026-05-06 00:00:00+00:00,4593.92,4620.025,4588.16,4618.775,0
2026-05-06 01:00:00+00:00,4618.71,4629.035,4609.77,4626.205,0
2026-05-06 02:00:00+00:00,4626.245000000001,4642.135,4625.290000000001,4641.05,0
2026-05-06 03:00:00+00:00,4640.99,4652.175,4638.74,4643.865,0
2026-05-06 04:00:00+00:00,4643.825,4653.745,4643.375,4648.785,0
2026-05-06 05:00:00+00:00,4648.795,4664.055,4644.73,4663.075000000001,0
2026-05-06 06:00:00+00:00,4663.1,4669.76,4656.93,4669.33,0
2026-05-06 07:00:00+00:00,4669.325000000001,4682.035,4657.585,4681.955,0
2026-05-06 08:00:00+00:00,4681.965,4702.74,4671.77,4700.27,0
2026-05-06 09:00:00+00:00,4700.185,4708.645,4689.375,4701.8099999999995,0
2026-05-06 10:00:00+00:00,4701.82,4723.355,4695.4400000000005,4718.075,0
2026-05-06 11:00:00+00:00,4718.08,4721.495000000001,4690.855,4692.135,0
2026-05-06 12:00:00+00:00,4692.105,4693.105,4660.6900000000005,4683.225,0
2026-05-06 13:00:00+00:00,4683.22,4707.9400000000005,4668.889999999999,4702.23,0
2026-05-06 14:00:00+00:00,4702.26,4717.610000000001,4697.585,4703.16,0
2026-05-06 15:00:00+00:00,4703.165,4705.84,4687.91,4688.085,0
2026-05-06 16:00:00+00:00,4688.0650000000005,4692.26,4679.549999999999,4683.02,0
2026-05-06 17:00:00+00:00,4682.969999999999,4688.2,4679.030000000001,4684.325,0
2026-05-06 18:00:00+00:00,4684.33,4690.629999999999,4682.125,4686.1849999999995,0
2026-05-06 19:00:00+00:00,4686.18,4700.08,4686.115,4693.15,0
2026-05-06 20:00:00+00:00,4693.07,4699.629999999999,4685.345,4690.860000000001,0
2026-05-06 22:00:00+00:00,4695.345,4700.110000000001,4689.495,4695.025,0
2026-05-06 23:00:00+00:00,4695.04,4699.62,4690.51,4699.125,0
2026-05-07 00:00:00+00:00,4699.115,4701.299999999999,4685.445,4688.665,0
2026-05-07 01:00:00+00:00,4688.67,4721.66,4685.395,4714.969999999999,0
2026-05-07 02:00:00+00:00,4714.955,4718.785,4699.99,4707.280000000001,0
2026-05-07 03:00:00+00:00,4707.18,4710.0,4699.18,4699.55,0
2026-05-07 04:00:00+00:00,4699.5,4701.27,4692.459999999999,4696.615,0
2026-05-07 05:00:00+00:00,4696.575,4706.745,4694.9349999999995,4701.08,0
2026-05-07 06:00:00+00:00,4701.07,4749.99,4701.055,4739.4349999999995,0
2026-05-07 07:00:00+00:00,4739.47,4750.5599999999995,4731.6,4743.33,0
2026-05-07 08:00:00+00:00,4743.335,4753.825000000001,4731.125,4731.225,0
2026-05-07 09:00:00+00:00,4731.27,4739.575,4721.66,4729.42,0
2026-05-07 10:00:00+00:00,4729.405000000001,4739.780000000001,4726.625,4735.87,0
2026-05-07 11:00:00+00:00,4735.905000000001,4743.9400000000005,4727.325000000001,4742.8,0
2026-05-07 12:00:00+00:00,4742.825,4752.5650000000005,4733.110000000001,4749.82,0
2026-05-07 13:00:00+00:00,4749.83,4758.215,4731.155000000001,4746.3,0
2026-05-07 14:00:00+00:00,4746.325000000001,4763.415,4741.115,4762.6849999999995,0
2026-05-07 15:00:00+00:00,4762.65,4765.045,4726.305,4729.29,0
2026-05-07 16:00:00+00:00,4729.275,4729.715,4704.545,4715.115,0
2026-05-07 17:00:00+00:00,4715.12,4719.835,4687.98,4711.735000000001,0
2026-05-07 18:00:00+00:00,4711.725,4716.34,4695.5,4709.79,0
2026-05-07 19:00:00+00:00,4709.799999999999,4712.885,4697.885,4703.405000000001,0
2026-05-07 20:00:00+00:00,4703.389999999999,4719.200000000001,4686.5,4687.25,0
2026-05-07 22:00:00+00:00,4687.385,4699.63,4682.075000000001,4686.35,0
2026-05-07 23:00:00+00:00,4686.299999999999,4705.595,4685.049999999999,4704.69,0
2026-05-08 00:00:00+00:00,4704.705,4709.495,4694.235,4701.57,0
2026-05-08 01:00:00+00:00,4701.575000000001,4725.665,4700.5,4722.77,0
2026-05-08 02:00:00+00:00,4722.78,4733.014999999999,4706.96,4713.835,0
2026-05-08 03:00:00+00:00,4713.77,4731.129999999999,4711.29,4719.5650000000005,0
2026-05-08 04:00:00+00:00,4719.57,4723.395,4709.1849999999995,4710.885,0
2026-05-08 05:00:00+00:00,4711.025,4731.39,4709.845,4727.52,0
2026-05-08 06:00:00+00:00,4727.514999999999,4734.74,4712.87,4725.87,0
2026-05-08 07:00:00+00:00,4725.92,4726.695,4697.215,4707.98,0
2026-05-08 08:00:00+00:00,4708.030000000001,4723.805,4706.805,4715.905,0
2026-05-08 09:00:00+00:00,4715.875,4722.96,4707.545,4711.9349999999995,0
2026-05-08 10:00:00+00:00,4711.92,4727.885,4711.165,4719.82,0
2026-05-08 11:00:00+00:00,4719.915,4727.405,4713.71,4717.825000000001,0
2026-05-08 12:00:00+00:00,4717.82,4732.085,4703.0,4724.535,0
2026-05-08 13:00:00+00:00,4724.549999999999,4748.125,4716.615,4747.985000000001,0
2026-05-08 14:00:00+00:00,4747.995,4749.8150000000005,4713.58,4716.005,0
2026-05-08 15:00:00+00:00,4715.92,4721.055,4702.395,4707.360000000001,0
2026-05-08 16:00:00+00:00,4707.365,4720.455,4705.695,4712.645,0
2026-05-08 17:00:00+00:00,4712.65,4722.8150000000005,4712.405000000001,4721.07,0
2026-05-08 18:00:00+00:00,4721.08,4729.165,4719.965,4722.085,0
2026-05-08 19:00:00+00:00,4722.1,4727.14,4721.174999999999,4724.22,0
2026-05-08 20:00:00+00:00,4724.2,4724.415,4714.485,4716.01,0
2026-05-10 22:00:00+00:00,4699.95,4701.99,4678.67,4692.045,0
2026-05-10 23:00:00+00:00,4692.0,4698.785,4689.125,4691.875,0
2026-05-11 00:00:00+00:00,4691.82,4693.6900000000005,4670.555,4683.405000000001,0
2026-05-11 01:00:00+00:00,4683.415,4705.65,4674.58,4685.735,0
2026-05-11 02:00:00+00:00,4685.73,4700.505,4676.865,4682.02,0
2026-05-11 03:00:00+00:00,4681.995,4690.450000000001,4675.105,4678.905,0
2026-05-11 04:00:00+00:00,4678.86,4680.155,4668.45,4672.305,0
2026-05-11 05:00:00+00:00,4672.1849999999995,4681.02,4647.924999999999,4652.455,0
2026-05-11 06:00:00+00:00,4652.445,4680.635,4649.4400000000005,4678.545,0
2026-05-11 07:00:00+00:00,4678.54,4680.585,4664.75,4667.73,0
2026-05-11 08:00:00+00:00,4667.75,4678.995000000001,4664.195,4667.85,0
2026-05-11 09:00:00+00:00,4667.835,4670.395,4650.5,4656.945,0
2026-05-11 10:00:00+00:00,4656.9349999999995,4667.540000000001,4656.46,4664.395,0
2026-05-11 11:00:00+00:00,4664.355,4677.605,4663.8150000000005,4674.54,0
2026-05-11 12:00:00+00:00,4674.58,4701.135,4667.54,4699.82,0
2026-05-11 13:00:00+00:00,4699.84,4748.8099999999995,4698.875,4736.205,0
2026-05-11 14:00:00+00:00,4736.155000000001,4738.51,4715.4349999999995,4725.88,0
2026-05-11 15:00:00+00:00,4725.870000000001,4738.37,4722.975,4732.195,0
2026-05-11 16:00:00+00:00,4732.245000000001,4733.7,4708.07,4716.4400000000005,0
2026-05-11 17:00:00+00:00,4716.43,4724.735000000001,4716.139999999999,4723.775,0
2026-05-11 18:00:00+00:00,4723.780000000001,4729.6,4720.99,4724.955,0
2026-05-11 19:00:00+00:00,4724.905,4736.3150000000005,4722.465,4733.985000000001,0
2026-05-11 20:00:00+00:00,4733.97,4738.530000000001,4730.0650000000005,4734.91,0
2026-05-11 22:00:00+00:00,4741.0,4755.785,4737.575,4751.24,0
2026-05-11 23:00:00+00:00,4751.23,4769.950000000001,4746.395,4767.555,0
2026-05-12 00:00:00+00:00,4767.5650000000005,4773.63,4748.889999999999,4750.045,0
2026-05-12 01:00:00+00:00,4749.985000000001,4755.905,4720.55,4727.335,0
2026-05-12 02:00:00+00:00,4727.33,4733.82,4722.15,4730.25,0
2026-05-12 03:00:00+00:00,4730.235,4733.450000000001,4718.145,4720.405,0
2026-05-12 04:00:00+00:00,4720.395,4730.6,4711.155000000001,4713.99,0
2026-05-12 05:00:00+00:00,4714.1,4722.38,4708.915,4714.53,0
2026-05-12 06:00:00+00:00,4714.49,4714.86,4694.415,4697.55,0
2026-05-12 07:00:00+00:00,4697.57,4703.98,4686.0650000000005,4699.780000000001,0
2026-05-12 08:00:00+00:00,4699.735000000001,4706.975,4697.115,4703.38,0
2026-05-12 09:00:00+00:00,4703.375,4705.1900000000005,4694.415,4699.764999999999,0
2026-05-12 10:00:00+00:00,4699.754999999999,4708.465,4685.405,4693.96,0
2026-05-12 11:00:00+00:00,4693.975,4709.4349999999995,4687.02,4706.5,0
2026-05-12 12:00:00+00:00,4706.49,4711.745,4689.605,4705.74,0
2026-05-12 13:00:00+00:00,4705.745,4708.92,4676.875,4678.790000000001,0
2026-05-12 14:00:00+00:00,4678.790000000001,4695.04,4669.48,4673.075000000001,0
2026-05-12 15:00:00+00:00,4673.07,4676.15,4638.115,4666.285,0
2026-05-12 16:00:00+00:00,4666.280000000001,4675.06,4664.305,4671.28,0
2026-05-12 17:00:00+00:00,4671.325,4682.415,4671.29,4678.85,0
2026-05-12 18:00:00+00:00,4678.805,4698.299999999999,4676.155,4696.125,0
2026-05-12 19:00:00+00:00,4696.115,4715.555,4696.115,4715.39,0
2026-05-12 20:00:00+00:00,4715.415,4719.700000000001,4712.335,4715.455,0
2026-05-12 22:00:00+00:00,4716.67,4722.475,4687.96,4717.005,0
2026-05-12 23:00:00+00:00,4716.99,4723.905000000001,4715.110000000001,4716.8099999999995,0
2026-05-13 00:00:00+00:00,4716.8,4727.0650000000005,4713.92,4714.835,0
2026-05-13 01:00:00+00:00,4714.88,4717.48,4701.0650000000005,4702.65,0
2026-05-13 02:00:00+00:00,4702.665,4707.834999999999,4687.78,4692.145,0
2026-05-13 03:00:00+00:00,4692.155000000001,4706.0599999999995,4689.23,4696.389999999999,0
2026-05-13 04:00:00+00:00,4696.37,4703.495000000001,4695.54,4699.955,0
2026-05-13 05:00:00+00:00,4699.945,4707.505,4693.635,4704.15,0
2026-05-13 06:00:00+00:00,4704.1849999999995,4715.27,4699.07,4701.275,0
2026-05-13 07:00:00+00:00,4701.295,4708.705,4697.105,4702.719999999999,0
2026-05-13 08:00:00+00:00,4702.755,4704.4,4694.65,4700.799999999999,0
2026-05-13 09:00:00+00:00,4700.795,4701.82,4685.96,4701.035,0
2026-05-13 10:00:00+00:00,4701.025,4710.5,4693.885,4694.37,0
2026-05-13 11:00:00+00:00,4694.385,4705.5650000000005,4691.615,4697.450000000001,0
2026-05-13 12:00:00+00:00,4697.4400000000005,4701.705,4676.27,4683.9349999999995,0
2026-05-13 13:00:00+00:00,4683.875,4694.665,4669.655000000001,4679.27,0
2026-05-13 14:00:00+00:00,4679.335,4691.07,4672.91,4679.91,0
2026-05-13 15:00:00+00:00,4679.9,4700.1900000000005,4679.11,4695.455,0
2026-05-13 16:00:00+00:00,4695.47,4710.139999999999,4695.09,4695.93,0
2026-05-13 17:00:00+00:00,4695.87,4701.395,4684.620000000001,4685.655000000001,0
2026-05-13 18:00:00+00:00,4685.665,4694.135,4677.695,4685.139999999999,0
2026-05-13 19:00:00+00:00,4685.115,4690.665,4683.35,4688.379999999999,0
2026-05-13 20:00:00+00:00,4688.370000000001,4693.445,4686.055,4688.995000000001,0
2026-05-13 22:00:00+00:00,4693.04,4700.67,4688.3099999999995,4700.12,0
2026-05-13 23:00:00+00:00,4700.115,4702.15,4693.275,4696.83,0
2026-05-14 00:00:00+00:00,4696.79,4706.65,4689.790000000001,4705.09,0
2026-05-14 01:00:00+00:00,4705.129999999999,4707.08,4683.63,4688.785,0
2026-05-14 02:00:00+00:00,4688.835,4699.885,4680.105,4686.715,0
2026-05-14 03:00:00+00:00,4686.74,4693.36,4674.1,4675.45,0
2026-05-14 04:00:00+00:00,4675.445,4713.17,4668.924999999999,4702.355,0
2026-05-14 05:00:00+00:00,4702.365,4704.425,4689.085,4689.98,0
2026-05-14 06:00:00+00:00,4689.969999999999,4702.639999999999,4686.1849999999995,4700.385,0
2026-05-14 07:00:00+00:00,4700.355,4718.765,4690.665000000001,4693.225,0
2026-05-14 08:00:00+00:00,4693.275,4706.58,4692.16,4693.485000000001,0
2026-05-14 09:00:00+00:00,4693.53,4702.6849999999995,4688.49,4699.555,0
2026-05-14 10:00:00+00:00,4699.57,4705.775,4691.385,4697.0599999999995,0
2026-05-14 11:00:00+00:00,4697.030000000001,4705.03,4689.38,4695.07,0
2026-05-14 12:00:00+00:00,4695.0599999999995,4710.285,4692.245,4704.875,0
2026-05-14 13:00:00+00:00,4704.879999999999,4707.555,4666.6,4679.72,0
2026-05-14 14:00:00+00:00,4679.735000000001,4700.8150000000005,4677.719999999999,4679.625,0
2026-05-14 15:00:00+00:00,4679.639999999999,4689.674999999999,4676.945,4686.02,0
2026-05-14 16:00:00+00:00,4686.025,4687.085,4670.49,4678.3,0
2026-05-14 17:00:00+00:00,4678.280000000001,4683.21,4676.29,4678.085,0
2026-05-14 18:00:00+00:00,4678.094999999999,4678.42,4667.16,4671.8099999999995,0
2026-05-14 19:00:00+00:00,4671.77,4671.995,4653.1900000000005,4654.215,0
2026-05-14 20:00:00+00:00,4654.295,4657.155000000001,4644.395,4652.52,0
2026-05-14 22:00:00+00:00,4650.41,4662.865,4647.59,4662.4400000000005,0
2026-05-14 23:00:00+00:00,4662.39,4665.45,4646.73,4652.4,0
2026-05-15 00:00:00+00:00,4652.405,4658.705,4613.66,4630.165000000001,0
2026-05-15 01:00:00+00:00,4630.110000000001,4631.85,4607.1900000000005,4613.455,0
2026-05-15 02:00:00+00:00,4613.395,4623.555,4609.485000000001,4618.135,0
2026-05-15 03:00:00+00:00,4618.105,4622.345,4607.66,4615.58,0
2026-05-15 04:00:00+00:00,4615.54,4621.780000000001,4604.549999999999,4605.75,0
2026-05-15 05:00:00+00:00,4605.755,4606.38,4556.5599999999995,4559.165,0
2026-05-15 06:00:00+00:00,4559.1849999999995,4580.85,4556.305,4569.629999999999,0
2026-05-15 07:00:00+00:00,4569.615,4588.925,4565.79,4571.005,0
2026-05-15 08:00:00+00:00,4570.945,4572.22,4550.07,4554.18,0
2026-05-15 09:00:00+00:00,4554.175,4563.6900000000005,4532.09,4546.045,0
2026-05-15 10:00:00+00:00,4546.08,4572.705,4544.215,4566.23,0
2026-05-15 11:00:00+00:00,4566.245,4570.495,4549.965,4552.275,0
2026-05-15 12:00:00+00:00,4552.265,4558.915,4543.84,4545.99,0
2026-05-15 13:00:00+00:00,4546.0,4557.595,4511.67,4533.64,0
2026-05-15 14:00:00+00:00,4533.635,4566.639999999999,4525.48,4562.665,0
2026-05-15 15:00:00+00:00,4562.695,4563.639999999999,4533.96,4539.799999999999,0
2026-05-15 16:00:00+00:00,4539.9,4548.145,4529.52,4544.875,0
2026-05-15 17:00:00+00:00,4544.885,4564.585,4543.175,4559.549999999999,0
2026-05-15 18:00:00+00:00,4559.535,4563.165,4552.655000000001,4559.385,0
2026-05-15 19:00:00+00:00,4559.41,4560.275,4544.96,4545.875,0
2026-05-15 20:00:00+00:00,4545.9,4546.325,4533.405000000001,4540.26,0
2026-05-17 22:00:00+00:00,4533.280000000001,4555.165000000001,4529.25,4546.135,0
2026-05-17 23:00:00+00:00,4546.0650000000005,4548.094999999999,4532.08,4537.03,0
2026-05-18 00:00:00+00:00,4537.055,4542.55,4480.335,4516.08,0
2026-05-18 01:00:00+00:00,4516.075,4535.905,4489.735,4525.59,0
2026-05-18 02:00:00+00:00,4525.54,4542.87,4522.03,4533.97,0
2026-05-18 03:00:00+00:00,4533.99,4548.094999999999,4525.38,4541.305,0
2026-05-18 04:00:00+00:00,4541.299999999999,4550.0599999999995,4530.32,4540.825,0
2026-05-18 05:00:00+00:00,4540.875,4552.075,4530.335,4531.405,0
2026-05-18 06:00:00+00:00,4531.360000000001,4548.27,4529.83,4547.055,0
2026-05-18 07:00:00+00:00,4547.0650000000005,4560.030000000001,4538.155000000001,4546.48,0
2026-05-18 08:00:00+00:00,4546.495,4557.035,4542.645,4549.955,0
2026-05-18 09:00:00+00:00,4549.945,4551.985000000001,4540.545,4543.445,0
2026-05-18 10:00:00+00:00,4543.42,4547.790000000001,4532.094999999999,4540.405000000001,0
2026-05-18 11:00:00+00:00,4540.445,4567.299999999999,4529.86,4550.865,0
2026-05-18 12:00:00+00:00,4550.88,4575.01,4545.345,4571.889999999999,0
2026-05-18 13:00:00+00:00,4571.889999999999,4584.41,4561.674999999999,4575.59,0
2026-05-18 14:00:00+00:00,4575.775,4575.945,4537.915,4546.76,0
2026-05-18 15:00:00+00:00,4546.71,4548.05,4532.005,4543.43,0
2026-05-18 16:00:00+00:00,4543.4400000000005,4554.62,4533.76,4550.275,0
2026-05-18 17:00:00+00:00,4550.290000000001,4558.24,4545.84,4547.15,0
2026-05-18 18:00:00+00:00,4547.094999999999,4547.77,4534.139999999999,4535.255,0
2026-05-18 19:00:00+00:00,4535.27,4565.055,4535.21,4558.43,0
2026-05-18 20:00:00+00:00,4558.44,4566.889999999999,4557.875,4566.46,0
2026-05-18 22:00:00+00:00,4569.46,4578.35,4566.82,4573.77,0
2026-05-18 23:00:00+00:00,4573.879999999999,4589.155,4573.764999999999,4582.075,0
2026-05-19 00:00:00+00:00,4582.045,4589.5599999999995,4561.605,4563.5599999999995,0
2026-05-19 01:00:00+00:00,4563.495,4572.385,4554.03,4564.115,0
2026-05-19 02:00:00+00:00,4564.094999999999,4564.155,4545.665000000001,4547.120000000001,0
2026-05-19 03:00:00+00:00,4547.17,4555.3150000000005,4543.445,4544.799999999999,0
2026-05-19 04:00:00+00:00,4544.85,4545.665,4538.24,4542.54,0
2026-05-19 05:00:00+00:00,4542.535,4546.674999999999,4530.835,4540.950000000001,0
2026-05-19 06:00:00+00:00,4540.9349999999995,4553.895,4533.549999999999,4548.02,0
2026-05-19 07:00:00+00:00,4548.025,4559.344999999999,4541.625,4557.35,0
2026-05-19 08:00:00+00:00,4557.344999999999,4559.35,4536.4,4542.875,0
2026-05-19 09:00:00+00:00,4542.865,4547.055,4536.1,4541.725,0
2026-05-19 10:00:00+00:00,4541.719999999999,4544.63,4525.5,4544.63,0
2026-05-19 11:00:00+00:00,4544.575000000001,4547.91,4529.8150000000005,4530.8099999999995,0
2026-05-19 12:00:00+00:00,4530.799999999999,4547.165,4527.595,4537.2,0
2026-05-19 13:00:00+00:00,4537.290000000001,4537.5650000000005,4464.969999999999,4503.355,0
2026-05-19 14:00:00+00:00,4503.3099999999995,4514.085,4484.63,4494.0599999999995,0
2026-05-19 15:00:00+00:00,4494.049999999999,4509.57,4489.98,4508.645,0
2026-05-19 16:00:00+00:00,4508.66,4512.48,4496.09,4508.09,0
2026-05-19 17:00:00+00:00,4508.08,4511.25,4499.31,4500.950000000001,0
2026-05-19 18:00:00+00:00,4500.959999999999,4504.055,4490.469999999999,4493.625,0
2026-05-19 19:00:00+00:00,4493.66,4497.745,4481.15,4483.0650000000005,0
2026-05-19 20:00:00+00:00,4483.094999999999,4488.285,4480.844999999999,4482.25,0
2026-05-19 22:00:00+00:00,4482.12,4486.505,4477.52,4484.844999999999,0
2026-05-19 23:00:00+00:00,4484.865,4496.450000000001,4480.1849999999995,4489.51,0
2026-05-20 00:00:00+00:00,4489.555,4509.085,4479.835,4500.950000000001,0
2026-05-20 01:00:00+00:00,4501.0,4506.225,4456.35,4481.41,0
2026-05-20 02:00:00+00:00,4481.415,4487.280000000001,4458.514999999999,4465.545,0
2026-05-20 03:00:00+00:00,4465.57,4467.29,4453.32,4463.780000000001,0
2026-05-20 04:00:00+00:00,4463.785,4470.64,4456.84,4462.395,0
2026-05-20 05:00:00+00:00,4462.389999999999,4479.285,4462.02,4472.725,0
2026-05-20 06:00:00+00:00,4472.6849999999995,4478.6,4461.6,4474.995,0
2026-05-20 07:00:00+00:00,4475.0,4485.9400000000005,4472.155000000001,4478.48,0
2026-05-20 08:00:00+00:00,4478.459999999999,4490.455,4476.585,4484.445,0
2026-05-20 09:00:00+00:00,4484.4400000000005,4491.545,4472.575,4484.905000000001,0
2026-05-20 10:00:00+00:00,4484.87,4497.285,4484.514999999999,4494.73,0
2026-05-20 11:00:00+00:00,4494.75,4501.205,4490.959999999999,4498.99,0
2026-05-20 12:00:00+00:00,4499.0,4505.555,4493.094999999999,4496.1900000000005,0
2026-05-20 13:00:00+00:00,4496.17,4506.405000000001,4482.17,4483.200000000001,0
2026-05-20 14:00:00+00:00,4483.26,4537.18,4467.3150000000005,4531.4,0
2026-05-20 15:00:00+00:00,4531.395,4553.025,4523.1,4529.219999999999,0
2026-05-20 16:00:00+00:00,4529.26,4535.555,4524.33,4534.445,0
2026-05-20 17:00:00+00:00,4534.459999999999,4538.125,4530.025,4531.5599999999995,0
2026-05-20 18:00:00+00:00,4531.51,4545.18,4529.375,4542.450000000001,0
2026-05-20 19:00:00+00:00,4542.455,4549.969999999999,4541.77,4545.845,0
2026-05-20 20:00:00+00:00,4545.805,4550.469999999999,4542.094999999999,4543.695,0
2026-05-20 22:00:00+00:00,4547.365,4547.74,4535.235,4540.110000000001,0
2026-05-20 23:00:00+00:00,4540.13,4547.215,4534.705,4546.58,0
2026-05-21 00:00:00+00:00,4546.585,4553.57,4537.094999999999,4545.225,0
2026-05-21 01:00:00+00:00,4545.42,4570.83,4539.96,4561.43,0
2026-05-21 02:00:00+00:00,4561.385,4565.135,4531.58,4533.145,0
2026-05-21 03:00:00+00:00,4533.16,4540.355,4527.16,4528.5,0
2026-05-21 04:00:00+00:00,4528.495,4540.6900000000005,4527.55,4538.745,0
2026-05-21 05:00:00+00:00,4538.73,4540.6849999999995,4518.514999999999,4528.105,0
2026-05-21 06:00:00+00:00,4528.075,4540.02,4518.8099999999995,4521.615,0
2026-05-21 07:00:00+00:00,4521.62,4524.535,4512.155000000001,4519.844999999999,0
2026-05-21 08:00:00+00:00,4519.84,4536.98,4518.219999999999,4532.54,0
2026-05-21 09:00:00+00:00,4532.530000000001,4543.275,4527.99,4530.775,0
2026-05-21 10:00:00+00:00,4530.74,4535.665,4504.8150000000005,4511.865,0
2026-05-21 11:00:00+00:00,4511.860000000001,4521.120000000001,4508.46,4514.299999999999,0
2026-05-21 12:00:00+00:00,4514.3,4519.360000000001,4502.255,4504.1900000000005,0
2026-05-21 13:00:00+00:00,4504.195,4520.885,4488.485000000001,4513.025,0
2026-05-21 14:00:00+00:00,4513.07,4515.59,4498.26,4509.135,0
2026-05-21 15:00:00+00:00,4509.12,4515.775,4496.645,4512.139999999999,0
2026-05-21 16:00:00+00:00,4512.15,4520.74,4512.115,4519.58,0
2026-05-21 17:00:00+00:00,4519.595,4559.530000000001,4514.415,4551.645,0
2026-05-21 18:00:00+00:00,4551.67,4556.15,4527.525,4531.985000000001,0
2026-05-21 19:00:00+00:00,4531.995000000001,4543.9349999999995,4529.889999999999,4543.05,0
2026-05-21 20:00:00+00:00,4543.030000000001,4544.9400000000005,4539.754999999999,4543.200000000001,0
2026-05-21 22:00:00+00:00,4542.8099999999995,4546.18,4539.825,4542.955,0
2026-05-21 23:00:00+00:00,4543.045,4545.035,4532.4400000000005,4535.57,0
2026-05-22 00:00:00+00:00,4535.68,4541.365,4525.719999999999,4527.035,0
2026-05-22 01:00:00+00:00,4526.965,4536.305,4521.275,4526.52,0
2026-05-22 02:00:00+00:00,4526.6,4529.48,4518.504999999999,4523.55,0
2026-05-22 03:00:00+00:00,4523.5599999999995,4530.12,4519.28,4529.595,0
2026-05-22 04:00:00+00:00,4529.595,4533.0599999999995,4525.459999999999,4527.26,0
2026-05-22 05:00:00+00:00,4527.254999999999,4534.51,4507.4,4511.355,0
2026-05-22 06:00:00+00:00,4511.344999999999,4528.9,4510.17,4526.865,0
2026-05-22 07:00:00+00:00,4526.91,4527.4400000000005,4516.265,4521.86,0
2026-05-22 08:00:00+00:00,4521.85,4531.32,4517.245,4522.120000000001,0
2026-05-22 09:00:00+00:00,4522.195,4535.865,4514.709999999999,4532.1,0
2026-05-22 10:00:00+00:00,4532.115,4536.875,4510.375,4514.74,0
2026-05-22 11:00:00+00:00,4514.719999999999,4525.255,4511.59,4520.780000000001,0
2026-05-22 12:00:00+00:00,4520.77,4536.209999999999,4515.33,4528.370000000001,0
2026-05-22 13:00:00+00:00,4528.35,4534.34,4510.54,4513.9,0
2026-05-22 14:00:00+00:00,4513.860000000001,4514.365,4491.58,4500.525,0
2026-05-22 15:00:00+00:00,4500.5599999999995,4522.35,4500.32,4520.035,0
2026-05-22 16:00:00+00:00,4520.030000000001,4526.8150000000005,4512.389999999999,4515.07,0
2026-05-22 17:00:00+00:00,4515.0599999999995,4528.15,4513.3099999999995,4519.4,0
2026-05-22 18:00:00+00:00,4519.38,4520.045,4512.09,4515.0,0
2026-05-22 19:00:00+00:00,4515.01,4516.01,4504.264999999999,4508.540000000001,0
2026-05-22 20:00:00+00:00,4508.51,4510.5599999999995,4504.585,4509.23,0
2026-05-24 22:00:00+00:00,4542.34,4565.82,4539.780000000001,4565.23,0
2026-05-24 23:00:00+00:00,4565.1849999999995,4580.469999999999,4565.139999999999,4567.139999999999,0
2026-05-25 00:00:00+00:00,4567.155000000001,4579.469999999999,4566.25,4569.77,0
2026-05-25 01:00:00+00:00,4569.76,4576.36,4560.42,4562.93,0
2026-05-25 02:00:00+00:00,4562.86,4570.415,4559.0599999999995,4561.165,0
2026-05-25 03:00:00+00:00,4561.195,4564.610000000001,4556.77,4559.725,0
2026-05-25 04:00:00+00:00,4559.73,4565.955,4559.24,4564.805,0
2026-05-25 05:00:00+00:00,4564.8150000000005,4566.215,4552.0,4553.355,0
2026-05-25 06:00:00+00:00,4553.365,4563.25,4550.575000000001,4562.9349999999995,0
2026-05-25 07:00:00+00:00,4562.885,4565.34,4552.665,4564.985,0
2026-05-25 08:00:00+00:00,4565.0,4565.24,4553.43,4556.195,0
2026-05-25 09:00:00+00:00,4556.1849999999995,4569.15,4555.145,4567.77,0
2026-05-25 10:00:00+00:00,4567.775,4573.775,4567.605,4568.93,0
2026-05-25 11:00:00+00:00,4568.95,4577.055,4567.695,4569.595,0
2026-05-25 12:00:00+00:00,4569.555,4570.245,4553.27,4567.719999999999,0
2026-05-25 13:00:00+00:00,4567.735,4571.73,4560.1,4563.125,0
2026-05-25 14:00:00+00:00,4563.145,4570.62,4562.38,4566.889999999999,0
2026-05-25 15:00:00+00:00,4566.875,4574.7,4565.860000000001,4570.97,0
2026-05-25 16:00:00+00:00,4570.985000000001,4574.58,4567.915,4573.68,0
2026-05-25 17:00:00+00:00,4573.674999999999,4578.094999999999,4563.33,4565.35,0
2026-05-25 18:00:00+00:00,4565.365,4571.71,4564.38,4570.55,0
2026-05-25 22:00:00+00:00,4572.18,4576.709999999999,4569.74,4574.844999999999,0
2026-05-25 23:00:00+00:00,4574.865,4580.795,4555.1849999999995,4559.82,0
2026-05-26 00:00:00+00:00,4559.83,4560.55,4539.75,4549.585,0
2026-05-26 01:00:00+00:00,4549.59,4550.54,4527.745,4537.290000000001,0
2026-05-26 02:00:00+00:00,4537.3099999999995,4539.74,4530.32,4532.469999999999,0
2026-05-26 03:00:00+00:00,4532.455,4545.629999999999,4532.285,4542.605,0
2026-05-26 04:00:00+00:00,4542.63,4543.33,4523.595,4525.5650000000005,0
2026-05-26 05:00:00+00:00,4525.57,4535.225,4523.110000000001,4527.38,0
2026-05-26 06:00:00+00:00,4527.375,4536.375,4527.120000000001,4530.775,0
2026-05-26 07:00:00+00:00,4530.825,4539.16,4521.610000000001,4538.219999999999,0
2026-05-26 08:00:00+00:00,4538.205,4539.095,4520.165,4523.73,0
2026-05-26 09:00:00+00:00,4523.799999999999,4526.615,4511.96,4522.865,0
2026-05-26 10:00:00+00:00,4522.879999999999,4540.5650000000005,4519.360000000001,4534.615,0
2026-05-26 11:00:00+00:00,4534.610000000001,4536.505,4503.8,4507.110000000001,0
2026-05-26 12:00:00+00:00,4507.115,4523.76,4500.735,4520.335,0
2026-05-26 13:00:00+00:00,4520.33,4531.665,4512.415,4514.08,0
2026-05-26 14:00:00+00:00,4514.125,4525.21,4507.9400000000005,4515.43,0
2026-05-26 15:00:00+00:00,4515.44,4515.76,4502.535,4506.735000000001,0
2026-05-26 16:00:00+00:00,4506.755,4511.370000000001,4499.915,4504.915,0
2026-05-26 17:00:00+00:00,4504.9349999999995,4507.889999999999,4490.0650000000005,4491.280000000001,0
2026-05-26 18:00:00+00:00,4491.264999999999,4499.68,4482.594999999999,4499.370000000001,0
2026-05-26 19:00:00+00:00,4499.365,4510.0599999999995,4497.63,4508.9,0
2026-05-26 20:00:00+00:00,4508.925,4510.865,4504.09,4507.594999999999,0
2026-05-26 22:00:00+00:00,4515.18,4529.905000000001,4487.8150000000005,4511.094999999999,0
2026-05-26 23:00:00+00:00,4511.085,4527.945,4504.53,4519.48,0
2026-05-27 00:00:00+00:00,4519.49,4525.965,4514.365,4515.415000000001,0
2026-05-27 01:00:00+00:00,4515.4,4521.305,4506.86,4507.79,0
2026-05-27 02:00:00+00:00,4507.785,4509.51,4498.275,4506.17,0
2026-05-27 03:00:00+00:00,4506.18,4511.84,4496.76,4497.120000000001,0
2026-05-27 04:00:00+00:00,4496.92,4517.525,4495.575000000001,4510.15,0
2026-05-27 05:00:00+00:00,4510.120000000001,4513.795,4491.795,4497.610000000001,0
2026-05-27 06:00:00+00:00,4497.54,4499.2,4479.755,4485.17,0
2026-05-27 07:00:00+00:00,4485.23,4489.360000000001,4475.84,4482.125,0
2026-05-27 08:00:00+00:00,4482.11,4498.715,4481.5,4497.959999999999,0
2026-05-27 09:00:00+00:00,4497.98,4498.01,4486.905000000001,4490.305,0
2026-05-27 10:00:00+00:00,4490.3099999999995,4490.86,4442.525,4445.77,0
2026-05-27 11:00:00+00:00,4445.764999999999,4453.5650000000005,4425.049999999999,4428.535,0
2026-05-27 12:00:00+00:00,4428.58,4466.8099999999995,4427.675,4439.025,0
2026-05-27 13:00:00+00:00,4439.01,4439.285,4401.64,4427.495,0
2026-05-27 14:00:00+00:00,4427.5,4455.73,4426.205,4434.360000000001,0
2026-05-27 15:00:00+00:00,4434.33,4441.65,4428.37,4436.48,0
2026-05-27 16:00:00+00:00,4436.52,4453.395,4434.125,4451.035,0
2026-05-27 17:00:00+00:00,4450.905000000001,4454.48,4441.44,4450.57,0
2026-05-27 18:00:00+00:00,4450.57,4458.545,4447.975,4454.54,0
2026-05-27 19:00:00+00:00,4454.525,4454.9400000000005,4449.015,4451.0,0
2026-05-27 20:00:00+00:00,4451.049999999999,4459.125,4450.095,4456.235,0
2026-05-27 22:00:00+00:00,4463.6900000000005,4466.59,4455.23,4457.53,0
2026-05-27 23:00:00+00:00,4457.51,4457.82,4444.01,4447.475,0
2026-05-28 00:00:00+00:00,4447.46,4458.35,4443.764999999999,4457.375,0
2026-05-28 01:00:00+00:00,4457.355,4459.0599999999995,4406.975,4410.075,0
2026-05-28 02:00:00+00:00,4410.07,4412.99,4392.795,4394.335,0
2026-05-28 03:00:00+00:00,4394.344999999999,4398.15,4368.780000000001,4375.085,0
2026-05-28 04:00:00+00:00,4375.139999999999,4382.45,4366.32,4372.98,0
2026-05-28 05:00:00+00:00,4372.995,4395.92,4367.09,4388.255,0
2026-05-28 06:00:00+00:00,4388.24,4390.73,4374.305,4383.610000000001,0
2026-05-28 07:00:00+00:00,4383.51,4396.5,4382.82,4387.75,0
2026-05-28 08:00:00+00:00,4387.780000000001,4395.155000000001,4385.995,4387.23,0
2026-05-28 09:00:00+00:00,4387.21,4399.275,4386.505,4393.475,0
2026-05-28 10:00:00+00:00,4393.48,4404.23,4375.255,4383.299999999999,0
2026-05-28 11:00:00+00:00,4383.26,4390.62,4381.09,4388.129999999999,0
2026-05-28 12:00:00+00:00,4388.094999999999,4433.745,4379.73,4432.605,0
2026-05-28 13:00:00+00:00,4432.620000000001,4439.145,4418.365,4430.535,0
2026-05-28 14:00:00+00:00,4430.424999999999,4480.5,4420.65,4469.71,0
2026-05-28 15:00:00+00:00,4469.705,4485.07,4469.0,4482.135,0
2026-05-28 16:00:00+00:00,4482.145,4511.145,4478.175,4511.09,0
2026-05-28 17:00:00+00:00,4511.015,4514.735,4501.145,4509.030000000001,0
2026-05-28 18:00:00+00:00,4509.0599999999995,4516.59,4498.46,4501.165,0
2026-05-28 19:00:00+00:00,4501.129999999999,4503.77,4497.23,4498.24,0
2026-05-28 20:00:00+00:00,4498.235000000001,4500.82,4494.97,4495.765,0
2026-05-28 22:00:00+00:00,4499.51,4500.025,4490.950000000001,4491.280000000001,0
2026-05-28 23:00:00+00:00,4491.24,4497.09,4489.280000000001,4495.305,0
2026-05-29 00:00:00+00:00,4495.31,4500.69,4492.24,4496.360000000001,0
2026-05-29 01:00:00+00:00,4496.385,4521.17,4492.655,4506.805,0
2026-05-29 02:00:00+00:00,4506.780000000001,4511.395,4498.615,4501.639999999999,0
2026-05-29 03:00:00+00:00,4501.719999999999,4502.04,4494.955,4501.469999999999,0
2026-05-29 04:00:00+00:00,4501.465,4515.215,4501.2,4513.790000000001,0
2026-05-29 05:00:00+00:00,4513.84,4515.885,4502.700000000001,4514.6,0
2026-05-29 06:00:00+00:00,4514.655000000001,4524.285,4510.095,4523.7,0
2026-05-29 07:00:00+00:00,4523.6900000000005,4526.299999999999,4510.92,4524.73,0
2026-05-29 08:00:00+00:00,4524.725,4524.945,4510.094999999999,4515.1900000000005,0
2026-05-29 09:00:00+00:00,4515.18,4539.975,4513.305,4531.195,0
2026-05-29 10:00:00+00:00,4531.1900000000005,4543.280000000001,4525.645,4538.799999999999,0
2026-05-29 11:00:00+00:00,4538.790000000001,4540.64,4525.8150000000005,4538.28,0
2026-05-29 12:00:00+00:00,4538.385,4538.585,4512.549999999999,4523.265,0
2026-05-29 13:00:00+00:00,4523.255,4540.785,4516.9400000000005,4536.959999999999,0
2026-05-29 14:00:00+00:00,4536.985,4570.67,4525.395,4564.27,0
2026-05-29 15:00:00+00:00,4564.27,4595.505,4557.75,4571.07,0
2026-05-29 16:00:00+00:00,4571.1,4573.610000000001,4559.91,4566.625,0
2026-05-29 17:00:00+00:00,4566.594999999999,4568.57,4551.695,4553.51,0
2026-05-29 18:00:00+00:00,4553.495,4561.665,4551.110000000001,4553.219999999999,0
2026-05-29 19:00:00+00:00,4553.16,4560.38,4542.905000000001,4545.594999999999,0
2026-05-29 20:00:00+00:00,4545.6,4549.295,4539.735,4540.43,0
2026-05-31 22:00:00+00:00,4523.93,4540.344999999999,4518.32,4535.425,0
2026-05-31 23:00:00+00:00,4535.5,4545.84,4535.145,4539.605,0
2026-06-01 00:00:00+00:00,4539.59,4546.155,4535.379999999999,4540.415000000001,0
2026-06-01 01:00:00+00:00,4540.405000000001,4541.245,4523.955,4525.68,0
2026-06-01 02:00:00+00:00,4525.635,4534.95,4521.4,4521.674999999999,0
2026-06-01 03:00:00+00:00,4521.67,4525.53,4510.08,4516.425,0
2026-06-01 04:00:00+00:00,4516.4400000000005,4519.825,4508.51,4514.51,0
2026-06-01 05:00:00+00:00,4514.530000000001,4525.629999999999,4512.595,4517.785,0
2026-06-01 06:00:00+00:00,4517.845,4518.79,4500.275,4501.875,0
2026-06-01 07:00:00+00:00,4501.895,4510.0599999999995,4492.585,4503.15,0
2026-06-01 08:00:00+00:00,4503.209999999999,4504.59,4490.43,4498.110000000001,0
2026-06-01 09:00:00+00:00,4498.094999999999,4506.59,4489.06,4495.835,0
2026-06-01 10:00:00+00:00,4495.855,4511.129999999999,4495.8150000000005,4504.135,0
2026-06-01 11:00:00+00:00,4504.115,4513.15,4499.84,4506.455,0
2026-06-01 12:00:00+00:00,4506.4349999999995,4510.47,4497.49,4501.835,0
2026-06-01 13:00:00+00:00,4501.825000000001,4504.215,4448.68,4450.82,0
2026-06-01 14:00:00+00:00,4450.83,4465.055,4447.85,4458.85,0
2026-06-01 15:00:00+00:00,4458.845,4479.77,4455.48,4474.32,0
2026-06-01 16:00:00+00:00,4474.335,4482.280000000001,4463.18,4480.299999999999,0
2026-06-01 17:00:00+00:00,4480.290000000001,4495.575000000001,4471.755,4487.335,0
2026-06-01 18:00:00+00:00,4487.32,4490.139999999999,4485.014999999999,4486.5599999999995,0
2026-06-01 19:00:00+00:00,4486.51,4488.145,4479.15,4481.24,0
2026-06-01 20:00:00+00:00,4481.25,4486.085,4480.345,4484.995,0
2026-06-01 22:00:00+00:00,4486.91,4487.16,4479.895,4485.76,0
2026-06-01 23:00:00+00:00,4485.77,4488.38,4479.165,4484.605,0
2026-06-02 00:00:00+00:00,4484.625,4497.264999999999,4476.905000000001,4481.889999999999,0
2026-06-02 01:00:00+00:00,4481.98,4492.355,4463.165,4474.1849999999995,0
2026-06-02 02:00:00+00:00,4474.155000000001,4486.735,4472.360000000001,4486.165,0
2026-06-02 03:00:00+00:00,4486.155,4499.73,4485.695,4499.35,0
2026-06-02 04:00:00+00:00,4499.36,4518.51,4497.74,4517.74,0
2026-06-02 05:00:00+00:00,4517.76,4528.31,4515.33,4516.99,0
2026-06-02 06:00:00+00:00,4517.0,4538.59,4516.9349999999995,4535.99,0
2026-06-02 07:00:00+00:00,4535.975,4541.705,4527.92,4535.225,0
2026-06-02 08:00:00+00:00,4535.235,4539.1849999999995,4525.995,4526.925,0
2026-06-02 09:00:00+00:00,4527.0,4535.76,4521.76,4530.195,0
2026-06-02 10:00:00+00:00,4530.1849999999995,4533.865,4524.540000000001,4532.99,0
2026-06-02 11:00:00+00:00,4533.0,4534.6849999999995,4525.6,4527.49,0
2026-06-02 12:00:00+00:00,4527.505,4534.325000000001,4513.62,4514.125,0
2026-06-02 13:00:00+00:00,4514.15,4525.004999999999,4503.049999999999,4503.174999999999,0
2026-06-02 14:00:00+00:00,4503.155000000001,4507.25,4490.25,4504.07,0
2026-06-02 15:00:00+00:00,4504.085,4508.555,4500.379999999999,4502.09,0
2026-06-02 16:00:00+00:00,4502.1,4503.155,4486.280000000001,4492.0,0
2026-06-02 17:00:00+00:00,4492.030000000001,4493.325000000001,4482.41,4484.49,0
2026-06-02 18:00:00+00:00,4484.505,4490.875,4478.67,4487.49,0
2026-06-02 19:00:00+00:00,4487.505,4490.225,4483.52,4488.295,0
2026-06-02 20:00:00+00:00,4488.305,4491.27,4486.35,4487.975,0
2026-06-02 22:00:00+00:00,4492.27,4493.285,4484.09,4484.92,0
2026-06-02 23:00:00+00:00,4484.925,4488.91,4462.1900000000005,4474.5,0
2026-06-03 00:00:00+00:00,4474.465,4496.805,4474.014999999999,4486.145,0
2026-06-03 01:00:00+00:00,4486.135,4487.775,4463.59,4475.91,0
2026-06-03 02:00:00+00:00,4475.925,4485.18,4472.97,4481.92,0
2026-06-03 03:00:00+00:00,4481.865,4487.85,4481.780000000001,4484.6,0
2026-06-03 04:00:00+00:00,4484.75,4488.41,4468.205,4469.58,0
2026-06-03 05:00:00+00:00,4469.57,4474.34,4456.745,4457.1,0
2026-06-03 06:00:00+00:00,4457.139999999999,4470.89,4455.530000000001,4463.04,0
2026-06-03 07:00:00+00:00,4463.04,4472.424999999999,4452.805,4453.3150000000005,0
2026-06-03 08:00:00+00:00,4453.405,4459.46,4440.345,4444.025,0
2026-06-03 09:00:00+00:00,4444.055,4459.18,4438.885,4443.31,0
2026-06-03 10:00:00+00:00,4443.3150000000005,4467.344999999999,4441.095,4459.014999999999,0
2026-06-03 11:00:00+00:00,4458.995,4468.4400000000005,4458.47,4462.71,0
2026-06-03 12:00:00+00:00,4462.705,4467.405000000001,4448.43,4460.280000000001,0
2026-06-03 13:00:00+00:00,4460.285,4466.0650000000005,4426.475,4446.705,0
2026-06-03 14:00:00+00:00,4446.6849999999995,4459.74,4442.445,4457.200000000001,0
2026-06-03 15:00:00+00:00,4457.17,4458.32,4436.74,4442.17,0
2026-06-03 16:00:00+00:00,4442.15,4444.11,4433.755,4442.014999999999,0
2026-06-03 17:00:00+00:00,4442.025,4448.66,4435.77,4439.32,0
2026-06-03 18:00:00+00:00,4439.305,4443.155000000001,4435.209999999999,4442.299999999999,0
2026-06-03 19:00:00+00:00,4442.299999999999,4452.265,4441.639999999999,4444.205,0
2026-06-03 20:00:00+00:00,4444.1900000000005,4445.535,4430.405,4434.4349999999995,0
2026-06-03 22:00:00+00:00,4436.93,4453.3,4423.93,4448.745000000001,0
2026-06-03 23:00:00+00:00,4448.780000000001,4464.75,4445.475,4457.26,0
2026-06-04 00:00:00+00:00,4457.27,4465.1849999999995,4444.325000000001,4448.55,0
2026-06-04 01:00:00+00:00,4448.540000000001,4473.95,4443.115,4465.595,0
2026-06-04 02:00:00+00:00,4465.615,4476.67,4455.674999999999,4474.780000000001,0
2026-06-04 03:00:00+00:00,4474.790000000001,4477.360000000001,4458.4,4463.985000000001,0
2026-06-04 04:00:00+00:00,4463.975,4484.335,4462.35,4481.025,0
2026-06-04 05:00:00+00:00,4480.975,4482.415,4466.875,4468.825000000001,0
2026-06-04 06:00:00+00:00,4468.905000000001,4477.299999999999,4462.84,4467.9,0
2026-06-04 07:00:00+00:00,4467.889999999999,4470.88,4459.459999999999,4461.845,0
2026-06-04 08:00:00+00:00,4461.825000000001,4469.4349999999995,4458.665,4463.32,0
2026-06-04 09:00:00+00:00,4463.33,4475.74,4460.83,4470.58,0
2026-06-04 10:00:00+00:00,4470.5650000000005,4474.075000000001,4464.385,4473.755,0
2026-06-04 11:00:00+00:00,4473.74,4514.6900000000005,4468.7,4511.65,0
2026-06-04 12:00:00+00:00,4511.585,4513.885,4491.235,4504.110000000001,0
2026-06-04 13:00:00+00:00,4504.120000000001,4515.68,4495.455,4495.605,0
2026-06-04 14:00:00+00:00,4495.655,4500.08,4457.4400000000005,4465.915,0
2026-06-04 15:00:00+00:00,4465.955,4479.335,4463.805,4477.54,0
2026-06-04 16:00:00+00:00,4477.55,4485.11,4475.235000000001,4482.775,0
2026-06-04 17:00:00+00:00,4482.77,4482.77,4474.09,4478.26,0
2026-06-04 18:00:00+00:00,4478.26,4481.094999999999,4472.8,4478.305,0
2026-06-04 19:00:00+00:00,4478.285,4483.645,4476.355,4480.76,0
2026-06-04 20:00:00+00:00,4480.77,4481.635,4474.5650000000005,4475.5599999999995,0
2026-06-04 22:00:00+00:00,4475.01,4481.325000000001,4469.08,4469.975,0
2026-06-04 23:00:00+00:00,4469.99,4474.165,4460.5650000000005,4462.16,0
2026-06-05 00:00:00+00:00,4462.01,4467.165,4450.885,4460.014999999999,0
2026-06-05 01:00:00+00:00,4459.995,4470.135,4444.22,4446.925,0
2026-06-05 02:00:00+00:00,4446.93,4454.99,4438.455,4440.955,0
2026-06-05 03:00:00+00:00,4440.879999999999,4444.115,4435.425,4442.63,0
2026-06-05 04:00:00+00:00,4442.635,4446.75,4437.674999999999,4445.120000000001,0
2026-06-05 05:00:00+00:00,4445.18,4450.025,4438.485000000001,4440.055,0
2026-06-05 06:00:00+00:00,4440.094999999999,4456.31,4428.625,4453.225,0
2026-06-05 07:00:00+00:00,4453.25,4467.365,4451.81,4460.865,0
2026-06-05 08:00:00+00:00,4460.875,4468.200000000001,4458.92,4462.92,0
2026-06-05 09:00:00+00:00,4462.92,4469.485000000001,4458.96,4464.835,0
2026-06-05 10:00:00+00:00,4464.805,4468.219999999999,4462.049999999999,4467.120000000001,0
2026-06-05 11:00:00+00:00,4467.125,4475.51,4458.615,4470.045,0
2026-06-05 12:00:00+00:00,4470.0599999999995,4475.835,4404.98,4406.385,0
2026-06-05 13:00:00+00:00,4406.389999999999,4421.335,4365.495,4366.1849999999995,0
2026-06-05 14:00:00+00:00,4366.290000000001,4379.645,4344.58,4369.870000000001,0
2026-06-05 15:00:00+00:00,4369.875,4372.655000000001,4334.105,4335.844999999999,0
2026-06-05 16:00:00+00:00,4335.860000000001,4345.17,4323.405000000001,4344.51,0
2026-06-05 17:00:00+00:00,4344.475,4347.475,4335.8,4341.885,0
2026-06-05 18:00:00+00:00,4341.889999999999,4342.389999999999,4315.43,4322.389999999999,0
2026-06-05 19:00:00+00:00,4322.32,4325.200000000001,4314.005,4318.805,0
2026-06-05 20:00:00+00:00,4318.8099999999995,4330.995000000001,4311.755,4328.295,0
2026-06-07 22:00:00+00:00,4328.860000000001,4331.275,4310.335,4317.764999999999,0
2026-06-07 23:00:00+00:00,4317.785,4347.26,4317.645,4344.015,0
2026-06-08 00:00:00+00:00,4344.030000000001,4353.33,4339.805,4342.73,0
2026-06-08 01:00:00+00:00,4342.575000000001,4346.1849999999995,4299.98,4325.535,0
2026-06-08 02:00:00+00:00,4325.465,4330.855,4307.125,4310.700000000001,0
2026-06-08 03:00:00+00:00,4310.705,4317.325000000001,4303.58,4316.889999999999,0
2026-06-08 04:00:00+00:00,4316.895,4321.955,4307.605,4312.73,0
2026-06-08 05:00:00+00:00,4312.755,4315.99,4268.325000000001,4292.0599999999995,0
2026-06-08 06:00:00+00:00,4292.040000000001,4311.5,4291.950000000001,4300.5,0
2026-06-08 07:00:00+00:00,4300.52,4317.02,4294.635,4294.7,0
2026-06-08 08:00:00+00:00,4294.6849999999995,4297.49,4285.395,4288.615,0
2026-06-08 09:00:00+00:00,4288.629999999999,4302.0599999999995,4273.08,4294.54,0
2026-06-08 10:00:00+00:00,4294.514999999999,4306.055,4286.215,4302.155000000001,0
2026-06-08 11:00:00+00:00,4302.15,4333.51,4297.42,4331.290000000001,0
2026-06-08 12:00:00+00:00,4331.32,4339.37,4320.355,4333.299999999999,0
2026-06-08 13:00:00+00:00,4333.285,4346.715,4321.26,4327.09,0
2026-06-08 14:00:00+00:00,4327.0650000000005,4331.610000000001,4314.775,4331.030000000001,0
2026-06-08 15:00:00+00:00,4330.99,4345.91,4322.639999999999,4341.71,0
2026-06-08 16:00:00+00:00,4341.76,4346.459999999999,4337.924999999999,4340.844999999999,0
2026-06-08 17:00:00+00:00,4340.84,4342.555,4331.99,4339.1900000000005,0
2026-06-08 18:00:00+00:00,4339.195,4346.18,4332.955,4334.424999999999,0
2026-06-08 19:00:00+00:00,4334.4349999999995,4338.305,4323.3099999999995,4326.719999999999,0
2026-06-08 20:00:00+00:00,4326.735,4330.525,4324.325000000001,4329.805,0
2026-06-08 22:00:00+00:00,4330.639999999999,4331.195,4322.775,4327.6849999999995,0
2026-06-08 23:00:00+00:00,4327.765,4328.8099999999995,4312.87,4317.905,0
2026-06-09 00:00:00+00:00,4317.895,4323.905000000001,4315.110000000001,4320.1,0
2026-06-09 01:00:00+00:00,4320.0650000000005,4338.865,4318.58,4336.535,0
2026-06-09 02:00:00+00:00,4336.56,4340.96,4328.175,4336.035,0
2026-06-09 03:00:00+00:00,4336.02,4342.57,4331.030000000001,4336.795,0
2026-06-09 04:00:00+00:00,4336.79,4339.379999999999,4324.6,4332.254999999999,0
2026-06-09 05:00:00+00:00,4332.245,4351.79,4330.9349999999995,4343.594999999999,0
2026-06-09 06:00:00+00:00,4343.59,4349.075,4330.245,4330.844999999999,0
2026-06-09 07:00:00+00:00,4330.865,4334.879999999999,4322.3099999999995,4326.66,0
2026-06-09 08:00:00+00:00,4326.725,4337.049999999999,4321.285,4326.610000000001,0
2026-06-09 09:00:00+00:00,4326.62,4336.41,4324.04,4332.3150000000005,0
2026-06-09 10:00:00+00:00,4332.26,4340.695,4324.955,4339.305,0
2026-06-09 11:00:00+00:00,4339.285,4343.98,4335.525,4339.780000000001,0
2026-06-09 12:00:00+00:00,4339.785,4344.385,4334.950000000001,4341.395,0
2026-06-09 13:00:00+00:00,4341.375,4363.825000000001,4325.19,4328.865,0
2026-06-09 14:00:00+00:00,4328.82,4336.41,4278.505,4300.86,0
2026-06-09 15:00:00+00:00,4300.855,4302.365,4263.205,4273.165,0
2026-06-09 16:00:00+00:00,4273.129999999999,4281.219999999999,4236.889999999999,4252.055,0
2026-06-09 17:00:00+00:00,4252.0650000000005,4268.110000000001,4251.4400000000005,4263.290000000001,0
2026-06-09 18:00:00+00:00,4263.200000000001,4274.335,4259.635,4269.865,0
2026-06-09 19:00:00+00:00,4269.835,4271.635,4250.16,4258.969999999999,0
2026-06-09 20:00:00+00:00,4258.969999999999,4262.08,4255.845,4259.42,0
2026-06-09 22:00:00+00:00,4255.58,4257.475,4232.4400000000005,4237.200000000001,0
2026-06-09 23:00:00+00:00,4237.120000000001,4247.280000000001,4210.355,4222.235,0
2026-06-10 00:00:00+00:00,4222.18,4228.285,4199.105,4217.76,0
2026-06-10 01:00:00+00:00,4217.75,4219.1849999999995,4184.005,4188.889999999999,0
2026-06-10 02:00:00+00:00,4188.895,4192.77,4172.959999999999,4174.08,0
2026-06-10 03:00:00+00:00,4174.075000000001,4186.610000000001,4172.645,4184.805,0
2026-06-10 04:00:00+00:00,4184.825,4187.23,4172.335,4174.795,0
2026-06-10 05:00:00+00:00,4174.83,4209.225,4173.405000000001,4205.4,0
2026-06-10 06:00:00+00:00,4205.425,4222.255,4201.950000000001,4204.145,0
2026-06-10 07:00:00+00:00,4204.15,4208.030000000001,4181.635,4187.040000000001,0
2026-06-10 08:00:00+00:00,4187.035,4187.665,4161.34,4168.7,0
2026-06-10 09:00:00+00:00,4168.75,4179.525,4163.3150000000005,4168.99,0
2026-06-10 10:00:00+00:00,4168.99,4178.835,4155.6849999999995,4174.475,0
2026-06-10 11:00:00+00:00,4174.51,4176.290000000001,4145.775,4147.84,0
2026-06-10 12:00:00+00:00,4147.825000000001,4173.845,4130.535,4147.35,0
2026-06-10 13:00:00+00:00,4147.3150000000005,4186.344999999999,4132.99,4179.665,0
2026-06-10 14:00:00+00:00,4179.6849999999995,4181.27,4117.924999999999,4125.094999999999,0
2026-06-10 15:00:00+00:00,4125.105,4136.885,4107.055,4129.105,0
2026-06-10 16:00:00+00:00,4129.085,4135.15,4116.13,4122.13,0
2026-06-10 17:00:00+00:00,4122.09,4135.085,4101.085,4111.955,0
2026-06-10 18:00:00+00:00,4111.915,4120.5650000000005,4096.950000000001,4101.34,0
2026-06-10 19:00:00+00:00,4101.365,4102.32,4081.685,4082.93,0
2026-06-10 20:00:00+00:00,4083.005,4083.205,4067.21,4071.42,0
2026-06-10 22:00:00+00:00,4070.4700000000003,4072.79,4036.1,4046.685,0
2026-06-10 23:00:00+00:00,4046.66,4065.2200000000003,4023.885,4047.375,0
2026-06-11 00:00:00+00:00,4047.4049999999997,4078.34,4036.17,4076.4700000000003,0
2026-06-11 01:00:00+00:00,4076.455,4118.43,4066.525,4102.02,0
2026-06-11 02:00:00+00:00,4101.99,4102.73,4052.0950000000003,4068.075,0
2026-06-11 03:00:00+00:00,4068.06,4078.505,4057.115,4072.735,0
2026-06-11 04:00:00+00:00,4072.81,4086.13,4070.455,4082.83,0
2026-06-11 05:00:00+00:00,4082.825,4106.375,4072.9,4094.205,0
2026-06-11 06:00:00+00:00,4094.145,4097.795,4076.2799999999997,4094.18,0
2026-06-11 07:00:00+00:00,4094.11,4110.700000000001,4091.535,4105.13,0
2026-06-11 08:00:00+00:00,4105.115,4112.94,4084.665,4084.76,0
2026-06-11 09:00:00+00:00,4084.715,4096.53,4077.705,4091.97,0
2026-06-11 10:00:00+00:00,4091.9449999999997,4094.79,4086.495,4090.27,0
2026-06-11 11:00:00+00:00,4090.29,4096.075000000001,4079.895,4080.53,0
2026-06-11 12:00:00+00:00,4080.51,4087.4049999999997,4057.8100000000004,4082.105,0
2026-06-11 13:00:00+00:00,4082.14,4092.6800000000003,4067.165,4083.3450000000003,0
2026-06-11 14:00:00+00:00,4083.45,4085.5200000000004,4052.81,4073.63,0
2026-06-11 15:00:00+00:00,4073.5950000000003,4095.535,4070.4049999999997,4089.29,0
2026-06-11 16:00:00+00:00,4089.29,4107.585,4078.05,4080.1800000000003,0
2026-06-11 17:00:00+00:00,4080.185,4170.07,4072.0550000000003,4151.835,0
2026-06-11 18:00:00+00:00,4151.855,4171.6,4131.525,4162.195,0
2026-06-11 19:00:00+00:00,4162.174999999999,4220.13,4161.8150000000005,4209.65,0
2026-06-11 20:00:00+00:00,4209.67,4218.66,4207.9349999999995,4210.9400000000005,0
2026-06-11 22:00:00+00:00,4218.625,4246.745,4205.3,4243.585,0
2026-06-11 23:00:00+00:00,4243.595,4246.549999999999,4214.175,4219.8099999999995,0
2026-06-12 00:00:00+00:00,4219.855,4230.555,4200.52,4208.24,0
2026-06-12 01:00:00+00:00,4208.25,4211.3099999999995,4171.625,4187.08,0
2026-06-12 02:00:00+00:00,4187.055,4199.96,4182.955,4191.975,0
2026-06-12 03:00:00+00:00,4191.9349999999995,4205.25,4189.71,4197.0650000000005,0
2026-06-12 04:00:00+00:00,4197.09,4201.285,4189.51,4189.93,0
2026-06-12 05:00:00+00:00,4189.855,4193.01,4170.915,4173.63,0
2026-06-12 06:00:00+00:00,4173.635,4185.84,4172.32,4184.315,0
2026-06-12 07:00:00+00:00,4184.33,4193.93,4170.17,4193.594999999999,0
2026-06-12 08:00:00+00:00,4193.615,4226.04,4192.025,4219.73,0
2026-06-12 09:00:00+00:00,4219.745000000001,4228.18,4217.52,4222.165,0
2026-06-12 10:00:00+00:00,4222.135,4225.6849999999995,4202.955,4211.200000000001,0
2026-06-12 11:00:00+00:00,4211.14,4215.3099999999995,4197.8099999999995,4207.24,0
2026-06-12 12:00:00+00:00,4207.24,4215.3,4188.465,4191.75,0
2026-06-12 13:00:00+00:00,4191.76,4210.469999999999,4182.924999999999,4186.555,0
2026-06-12 14:00:00+00:00,4186.530000000001,4208.62,4177.0599999999995,4204.205,0
2026-06-12 15:00:00+00:00,4204.18,4235.605,4200.344999999999,4211.775,0
2026-06-12 16:00:00+00:00,4211.785,4233.075,4208.175,4216.325000000001,0
2026-06-12 17:00:00+00:00,4216.335,4226.379999999999,4213.9349999999995,4221.41,0
2026-06-12 18:00:00+00:00,4221.475,4235.4,4214.344999999999,4215.395,0
2026-06-12 19:00:00+00:00,4215.4,4219.540000000001,4201.955,4210.66,0
2026-06-12 20:00:00+00:00,4210.67,4219.59,4209.535,4219.030000000001,0
2026-06-14 22:00:00+00:00,4267.93,4309.17,4266.325000000001,4285.96,0
2026-06-14 23:00:00+00:00,4285.879999999999,4295.235,4281.085,4294.27,0
2026-06-15 00:00:00+00:00,4294.275,4308.48,4291.860000000001,4292.77,0
2026-06-15 01:00:00+00:00,4292.785,4319.74,4285.405000000001,4316.844999999999,0
2026-06-15 02:00:00+00:00,4316.895,4335.75,4316.200000000001,4329.75,0
2026-06-15 03:00:00+00:00,4329.719999999999,4331.35,4321.209999999999,4325.26,0
2026-06-15 04:00:00+00:00,4325.280000000001,4330.34,4320.805,4328.33,0
2026-06-15 05:00:00+00:00,4328.42,4333.225,4307.295,4310.26,0
2026-06-15 06:00:00+00:00,4310.23,4313.58,4301.094999999999,4308.26,0
2026-06-15 07:00:00+00:00,4308.3,4325.475,4305.42,4323.41,0
2026-06-15 08:00:00+00:00,4323.385,4345.395,4321.84,4334.4,0
2026-06-15 09:00:00+00:00,4334.395,4343.32,4334.365,4336.615,0
2026-06-15 10:00:00+00:00,4336.645,4341.5,4335.379999999999,4338.275,0
2026-06-15 11:00:00+00:00,4338.299999999999,4347.82,4331.844999999999,4334.98,0
2026-06-15 12:00:00+00:00,4335.1,4349.535,4324.63,4348.844999999999,0
2026-06-15 13:00:00+00:00,4348.85,4369.129999999999,4341.21,4355.5599999999995,0
2026-06-15 14:00:00+00:00,4355.51,4369.57,4353.875,4357.0599999999995,0
2026-06-15 15:00:00+00:00,4357.120000000001,4361.055,4349.674999999999,4356.49,0
2026-06-15 16:00:00+00:00,4356.459999999999,4358.844999999999,4334.625,4339.18,0
2026-06-15 17:00:00+00:00,4339.225,4339.31,4320.610000000001,4325.02,0
2026-06-15 18:00:00+00:00,4325.0,4328.145,4318.1900000000005,4325.58,0
2026-06-15 19:00:00+00:00,4325.57,4326.845,4316.530000000001,4320.895,0
2026-06-15 20:00:00+00:00,4320.9,4322.174999999999,4306.74,4309.255,0
2026-06-15 22:00:00+00:00,4311.335,4315.57,4306.115,4312.38,0
2026-06-15 23:00:00+00:00,4312.34,4319.355,4311.4349999999995,4315.87,0
2026-06-16 00:00:00+00:00,4315.855,4321.135,4307.0,4319.355,0
2026-06-16 01:00:00+00:00,4319.41,4326.295,4312.195,4313.665,0
2026-06-16 02:00:00+00:00,4313.605,4321.125,4307.75,4318.775,0
2026-06-16 03:00:00+00:00,4318.79,4333.455,4315.77,4330.469999999999,0
2026-06-16 04:00:00+00:00,4330.459999999999,4332.174999999999,4321.225,4322.51,0
2026-06-16 05:00:00+00:00,4322.53,4330.825,4314.365,4316.1900000000005,0
2026-06-16 06:00:00+00:00,4316.18,4324.525,4313.514999999999,4324.030000000001,0
2026-06-16 07:00:00+00:00,4324.005,4335.75,4322.73,4335.1849999999995,0
2026-06-16 08:00:00+00:00,4335.21,4348.09,4332.63,4346.865,0
2026-06-16 09:00:00+00:00,4346.844999999999,4348.34,4338.355,4345.139999999999,0
2026-06-16 10:00:00+00:00,4345.125,4349.08,4342.215,4349.08,0
2026-06-16 11:00:00+00:00,4349.094999999999,4349.5599999999995,4335.17,4340.969999999999,0
2026-06-16 12:00:00+00:00,4340.98,4354.965,4337.545,4354.715,0
2026-06-16 13:00:00+00:00,4354.76,4355.01,4331.8099999999995,4331.924999999999,0
2026-06-16 14:00:00+00:00,4331.889999999999,4338.785,4313.33,4324.3150000000005,0
2026-06-16 15:00:00+00:00,4324.325000000001,4343.540000000001,4321.09,4335.395,0
2026-06-16 16:00:00+00:00,4335.41,4347.264999999999,4334.87,4340.74,0
2026-06-16 17:00:00+00:00,4340.75,4341.219999999999,4325.295,4340.424999999999,0
2026-06-16 18:00:00+00:00,4340.415,4343.01,4336.215,4338.49,0
2026-06-16 19:00:00+00:00,4338.51,4342.75,4330.67,4334.0650000000005,0
2026-06-16 20:00:00+00:00,4334.115,4334.99,4329.635,4331.285,0
2026-06-16 22:00:00+00:00,4334.21,4336.295,4329.035,4335.395,0
2026-06-16 23:00:00+00:00,4335.35,4338.365,4329.59,4330.965,0
2026-06-17 00:00:00+00:00,4330.935,4341.875,4328.545,4337.17,0
2026-06-17 01:00:00+00:00,4337.245000000001,4349.8099999999995,4334.32,4340.875,0
2026-06-17 02:00:00+00:00,4340.885,4344.66,4329.719999999999,4331.52,0
2026-06-17 03:00:00+00:00,4331.615,4334.325000000001,4328.860000000001,4332.370000000001,0
2026-06-17 04:00:00+00:00,4332.325000000001,4334.105,4317.389999999999,4326.540000000001,0
2026-06-17 05:00:00+00:00,4326.51,4334.53,4321.1900000000005,4326.585,0
2026-06-17 06:00:00+00:00,4326.6,4332.105,4320.285,4331.96,0
2026-06-17 07:00:00+00:00,4331.955,4332.959999999999,4324.719999999999,4325.344999999999,0
2026-06-17 08:00:00+00:00,4325.35,4328.129999999999,4317.1849999999995,4324.67,0
2026-06-17 09:00:00+00:00,4324.6849999999995,4335.74,4321.29,4329.645,0
2026-06-17 10:00:00+00:00,4329.63,4335.290000000001,4326.67,4331.52,0
2026-06-17 11:00:00+00:00,4331.535,4332.165,4321.005,4323.265,0
2026-06-17 12:00:00+00:00,4323.26,4335.495,4319.945,4333.645,0
2026-06-17 13:00:00+00:00,4333.665,4345.25,4324.120000000001,4339.85,0
2026-06-17 14:00:00+00:00,4339.835,4363.965,4331.18,4344.530000000001,0
2026-06-17 15:00:00+00:00,4344.51,4364.965,4343.85,4363.530000000001,0
2026-06-17 16:00:00+00:00,4363.605,4366.57,4355.025,4359.67,0
2026-06-17 17:00:00+00:00,4359.7,4382.485000000001,4355.3099999999995,4379.405000000001,0
2026-06-17 18:00:00+00:00,4379.425,4380.055,4269.764999999999,4286.51,0
2026-06-17 19:00:00+00:00,4286.59,4295.625,4219.0,4235.62,0
2026-06-17 20:00:00+00:00,4235.610000000001,4269.595,4235.19,4257.77,0
2026-06-17 22:00:00+00:00,4257.0650000000005,4271.625,4254.475,4266.745000000001,0
2026-06-17 23:00:00+00:00,4266.72,4284.264999999999,4264.135,4277.88,0
2026-06-18 00:00:00+00:00,4277.92,4315.305,4276.594999999999,4308.795,0
2026-06-18 01:00:00+00:00,4308.74,4328.719999999999,4306.95,4318.219999999999,0
2026-06-18 02:00:00+00:00,4318.195,4329.93,4310.639999999999,4310.905,0
2026-06-18 03:00:00+00:00,4310.885,4322.969999999999,4309.055,4319.8099999999995,0
2026-06-18 04:00:00+00:00,4319.84,4324.22,4309.715,4316.335,0
2026-06-18 05:00:00+00:00,4316.32,4324.950000000001,4301.27,4308.155000000001,0
2026-06-18 06:00:00+00:00,4308.200000000001,4310.165,4296.23,4306.59,0
2026-06-18 07:00:00+00:00,4306.575000000001,4309.85,4287.46,4288.98,0
2026-06-18 08:00:00+00:00,4288.965,4293.280000000001,4265.44,4266.785,0
2026-06-18 09:00:00+00:00,4266.82,4273.52,4259.84,4268.93,0
2026-06-18 10:00:00+00:00,4268.91,4272.76,4254.865,4255.705,0
2026-06-18 11:00:00+00:00,4255.715,4255.995,4240.07,4242.15,0
2026-06-18 12:00:00+00:00,4242.145,4269.45,4240.360000000001,4246.68,0
2026-06-18 13:00:00+00:00,4246.715,4276.76,4245.215,4256.68,0
2026-06-18 14:00:00+00:00,4256.719999999999,4257.995,4237.049999999999,4252.445,0
2026-06-18 15:00:00+00:00,4252.475,4255.105,4223.21,4226.879999999999,0
2026-06-18 16:00:00+00:00,4226.885,4233.360000000001,4214.209999999999,4219.6900000000005,0
2026-06-18 17:00:00+00:00,4219.675,4233.16,4218.79,4230.465,0
2026-06-18 18:00:00+00:00,4230.445,4233.385,4218.225,4218.3150000000005,0
2026-06-18 19:00:00+00:00,4218.34,4219.165,4201.52,4217.385,0
2026-06-18 20:00:00+00:00,4217.379999999999,4219.585,4207.665,4209.030000000001,0
2026-06-18 22:00:00+00:00,4212.42,4213.26,4202.735000000001,4207.450000000001,0
2026-06-18 23:00:00+00:00,4207.48,4208.385,4187.04,4188.335,0
2026-06-19 00:00:00+00:00,4188.365,4198.275,4183.865,4190.4349999999995,0
2026-06-19 01:00:00+00:00,4190.514999999999,4194.5,4183.83,4184.94,0
2026-06-19 02:00:00+00:00,4184.969999999999,4186.355,4171.889999999999,4176.3150000000005,0
2026-06-19 03:00:00+00:00,4176.450000000001,4177.335,4145.555,4153.6900000000005,0
2026-06-19 04:00:00+00:00,4153.6849999999995,4155.245,4125.174999999999,4125.9349999999995,0
2026-06-19 05:00:00+00:00,4125.91,4141.59,4121.885,4139.725,0
2026-06-19 06:00:00+00:00,4139.755,4150.62,4132.965,4147.709999999999,0
2026-06-19 07:00:00+00:00,4147.725,4163.155000000001,4147.525,4158.290000000001,0
2026-06-19 08:00:00+00:00,4158.280000000001,4178.615,4155.365,4169.26,0
2026-06-19 09:00:00+00:00,4169.24,4171.094999999999,4161.049999999999,4163.115,0
2026-06-19 10:00:00+00:00,4163.07,4163.33,4148.235,4149.785,0
2026-06-19 11:00:00+00:00,4149.790000000001,4155.005,4142.040000000001,4152.825000000001,0
2026-06-19 12:00:00+00:00,4152.835,4180.16,4147.35,4178.9349999999995,0
2026-06-19 13:00:00+00:00,4178.92,4183.0650000000005,4150.450000000001,4151.549999999999,0
2026-06-19 14:00:00+00:00,4151.52,4154.8150000000005,4142.8150000000005,4149.344999999999,0
2026-06-19 15:00:00+00:00,4149.33,4154.3150000000005,4147.870000000001,4151.255,0
2026-06-19 16:00:00+00:00,4151.29,4158.02,4144.424999999999,4155.945,0
2026-06-21 22:00:00+00:00,4148.435,4159.955,4147.58,4156.42,0
2026-06-21 23:00:00+00:00,4156.415000000001,4164.780000000001,4136.549999999999,4140.09,0
2026-06-22 00:00:00+00:00,4140.155000000001,4200.92,4140.04,4200.51,0
2026-06-22 01:00:00+00:00,4200.57,4221.335,4189.665,4191.195,0
2026-06-22 02:00:00+00:00,4191.24,4200.385,4183.545,4188.405000000001,0
2026-06-22 03:00:00+00:00,4188.525,4189.965,4170.78,4171.655000000001,0
2026-06-22 04:00:00+00:00,4171.639999999999,4182.29,4170.73,4181.780000000001,0
2026-06-22 05:00:00+00:00,4181.82,4198.705,4179.475,4193.91,0
2026-06-22 06:00:00+00:00,4193.865,4207.41,4191.165,4197.6,0
2026-06-22 07:00:00+00:00,4197.655000000001,4201.995,4188.98,4190.5,0
2026-06-22 08:00:00+00:00,4190.49,4197.84,4188.735000000001,4197.385,0
2026-06-22 09:00:00+00:00,4197.379999999999,4210.370000000001,4195.985,4208.32,0
2026-06-22 10:00:00+00:00,4208.3099999999995,4214.355,4203.700000000001,4204.74,0
2026-06-22 11:00:00+00:00,4204.745,4215.15,4201.469999999999,4207.389999999999,0
2026-06-22 12:00:00+00:00,4207.375,4212.11,4192.35,4193.389999999999,0
2026-06-22 13:00:00+00:00,4193.385,4205.96,4183.0,4200.0,0
2026-06-22 14:00:00+00:00,4200.025,4210.915,4186.745,4198.405000000001,0
2026-06-22 15:00:00+00:00,4198.41,4201.450000000001,4169.8150000000005,4183.0,0
2026-06-22 16:00:00+00:00,4182.955,4193.045,4174.639999999999,4189.985000000001,0
2026-06-22 17:00:00+00:00,4190.120000000001,4191.825000000001,4177.15,4182.91,0
2026-06-22 18:00:00+00:00,4182.9400000000005,4192.985000000001,4182.595,4191.424999999999,0
2026-06-22 19:00:00+00:00,4191.4400000000005,4193.475,4184.200000000001,4190.975,0
2026-06-22 20:00:00+00:00,4190.99,4193.885,4188.725,4191.49,0
2026-06-22 22:00:00+00:00,4192.27,4194.88,4188.43,4189.95,0
2026-06-22 23:00:00+00:00,4189.965,4195.465,4186.93,4187.98,0
2026-06-23 00:00:00+00:00,4187.950000000001,4194.71,4178.295,4193.505,0
2026-06-23 01:00:00+00:00,4193.54,4198.73,4150.09,4161.26,0
2026-06-23 02:00:00+00:00,4161.28,4163.43,4146.555,4146.950000000001,0
2026-06-23 03:00:00+00:00,4146.969999999999,4149.75,4130.844999999999,4144.18,0
2026-06-23 04:00:00+00:00,4144.200000000001,4147.075000000001,4114.84,4118.1,0
2026-06-23 05:00:00+00:00,4118.110000000001,4137.57,4115.34,4121.025,0
2026-06-23 06:00:00+00:00,4120.99,4127.135,4110.375,4114.5,0
2026-06-23 07:00:00+00:00,4114.485,4124.99,4096.605,4099.005,0
2026-06-23 08:00:00+00:00,4099.02,4111.01,4090.75,4105.49,0
2026-06-23 09:00:00+00:00,4105.505,4122.32,4104.105,4122.305,0
2026-06-23 10:00:00+00:00,4122.325000000001,4133.3099999999995,4119.73,4119.93,0
2026-06-23 11:00:00+00:00,4119.92,4132.11,4117.49,4123.42,0
2026-06-23 12:00:00+00:00,4123.42,4127.395,4111.83,4113.610000000001,0
2026-06-23 13:00:00+00:00,4113.56,4140.455,4105.38,4135.65,0
2026-06-23 14:00:00+00:00,4135.639999999999,4145.285,4122.764999999999,4130.29,0
2026-06-23 15:00:00+00:00,4130.275,4141.785,4123.465,4138.75,0
2026-06-23 16:00:00+00:00,4138.73,4143.9400000000005,4131.610000000001,4134.555,0
2026-06-23 17:00:00+00:00,4134.585,4139.870000000001,4127.754999999999,4128.125,0
2026-06-23 18:00:00+00:00,4128.115,4131.16,4112.85,4117.889999999999,0
2026-06-23 19:00:00+00:00,4117.879999999999,4126.110000000001,4112.27,4112.344999999999,0
2026-06-23 20:00:00+00:00,4112.325000000001,4112.985000000001,4107.785,4110.3150000000005,0
2026-06-23 22:00:00+00:00,4113.0599999999995,4114.96,4097.110000000001,4104.29,0
2026-06-23 23:00:00+00:00,4104.26,4104.3,4080.6899999999996,4098.95,0
2026-06-24 00:00:00+00:00,4098.995,4112.025,4093.79,4097.415,0
2026-06-24 01:00:00+00:00,4097.424999999999,4102.37,4068.415,4089.17,0
2026-06-24 02:00:00+00:00,4089.135,4096.12,4052.07,4061.29,0
2026-06-24 03:00:00+00:00,4061.285,4070.755,4050.37,4062.9049999999997,0
2026-06-24 04:00:00+00:00,4062.915,4067.465,4055.075,4064.8,0
2026-06-24 05:00:00+00:00,4064.75,4086.33,4060.885,4075.865,0
2026-06-24 06:00:00+00:00,4075.73,4097.835,4075.5950000000003,4087.225,0
2026-06-24 07:00:00+00:00,4087.22,4090.82,4073.6549999999997,4074.73,0
2026-06-24 08:00:00+00:00,4074.76,4087.685,4073.27,4076.4399999999996,0
2026-06-24 09:00:00+00:00,4076.415,4079.425,4064.295,4064.735,0
2026-06-24 10:00:00+00:00,4064.755,4067.12,4054.3,4055.515,0
2026-06-24 11:00:00+00:00,4055.525,4058.5299999999997,4037.5299999999997,4046.65,0
2026-06-24 12:00:00+00:00,4046.565,4049.04,3987.88,3987.925,0
2026-06-24 13:00:00+00:00,3987.9049999999997,4042.275,3964.39,4038.505,0
2026-06-24 14:00:00+00:00,4038.4849999999997,4041.01,4003.2,4008.29,0
2026-06-24 15:00:00+00:00,4008.3050000000003,4016.91,3997.38,4002.8199999999997,0
2026-06-24 16:00:00+00:00,4002.795,4022.24,3995.57,4006.935,0
2026-06-24 17:00:00+00:00,4006.89,4011.435,3972.875,3973.135,0
2026-06-24 18:00:00+00:00,3973.1099999999997,3994.38,3959.34,3981.815,0
2026-06-24 19:00:00+00:00,3981.8,3990.86,3973.52,3987.9449999999997,0
2026-06-24 20:00:00+00:00,3987.835,4003.065,3984.6,3999.14,0
2026-06-24 22:00:00+00:00,4006.86,4009.04,3992.865,3996.315,0
2026-06-24 23:00:00+00:00,3996.295,4018.945,3990.87,4012.735,0
2026-06-25 00:00:00+00:00,4012.6800000000003,4016.54,3978.575,3991.3199999999997,0
2026-06-25 01:00:00+00:00,3991.355,4005.9449999999997,3972.235,3976.7799999999997,0
2026-06-25 02:00:00+00:00,3976.785,3991.47,3962.69,3983.2650000000003,0
2026-06-25 03:00:00+00:00,3983.25,4001.36,3966.4300000000003,3995.4799999999996,0
2026-06-25 04:00:00+00:00,3995.505,3997.78,3983.6499999999996,3996.415,0
2026-06-25 05:00:00+00:00,3996.3900000000003,4000.045,3980.26,3986.7349999999997,0
2026-06-25 06:00:00+00:00,3986.495,3989.64,3974.1800000000003,3977.5299999999997,0
2026-06-25 07:00:00+00:00,3977.525,3989.69,3971.56,3987.985,0
2026-06-25 08:00:00+00:00,3987.995,4002.3100000000004,3984.3999999999996,3989.245,0
2026-06-25 09:00:00+00:00,3989.2349999999997,3997.7,3986.19,3988.085,0
2026-06-25 10:00:00+00:00,3988.115,3989.62,3981.21,3984.35,0
2026-06-25 11:00:00+00:00,3984.47,3987.965,3973.4700000000003,3980.45,0
2026-06-25 12:00:00+00:00,3980.44,4019.2700000000004,3978.94,4012.74,0
2026-06-25 13:00:00+00:00,4012.75,4034.1949999999997,4001.2,4002.795,0
2026-06-25 14:00:00+00:00,4002.705,4028.765,3999.1,4012.23,0
2026-06-25 15:00:00+00:00,4012.275,4042.75,4005.045,4040.9449999999997,0
2026-06-25 16:00:00+00:00,4040.935,4044.245,4023.8100000000004,4028.835,0
2026-06-25 17:00:00+00:00,4028.8199999999997,4036.885,4027.035,4034.9700000000003,0
2026-06-25 18:00:00+00:00,4034.955,4044.225,4026.25,4034.89,0
2026-06-25 19:00:00+00:00,4034.885,4043.915,4021.855,4026.875,0
2026-06-25 20:00:00+00:00,4026.89,4035.0950000000003,4024.415,4026.575,0
2026-06-25 22:00:00+00:00,4029.01,4036.5699999999997,4019.885,4026.55,0
2026-06-25 23:00:00+00:00,4026.575,4030.4049999999997,4012.75,4014.6899999999996,0
2026-06-26 00:00:00+00:00,4014.7,4024.9300000000003,4011.725,4020.5550000000003,0
2026-06-26 01:00:00+00:00,4020.5950000000003,4029.7799999999997,4014.295,4021.02,0
2026-06-26 02:00:00+00:00,4021.04,4023.435,3982.965,3991.12,0
2026-06-26 03:00:00+00:00,3991.055,4006.5950000000003,3986.545,4004.395,0
2026-06-26 04:00:00+00:00,4004.3999999999996,4015.2650000000003,3998.715,4011.335,0
2026-06-26 05:00:00+00:00,4011.34,4021.675,4005.62,4008.145,0
2026-06-26 06:00:00+00:00,4008.11,4033.135,4006.76,4031.885,0
2026-06-26 07:00:00+00:00,4031.86,4039.98,4026.76,4030.67,0
2026-06-26 08:00:00+00:00,4030.725,4037.74,4025.865,4031.125,0
2026-06-26 09:00:00+00:00,4031.115,4054.215,4029.7,4047.035,0
2026-06-26 10:00:00+00:00,4047.09,4054.94,4042.38,4054.66,0
2026-06-26 11:00:00+00:00,4054.615,4055.7349999999997,4042.515,4045.76,0
2026-06-26 12:00:00+00:00,4045.79,4061.5950000000003,4035.9399999999996,4059.475,0
2026-06-26 13:00:00+00:00,4059.45,4078.125,4043.3100000000004,4073.78,0
2026-06-26 14:00:00+00:00,4073.78,4093.145,4067.69,4080.995,0
2026-06-26 15:00:00+00:00,4081.03,4096.06,4075.625,4090.48,0
2026-06-26 16:00:00+00:00,4090.59,4093.8199999999997,4082.17,4085.3050000000003,0
2026-06-26 17:00:00+00:00,4085.315,4088.13,4074.0,4074.9049999999997,0
2026-06-26 18:00:00+00:00,4074.915,4079.025,4067.28,4067.55,0
2026-06-26 19:00:00+00:00,4067.545,4074.9,4064.605,4072.125,0
2026-06-26 20:00:00+00:00,4072.145,4090.665,4064.7,4090.42,0
2026-06-28 22:00:00+00:00,4079.63,4086.13,4053.115,4066.5600000000004,0
2026-06-28 23:00:00+00:00,4066.59,4070.44,4051.9,4063.085,0
2026-06-29 00:00:00+00:00,4063.0950000000003,4074.585,4048.425,4069.87,0
2026-06-29 01:00:00+00:00,4069.8100000000004,4074.8050000000003,4053.755,4061.215,0
2026-06-29 02:00:00+00:00,4061.19,4071.8199999999997,4058.26,4066.58,0
2026-06-29 03:00:00+00:00,4066.54,4075.875,4065.11,4068.835,0
2026-06-29 04:00:00+00:00,4068.755,4068.98,4049.74,4052.37,0
2026-06-29 05:00:00+00:00,4052.39,4057.645,4039.6,4054.545,0
2026-06-29 06:00:00+00:00,4054.52,4064.86,4053.6800000000003,4062.365,0
2026-06-29 07:00:00+00:00,4062.385,4068.875,4055.94,4061.66,0
2026-06-29 08:00:00+00:00,4061.68,4066.9449999999997,4043.53,4047.105,0
2026-06-29 09:00:00+00:00,4047.0950000000003,4055.5249999999996,4024.59,4031.39,0
2026-06-29 10:00:00+00:00,4031.435,4039.83,4027.5,4037.1000000000004,0
2026-06-29 11:00:00+00:00,4037.115,4042.295,4027.37,4039.315,0
2026-06-29 12:00:00+00:00,4039.29,4052.525,4037.5950000000003,4043.92,0
2026-06-29 13:00:00+00:00,4043.93,4051.835,4028.5,4031.9049999999997,0
2026-06-29 14:00:00+00:00,4031.91,4035.635,3999.815,4025.84,0
2026-06-29 15:00:00+00:00,4025.815,4030.385,4016.76,4027.185,0
2026-06-29 16:00:00+00:00,4027.165,4028.545,4018.565,4023.82,0
2026-06-29 17:00:00+00:00,4023.8050000000003,4032.1,4019.39,4021.045,0
2026-06-29 18:00:00+00:00,4021.0550000000003,4025.49,4011.9300000000003,4013.73,0
2026-06-29 19:00:00+00:00,4013.68,4019.58,4005.325,4016.135,0
2026-06-29 20:00:00+00:00,4016.125,4018.16,4012.67,4016.835,0
2026-06-29 22:00:00+00:00,4018.855,4022.465,4009.64,4014.41,0
2026-06-29 23:00:00+00:00,4014.44,4022.45,4013.375,4015.235,0
2026-06-30 00:00:00+00:00,4015.2700000000004,4015.395,3979.775,3987.505,0
2026-06-30 01:00:00+00:00,3987.4350000000004,3987.455,3942.365,3969.385,0
2026-06-30 02:00:00+00:00,3969.45,3973.73,3952.13,3963.0950000000003,0
2026-06-30 03:00:00+00:00,3963.1049999999996,3971.49,3960.055,3969.815,0
2026-06-30 04:00:00+00:00,3969.7749999999996,3998.29,3967.87,3985.6549999999997,0
2026-06-30 05:00:00+00:00,3985.675,3991.3050000000003,3975.0299999999997,3977.9849999999997,0
2026-06-30 06:00:00+00:00,3977.94,4034.335,3977.935,4029.7749999999996,0
2026-06-30 07:00:00+00:00,4029.79,4034.77,4023.7250000000004,4032.29,0
2026-06-30 08:00:00+00:00,4032.3050000000003,4037.9449999999997,4013.835,4016.035,0
2026-06-30 09:00:00+00:00,4015.99,4024.19,4012.57,4024.19,0
2026-06-30 10:00:00+00:00,4024.205,4031.37,4021.63,4029.785,0
2026-06-30 11:00:00+00:00,4029.87,4037.5150000000003,4025.44,4034.07,0
2026-06-30 12:00:00+00:00,4034.035,4034.56,4008.5950000000003,4010.3050000000003,0
2026-06-30 13:00:00+00:00,4010.25,4033.5550000000003,4009.275,4029.9049999999997,0
2026-06-30 14:00:00+00:00,4029.9449999999997,4063.235,4025.16,4037.255,0
2026-06-30 15:00:00+00:00,4037.2650000000003,4039.41,4022.25,4029.7,0
2026-06-30 16:00:00+00:00,4029.69,4033.99,4026.0,4026.185,0
2026-06-30 17:00:00+00:00,4026.1949999999997,4032.385,4020.825,4030.855,0
2026-06-30 18:00:00+00:00,4030.875,4033.71,4028.295,4028.415,0
2026-06-30 19:00:00+00:00,4028.565,4029.605,4014.92,4015.92,0
2026-06-30 20:00:00+00:00,4015.96,4021.17,4006.725,4007.505,0
2026-06-30 22:00:00+00:00,4011.99,4018.3050000000003,4011.16,4013.16,0
2026-06-30 23:00:00+00:00,4013.19,4018.5550000000003,4005.415,4005.885,0
2026-07-01 00:00:00+00:00,4005.89,4009.66,3993.215,3996.8199999999997,0
2026-07-01 01:00:00+00:00,3996.835,3999.565,3973.88,3978.12,0
2026-07-01 02:00:00+00:00,3978.1,3986.11,3970.23,3979.3599999999997,0
2026-07-01 03:00:00+00:00,3979.3050000000003,3987.0699999999997,3976.7650000000003,3980.565,0
2026-07-01 04:00:00+00:00,3980.5950000000003,3983.14,3972.625,3976.625,0
2026-07-01 05:00:00+00:00,3976.61,3979.085,3969.87,3974.265,0
2026-07-01 06:00:00+00:00,3974.255,3977.455,3963.175,3972.0699999999997,0
2026-07-01 07:00:00+00:00,3972.035,3978.76,3960.16,3976.15,0
2026-07-01 08:00:00+00:00,3976.1400000000003,3984.705,3969.635,3974.7700000000004,0
2026-07-01 09:00:00+00:00,3974.76,3986.245,3972.885,3984.54,0
2026-07-01 10:00:00+00:00,3984.55,3998.785,3981.36,3998.24,0
2026-07-01 11:00:00+00:00,3998.19,4035.57,3997.9,4030.375,0
2026-07-01 12:00:00+00:00,4030.41,4034.09,4019.635,4023.04,0
2026-07-01 13:00:00+00:00,4023.0,4108.1900000000005,4012.81,4089.775,0
2026-07-01 14:00:00+00:00,4089.7200000000003,4115.845,4083.0150000000003,4093.5150000000003,0
2026-07-01 15:00:00+00:00,4093.525,4094.785,4076.84,4081.13,0
2026-07-01 16:00:00+00:00,4081.1549999999997,4088.515,4070.66,4071.545,0
2026-07-01 17:00:00+00:00,4071.5,4073.755,4067.24,4068.1499999999996,0
2026-07-01 18:00:00+00:00,4068.115,4070.91,4057.88,4062.2799999999997,0
2026-07-01 19:00:00+00:00,4062.295,4068.39,4034.475,4039.3999999999996,0
2026-07-01 20:00:00+00:00,4039.395,4039.8199999999997,4028.55,4031.455,0
2026-07-01 22:00:00+00:00,4034.2,4045.36,4033.97,4045.2200000000003,0
2026-07-01 23:00:00+00:00,4045.205,4045.3050000000003,4033.33,4035.3599999999997,0
2026-07-02 00:00:00+00:00,4035.3450000000003,4052.705,4031.005,4051.7650000000003,0
2026-07-02 01:00:00+00:00,4051.825,4068.815,4045.27,4050.115,0
2026-07-02 02:00:00+00:00,4050.12,4060.935,4041.245,4057.48,0
2026-07-02 03:00:00+00:00,4057.49,4074.48,4055.505,4070.185,0
2026-07-02 04:00:00+00:00,4070.17,4073.08,4060.79,4061.08,0
2026-07-02 05:00:00+00:00,4060.965,4067.7700000000004,4053.155,4066.09,0
2026-07-02 06:00:00+00:00,4066.12,4080.0299999999997,4065.735,4073.525,0
2026-07-02 07:00:00+00:00,4073.475,4075.815,4060.96,4064.83,0
2026-07-02 08:00:00+00:00,4064.84,4080.385,4061.37,4076.215,0
2026-07-02 09:00:00+00:00,4076.1549999999997,4077.035,4064.27,4065.12,0
2026-07-02 10:00:00+00:00,4065.11,4068.815,4061.835,4066.385,0
2026-07-02 11:00:00+00:00,4066.375,4072.38,4057.275,4065.5,0
2026-07-02 12:00:00+00:00,4065.4449999999997,4140.59,4061.535,4117.7,0
2026-07-02 13:00:00+00:00,4117.65,4144.255,4109.57,4137.115,0
2026-07-02 14:00:00+00:00,4137.135,4138.28,4114.175,4128.6,0
2026-07-02 15:00:00+00:00,4128.63,4131.545,4114.705,4128.33,0
2026-07-02 16:00:00+00:00,4128.32,4130.335,4100.629999999999,4118.275,0
2026-07-02 17:00:00+00:00,4118.280000000001,4119.975,4105.79,4106.86,0
2026-07-02 18:00:00+00:00,4106.855,4127.275,4105.93,4122.79,0
2026-07-02 19:00:00+00:00,4122.805,4124.6849999999995,4108.225,4121.549999999999,0
2026-07-02 20:00:00+00:00,4121.5599999999995,4125.219999999999,4116.450000000001,4123.825000000001,0
2026-07-02 22:00:00+00:00,4126.13,4128.21,4122.59,4124.8099999999995,0
2026-07-02 23:00:00+00:00,4124.795,4134.49,4121.335,4126.18,0
2026-07-03 00:00:00+00:00,4126.16,4150.965,4122.98,4147.0,0
2026-07-03 01:00:00+00:00,4146.99,4195.745,4146.67,4182.3,0
2026-07-03 02:00:00+00:00,4182.280000000001,4186.9,4176.355,4183.6,0
2026-07-03 03:00:00+00:00,4183.525,4184.71,4175.135,4175.98,0
2026-07-03 04:00:00+00:00,4175.965,4182.89,4173.110000000001,4178.92,0
2026-07-03 05:00:00+00:00,4178.915,4181.965,4169.36,4171.18,0
2026-07-03 06:00:00+00:00,4171.1849999999995,4174.425,4160.645,4172.905,0
2026-07-03 07:00:00+00:00,4172.925,4181.795,4169.23,4176.92,0
2026-07-03 08:00:00+00:00,4176.9,4186.705,4176.895,4181.014999999999,0
2026-07-03 09:00:00+00:00,4181.0,4182.040000000001,4168.395,4172.02,0
2026-07-03 10:00:00+00:00,4172.0,4181.265,4170.58,4177.389999999999,0
2026-07-03 11:00:00+00:00,4177.395,4186.51,4175.709999999999,4181.285,0
2026-07-03 12:00:00+00:00,4181.295,4183.485000000001,4172.275,4177.040000000001,0
2026-07-03 13:00:00+00:00,4177.05,4179.325,4163.6849999999995,4164.975,0
2026-07-03 14:00:00+00:00,4164.965,4171.455,4155.235000000001,4169.860000000001,0
2026-07-03 15:00:00+00:00,4169.855,4174.375,4164.595,4165.145,0
2026-07-03 16:00:00+00:00,4165.095,4176.645,4162.93,4175.1849999999995,0
2026-07-05 22:00:00+00:00,4176.719999999999,4191.555,4172.82,4188.12,0
2026-07-05 23:00:00+00:00,4188.155000000001,4201.965,4177.08,4183.355,0
2026-07-06 00:00:00+00:00,4183.285,4188.93,4170.33,4180.725,0
2026-07-06 01:00:00+00:00,4180.695,4203.280000000001,4172.8150000000005,4185.915,0
2026-07-06 02:00:00+00:00,4185.96,4187.825000000001,4168.805,4174.255,0
2026-07-06 03:00:00+00:00,4174.1900000000005,4176.629999999999,4161.13,4165.455,0
2026-07-06 04:00:00+00:00,4165.424999999999,4166.755,4157.594999999999,4159.889999999999,0
2026-07-06 05:00:00+00:00,4159.885,4161.345,4144.805,4148.15,0
2026-07-06 06:00:00+00:00,4148.135,4159.75,4145.715,4150.365,0
2026-07-06 07:00:00+00:00,4150.41,4166.475,4147.08,4164.375,0
2026-07-06 08:00:00+00:00,4164.389999999999,4166.225,4147.005,4150.545,0
2026-07-06 09:00:00+00:00,4150.535,4151.26,4136.67,4143.405,0
2026-07-06 10:00:00+00:00,4143.475,4156.05,4142.139999999999,4154.8,0
2026-07-06 11:00:00+00:00,4154.795,4159.639999999999,4151.475,4155.514999999999,0
2026-07-06 12:00:00+00:00,4155.51,4158.605,4131.605,4139.59,0
2026-07-06 13:00:00+00:00,4139.595,4150.700000000001,4135.92,4141.01,0
2026-07-06 14:00:00+00:00,4140.995,4147.15,4128.379999999999,4138.135,0
2026-07-06 15:00:00+00:00,4138.139999999999,4152.110000000001,4137.6849999999995,4148.445,0
2026-07-06 16:00:00+00:00,4148.4400000000005,4156.4349999999995,4140.25,4155.235,0
2026-07-06 17:00:00+00:00,4155.24,4161.65,4150.59,4161.585,0
2026-07-06 18:00:00+00:00,4161.530000000001,4167.754999999999,4155.35,4163.98,0
2026-07-06 19:00:00+00:00,4163.98,4165.48,4158.855,4163.67,0
2026-07-06 20:00:00+00:00,4163.610000000001,4165.235000000001,4160.700000000001,4165.235000000001,0
2026-07-06 22:00:00+00:00,4166.79,4168.535,4163.780000000001,4164.585,0
2026-07-06 23:00:00+00:00,4164.5599999999995,4165.860000000001,4156.915000000001,4157.264999999999,0
2026-07-07 00:00:00+00:00,4157.254999999999,4162.945,4145.475,4146.28,0
2026-07-07 01:00:00+00:00,4146.26,4148.285,4125.665,4142.0599999999995,0
2026-07-07 02:00:00+00:00,4142.005,4145.415,4131.55,4136.455,0
2026-07-07 03:00:00+00:00,4136.46,4140.049999999999,4124.625,4131.195,0
2026-07-07 04:00:00+00:00,4131.23,4141.505,4126.139999999999,4126.825,0
2026-07-07 05:00:00+00:00,4126.83,4131.605,4116.48,4123.885,0
2026-07-07 06:00:00+00:00,4123.9,4133.055,4121.525,4130.540000000001,0
2026-07-07 07:00:00+00:00,4130.535,4133.72,4124.355,4124.860000000001,0
2026-07-07 08:00:00+00:00,4124.85,4139.425,4122.125,4126.139999999999,0
2026-07-07 09:00:00+00:00,4126.129999999999,4133.76,4119.75,4131.1,0
2026-07-07 10:00:00+00:00,4131.115,4139.09,4131.115,4135.615,0
2026-07-07 11:00:00+00:00,4135.610000000001,4158.655000000001,4131.76,4157.07,0
2026-07-07 12:00:00+00:00,4157.015,4175.23,4154.55,4172.445,0
2026-07-07 13:00:00+00:00,4172.465,4180.424999999999,4156.09,4158.6849999999995,0
2026-07-07 14:00:00+00:00,4158.74,4163.965,4143.620000000001,4154.475,0
2026-07-07 15:00:00+00:00,4154.48,4155.655000000001,4135.825,4139.01,0
2026-07-07 16:00:00+00:00,4139.0,4147.355,4136.9,4145.035,0
2026-07-07 17:00:00+00:00,4145.04,4148.365,4140.725,4144.66,0
2026-07-07 18:00:00+00:00,4144.65,4145.3150000000005,4125.295,4127.245000000001,0
2026-07-07 19:00:00+00:00,4127.255,4128.13,4092.285,4114.735,0
2026-07-07 20:00:00+00:00,4114.75,4115.85,4103.594999999999,4106.0650000000005,0
2026-07-07 22:00:00+00:00,4095.545,4106.445,4093.8500000000004,4098.71,0
2026-07-07 23:00:00+00:00,4098.77,4107.975,4096.030000000001,4098.58,0
2026-07-08 00:00:00+00:00,4098.625,4126.845,4097.1900000000005,4111.8150000000005,0
2026-07-08 01:00:00+00:00,4111.8099999999995,4118.0650000000005,4096.605,4111.285,0
2026-07-08 02:00:00+00:00,4111.275,4125.049999999999,4106.120000000001,4114.57,0
2026-07-08 03:00:00+00:00,4114.610000000001,4131.34,4114.535,4123.885,0
2026-07-08 04:00:00+00:00,4123.85,4129.08,4120.764999999999,4125.135,0
2026-07-08 05:00:00+00:00,4125.139999999999,4133.924999999999,4121.3150000000005,4127.975,0
2026-07-08 06:00:00+00:00,4128.025,4133.62,4122.0599999999995,4123.6900000000005,0
2026-07-08 07:00:00+00:00,4123.71,4127.2,4114.81,4121.05,0
2026-07-08 08:00:00+00:00,4121.040000000001,4121.56,4052.24,4056.545,0
2026-07-08 09:00:00+00:00,4056.5550000000003,4060.96,4041.34,4043.3,0
2026-07-08 10:00:00+00:00,4043.2650000000003,4058.585,4040.4449999999997,4053.125,0
2026-07-08 11:00:00+00:00,4053.15,4072.81,4041.55,4062.1400000000003,0
2026-07-08 12:00:00+00:00,4062.1549999999997,4086.53,4058.825,4072.145,0
2026-07-08 13:00:00+00:00,4072.2,4083.17,4065.585,4071.245,0
2026-07-08 14:00:00+00:00,4071.285,4071.79,4033.94,4040.92,0
2026-07-08 15:00:00+00:00,4040.9300000000003,4043.995,4021.77,4034.565,0
2026-07-08 16:00:00+00:00,4034.55,4064.66,4033.27,4063.63,0
2026-07-08 17:00:00+00:00,4063.67,4076.48,4059.645,4066.215,0
2026-07-08 18:00:00+00:00,4066.205,4091.455,4063.51,4084.42,0
2026-07-08 19:00:00+00:00,4084.41,4091.275,4078.375,4080.42,0
2026-07-08 20:00:00+00:00,4080.4,4083.57,4071.535,4077.605,0
2026-07-08 22:00:00+00:00,4077.755,4080.0550000000003,4072.38,4076.945,0
2026-07-08 23:00:00+00:00,4076.8900000000003,4077.92,4071.995,4076.25,0
2026-07-09 00:00:00+00:00,4076.235,4090.06,4070.45,4074.175,0
2026-07-09 01:00:00+00:00,4074.19,4078.95,4062.215,4072.975,0
2026-07-09 02:00:00+00:00,4072.985,4082.8050000000003,4064.46,4065.06,0
2026-07-09 03:00:00+00:00,4065.08,4067.61,4054.205,4063.98,0
2026-07-09 04:00:00+00:00,4064.0,4064.675,4056.3050000000003,4064.335,0
2026-07-09 05:00:00+00:00,4064.355,4084.5,4063.5950000000003,4081.87,0
2026-07-09 06:00:00+00:00,4081.865,4108.3099999999995,4081.3,4107.870000000001,0
2026-07-09 07:00:00+00:00,4107.879999999999,4111.290000000001,4101.46,4107.92,0
2026-07-09 08:00:00+00:00,4107.93,4117.945,4105.09,4108.540000000001,0
2026-07-09 09:00:00+00:00,4108.530000000001,4112.33,4103.155,4106.3099999999995,0
2026-07-09 10:00:00+00:00,4106.35,4110.219999999999,4093.755,4099.0599999999995,0
2026-07-09 11:00:00+00:00,4099.085,4110.475,4097.855,4108.77,0
2026-07-09 12:00:00+00:00,4108.790000000001,4122.77,4105.33,4107.959999999999,0
2026-07-09 13:00:00+00:00,4107.969999999999,4129.9349999999995,4107.035,4122.1849999999995,0
2026-07-09 14:00:00+00:00,4122.22,4137.095,4114.34,4127.865,0
2026-07-09 15:00:00+00:00,4127.860000000001,4132.785,4124.74,4127.030000000001,0
2026-07-09 16:00:00+00:00,4126.969999999999,4138.375,4125.71,4128.209999999999,0
2026-07-09 17:00:00+00:00,4128.215,4138.325,4125.24,4136.355,0
2026-07-09 18:00:00+00:00,4136.35,4136.5,4121.48,4124.525,0
2026-07-09 19:00:00+00:00,4124.5650000000005,4126.99,4118.995000000001,4122.6,0
2026-07-09 20:00:00+00:00,4122.625,4125.645,4120.6,4123.545,0
2026-07-09 22:00:00+00:00,4124.825000000001,4127.74,4121.51,4121.985000000001,0
2026-07-09 23:00:00+00:00,4121.98,4125.18,4121.155000000001,4123.605,0
2026-07-10 00:00:00+00:00,4123.6,4128.4349999999995,4114.485000000001,4126.264999999999,0
2026-07-10 01:00:00+00:00,4126.32,4131.005,4108.780000000001,4116.9349999999995,0
2026-07-10 02:00:00+00:00,4116.975,4129.32,4116.0,4127.835,0
2026-07-10 03:00:00+00:00,4127.82,4134.875,4119.42,4120.59,0
2026-07-10 04:00:00+00:00,4120.575,4121.33,4112.27,4115.34,0
2026-07-10 05:00:00+00:00,4115.33,4117.295,4108.215,4116.645,0
2026-07-10 06:00:00+00:00,4116.620000000001,4120.344999999999,4111.105,4111.700000000001,0
2026-07-10 07:00:00+00:00,4111.6900000000005,4115.514999999999,4104.264999999999,4108.895,0
2026-07-10 08:00:00+00:00,4108.959999999999,4109.62,4095.065,4098.1,0
2026-07-10 09:00:00+00:00,4098.09,4105.6900000000005,4094.365,4104.370000000001,0
2026-07-10 10:00:00+00:00,4104.375,4112.67,4104.075000000001,4104.674999999999,0
2026-07-10 11:00:00+00:00,4104.645,4108.385,4096.14,4102.255,0
2026-07-10 12:00:00+00:00,4102.27,4117.75,4097.73,4100.915,0
2026-07-10 13:00:00+00:00,4100.895,4106.825000000001,4085.6549999999997,4100.125,0
2026-07-10 14:00:00+00:00,4100.115,4109.110000000001,4072.37,4093.1000000000004,0
2026-07-10 15:00:00+00:00,4093.1,4113.46,4091.5150000000003,4113.01,0
2026-07-10 16:00:00+00:00,4113.0,4115.52,4104.57,4104.575000000001,0
2026-07-10 17:00:00+00:00,4104.645,4107.030000000001,4100.58,4100.8150000000005,0
2026-07-10 18:00:00+00:00,4100.81,4105.58,4098.129999999999,4101.280000000001,0
2026-07-10 19:00:00+00:00,4101.265,4109.165,4097.955,4108.709999999999,0
2026-07-10 20:00:00+00:00,4108.75,4120.905,4108.450000000001,4119.33,0
2026-07-12 22:00:00+00:00,4098.06,4104.955,4069.73,4076.9300000000003,0
2026-07-12 23:00:00+00:00,4076.935,4084.9700000000003,4068.775,4084.485,0
2026-07-13 00:00:00+00:00,4084.465,4091.34,4061.035,4074.105,0
2026-07-13 01:00:00+00:00,4074.12,4090.08,4065.48,4072.175,0
2026-07-13 02:00:00+00:00,4072.1549999999997,4077.65,4064.825,4068.85,0
2026-07-13 03:00:00+00:00,4068.835,4069.59,4053.0950000000003,4060.67,0
2026-07-13 04:00:00+00:00,4060.645,4060.75,4050.465,4059.035,0
2026-07-13 05:00:00+00:00,4059.06,4073.3450000000003,4052.17,4053.8900000000003,0
2026-07-13 06:00:00+00:00,4053.885,4063.69,4043.9049999999997,4055.8450000000003,0
2026-07-13 07:00:00+00:00,4055.85,4065.13,4049.12,4064.47,0
2026-07-13 08:00:00+00:00,4064.485,4081.01,4063.0950000000003,4074.73,0
2026-07-13 09:00:00+00:00,4074.7650000000003,4076.955,4068.2349999999997,4068.615,0
2026-07-13 10:00:00+00:00,4068.605,4070.645,4046.815,4060.65,0
2026-07-13 11:00:00+00:00,4060.685,4068.69,4054.895,4056.55,0
2026-07-13 12:00:00+00:00,4056.5600000000004,4067.63,4053.67,4067.39,0
2026-07-13 13:00:00+00:00,4067.4049999999997,4067.68,4042.1000000000004,4043.3900000000003,0
2026-07-13 14:00:00+00:00,4043.415,4047.205,4000.4,4014.685,0
2026-07-13 15:00:00+00:00,4014.79,4020.51,4010.27,4016.0950000000003,0
2026-07-13 16:00:00+00:00,4016.08,4018.135,3986.6549999999997,3993.315,0
2026-07-13 17:00:00+00:00,3993.275,4002.14,3992.1499999999996,3993.415,0
2026-07-13 18:00:00+00:00,3993.43,4005.4049999999997,3986.685,4001.6099999999997,0
2026-07-13 19:00:00+00:00,4001.615,4004.625,3993.415,4002.355,0
2026-07-13 20:00:00+00:00,4002.375,4006.395,3996.3199999999997,4000.76,0
2026-07-13 22:00:00+00:00,4005.96,4006.305,4000.985,4001.0699999999997,0
2026-07-13 23:00:00+00:00,4001.01,4003.23,3992.815,4001.105,0
2026-07-14 00:00:00+00:00,4001.13,4007.4300000000003,3983.745,4004.015,0
2026-07-14 01:00:00+00:00,4004.04,4012.365,3992.225,4010.5299999999997,0
2026-07-14 02:00:00+00:00,4010.495,4019.3450000000003,4006.04,4012.62,0
2026-07-14 03:00:00+00:00,4012.615,4019.285,4011.145,4016.93,0
2026-07-14 04:00:00+00:00,4016.925,4023.5,4013.365,4020.455,0
2026-07-14 05:00:00+00:00,4020.465,4034.1549999999997,4019.73,4031.41,0
2026-07-14 06:00:00+00:00,4031.4049999999997,4033.0600000000004,4021.875,4024.01,0
2026-07-14 07:00:00+00:00,4024.045,4030.0550000000003,4020.3050000000003,4020.645,0
2026-07-14 08:00:00+00:00,4020.6549999999997,4023.865,4014.32,4015.995,0
2026-07-14 09:00:00+00:00,4016.045,4024.43,4013.69,4021.645,0
2026-07-14 10:00:00+00:00,4021.715,4022.97,4015.05,4021.6549999999997,0
2026-07-14 11:00:00+00:00,4021.715,4031.99,4015.54,4031.42,0
2026-07-14 12:00:00+00:00,4031.425,4104.325000000001,4023.29,4076.225,0
2026-07-14 13:00:00+00:00,4076.27,4088.92,4071.255,4076.625,0
2026-07-14 14:00:00+00:00,4076.635,4091.05,4070.9,4085.4,0
2026-07-14 15:00:00+00:00,4085.4049999999997,4100.915,4064.66,4066.355,0
2026-07-14 16:00:00+00:00,4066.365,4067.25,4057.7650000000003,4061.6400000000003,0
2026-07-14 17:00:00+00:00,4061.635,4064.995,4054.315,4062.83,0
2026-07-14 18:00:00+00:00,4062.82,4063.145,4043.105,4054.245,0
2026-07-14 19:00:00+00:00,4054.26,4057.61,4047.745,4055.585,0
2026-07-14 20:00:00+00:00,4055.58,4056.395,4049.32,4052.9449999999997,0
2026-07-14 22:00:00+00:00,4052.175,4053.605,4048.5299999999997,4049.24,0
2026-07-14 23:00:00+00:00,4049.2799999999997,4056.2,4047.035,4053.045,0
2026-07-15 00:00:00+00:00,4053.035,4060.775,4051.045,4059.195,0
2026-07-15 01:00:00+00:00,4059.2,4062.045,4035.6549999999997,4037.78,0
2026-07-15 02:00:00+00:00,4037.6549999999997,4042.225,4029.5249999999996,4035.3599999999997,0
2026-07-15 03:00:00+00:00,4035.35,4040.41,4027.9750000000004,4031.3999999999996,0
2026-07-15 04:00:00+00:00,4031.43,4035.41,4028.325,4033.255,0
2026-07-15 05:00:00+00:00,4033.245,4037.24,4021.975,4034.75,0
2026-07-15 06:00:00+00:00,4034.76,4035.67,4021.505,4032.175,0
2026-07-15 07:00:00+00:00,4032.2,4034.525,4019.75,4024.59,0
2026-07-15 08:00:00+00:00,4024.585,4033.2200000000003,4017.37,4031.02,0
2026-07-15 09:00:00+00:00,4031.025,4034.575,4025.68,4030.48,0
2026-07-15 10:00:00+00:00,4030.5,4036.16,4026.475,4028.1,0
2026-07-15 11:00:00+00:00,4028.09,4040.3050000000003,4027.71,4038.26,0
2026-07-15 12:00:00+00:00,4038.245,4071.625,4035.965,4067.75,0
2026-07-15 13:00:00+00:00,4067.7799999999997,4074.235,4054.2650000000003,4061.29,0
2026-07-15 14:00:00+00:00,4061.25,4066.0299999999997,4053.375,4060.495,0
2026-07-15 15:00:00+00:00,4060.515,4063.105,4039.61,4047.1549999999997,0
2026-07-15 16:00:00+00:00,4047.14,4047.99,4026.92,4033.99,0
2026-07-15 17:00:00+00:00,4034.015,4066.275,4033.03,4062.415,0
2026-07-15 18:00:00+00:00,4062.4049999999997,4081.57,4057.975,4059.31,0
2026-07-15 19:00:00+00:00,4059.285,4062.99,4048.12,4057.265,0
2026-07-15 20:00:00+00:00,4057.26,4063.1549999999997,4055.285,4060.45,0
2026-07-15 22:00:00+00:00,4064.4700000000003,4065.605,4058.235,4059.6499999999996,0
2026-07-15 23:00:00+00:00,4059.675,4062.12,4055.75,4058.0950000000003,0
2026-07-16 00:00:00+00:00,4058.1099999999997,4061.53,4043.625,4044.62,0
2026-07-16 01:00:00+00:00,4044.635,4050.645,4033.895,4039.26,0
2026-07-16 02:00:00+00:00,4039.265,4040.35,4024.1549999999997,4031.75,0
2026-07-16 03:00:00+00:00,4031.7200000000003,4037.125,4027.64,4036.48,0
2026-07-16 04:00:00+00:00,4036.4849999999997,4038.0,4031.835,4033.3,0
2026-07-16 05:00:00+00:00,4033.285,4034.2,4025.48,4027.615,0
2026-07-16 06:00:00+00:00,4027.585,4036.73,4023.165,4030.8599999999997,0
2026-07-16 07:00:00+00:00,4030.865,4032.035,4023.135,4030.6949999999997,0
2026-07-16 08:00:00+00:00,4030.67,4036.7299999999996,4025.455,4035.2799999999997,0
2026-07-16 09:00:00+00:00,4035.27,4038.0,4030.565,4032.02,0
2026-07-16 10:00:00+00:00,4032.005,4035.085,4028.545,4029.66,0
2026-07-16 11:00:00+00:00,4029.6549999999997,4042.725,4021.255,4038.5150000000003,0
2026-07-16 12:00:00+00:00,4038.535,4043.43,3990.455,3992.375,0
2026-07-16 13:00:00+00:00,3992.37,4008.645,3973.81,3990.49,0
2026-07-16 14:00:00+00:00,3990.525,4006.68,3987.2799999999997,3997.985,0
2026-07-16 15:00:00+00:00,3997.975,4017.12,3989.5299999999997,4007.175,0
2026-07-16 16:00:00+00:00,4007.215,4007.865,3982.5249999999996,3992.175,0
2026-07-16 17:00:00+00:00,3992.165,3993.205,3980.1899999999996,3984.725,0
2026-07-16 18:00:00+00:00,3984.675,3990.635,3976.535,3980.535,0
2026-07-16 19:00:00+00:00,3980.52,3986.005,3969.1099999999997,3979.86,0
2026-07-16 20:00:00+00:00,3979.8900000000003,3980.225,3971.87,3976.55,0
2026-07-16 22:00:00+00:00,3978.05,3980.4449999999997,3973.1899999999996,3978.5,0
2026-07-16 23:00:00+00:00,3978.5299999999997,3986.69,3975.205,3986.145,0
2026-07-17 00:00:00+00:00,3986.165,3992.1549999999997,3980.63,3991.87,0
2026-07-17 01:00:00+00:00,3991.95,3996.285,3979.325,3983.24,0
2026-07-17 02:00:00+00:00,3983.23,3987.5,3970.51,3979.4849999999997,0
2026-07-17 03:00:00+00:00,3979.57,4008.6499999999996,3978.9300000000003,3991.625,0
2026-07-17 04:00:00+00:00,3991.63,3991.895,3980.145,3981.955,0
2026-07-17 05:00:00+00:00,3981.9449999999997,3991.475,3975.16,3984.995,0
2026-07-17 06:00:00+00:00,3985.025,4007.32,3984.995,3999.5150000000003,0
2026-07-17 07:00:00+00:00,3999.52,4002.745,3992.82,3992.88,0
2026-07-17 08:00:00+00:00,3992.925,3999.79,3988.005,3994.315,0
2026-07-17 09:00:00+00:00,3994.3100000000004,4002.675,3992.68,3998.2799999999997,0
2026-07-17 10:00:00+00:00,3998.3,3999.3050000000003,3990.62,3991.085,0
2026-07-17 11:00:00+00:00,3991.0950000000003,3999.085,3990.17,3993.99,0
2026-07-17 12:00:00+00:00,3993.995,3995.665,3964.0550000000003,3966.14,0
2026-07-17 13:00:00+00:00,3966.23,4003.68,3959.875,3997.42,0
2026-07-17 14:00:00+00:00,3997.315,4004.41,3990.2200000000003,4001.505,0
2026-07-17 15:00:00+00:00,4001.49,4021.395,3997.875,4019.01,0
2026-07-17 16:00:00+00:00,4019.035,4023.7700000000004,4011.11,4014.95,0
2026-07-17 17:00:00+00:00,4014.99,4019.1949999999997,4008.41,4010.115,0
2026-07-17 18:00:00+00:00,4010.125,4016.35,4006.66,4011.4300000000003,0
2026-07-17 19:00:00+00:00,4011.4449999999997,4016.66,4002.375,4015.775,0
2026-07-17 20:00:00+00:00,4015.7799999999997,4018.88,4008.665,4017.605,0
2026-07-19 22:00:00+00:00,4001.83,4004.205,3993.325,3994.865,0
2026-07-19 23:00:00+00:00,3994.89,3996.34,3989.475,3995.695,0
2026-07-20 00:00:00+00:00,3995.66,4010.41,3982.6949999999997,4008.365,0
2026-07-20 01:00:00+00:00,4008.3599999999997,4021.125,3995.6549999999997,4002.13,0
2026-07-20 02:00:00+00:00,4002.1450000000004,4029.085,4001.21,4021.84,0
2026-07-20 03:00:00+00:00,4021.83,4028.16,4018.5600000000004,4024.085,0
2026-07-20 04:00:00+00:00,4024.075,4027.0150000000003,4018.37,4019.025,0
2026-07-20 05:00:00+00:00,4019.0,4021.42,4005.3100000000004,4009.02,0
2026-07-20 06:00:00+00:00,4009.025,4011.9049999999997,4002.99,4004.0550000000003,0
2026-07-20 07:00:00+00:00,4004.045,4021.84,4002.225,4016.89,0
2026-07-20 08:00:00+00:00,4016.9049999999997,4030.815,4016.9049999999997,4018.9449999999997,0
2026-07-20 09:00:00+00:00,4018.925,4023.2200000000003,4014.76,4021.365,0
2026-07-20 10:00:00+00:00,4021.31,4025.68,4018.375,4024.285,0
2026-07-20 11:00:00+00:00,4024.295,4040.925,4019.9449999999997,4025.45,0
2026-07-20 12:00:00+00:00,4025.43,4025.49,4006.54,4008.165,0
2026-07-20 13:00:00+00:00,4008.14,4017.375,4005.8,4005.99,0
2026-07-20 14:00:00+00:00,4005.955,4013.795,3998.34,4006.125,0
2026-07-20 15:00:00+00:00,4006.14,4019.84,4004.7299999999996,4012.04,0
2026-07-20 16:00:00+00:00,4012.025,4018.475,4001.3599999999997,4009.79,0
2026-07-20 17:00:00+00:00,4009.8,4013.14,4003.9,4005.505,0
2026-07-20 18:00:00+00:00,4005.495,4011.77,4003.54,4007.42,0
2026-07-20 19:00:00+00:00,4007.425,4017.98,4004.585,4006.995,0
2026-07-20 20:00:00+00:00,4007.0299999999997,4009.5,4006.0,4007.61,0
2026-07-20 22:00:00+00:00,4009.76,4011.16,3999.85,4000.785,0
2026-07-20 23:00:00+00:00,4000.78,4010.8149999999996,4000.51,4010.05,0
2026-07-21 00:00:00+00:00,4010.085,4027.395,4003.65,4024.99,0
2026-07-21 01:00:00+00:00,4025.01,4036.15,4018.6400000000003,4023.405,0
2026-07-21 02:00:00+00:00,4023.38,4045.29,4022.0699999999997,4037.955,0
2026-07-21 03:00:00+00:00,4037.95,4051.6949999999997,4036.6800000000003,4047.04,0
2026-07-21 04:00:00+00:00,4047.0699999999997,4051.89,4043.585,4049.855,0
2026-07-21 05:00:00+00:00,4049.865,4068.0150000000003,4046.275,4061.79,0
2026-07-21 06:00:00+00:00,4061.7799999999997,4084.235,4061.62,4078.715,0
2026-07-21 07:00:00+00:00,4078.67,4080.3450000000003,4067.65,4071.56,0
2026-07-21 08:00:00+00:00,4071.5550000000003,4072.7799999999997,4059.085,4063.05,0
2026-07-21 09:00:00+00:00,4063.065,4069.615,4061.08,4065.8900000000003,0
2026-07-21 10:00:00+00:00,4065.91,4070.2799999999997,4060.875,4063.045,0
2026-07-21 11:00:00+00:00,4063.065,4063.8599999999997,4054.365,4056.14,0
2026-07-21 12:00:00+00:00,4056.165,4065.895,4051.05,4054.175,0
2026-07-21 13:00:00+00:00,4054.165,4061.76,4044.68,4053.185,0
2026-07-21 14:00:00+00:00,4053.2,4073.855,4051.5950000000003,4068.64,0
2026-07-21 15:00:00+00:00,4068.625,4083.62,4065.55,4074.27,0
2026-07-21 16:00:00+00:00,4074.28,4079.295,4069.83,4071.76,0
2026-07-21 17:00:00+00:00,4071.755,4072.95,4066.6800000000003,4068.4849999999997,0
2026-07-21 18:00:00+00:00,4068.49,4087.4049999999997,4067.6949999999997,4082.5,0
2026-07-21 19:00:00+00:00,4082.52,4085.815,4080.1,4084.67,0
2026-07-21 20:00:00+00:00,4084.68,4086.455,4076.8050000000003,4077.9449999999997,0
2026-07-21 22:00:00+00:00,4080.3149999999996,4085.425,4077.015,4080.535,0
2026-07-21 23:00:00+00:00,4080.51,4083.0950000000003,4079.2,4080.955,0
2026-07-22 00:00:00+00:00,4080.96,4102.780000000001,4076.83,4097.385,0
2026-07-22 01:00:00+00:00,4097.355,4123.91,4096.46,4122.370000000001,0
2026-07-22 02:00:00+00:00,4122.4400000000005,4131.14,4119.09,4130.72,0
2026-07-22 03:00:00+00:00,4130.610000000001,4141.8150000000005,4129.295,4130.865,0
2026-07-22 04:00:00+00:00,4130.85,4131.32,4124.82,4127.1900000000005,0
2026-07-22 05:00:00+00:00,4127.195,4134.035,4123.030000000001,4131.055,0
2026-07-22 06:00:00+00:00,4131.04,4135.55,4113.360000000001,4116.34,0
2026-07-22 07:00:00+00:00,4116.35,4123.155000000001,4109.195,4110.785,0
2026-07-22 08:00:00+00:00,4110.775,4120.1900000000005,4110.64,4118.165,0
2026-07-22 09:00:00+00:00,4118.155,4122.505,4113.365,4115.27,0
2026-07-22 10:00:00+00:00,4115.275,4121.860000000001,4115.120000000001,4117.695,0
2026-07-22 11:00:00+00:00,4117.73,4123.030000000001,4112.545,4122.79,0
2026-07-22 12:00:00+00:00,4122.76,4134.495,4107.174999999999,4113.02,0
2026-07-22 13:00:00+00:00,4113.025,4155.835,4112.695,4154.395,0
2026-07-22 14:00:00+00:00,4154.38,4163.705,4143.995000000001,4148.705,0
2026-07-22 15:00:00+00:00,4148.72,4166.1900000000005,4148.695,4159.25,0
2026-07-22 16:00:00+00:00,4159.24,4159.4,4144.445,4146.715,0
2026-07-22 17:00:00+00:00,4146.725,4148.005,4138.39,4142.455,0
2026-07-22 18:00:00+00:00,4142.43,4142.93,4132.125,4136.2,0
2026-07-22 19:00:00+00:00,4136.215,4137.18,4128.959999999999,4132.049999999999,0
2026-07-22 20:00:00+00:00,4132.01,4137.950000000001,4128.375,4130.145,0
2026-07-22 22:00:00+00:00,4117.469999999999,4130.26,4116.8099999999995,4121.6900000000005,0
2026-07-22 23:00:00+00:00,4121.674999999999,4134.465,4116.535,4133.594999999999,0
2026-07-23 00:00:00+00:00,4133.59,4135.09,4125.26,4132.325,0
2026-07-23 01:00:00+00:00,4132.32,4141.415,4114.25,4118.055,0
2026-07-23 02:00:00+00:00,4118.085,4128.924999999999,4112.15,4128.205,0
2026-07-23 03:00:00+00:00,4128.209999999999,4133.495,4124.094999999999,4124.68,0
2026-07-23 04:00:00+00:00,4124.655,4130.515,4119.889999999999,4121.1849999999995,0
2026-07-23 05:00:00+00:00,4121.18,4130.79,4119.575000000001,4124.175,0
2026-07-23 06:00:00+00:00,4124.165,4128.275,4116.885,4118.610000000001,0
2026-07-23 07:00:00+00:00,4118.595,4119.445,4089.91,4095.35,0
2026-07-23 08:00:00+00:00,4095.315,4097.9400000000005,4087.1800000000003,4093.285,0
2026-07-23 09:00:00+00:00,4093.28,4099.450000000001,4088.3999999999996,4089.87,0
2026-07-23 10:00:00+00:00,4089.865,4095.455,4086.24,4093.39,0
2026-07-23 11:00:00+00:00,4093.395,4094.0150000000003,4073.235,4085.9700000000003,0
2026-07-23 12:00:00+00:00,4085.925,4086.175,4061.1099999999997,4061.93,0
2026-07-23 13:00:00+00:00,4061.915,4067.29,4040.425,4043.065,0
2026-07-23 14:00:00+00:00,4043.0600000000004,4061.8,4040.07,4058.1099999999997,0
2026-07-23 15:00:00+00:00,4058.09,4059.7,4042.36,4048.95,0
2026-07-23 16:00:00+00:00,4048.965,4051.8500000000004,4046.07,4051.57,0
2026-07-23 17:00:00+00:00,4051.585,4054.65,4041.6949999999997,4042.0,0
2026-07-23 18:00:00+00:00,4041.95,4048.65,4040.645,4046.265,0
2026-07-23 19:00:00+00:00,4046.255,4051.3050000000003,4043.04,4049.955,0
2026-07-23 20:00:00+00:00,4049.95,4051.385,4047.465,4049.54,0
2026-07-23 22:00:00+00:00,4049.31,4050.8450000000003,4048.455,4049.7349999999997,0
2026-07-23 23:00:00+00:00,4049.705,4050.99,4046.665,4047.165,0
2026-07-24 00:00:00+00:00,4047.17,4051.175,4041.37,4049.8599999999997,0
2026-07-24 01:00:00+00:00,4049.8450000000003,4050.54,4039.925,4043.59,0
2026-07-24 02:00:00+00:00,4043.575,4048.57,4023.135,4024.925,0
2026-07-24 03:00:00+00:00,4024.9049999999997,4033.8450000000003,4023.165,4029.67,0
2026-07-24 04:00:00+00:00,4029.57,4030.56,4025.535,4027.335,0
2026-07-24 05:00:00+00:00,4027.35,4032.5150000000003,4021.9449999999997,4023.23,0
2026-07-24 06:00:00+00:00,4023.245,4039.01,4023.145,4035.88,0
2026-07-24 07:00:00+00:00,4035.875,4053.895,4035.205,4048.27,0
2026-07-24 08:00:00+00:00,4048.26,4058.895,4045.245,4057.665,0
2026-07-24 09:00:00+00:00,4057.67,4061.1,4051.83,4060.035,0
2026-07-24 10:00:00+00:00,4060.045,4064.09,4057.215,4060.04,0
2026-07-24 11:00:00+00:00,4060.065,4063.59,4051.5,4058.06,0
2026-07-24 12:00:00+00:00,4058.035,4060.3900000000003,4051.8,4056.18,0
2026-07-24 13:00:00+00:00,4056.175,4068.66,4044.705,4067.525,0
2026-07-24 14:00:00+00:00,4067.565,4070.015,4056.06,4063.17,0
2026-07-24 15:00:00+00:00,4063.175,4082.1800000000003,4061.955,4077.435,0
2026-07-24 16:00:00+00:00,4077.465,4078.29,4064.0950000000003,4067.235,0
2026-07-24 17:00:00+00:00,4067.24,4070.1000000000004,4062.915,4063.6,0
2026-07-24 18:00:00+00:00,4063.585,4064.495,4051.145,4054.64,0
2026-07-24 19:00:00+00:00,4054.63,4058.175,4049.33,4053.88,0
2026-07-24 20:00:00+00:00,4053.865,4056.3999999999996,4051.6899999999996,4053.045,0
2026-07-26 22:00:00+00:00,4092.28,4097.145,4084.26,4090.065,0
2026-07-26 23:00:00+00:00,4089.955,4096.59,4083.62,4094.2799999999997,0
2026-07-27 00:00:00+00:00,4094.29,4116.34,4091.0249999999996,4100.84,0
2026-07-27 01:00:00+00:00,4100.82,4112.68,4097.02,4110.215,0
2026-07-27 02:00:00+00:00,4110.19,4111.08,4093.575,4093.8450000000003,0
2026-07-27 03:00:00+00:00,4093.83,4095.8,4085.1000000000004,4090.985,0
2026-07-27 04:00:00+00:00,4090.995,4092.925,4087.225,4090.2250000000004,0
2026-07-27 05:00:00+00:00,4090.23,4095.23,4084.63,4093.09,0
2026-07-27 06:00:00+00:00,4093.115,4099.49,4091.205,4096.405000000001,0
2026-07-27 07:00:00+00:00,4096.425,4106.035,4088.7749999999996,4088.8149999999996,0
2026-07-27 08:00:00+00:00,4088.825,4097.08,4086.9700000000003,4095.3050000000003,0
2026-07-27 09:00:00+00:00,4095.295,4100.345,4090.465,4096.27,0
2026-07-27 10:00:00+00:00,4096.26,4102.52,4086.5,4099.71,0
2026-07-27 11:00:00+00:00,4099.73,4104.139999999999,4093.5,4093.87,0
2026-07-27 12:00:00+00:00,4093.86,4097.695,4081.6899999999996,4083.8500000000004,0
2026-07-27 13:00:00+00:00,4083.855,4089.5150000000003,4070.51,4074.465,0
2026-07-27 14:00:00+00:00,4074.45,4079.28,4065.335,4076.3050000000003,0
2026-07-27 15:00:00+00:00,4076.295,4079.965,4072.045,4078.525,0
2026-07-27 16:00:00+00:00,4078.515,4094.16,4077.89,4082.505,0
2026-07-27 17:00:00+00:00,4082.505,4082.55,4070.6949999999997,4076.5699999999997,0
2026-07-27 18:00:00+00:00,4076.575,4079.63,4073.1099999999997,4078.105,0
2026-07-27 19:00:00+00:00,4078.1,4089.48,4076.28,4083.3050000000003,0
2026-07-27 20:00:00+00:00,4083.285,4084.06,4075.465,4076.575,0
2026-07-27 22:00:00+00:00,4081.92,4082.18,4071.13,4074.175,0
2026-07-27 23:00:00+00:00,4074.21,4075.185,4069.9350000000004,4073.615,0
2026-07-28 00:00:00+00:00,4073.545,4074.335,4057.625,4057.955,0
2026-07-28 01:00:00+00:00,4058.0249999999996,4060.3,4042.51,4045.33,0
2026-07-28 02:00:00+00:00,4045.34,4049.23,4040.76,4042.045,0
2026-07-28 03:00:00+00:00,4042.065,4051.145,4040.535,4049.3999999999996,0
2026-07-28 04:00:00+00:00,4049.435,4049.8599999999997,4041.575,4042.225,0
2026-07-28 05:00:00+00:00,4042.28,4046.615,4034.7,4045.145,0
2026-07-28 06:00:00+00:00,4045.13,4052.54,4043.15,4048.34,0
2026-07-28 07:00:00+00:00,4048.3450000000003,4052.4700000000003,4046.3450000000003,4047.55,0
2026-07-28 08:00:00+00:00,4047.565,4055.1099999999997,4041.495,4045.65,0
2026-07-28 09:00:00+00:00,4045.675,4046.2349999999997,4019.28,4023.76,0
2026-07-28 10:00:00+00:00,4023.755,4028.52,4017.07,4026.585,0
2026-07-28 11:00:00+00:00,4026.6000000000004,4032.535,4023.27,4028.005,0
2026-07-28 12:00:00+00:00,4027.985,4038.045,4023.165,4029.65,0
2026-07-28 13:00:00+00:00,4029.6549999999997,4036.1949999999997,4020.52,4022.145,0
2026-07-28 14:00:00+00:00,4022.18,4033.665,4011.755,4024.6899999999996,0
2026-07-28 15:00:00+00:00,4024.67,4047.24,4022.36,4046.265,0
2026-07-28 16:00:00+00:00,4046.27,4046.6899999999996,4036.8500000000004,4037.49,0
2026-07-28 17:00:00+00:00,4037.5,4041.78,4025.7200000000003,4027.88,0
2026-07-28 18:00:00+00:00,4027.93,4030.35,4021.875,4023.2,0
2026-07-28 19:00:00+00:00,4023.185,4028.035,4022.04,4026.525,0
2026-07-28 20:00:00+00:00,4026.56,4030.58,4022.795,4028.69,0
2026-07-28 22:00:00+00:00,4028.35,4028.44,4014.165,4018.26,0
2026-07-28 23:00:00+00:00,4018.25,4026.52,4015.175,4025.02,0
2026-07-29 00:00:00+00:00,4025.0150000000003,4029.6949999999997,4017.5699999999997,4022.04,0
2026-07-29 01:00:00+00:00,4022.055,4030.895,4010.46,4026.145,0
2026-07-29 02:00:00+00:00,4026.19,4038.1,4023.0299999999997,4029.62,0
2026-07-29 03:00:00+00:00,4029.61,4032.795,4023.2799999999997,4023.6,0
2026-07-29 04:00:00+00:00,4023.6099999999997,4027.895,4020.715,4027.44,0
2026-07-29 05:00:00+00:00,4027.455,4040.2,4026.86,4033.07,0
2026-07-29 06:00:00+00:00,4033.0550000000003,4045.0299999999997,4033.01,4041.21,0
2026-07-29 07:00:00+00:00,4041.2200000000003,4047.9700000000003,4041.215,4044.02,0
2026-07-29 08:00:00+00:00,4044.005,4044.745,4035.55,4037.79,0
2026-07-29 09:00:00+00:00,4037.785,4038.56,4031.185,4032.685,0
2026-07-29 10:00:00+00:00,4032.7299999999996,4034.59,4026.005,4027.895,0
2026-07-29 11:00:00+00:00,4027.9,4036.135,4025.0550000000003,4032.685,0
2026-07-29 12:00:00+00:00,4032.705,4033.41,4009.25,4022.5150000000003,0
2026-07-29 13:00:00+00:00,4022.53,4026.33,4002.755,4007.215,0
2026-07-29 14:00:00+00:00,4007.23,4010.14,3996.145,4004.96,0
2026-07-29 15:00:00+00:00,4004.88,4013.8900000000003,4003.13,4010.1099999999997,0
2026-07-29 16:00:00+00:00,4010.085,4033.005,4007.63,4027.2,0
2026-07-29 17:00:00+00:00,4027.18,4050.65,4027.125,4044.21,0
2026-07-29 18:00:00+00:00,4044.16,4110.105,4042.5699999999997,4107.33,0
2026-07-29 19:00:00+00:00,4107.35,4116.575,4044.43,4045.035,0
2026-07-29 20:00:00+00:00,4044.9849999999997,4070.33,4042.99,4066.41,0
2026-07-29 22:00:00+00:00,4072.075,4090.665,4064.6000000000004,4088.5299999999997,0
2026-07-29 23:00:00+00:00,4088.495,4100.4400000000005,4084.3500000000004,4084.525,0
2026-07-30 00:00:00+00:00,4084.5150000000003,4086.835,4065.0550000000003,4072.1549999999997,0
2026-07-30 01:00:00+00:00,4072.15,4093.135,4070.3599999999997,4084.925,0
2026-07-30 02:00:00+00:00,4084.9300000000003,4090.425,4063.38,4063.69,0
2026-07-30 03:00:00+00:00,4063.68,4070.1899999999996,4050.875,4059.045,0
2026-07-30 04:00:00+00:00,4059.06,4060.295,4044.5550000000003,4046.25,0
2026-07-30 05:00:00+00:00,4046.26,4051.415,4028.625,4033.855,0
2026-07-30 06:00:00+00:00,4033.87,4040.71,4029.38,4036.7,0
2026-07-30 07:00:00+00:00,4036.675,4051.51,4035.41,4039.105,0
2026-07-30 08:00:00+00:00,4039.1,4073.0200000000004,4036.53,4061.5249999999996,0
2026-07-30 09:00:00+00:00,4061.505,4073.3050000000003,4060.355,4063.575,0
2026-07-30 10:00:00+00:00,4063.63,4083.3050000000003,4063.215,4078.3450000000003,0
2026-07-30 11:00:00+00:00,4078.325,4082.99,4075.76,4077.745,0
2026-07-30 12:00:00+00:00,4077.76,4086.66,4067.15,4069.1549999999997,0
2026-07-30 13:00:00+00:00,4069.145,4112.965,4065.13,4112.255,0
2026-07-30 14:00:00+00:00,4112.25,4120.51,4087.24,4100.115,0
2026-07-30 15:00:00+00:00,4100.08,4110.22,4083.245,4108.32,0
2026-07-30 16:00:00+00:00,4108.3099999999995,4119.47,4106.83,4110.5,0
2026-07-30 17:00:00+00:00,4110.49,4111.264999999999,4098.540000000001,4102.74,0
2026-07-30 18:00:00+00:00,4102.719999999999,4108.05,4098.885,4100.030000000001,0
2026-07-30 19:00:00+00:00,4100.049999999999,4115.485000000001,4098.875,4111.75,0
2026-07-30 20:00:00+00:00,4111.674999999999,4117.34,4099.33,4103.8099999999995,0
2026-07-30 22:00:00+00:00,4105.89,4111.495,4102.71,4109.25,0
2026-07-30 23:00:00+00:00,4109.215,4111.985,4102.235,4105.8150000000005,0
2026-07-31 00:00:00+00:00,4105.625,4107.18,4090.3450000000003,4094.75,0
2026-07-31 01:00:00+00:00,4094.7799999999997,4101.625,4082.01,4084.3050000000003,0
2026-07-31 02:00:00+00:00,4084.3100000000004,4090.59,4074.3450000000003,4076.305,0
2026-07-31 03:00:00+00:00,4076.375,4079.62,4072.035,4075.0550000000003,0
2026-07-31 04:00:00+00:00,4075.08,4081.505,4073.1549999999997,4080.1899999999996,0
2026-07-31 05:00:00+00:00,4080.2200000000003,4083.395,4073.35,4074.285,0
2026-07-31 06:00:00+00:00,4074.255,4087.6549999999997,4072.74,4077.97,0
2026-07-31 07:00:00+00:00,4077.9449999999997,4079.26,4067.775,4068.03,0
2026-07-31 08:00:00+00:00,4068.06,4068.06,4054.385,4061.0950000000003,0
2026-07-31 09:00:00+00:00,4061.08,4064.1000000000004,4050.31,4055.3599999999997,0
2026-07-31 10:00:00+00:00,4055.33,4058.475,4052.08,4054.4049999999997,0
2026-07-31 11:00:00+00:00,4054.425,4061.12,4050.645,4053.8199999999997,0
2026-07-31 12:00:00+00:00,4053.83,4059.51,4040.55,4041.0,0
2026-07-31 13:00:00+00:00,4041.03,4047.205,4022.215,4025.705,0
2026-07-31 14:00:00+00:00,4025.67,4050.49,4021.19,4049.2799999999997,0
2026-07-31 15:00:00+00:00,4049.29,4052.8,4036.67,4045.625,0
2026-07-31 16:00:00+00:00,4045.62,4050.0950000000003,4041.17,4043.5,0
2026-07-31 17:00:00+00:00,4043.51,4054.73,4041.455,4053.76,0
2026-07-31 18:00:00+00:00,4053.8,4055.33,4047.1549999999997,4050.72,0
2026-07-31 19:00:00+00:00,4050.73,4055.815,4046.87,4051.3,0
2026-07-31 20:00:00+00:00,4051.25,4053.21,4043.1400000000003,4044.58,0
2026-08-02 22:00:00+00:00,4073.74,4080.1099999999997,4063.6,4063.8900000000003,0
2026-08-02 23:00:00+00:00,4063.84,4075.165,4063.405,4074.9849999999997,0
2026-08-03 00:00:00+00:00,4074.955,4079.25,4055.6800000000003,4057.285,0
2026-08-03 01:00:00+00:00,4057.31,4063.685,4047.4049999999997,4056.705,0
2026-08-03 02:00:00+00:00,4056.69,4067.17,4051.99,4062.4449999999997,0
2026-08-03 03:00:00+00:00,4062.43,4068.185,4059.365,4065.12,0
2026-08-03 04:00:00+00:00,4065.1,4072.075,4063.875,4063.875,0
2026-08-03 05:00:00+00:00,4063.92,4069.865,4054.3050000000003,4068.87,0
2026-08-03 06:00:00+00:00,4068.8100000000004,4072.3050000000003,4060.245,4063.835,0
2026-08-03 07:00:00+00:00,4063.825,4065.46,4051.925,4061.18,0
2026-08-03 08:00:00+00:00,4061.11,4062.4449999999997,4054.2349999999997,4059.475,0
2026-08-03 09:00:00+00:00,4059.46,4062.125,4046.67,4055.3050000000003,0
2026-08-03 10:00:00+00:00,4055.295,4057.16,4045.9799999999996,4049.66,0
2026-08-03 11:00:00+00:00,4049.645,4063.11,4045.42,4062.58,0
2026-08-03 12:00:00+00:00,4062.5550000000003,4064.5950000000003,4042.2,4047.635,0
2026-08-03 13:00:00+00:00,4047.665,4053.75,4019.225,4032.505,0
2026-08-03 14:00:00+00:00,4032.59,4039.375,4026.685,4036.17,0
2026-08-03 15:00:00+00:00,4036.175,4041.065,4030.62,4036.22,0
2026-08-03 16:00:00+00:00,4036.215,4039.375,4034.895,4036.965,0
2026-08-03 17:00:00+00:00,4036.98,4037.91,4030.285,4030.48,0
2026-08-03 18:00:00+00:00,4030.4849999999997,4045.31,4029.78,4043.65,0
2026-08-03 19:00:00+00:00,4043.6549999999997,4056.01,4043.6549999999997,4052.185,0
2026-08-03 20:00:00+00:00,4052.1549999999997,4058.03,4050.325,4055.34,0
2026-08-03 22:00:00+00:00,4054.26,4054.435,4048.965,4052.83,0
2026-08-03 23:00:00+00:00,4052.8199999999997,4055.26,4050.08,4054.0600000000004,0
2026-08-04 00:00:00+00:00,4054.07,4069.445,4048.865,4049.64,0
2026-08-04 01:00:00+00:00,4049.665,4062.1800000000003,4042.56,4058.8,0
2026-08-04 02:00:00+00:00,4058.8050000000003,4065.245,4055.665,4059.11,0
2026-08-04 03:00:00+00:00,4059.075,4062.0150000000003,4052.3050000000003,4052.66,0
2026-08-04 04:00:00+00:00,4052.67,4066.45,4051.12,4063.825,0
2026-08-04 05:00:00+00:00,4063.81,4067.75,4057.09,4062.04,0
2026-08-04 06:00:00+00:00,4062.0550000000003,4066.4049999999997,4056.035,4063.5150000000003,0
2026-08-04 07:00:00+00:00,4063.525,4067.035,4060.7349999999997,4065.48,0
2026-08-04 08:00:00+00:00,4065.45,4073.115,4054.61,4055.24,0
2026-08-04 09:00:00+00:00,4055.2349999999997,4055.5950000000003,4046.02,4049.78,0
2026-08-04 10:00:00+00:00,4049.8,4060.9049999999997,4045.665,4054.08,0
2026-08-04 11:00:00+00:00,4054.085,4084.45,4052.4849999999997,4075.035,0
2026-08-04 12:00:00+00:00,4074.975,4084.365,4061.2,4071.33,0
2026-08-04 13:00:00+00:00,4071.3100000000004,4093.9849999999997,4061.2,4084.775,0
2026-08-04 14:00:00+00:00,4084.865,4092.09,4074.55,4083.68,0
2026-08-04 15:00:00+00:00,4083.675,4088.6949999999997,4074.73,4087.215,0
2026-08-04 16:00:00+00:00,4087.21,4093.7299999999996,4083.145,4093.35,0
2026-08-04 17:00:00+00:00,4093.315,4106.605,4086.275,4086.4300000000003,0
2026-08-04 18:00:00+00:00,4086.435,4089.26,4075.435,4079.995,0
2026-08-04 19:00:00+00:00,4080.01,4084.7799999999997,4076.525,4078.4300000000003,0
2026-08-04 20:00:00+00:00,4078.42,4080.32,4074.81,4077.55,0
2026-08-04 22:00:00+00:00,4078.42,4085.95,4075.81,4075.9300000000003,0
2026-08-04 23:00:00+00:00,4075.85,4077.325,4065.49,4072.6850000000004,0
2026-08-05 00:00:00+00:00,4072.69,4083.605,4070.485,4082.4,0
2026-08-05 01:00:00+00:00,4082.52,4102.825000000001,4077.55,4101.68,0
2026-08-05 02:00:00+00:00,4101.71,4135.4,4095.61,4129.305,0
2026-08-05 03:00:00+00:00,4129.31,4136.625,4126.985000000001,4128.205,0
2026-08-05 04:00:00+00:00,4128.195,4141.4,4128.135,4135.51,0
2026-08-05 05:00:00+00:00,4135.5,4172.995,4134.67,4161.67,0
2026-08-05 06:00:00+00:00,4161.65,4178.475,4160.09,4177.52,0
2026-08-05 07:00:00+00:00,4177.49,4179.51,4162.155,4170.7,0
2026-08-05 08:00:00+00:00,4170.73,4172.6,4159.16,4160.6900000000005,0
2026-08-05 09:00:00+00:00,4160.68,4167.045,4153.09,4157.91,0
2026-08-05 10:00:00+00:00,4157.905,4161.8099999999995,4150.135,4161.370000000001,0
2026-08-05 11:00:00+00:00,4161.365,4192.765,4160.695,4189.05,0
2026-08-05 12:00:00+00:00,4189.045,4213.719999999999,4183.26,4183.889999999999,0
2026-08-05 13:00:00+00:00,4183.9400000000005,4206.844999999999,4183.74,4205.924999999999,0
2026-08-05 14:00:00+00:00,4205.955,4247.66,4203.705,4244.225,0
2026-08-05 15:00:00+00:00,4244.23,4265.245,4232.360000000001,4233.0599999999995,0
2026-08-05 16:00:00+00:00,4233.155000000001,4247.37,4224.98,4242.325000000001,0
2026-08-05 17:00:00+00:00,4242.38,4252.549999999999,4236.924999999999,4250.375,0
2026-08-05 18:00:00+00:00,4250.37,4267.965,4249.295,4260.8,0
2026-08-05 19:00:00+00:00,4260.82,4262.375,4246.455,4247.605,0
2026-08-05 20:00:00+00:00,4247.5650000000005,4249.725,4243.1849999999995,4247.03,0
2026-08-05 22:00:00+00:00,4249.8,4255.195,4245.639999999999,4250.18,0
2026-08-05 23:00:00+00:00,4250.2,4282.15,4249.285,4278.055,0
2026-08-06 00:00:00+00:00,4278.05,4300.4400000000005,4264.655000000001,4294.865,0
2026-08-06 01:00:00+00:00,4294.895,4302.719999999999,4272.995,4286.51,0
2026-08-06 02:00:00+00:00,4286.53,4304.365,4275.195,4278.93,0
2026-08-06 03:00:00+00:00,4278.924999999999,4281.045,4260.305,4265.605,0
2026-08-06 04:00:00+00:00,4265.625,4267.43,4252.889999999999,4262.245,0
2026-08-06 05:00:00+00:00,4262.235000000001,4268.735,4247.2,4267.47,0
2026-08-06 06:00:00+00:00,4267.475,4268.785,4249.34,4256.245,0
2026-08-06 07:00:00+00:00,4256.275,4265.629999999999,4252.615,4262.790000000001,0
2026-08-06 08:00:00+00:00,4262.780000000001,4278.92,4260.15,4278.205,0
2026-08-06 09:00:00+00:00,4278.254999999999,4284.885,4271.095,4272.99,0
2026-08-06 10:00:00+00:00,4272.99,4273.610000000001,4264.43,4270.9349999999995,0
2026-08-06 11:00:00+00:00,4270.959999999999,4273.68,4254.235,4263.48,0
2026-08-06 12:00:00+00:00,4263.49,4271.09,4249.264999999999,4250.17,0
2026-08-06 13:00:00+00:00,4250.219999999999,4274.18,4230.49,4267.389999999999,0
2026-08-06 14:00:00+00:00,4267.375,4275.535,4260.225,4273.04,0
2026-08-06 15:00:00+00:00,4273.035,4274.33,4229.495,4233.915,0
2026-08-06 16:00:00+00:00,4233.924999999999,4243.35,4223.514999999999,4241.625,0
2026-08-06 17:00:00+00:00,4241.615,4248.28,4238.375,4247.3,0
2026-08-06 18:00:00+00:00,4247.35,4249.705,4240.72,4243.49,0
2026-08-06 19:00:00+00:00,4243.475,4251.4400000000005,4232.95,4249.025,0
2026-08-06 20:00:00+00:00,4249.049999999999,4250.33,4234.945,4240.795,0
2026-08-06 22:00:00+00:00,4239.51,4243.625,4235.92,4240.785,0
2026-08-06 23:00:00+00:00,4240.705,4253.315,4240.365,4252.275,0
2026-08-07 00:00:00+00:00,4252.305,4252.855,4229.705,4232.505,0
2026-08-07 01:00:00+00:00,4232.5650000000005,4259.485000000001,4231.395,4257.04,0
2026-08-07 02:00:00+00:00,4257.045,4261.855,4247.26,4250.515,0
2026-08-07 03:00:00+00:00,4250.52,4266.459999999999,4249.63,4266.215,0
2026-08-07 04:00:00+00:00,4266.209999999999,4269.465,4260.73,4264.865,0
2026-08-07 05:00:00+00:00,4264.875,4280.575000000001,4261.905000000001,4278.84,0
2026-08-07 06:00:00+00:00,4278.895,4299.01,4278.27,4297.52,0
2026-08-07 07:00:00+00:00,4297.485,4298.040000000001,4282.945,4290.195,0
2026-08-07 08:00:00+00:00,4290.1900000000005,4316.745,4289.13,4306.145,0
2026-08-07 09:00:00+00:00,4306.139999999999,4321.16,4302.4,4315.969999999999,0
2026-08-07 10:00:00+00:00,4315.975,4320.71,4308.055,4317.09,0
2026-08-07 11:00:00+00:00,4317.075000000001,4327.8099999999995,4316.985000000001,4321.365,0
2026-08-07 12:00:00+00:00,4321.344999999999,4372.0599999999995,4301.195,4361.1900000000005,0
2026-08-07 13:00:00+00:00,4361.17,4367.945,4338.825,4348.07,0
2026-08-07 14:00:00+00:00,4348.08,4353.145,4327.59,4341.545,0
2026-08-07 15:00:00+00:00,4341.575000000001,4358.67,4339.88,4341.01,0
2026-08-07 16:00:00+00:00,4341.0,4349.74,4329.18,4329.209999999999,0
2026-08-07 17:00:00+00:00,4329.26,4343.1900000000005,4327.795,4340.245,0
2026-08-07 18:00:00+00:00,4340.24,4343.030000000001,4332.335,4335.68,0
2026-08-07 19:00:00+00:00,4335.6900000000005,4350.29,4335.4400000000005,4344.174999999999,0
2026-08-07 20:00:00+00:00,4344.145,4345.48,4335.955,4342.075,0
2026-08-09 22:00:00+00:00,4348.975,4351.04,4333.01,4341.705,0
2026-08-09 23:00:00+00:00,4341.700000000001,4349.235000000001,4332.02,4333.3,0
2026-08-10 00:00:00+00:00,4333.235000000001,4347.345,4330.955,4332.525,0
2026-08-10 01:00:00+00:00,4332.530000000001,4340.975,4313.41,4322.37,0
2026-08-10 02:00:00+00:00,4322.375,4332.455,4318.605,4319.895,0
2026-08-10 03:00:00+00:00,4319.860000000001,4330.025,4317.834999999999,4326.82,0
2026-08-10 04:00:00+00:00,4326.825,4339.835,4323.030000000001,4339.635,0
2026-08-10 05:00:00+00:00,4339.645,4352.43,4331.915,4347.625,0
2026-08-10 06:00:00+00:00,4347.62,4359.9349999999995,4342.12,4358.35,0
2026-08-10 07:00:00+00:00,4358.305,4361.975,4350.325,4355.515,0
2026-08-10 08:00:00+00:00,4355.49,4356.6849999999995,4343.97,4347.08,0
2026-08-10 09:00:00+00:00,4347.085,4350.219999999999,4340.365,4341.424999999999,0
2026-08-10 10:00:00+00:00,4341.42,4344.389999999999,4335.42,4335.674999999999,0
2026-08-10 11:00:00+00:00,4335.695,4339.575,4328.99,4335.02,0
2026-08-10 12:00:00+00:00,4335.03,4337.705,4324.145,4333.0599999999995,0
2026-08-10 13:00:00+00:00,4333.07,4339.98,4316.764999999999,4318.155,0
2026-08-10 14:00:00+00:00,4318.16,4351.844999999999,4318.1,4345.705,0
2026-08-10 15:00:00+00:00,4345.700000000001,4359.514999999999,4343.285,4358.469999999999,0
2026-08-10 16:00:00+00:00,4358.49,4364.975,4349.375,4356.825000000001,0
2026-08-10 17:00:00+00:00,4356.83,4365.51,4351.8099999999995,4360.275,0
2026-08-10 18:00:00+00:00,4360.299999999999,4383.1900000000005,4359.719999999999,4378.51,0
2026-08-10 19:00:00+00:00,4378.5,4395.32,4378.455,4388.74,0
2026-08-10 20:00:00+00:00,4388.74,4392.280000000001,4386.04,4390.530000000001,0
2026-08-10 22:00:00+00:00,4390.295,4400.955,4388.705,4399.16,0
2026-08-10 23:00:00+00:00,4399.1900000000005,4402.74,4394.514999999999,4402.41,0
2026-08-11 00:00:00+00:00,4402.4,4419.38,4396.27,4409.93,0
2026-08-11 01:00:00+00:00,4409.924999999999,4434.335,4393.55,4429.87,0
2026-08-11 02:00:00+00:00,4429.88,4435.33,4407.985000000001,4410.775,0
2026-08-11 03:00:00+00:00,4410.79,4421.495,4409.74,4417.045,0
2026-08-11 04:00:00+00:00,4417.115,4420.605,4403.264999999999,4408.98,0
2026-08-11 05:00:00+00:00,4408.98,4409.205,4367.47,4375.674999999999,0
2026-08-11 06:00:00+00:00,4375.6849999999995,4382.8150000000005,4359.745,4366.09,0
2026-08-11 07:00:00+00:00,4366.085,4367.780000000001,4356.64,4357.57,0
2026-08-11 08:00:00+00:00,4357.575,4376.895,4356.8099999999995,4369.075,0
2026-08-11 09:00:00+00:00,4369.0599999999995,4375.700000000001,4367.53,4372.345,0
2026-08-11 10:00:00+00:00,4372.29,4382.465,4371.1,4382.34,0
2026-08-11 11:00:00+00:00,4382.35,4392.95,4380.46,4387.74,0
2026-08-11 12:00:00+00:00,4387.715,4400.155000000001,4383.82,4392.715,0
2026-08-11 13:00:00+00:00,4392.705,4404.35,4384.675,4389.365,0
2026-08-11 14:00:00+00:00,4389.35,4398.14,4381.110000000001,4394.115,0
2026-08-11 15:00:00+00:00,4394.075000000001,4398.75,4369.030000000001,4383.88,0
2026-08-11 16:00:00+00:00,4383.84,4386.0599999999995,4378.52,4383.615,0
2026-08-11 17:00:00+00:00,4383.620000000001,4385.7,4369.055,4369.344999999999,0
2026-08-11 18:00:00+00:00,4369.34,4372.82,4360.32,4371.620000000001,0
2026-08-11 19:00:00+00:00,4371.615,4374.355,4361.32,4370.875,0
2026-08-11 20:00:00+00:00,4370.889999999999,4371.360000000001,4367.219999999999,4368.275,0
2026-08-11 22:00:00+00:00,4371.865,4378.5,4367.18,4368.889999999999,0
2026-08-11 23:00:00+00:00,4368.88,4374.78,4362.395,4371.6849999999995,0
2026-08-12 00:00:00+00:00,4371.68,4383.795,4366.465,4380.695,0
2026-08-12 01:00:00+00:00,4380.6849999999995,4397.385,4378.34,4396.555,0
2026-08-12 02:00:00+00:00,4396.549999999999,4414.635,4394.02,4411.209999999999,0
2026-08-12 03:00:00+00:00,4411.1900000000005,4416.0,4400.945,4402.225,0
2026-08-12 04:00:00+00:00,4402.225,4403.48,4395.375,4401.305,0
2026-08-12 05:00:00+00:00,4401.3099999999995,4404.87,4383.905,4391.645,0
2026-08-12 06:00:00+00:00,4391.66,4406.3,4385.280000000001,4403.585,0
2026-08-12 07:00:00+00:00,4403.555,4410.219999999999,4398.095,4406.620000000001,0
2026-08-12 08:00:00+00:00,4406.610000000001,4410.6,4401.745,4401.780000000001,0
2026-08-12 09:00:00+00:00,4401.780000000001,4424.32,4401.780000000001,4416.035,0
2026-08-12 10:00:00+00:00,4415.94,4421.05,4407.57,4412.73,0
2026-08-12 11:00:00+00:00,4412.6849999999995,4416.725,4408.025,4413.035,0
2026-08-12 12:00:00+00:00,4413.01,4438.475,4382.084999999999,4437.325000000001,0
2026-08-12 13:00:00+00:00,4437.32,4441.275,4408.625,4427.594999999999,0
2026-08-12 14:00:00+00:00,4427.625,4439.605,4416.4349999999995,4422.235,0
2026-08-12 15:00:00+00:00,4422.23,4430.110000000001,4411.110000000001,4421.04,0
2026-08-12 16:00:00+00:00,4421.015,4426.75,4396.76,4401.805,0
2026-08-12 17:00:00+00:00,4401.875,4411.52,4399.15,4399.355,0
2026-08-12 18:00:00+00:00,4399.4,4418.08,4396.46,4413.245,0
2026-08-12 19:00:00+00:00,4413.23,4418.535,4408.38,4414.09,0
2026-08-12 20:00:00+00:00,4414.125,4414.34,4406.655,4408.405,0
2026-08-12 22:00:00+00:00,4408.98,4410.245000000001,4398.4,4402.389999999999,0
2026-08-12 23:00:00+00:00,4402.360000000001,4414.84,4401.54,4414.63,0
2026-08-13 00:00:00+00:00,4414.645,4449.83,4413.175,4428.315,0
2026-08-13 01:00:00+00:00,4428.33,4435.505,4406.115,4408.655,0
2026-08-13 02:00:00+00:00,4408.719999999999,4414.075,4399.1,4407.315,0
2026-08-13 03:00:00+00:00,4407.3099999999995,4412.370000000001,4398.63,4400.215,0
2026-08-13 04:00:00+00:00,4400.205,4400.395,4391.73,4398.175,0
2026-08-13 05:00:00+00:00,4398.14,4407.4,4380.639999999999,4383.469999999999,0
2026-08-13 06:00:00+00:00,4383.325000000001,4385.54,4368.995,4380.67,0
2026-08-13 07:00:00+00:00,4380.695,4381.75,4369.3099999999995,4369.9400000000005,0
2026-08-13 08:00:00+00:00,4369.905000000001,4379.365,4364.245,4376.0,0
2026-08-13 09:00:00+00:00,4376.01,4385.075000000001,4372.82,4384.58,0
2026-08-13 10:00:00+00:00,4384.575000000001,4393.875,4381.59,4392.18,0
2026-08-13 11:00:00+00:00,4392.195,4396.76,4383.125,4387.98,0
2026-08-13 12:00:00+00:00,4387.975,4401.92,4380.675,4401.844999999999,0
2026-08-13 13:00:00+00:00,4401.84,4402.18,4371.120000000001,4372.799999999999,0
2026-08-13 14:00:00+00:00,4372.795,4387.255,4357.715,4383.79,0
2026-08-13 15:00:00+00:00,4383.795,4385.95,4357.585,4365.125,0
2026-08-13 16:00:00+00:00,4365.135,4368.674999999999,4351.165,4367.095,0
2026-08-13 17:00:00+00:00,4367.12,4373.549999999999,4355.709999999999,4356.129999999999,0
2026-08-13 18:00:00+00:00,4356.120000000001,4363.8150000000005,4354.65,4356.9,0
2026-08-13 19:00:00+00:00,4356.875,4358.9,4343.695,4350.32,0
2026-08-13 20:00:00+00:00,4350.3099999999995,4352.355,4346.88,4351.275,0
2026-08-13 22:00:00+00:00,4353.65,4362.915,4351.645,4354.915000000001,0
2026-08-13 23:00:00+00:00,4354.925,4364.335,4349.33,4356.71,0
2026-08-14 00:00:00+00:00,4356.645,4362.13,4329.280000000001,4341.035,0
2026-08-14 01:00:00+00:00,4340.98,4341.389999999999,4312.075000000001,4318.35,0
2026-08-14 02:00:00+00:00,4318.42,4322.85,4311.014999999999,4315.834999999999,0
2026-08-14 03:00:00+00:00,4315.844999999999,4328.535,4313.860000000001,4323.745000000001,0
2026-08-14 04:00:00+00:00,4323.72,4328.18,4322.875,4327.075000000001,0
2026-08-14 05:00:00+00:00,4327.085,4333.75,4311.110000000001,4333.75,0
2026-08-14 06:00:00+00:00,4333.76,4336.6849999999995,4327.85,4335.93,0
2026-08-14 07:00:00+00:00,4335.865,4345.264999999999,4329.83,4343.63,0
2026-08-14 08:00:00+00:00,4343.66,4349.995,4341.885,4348.57,0
2026-08-14 09:00:00+00:00,4348.585,4357.595,4346.0,4357.28,0
2026-08-14 10:00:00+00:00,4357.32,4358.915,4347.965,4349.49,0
2026-08-14 11:00:00+00:00,4349.469999999999,4369.57,4348.549999999999,4369.299999999999,0
2026-08-14 12:00:00+00:00,4369.325,4387.005,4365.885,4373.58,0
2026-08-14 13:00:00+00:00,4373.59,4397.09,4370.215,4384.29,0
2026-08-14 14:00:00+00:00,4384.24,4394.73,4378.925,4381.415,0
2026-08-14 15:00:00+00:00,4381.389999999999,4394.805,4379.23,4391.635,0
2026-08-14 16:00:00+00:00,4391.63,4396.94,4380.335,4385.92,0
2026-08-14 17:00:00+00:00,4385.93,4386.555,4376.33,4378.55,0
2026-08-14 18:00:00+00:00,4378.57,4382.875,4370.835,4373.610000000001,0
2026-08-14 19:00:00+00:00,4373.6,4379.959999999999,4372.27,4376.530000000001,0
2026-08-14 20:00:00+00:00,4376.540000000001,4376.905000000001,4371.56,4376.425,0
2026-08-16 22:00:00+00:00,4380.155000000001,4386.99,4371.745,4386.1,0
2026-08-16 23:00:00+00:00,4385.965,4386.35,4367.215,4370.52,0
2026-08-17 00:00:00+00:00,4370.53,4402.37,4368.1849999999995,4400.9349999999995,0
2026-08-17 01:00:00+00:00,4400.865,4416.47,4391.9349999999995,4395.685,0
2026-08-17 02:00:00+00:00,4395.675,4398.595,4388.165,4392.945,0
2026-08-17 03:00:00+00:00,4393.014999999999,4397.9,4388.07,4397.26,0
2026-08-17 04:00:00+00:00,4397.315,4399.915,4389.094999999999,4390.865,0
2026-08-17 05:00:00+00:00,4390.8150000000005,4401.22,4387.085,4394.950000000001,0
2026-08-17 06:00:00+00:00,4394.955,4404.6,4392.865,4403.23,0
2026-08-17 07:00:00+00:00,4403.19,4411.28,4395.92,4405.445,0
2026-08-17 08:00:00+00:00,4405.450000000001,4405.450000000001,4392.635,4395.22,0
2026-08-17 09:00:00+00:00,4395.24,4400.75,4392.6849999999995,4395.465,0
2026-08-17 10:00:00+00:00,4395.46,4406.030000000001,4391.945,4399.155000000001,0
2026-08-17 11:00:00+00:00,4399.165,4405.0,4395.55,4396.77,0
2026-08-17 12:00:00+00:00,4396.735,4398.959999999999,4377.2,4385.105,0
2026-08-17 13:00:00+00:00,4385.075,4416.325000000001,4382.09,4408.755,0
2026-08-17 14:00:00+00:00,4408.75,4427.5599999999995,4403.73,4417.395,0
2026-08-17 15:00:00+00:00,4417.4,4427.98,4415.03,4427.73,0
2026-08-17 16:00:00+00:00,4427.709999999999,4428.8,4422.610000000001,4424.209999999999,0
2026-08-17 17:00:00+00:00,4424.1849999999995,4426.225,4411.285,4413.844999999999,0
2026-08-17 18:00:00+00:00,4413.855,4416.219999999999,4398.33,4406.76,0
2026-08-17 19:00:00+00:00,4406.77,4420.945,4400.41,4419.83,0
2026-08-17 20:00:00+00:00,4419.845,4421.405,4414.530000000001,4416.735000000001,0
2026-08-17 22:00:00+00:00,4418.455,4418.58,4410.45,4411.795,0
2026-08-17 23:00:00+00:00,4411.73,4426.08,4409.68,4425.98,0
2026-08-18 00:00:00+00:00,4425.975,4435.225,4419.085,4434.975,0
2026-08-18 01:00:00+00:00,4434.965,4436.52,4404.25,4408.15,0
2026-08-18 02:00:00+00:00,4408.135,4408.405,4393.995000000001,4400.17,0
2026-08-18 03:00:00+00:00,4400.155000000001,4404.174999999999,4390.775,4392.15,0
2026-08-18 04:00:00+00:00,4392.129999999999,4395.715,4388.85,4393.6900000000005,0
2026-08-18 05:00:00+00:00,4393.67,4397.88,4386.0650000000005,4394.475,0
2026-08-18 06:00:00+00:00,4394.495000000001,4400.32,4387.63,4398.86,0
2026-08-18 07:00:00+00:00,4398.879999999999,4403.795,4395.615,4395.8150000000005,0
2026-08-18 08:00:00+00:00,4395.9,4398.620000000001,4386.860000000001,4393.535,0
2026-08-18 09:00:00+00:00,4393.52,4395.18,4386.959999999999,4393.459999999999,0
2026-08-18 10:00:00+00:00,4393.43,4399.799999999999,4389.68,4397.79,0
2026-08-18 11:00:00+00:00,4397.8,4399.26,4388.525,4396.025,0
2026-08-18 12:00:00+00:00,4396.055,4400.82,4389.86,4394.725,0
2026-08-18 13:00:00+00:00,4394.72,4406.855,4375.845,4394.775,0
2026-08-18 14:00:00+00:00,4394.78,4406.755,4363.8150000000005,4366.76,0
2026-08-18 15:00:00+00:00,4366.790000000001,4377.98,4351.785,4364.955,0
2026-08-18 16:00:00+00:00,4364.985000000001,4371.805,4363.035,4363.950000000001,0
2026-08-18 17:00:00+00:00,4363.9400000000005,4368.38,4356.795,4357.705,0
2026-08-18 18:00:00+00:00,4357.715,4361.22,4352.764999999999,4354.395,0
2026-08-18 19:00:00+00:00,4354.41,4358.77,4338.76,4345.790000000001,0
2026-08-18 20:00:00+00:00,4345.77,4346.41,4329.3,4334.425,0
2026-08-18 22:00:00+00:00,4336.5,4344.145,4332.785,4333.9,0
2026-08-18 23:00:00+00:00,4333.905000000001,4338.375,4327.04,4333.1900000000005,0
2026-08-19 00:00:00+00:00,4333.18,4347.405000000001,4331.610000000001,4337.79,0
2026-08-19 01:00:00+00:00,4337.795,4357.86,4324.594999999999,4356.645,0
2026-08-19 02:00:00+00:00,4356.665,4362.049999999999,4351.515,4354.945,0
2026-08-19 03:00:00+00:00,4354.95,4360.46,4351.860000000001,4355.17,0
2026-08-19 04:00:00+00:00,4355.219999999999,4356.47,4343.94,4348.389999999999,0
2026-08-19 05:00:00+00:00,4348.405000000001,4350.665,4335.16,4335.594999999999,0
2026-08-19 06:00:00+00:00,4335.59,4349.595,4335.3099999999995,4349.05,0
2026-08-19 07:00:00+00:00,4349.0650000000005,4363.219999999999,4347.365,4355.01,0
2026-08-19 08:00:00+00:00,4354.950000000001,4363.2,4350.98,4355.8150000000005,0
2026-08-19 09:00:00+00:00,4355.8099999999995,4361.950000000001,4353.41,4361.91,0
2026-08-19 10:00:00+00:00,4361.915,4369.620000000001,4359.725,4367.21,0
2026-08-19 11:00:00+00:00,4367.215,4374.305,4363.299999999999,4364.725,0
2026-08-19 12:00:00+00:00,4364.78,4442.455,4362.195,4438.469999999999,0
2026-08-19 13:00:00+00:00,4438.5,4466.245,4424.375,4459.84,0
2026-08-19 14:00:00+00:00,4459.82,4498.655000000001,4455.285,4488.290000000001,0
2026-08-19 15:00:00+00:00,4488.3150000000005,4494.3150000000005,4478.395,4493.85,0
2026-08-19 16:00:00+00:00,4493.855,4499.555,4490.57,4493.969999999999,0
2026-08-19 17:00:00+00:00,4493.9400000000005,4499.200000000001,4484.3150000000005,4486.95,0
2026-08-19 18:00:00+00:00,4486.96,4497.085,4472.175,4495.17,0
2026-08-19 19:00:00+00:00,4495.14,4512.32,4494.42,4511.585,0
2026-08-19 20:00:00+00:00,4511.639999999999,4524.305,4505.040000000001,4522.925,0
2026-08-19 22:00:00+00:00,4525.33,4527.84,4516.505,4518.945,0
2026-08-19 23:00:00+00:00,4518.96,4523.855,4511.115,4511.639999999999,0
2026-08-20 00:00:00+00:00,4511.594999999999,4521.56,4503.8150000000005,4504.82,0
2026-08-20 01:00:00+00:00,4504.79,4510.3150000000005,4484.46,4489.87,0
2026-08-20 02:00:00+00:00,4489.834999999999,4499.715,4488.705,4490.530000000001,0
2026-08-20 03:00:00+00:00,4490.545,4501.139999999999,4487.84,4499.0599999999995,0
2026-08-20 04:00:00+00:00,4499.014999999999,4499.46,4486.455,4488.594999999999,0
2026-08-20 05:00:00+00:00,4488.605,4493.93,4477.889999999999,4481.32,0
2026-08-20 06:00:00+00:00,4481.345,4496.195,4480.345,4493.96,0
2026-08-20 07:00:00+00:00,4493.955,4494.68,4483.49,4490.9349999999995,0
2026-08-20 08:00:00+00:00,4490.945,4498.835,4487.17,4489.5,0
2026-08-20 09:00:00+00:00,4489.51,4494.25,4481.969999999999,4483.0599999999995,0
2026-08-20 10:00:00+00:00,4483.0650000000005,4494.889999999999,4480.9,4490.280000000001,0
2026-08-20 11:00:00+00:00,4490.245,4491.48,4465.46,4467.01,0
2026-08-20 12:00:00+00:00,4467.005,4477.195,4450.67,4474.835,0
2026-08-20 13:00:00+00:00,4474.860000000001,4489.424999999999,4469.290000000001,4481.59,0
2026-08-20 14:00:00+00:00,4481.594999999999,4516.549999999999,4480.95,4516.195,0
2026-08-20 15:00:00+00:00,4516.225,4541.075,4510.09,4521.445,0
2026-08-20 16:00:00+00:00,4521.5,4524.889999999999,4502.99,4510.040000000001,0
2026-08-20 17:00:00+00:00,4510.030000000001,4520.59,4507.9349999999995,4520.05,0
2026-08-20 18:00:00+00:00,4520.025,4525.365,4508.32,4521.889999999999,0
2026-08-20 19:00:00+00:00,4521.9,4532.305,4518.139999999999,4529.18,0
2026-08-20 20:00:00+00:00,4529.219999999999,4529.4,4516.9,4519.425,0
2026-08-20 22:00:00+00:00,4520.674999999999,4524.645,4516.879999999999,4524.365,0
2026-08-20 23:00:00+00:00,4524.305,4533.02,4520.91,4526.5650000000005,0
2026-08-21 00:00:00+00:00,4526.5599999999995,4527.8150000000005,4509.84,4510.895,0
2026-08-21 01:00:00+00:00,4510.83,4543.92,4508.745,4530.49,0
2026-08-21 02:00:00+00:00,4530.495,4542.945,4518.52,4533.95,0
2026-08-21 03:00:00+00:00,4533.955,4538.77,4526.87,4535.475,0
2026-08-21 04:00:00+00:00,4535.48,4548.17,4535.34,4540.844999999999,0
2026-08-21 05:00:00+00:00,4540.885,4556.35,4529.424999999999,4553.59,0
2026-08-21 06:00:00+00:00,4553.594999999999,4567.84,4545.4349999999995,4561.16,0
2026-08-21 07:00:00+00:00,4561.094999999999,4567.985000000001,4558.66,4564.469999999999,0
2026-08-21 08:00:00+00:00,4564.465,4584.915,4559.094999999999,4584.155000000001,0
2026-08-21 09:00:00+00:00,4584.120000000001,4602.040000000001,4580.545,4582.58,0
2026-08-21 10:00:00+00:00,4582.610000000001,4594.075,4578.12,4588.51,0
2026-08-21 11:00:00+00:00,4588.505,4604.8099999999995,4587.17,4597.1,0
2026-08-21 12:00:00+00:00,4597.105,4601.585,4563.45,4578.200000000001,0
2026-08-21 13:00:00+00:00,4578.18,4593.15,4573.34,4581.255,0
2026-08-21 14:00:00+00:00,4581.245,4603.725,4580.025,4591.09,0
2026-08-21 15:00:00+00:00,4591.049999999999,4615.3099999999995,4587.34,4614.67,0
2026-08-21 16:00:00+00:00,4614.645,4629.24,4609.299999999999,4628.99,0
2026-08-21 17:00:00+00:00,4628.959999999999,4632.18,4615.27,4620.5599999999995,0
2026-08-21 18:00:00+00:00,4620.5599999999995,4627.88,4619.59,4624.475,0
2026-08-21 19:00:00+00:00,4624.485,4625.605,4615.629999999999,4616.9400000000005,0
2026-08-21 20:00:00+00:00,4616.93,4617.7,4602.93,4603.555,0
2026-08-23 22:00:00+00:00,4624.22,4624.754999999999,4606.1849999999995,4606.325,0
2026-08-23 23:00:00+00:00,4606.205,4624.825,4604.855,4624.27,0
2026-08-24 00:00:00+00:00,4624.27,4641.004999999999,4594.5599999999995,4621.82,0
2026-08-24 01:00:00+00:00,4621.85,4637.755,4608.025,4632.305,0
2026-08-24 02:00:00+00:00,4632.32,4657.014999999999,4627.54,4643.7,0
2026-08-24 03:00:00+00:00,4643.715,4650.335,4633.535,4641.695,0
2026-08-24 04:00:00+00:00,4641.635,4642.71,4632.575000000001,4638.96,0
2026-08-24 05:00:00+00:00,4638.93,4646.54,4629.79,4640.825000000001,0
2026-08-24 06:00:00+00:00,4640.855,4659.96,4639.38,4650.24,0
2026-08-24 07:00:00+00:00,4650.245000000001,4654.85,4630.155000000001,4641.610000000001,0
2026-08-24 08:00:00+00:00,4641.62,4646.485000000001,4628.844999999999,4638.155000000001,0
2026-08-24 09:00:00+00:00,4638.18,4646.1900000000005,4632.8,4645.76,0
2026-08-24 10:00:00+00:00,4645.780000000001,4650.375,4641.985000000001,4643.455,0
2026-08-24 11:00:00+00:00,4643.450000000001,4670.25,4639.360000000001,4657.875,0
2026-08-24 12:00:00+00:00,4657.915,4668.785,4645.665,4662.785,0
2026-08-24 13:00:00+00:00,4662.764999999999,4680.855,4656.125,4664.84,0
2026-08-24 14:00:00+00:00,4664.780000000001,4678.68,4655.555,4670.73,0
2026-08-24 15:00:00+00:00,4670.62,4679.645,4639.9400000000005,4649.41,0
2026-08-24 16:00:00+00:00,4649.395,4662.335,4642.174999999999,4645.06,0
2026-08-24 17:00:00+00:00,4645.035,4655.4349999999995,4630.355,4636.82,0
2026-08-24 18:00:00+00:00,4636.844999999999,4642.465,4625.174999999999,4636.43,0
2026-08-24 19:00:00+00:00,4636.41,4656.3,4636.01,4651.805,0
2026-08-24 20:00:00+00:00,4651.8150000000005,4655.21,4647.22,4651.59,0
2026-08-24 22:00:00+00:00,4655.29,4668.74,4652.59,4668.049999999999,0
2026-08-24 23:00:00+00:00,4668.040000000001,4682.95,4666.925,4679.975,0
2026-08-25 00:00:00+00:00,4679.98,4697.055,4675.485000000001,4684.23,0
2026-08-25 01:00:00+00:00,4684.255,4686.91,4656.655,4657.885,0
2026-08-25 02:00:00+00:00,4657.905,4661.83,4617.7,4629.665,0
2026-08-25 03:00:00+00:00,4629.75,4641.45,4622.3150000000005,4633.719999999999,0
2026-08-25 04:00:00+00:00,4633.695,4637.84,4623.77,4625.88,0
2026-08-25 05:00:00+00:00,4625.875,4648.110000000001,4624.17,4642.875,0
2026-08-25 06:00:00+00:00,4642.879999999999,4653.545,4637.235000000001,4638.43,0
2026-08-25 07:00:00+00:00,4638.4400000000005,4643.75,4629.8099999999995,4630.405000000001,0
2026-08-25 08:00:00+00:00,4630.379999999999,4645.62,4620.165,4630.34,0
2026-08-25 09:00:00+00:00,4630.33,4642.674999999999,4624.25,4636.709999999999,0
2026-08-25 10:00:00+00:00,4636.700000000001,4642.48,4632.795,4639.45,0
2026-08-25 11:00:00+00:00,4639.455,4647.52,4637.094999999999,4642.695,0
2026-08-25 12:00:00+00:00,4642.675,4644.255,4630.235000000001,4641.115,0
2026-08-25 13:00:00+00:00,4641.139999999999,4641.575000000001,4605.29,4616.629999999999,0
2026-08-25 14:00:00+00:00,4616.65,4640.110000000001,4613.44,4635.6849999999995,0
2026-08-25 15:00:00+00:00,4635.69,4659.575000000001,4629.375,4652.715,0
2026-08-25 16:00:00+00:00,4652.719999999999,4653.41,4637.17,4643.5,0
2026-08-25 17:00:00+00:00,4643.49,4648.65,4634.305,4648.5,0
2026-08-25 18:00:00+00:00,4648.52,4655.335,4644.34,4654.66,0
2026-08-25 19:00:00+00:00,4654.62,4668.285,4653.3099999999995,4666.950000000001,0
2026-08-25 20:00:00+00:00,4666.93,4668.995000000001,4657.635,4658.915,0
2026-08-25 22:00:00+00:00,4661.21,4673.93,4657.74,4672.615,0
2026-08-25 23:00:00+00:00,4672.605,4673.62,4653.174999999999,4654.82,0
2026-08-26 00:00:00+00:00,4654.79,4657.825000000001,4634.475,4637.59,0
2026-08-26 01:00:00+00:00,4637.6,4661.035,4630.0,4657.24,0
2026-08-26 02:00:00+00:00,4657.235000000001,4670.65,4654.855,4658.35,0
2026-08-26 03:00:00+00:00,4658.344999999999,4658.66,4642.58,4642.885,0
2026-08-26 04:00:00+00:00,4642.88,4644.265,4638.855,4640.835,0
2026-08-26 05:00:00+00:00,4640.825,4649.76,4635.6,4639.674999999999,0
2026-08-26 06:00:00+00:00,4639.68,4641.475,4624.715,4634.469999999999,0
2026-08-26 07:00:00+00:00,4634.4349999999995,4639.54,4626.845,4629.005,0
2026-08-26 08:00:00+00:00,4628.98,4630.93,4622.24,4628.459999999999,0
2026-08-26 09:00:00+00:00,4628.45,4631.129999999999,4616.205,4623.23,0
2026-08-26 10:00:00+00:00,4623.195,4624.290000000001,4613.135,4620.165000000001,0
2026-08-26 11:00:00+00:00,4620.17,4625.255,4616.615,4624.53,0
2026-08-26 12:00:00+00:00,4624.555,4633.75,4610.83,4614.495,0
2026-08-26 13:00:00+00:00,4614.42,4631.85,4598.0,4631.415,0
2026-08-26 14:00:00+00:00,4631.42,4633.62,4603.030000000001,4603.25,0
2026-08-26 15:00:00+00:00,4603.235,4609.455,4583.08,4596.28,0
2026-08-26 16:00:00+00:00,4596.285,4601.785,4585.5650000000005,4591.73,0
2026-08-26 17:00:00+00:00,4591.709999999999,4602.5,4590.75,4597.93,0
2026-08-26 18:00:00+00:00,4597.925,4604.82,4592.530000000001,4593.825000000001,0
2026-08-26 19:00:00+00:00,4593.855,4601.835,4591.155,4594.505,0
2026-08-26 20:00:00+00:00,4594.49,4596.735,4584.205,4594.695,0
2026-08-26 22:00:00+00:00,4605.095,4613.530000000001,4601.71,4609.58,0
2026-08-26 23:00:00+00:00,4609.585,4625.255,4606.96,4623.6,0
2026-08-27 00:00:00+00:00,4623.55,4627.155,4600.695,4605.280000000001,0
2026-08-27 01:00:00+00:00,4605.26,4641.219999999999,4602.505,4639.9400000000005,0
2026-08-27 02:00:00+00:00,4639.935,4643.16,4623.51,4629.71,0
2026-08-27 03:00:00+00:00,4629.705,4638.83,4624.325000000001,4625.735000000001,0
2026-08-27 04:00:00+00:00,4625.725,4627.469999999999,4617.215,4618.785,0
2026-08-27 05:00:00+00:00,4618.775,4621.89,4601.2,4607.280000000001,0
2026-08-27 06:00:00+00:00,4607.24,4611.93,4597.8099999999995,4600.450000000001,0
2026-08-27 07:00:00+00:00,4600.4400000000005,4605.860000000001,4593.625,4600.3099999999995,0
2026-08-27 08:00:00+00:00,4600.305,4607.135,4594.63,4599.13,0
2026-08-27 09:00:00+00:00,4599.135,4600.889999999999,4578.26,4580.63,0
2026-08-27 10:00:00+00:00,4580.625,4590.74,4569.135,4590.09,0
2026-08-27 11:00:00+00:00,4590.110000000001,4600.535,4587.415,4598.355,0
2026-08-27 12:00:00+00:00,4598.385,4601.27,4580.469999999999,4586.18,0
2026-08-27 13:00:00+00:00,4586.17,4593.465,4564.75,4572.75,0
2026-08-27 14:00:00+00:00,4572.735000000001,4598.299999999999,4568.41,4591.55,0
2026-08-27 15:00:00+00:00,4591.535,4611.4,4588.709999999999,4610.615,0
2026-08-27 16:00:00+00:00,4610.605,4616.915,4602.51,4614.9,0
2026-08-27 17:00:00+00:00,4614.845,4616.585,4605.275,4606.645,0
2026-08-27 18:00:00+00:00,4606.65,4611.4,4601.05,4610.24,0
2026-08-27 19:00:00+00:00,4610.245000000001,4618.055,4604.15,4609.27,0
2026-08-27 20:00:00+00:00,4609.275,4609.695,4600.005,4601.76,0
2026-08-27 22:00:00+00:00,4608.129999999999,4610.95,4601.0599999999995,4610.8099999999995,0
2026-08-27 23:00:00+00:00,4610.805,4611.530000000001,4594.05,4594.5,0
2026-08-28 00:00:00+00:00,4594.51,4602.605,4585.844999999999,4588.82,0
2026-08-28 01:00:00+00:00,4588.825,4602.375,4575.605,4576.045,0
2026-08-28 02:00:00+00:00,4576.085,4589.775,4575.225,4586.405,0
2026-08-28 03:00:00+00:00,4586.395,4590.13,4578.87,4580.105,0
2026-08-28 04:00:00+00:00,4580.13,4585.66,4578.135,4584.495,0
2026-08-28 05:00:00+00:00,4584.5650000000005,4586.52,4571.655000000001,4573.295,0
2026-08-28 06:00:00+00:00,4573.325,4613.375,4572.54,4612.6900000000005,0
2026-08-28 07:00:00+00:00,4612.7,4614.285,4596.799999999999,4612.0,0
2026-08-28 08:00:00+00:00,4612.03,4614.695,4601.06,4603.1,0
2026-08-28 09:00:00+00:00,4603.105,4607.57,4600.459999999999,4605.26,0
2026-08-28 10:00:00+00:00,4605.255,4610.17,4597.7,4600.325,0
2026-08-28 11:00:00+00:00,4600.335,4601.610000000001,4591.52,4593.700000000001,0
2026-08-28 12:00:00+00:00,4593.68,4603.6900000000005,4589.15,4601.885,0
2026-08-28 13:00:00+00:00,4601.87,4627.405000000001,4593.68,4606.3099999999995,0
2026-08-28 14:00:00+00:00,4606.17,4631.67,4529.9,4576.625,0
2026-08-28 15:00:00+00:00,4576.63,4582.879999999999,4524.205,4524.755,0
2026-08-28 16:00:00+00:00,4524.76,4529.469999999999,4464.535,4479.735000000001,0
2026-08-28 17:00:00+00:00,4479.715,4486.9,4460.605,4469.43,0
2026-08-28 18:00:00+00:00,4469.395,4471.825000000001,4445.469999999999,4457.305,0
2026-08-28 19:00:00+00:00,4457.24,4467.365,4452.870000000001,4458.115,0
2026-08-28 20:00:00+00:00,4458.205,4462.895,4453.3,4455.28,0
2026-08-30 22:00:00+00:00,4437.59,4466.365,4434.514999999999,4461.385,0
2026-08-30 23:00:00+00:00,4461.344999999999,4466.915000000001,4435.835,4458.7,0
2026-08-31 00:00:00+00:00,4458.674999999999,4472.43,4452.155000000001,4456.360000000001,0
2026-08-31 01:00:00+00:00,4456.355,4463.5599999999995,4435.9349999999995,4440.285,0
2026-08-31 02:00:00+00:00,4440.3,4441.41,4396.549999999999,4423.135,0
2026-08-31 03:00:00+00:00,4423.16,4434.2,4419.764999999999,4422.675,0
2026-08-31 04:00:00+00:00,4422.65,4425.18,4412.825000000001,4424.65,0
2026-08-31 05:00:00+00:00,4424.64,4443.825,4419.41,4443.055,0
2026-08-31 06:00:00+00:00,4443.075,4443.27,4429.165,4439.530000000001,0
2026-08-31 07:00:00+00:00,4439.52,4448.26,4435.094999999999,4443.495000000001,0
2026-08-31 08:00:00+00:00,4443.46,4449.475,4433.93,4435.755,0
2026-08-31 09:00:00+00:00,4435.725,4445.790000000001,4435.69,4445.4349999999995,0
2026-08-31 10:00:00+00:00,4445.365,4455.64,4444.825,4454.040000000001,0
2026-08-31 11:00:00+00:00,4454.049999999999,4464.25,4452.64,4455.335,0
2026-08-31 12:00:00+00:00,4455.32,4461.045,4435.469999999999,4436.035,0
2026-08-31 13:00:00+00:00,4436.025,4448.265,4415.91,4417.46,0
2026-08-31 14:00:00+00:00,4417.5,4436.475,4416.41,4431.705,0
2026-08-31 15:00:00+00:00,4431.695,4438.0599999999995,4424.870000000001,4426.41,0
2026-08-31 16:00:00+00:00,4426.49,4440.46,4423.9349999999995,4433.540000000001,0
2026-08-31 17:00:00+00:00,4433.525,4440.3,4428.965,4436.74,0
2026-08-31 18:00:00+00:00,4436.715,4437.014999999999,4426.49,4430.76,0
2026-08-31 19:00:00+00:00,4430.764999999999,4453.6849999999995,4429.145,4453.110000000001,0
2026-08-31 20:00:00+00:00,4453.09,4455.889999999999,4446.385,4449.1849999999995,0
2026-08-31 22:00:00+00:00,4450.389999999999,4455.955,4445.6900000000005,4447.535,0
2026-08-31 23:00:00+00:00,4447.46,4452.7,4441.85,4452.49,0
2026-09-01 00:00:00+00:00,4452.5,4461.6900000000005,4446.46,4453.795,0
2026-09-01 01:00:00+00:00,4453.82,4457.0599999999995,4436.555,4444.485,0
2026-09-01 02:00:00+00:00,4444.465,4449.425,4427.635,4443.295,0
2026-09-01 03:00:00+00:00,4443.290000000001,4444.285,4431.835,4437.110000000001,0
2026-09-01 04:00:00+00:00,4437.115,4438.0,4425.38,4426.5,0
2026-09-01 05:00:00+00:00,4426.505,4446.145,4424.275,4440.425,0
2026-09-01 06:00:00+00:00,4440.4,4440.74,4427.82,4429.8150000000005,0
2026-09-01 07:00:00+00:00,4429.835,4435.025,4412.05,4420.1900000000005,0
2026-09-01 08:00:00+00:00,4420.1900000000005,4420.1900000000005,4369.225,4370.695,0
2026-09-01 09:00:00+00:00,4370.700000000001,4378.235000000001,4364.625,4364.91,0
2026-09-01 10:00:00+00:00,4364.9400000000005,4386.08,4364.264999999999,4378.275,0
2026-09-01 11:00:00+00:00,4378.26,4387.2,4371.870000000001,4374.735,0
2026-09-01 12:00:00+00:00,4374.73,4376.15,4351.96,4356.41,0
2026-09-01 13:00:00+00:00,4356.405,4367.47,4326.25,4365.61,0
2026-09-01 14:00:00+00:00,4365.55,4375.73,4353.26,4360.5599999999995,0
2026-09-01 15:00:00+00:00,4360.549999999999,4373.99,4355.3099999999995,4373.07,0
2026-09-01 16:00:00+00:00,4373.07,4374.799999999999,4346.95,4351.4400000000005,0
2026-09-01 17:00:00+00:00,4351.469999999999,4352.225,4341.120000000001,4342.875,0
2026-09-01 18:00:00+00:00,4342.9,4344.515,4328.23,4331.92,0
2026-09-01 19:00:00+00:00,4331.855,4337.805,4322.610000000001,4326.9349999999995,0
2026-09-01 20:00:00+00:00,4327.030000000001,4330.885,4323.825,4328.370000000001,0
2026-09-01 22:00:00+00:00,4334.655,4334.83,4326.29,4329.36,0
2026-09-01 23:00:00+00:00,4329.455,4335.855,4323.209999999999,4324.325,0
2026-09-02 00:00:00+00:00,4324.35,4334.635,4314.665,4315.915000000001,0
2026-09-02 01:00:00+00:00,4315.905000000001,4326.84,4288.335,4291.11,0
2026-09-02 02:00:00+00:00,4291.17,4314.805,4287.175,4302.865,0
2026-09-02 03:00:00+00:00,4302.88,4304.5650000000005,4282.674999999999,4303.27,0
2026-09-02 04:00:00+00:00,4303.29,4308.0,4301.415,4307.48,0
2026-09-02 05:00:00+00:00,4307.505,4326.780000000001,4303.6900000000005,4320.155000000001,0
2026-09-02 06:00:00+00:00,4320.1849999999995,4329.495,4314.555,4321.825000000001,0
2026-09-02 07:00:00+00:00,4321.81,4331.32,4319.335,4323.115,0
2026-09-02 08:00:00+00:00,4323.13,4331.795,4312.5650000000005,4313.145,0
2026-09-02 09:00:00+00:00,4313.15,4322.475,4305.030000000001,4308.735000000001,0
2026-09-02 10:00:00+00:00,4308.725,4312.425,4301.75,4309.32,0
2026-09-02 11:00:00+00:00,4309.325000000001,4333.3,4307.620000000001,4332.1900000000005,0
2026-09-02 12:00:00+00:00,4332.22,4344.389999999999,4327.469999999999,4331.74,0
2026-09-02 13:00:00+00:00,4331.68,4385.59,4330.764999999999,4385.39,0
2026-09-02 14:00:00+00:00,4385.4,4397.780000000001,4374.365,4376.96,0
2026-09-02 15:00:00+00:00,4376.98,4380.995000000001,4364.48,4373.09,0
2026-09-02 16:00:00+00:00,4373.1,4374.9400000000005,4364.395,4368.52,0
2026-09-02 17:00:00+00:00,4368.52,4380.9,4364.5650000000005,4377.200000000001,0
2026-09-02 18:00:00+00:00,4377.1900000000005,4379.705,4369.355,4374.094999999999,0
2026-09-02 19:00:00+00:00,4374.075000000001,4391.27,4371.65,4390.844999999999,0
2026-09-02 20:00:00+00:00,4390.950000000001,4391.51,4383.96,4388.065,0
2026-09-02 22:00:00+00:00,4391.235000000001,4393.26,4383.344999999999,4384.610000000001,0
2026-09-02 23:00:00+00:00,4384.615,4388.969999999999,4381.225,4385.655000000001,0
2026-09-03 00:00:00+00:00,4385.645,4397.93,4382.655,4395.49,0
2026-09-03 01:00:00+00:00,4395.4,4412.75,4387.5650000000005,4410.535,0
2026-09-03 02:00:00+00:00,4410.59,4420.59,4406.785,4420.34,0
2026-09-03 03:00:00+00:00,4420.31,4432.889999999999,4419.395,4431.79,0
2026-09-03 04:00:00+00:00,4431.775,4438.780000000001,4425.71,4437.379999999999,0
2026-09-03 05:00:00+00:00,4437.375,4440.305,4422.395,4430.975,0
2026-09-03 06:00:00+00:00,4431.04,4436.26,4418.71,4420.625,0
2026-09-03 07:00:00+00:00,4420.62,4431.6,4419.02,4428.825000000001,0
2026-09-03 08:00:00+00:00,4428.755,4443.805,4428.22,4435.245,0
2026-09-03 09:00:00+00:00,4435.22,4441.969999999999,4425.715,4427.8099999999995,0
2026-09-03 10:00:00+00:00,4427.790000000001,4430.049999999999,4419.04,4427.525,0
2026-09-03 11:00:00+00:00,4427.51,4445.68,4425.07,4444.265,0
2026-09-03 12:00:00+00:00,4444.26,4495.24,4437.995,4493.6,0
2026-09-03 13:00:00+00:00,4493.5650000000005,4496.01,4456.725,4471.355,0
2026-09-03 14:00:00+00:00,4471.379999999999,4485.365,4459.639999999999,4485.13,0
2026-09-03 15:00:00+00:00,4485.139999999999,4511.07,4484.105,4493.5599999999995,0
2026-09-03 16:00:00+00:00,4493.555,4495.58,4485.4349999999995,4486.215,0
2026-09-03 17:00:00+00:00,4486.165,4494.860000000001,4483.205,4486.665,0
2026-09-03 18:00:00+00:00,4486.645,4489.790000000001,4473.879999999999,4475.094999999999,0
2026-09-03 19:00:00+00:00,4475.110000000001,4481.055,4472.5599999999995,4474.424999999999,0
2026-09-03 20:00:00+00:00,4474.405000000001,4475.65,4470.65,4473.34,0
2026-09-03 22:00:00+00:00,4474.014999999999,4478.9349999999995,4471.58,4474.655000000001,0
2026-09-03 23:00:00+00:00,4474.530000000001,4480.530000000001,4471.71,4480.265,0
2026-09-04 00:00:00+00:00,4480.26,4487.360000000001,4472.77,4486.575,0
2026-09-04 01:00:00+00:00,4486.51,4487.27,4467.125,4478.79,0
2026-09-04 02:00:00+00:00,4478.8,4482.639999999999,4470.3099999999995,4477.52,0
2026-09-04 03:00:00+00:00,4477.58,4478.945,4466.9349999999995,4466.95,0
2026-09-04 04:00:00+00:00,4466.945,4475.13,4465.555,4473.889999999999,0
2026-09-04 05:00:00+00:00,4473.91,4477.665,4467.04,4472.264999999999,0
2026-09-04 06:00:00+00:00,4472.27,4473.51,4460.235000000001,4463.125,0
2026-09-04 07:00:00+00:00,4463.105,4491.02,4461.625,4483.515,0
2026-09-04 08:00:00+00:00,4483.530000000001,4486.63,4474.41,4477.9,0
2026-09-04 09:00:00+00:00,4477.889999999999,4479.325000000001,4463.83,4465.81,0
2026-09-04 10:00:00+00:00,4465.805,4476.780000000001,4465.625,4472.955,0
2026-09-04 11:00:00+00:00,4472.9349999999995,4473.485000000001,4465.094999999999,4467.03,0
2026-09-04 12:00:00+00:00,4467.0650000000005,4476.46,4379.395,4393.84,0
2026-09-04 13:00:00+00:00,4393.76,4435.005,4365.68,4413.6900000000005,0
2026-09-04 14:00:00+00:00,4413.67,4442.43,4411.975,4427.375,0
2026-09-04 15:00:00+00:00,4427.389999999999,4449.200000000001,4422.635,4436.445,0
2026-09-04 16:00:00+00:00,4436.46,4443.79,4432.395,4436.34,0
2026-09-04 17:00:00+00:00,4436.33,4440.595,4415.67,4416.785,0
2026-09-04 18:00:00+00:00,4416.76,4426.84,4412.02,4424.02,0
2026-09-04 19:00:00+00:00,4424.049999999999,4438.4349999999995,4422.58,4434.845,0
2026-09-04 20:00:00+00:00,4434.924999999999,4435.155000000001,4428.705,4430.135,0
2026-09-06 22:00:00+00:00,4423.335,4435.4,4417.865,4429.48,0
2026-09-06 23:00:00+00:00,4429.485000000001,4434.33,4421.115,4423.41,0
2026-09-07 00:00:00+00:00,4423.43,4429.52,4410.085,4412.82,0
2026-09-07 01:00:00+00:00,4412.84,4416.9400000000005,4389.540000000001,4409.424999999999,0
2026-09-07 02:00:00+00:00,4409.370000000001,4419.025,4403.085,4409.08,0
2026-09-07 03:00:00+00:00,4409.085,4410.68,4401.185,4404.2,0
2026-09-07 04:00:00+00:00,4404.1849999999995,4407.465,4394.3099999999995,4398.1,0
2026-09-07 05:00:00+00:00,4398.12,4413.450000000001,4393.235000000001,4394.115,0
2026-09-07 06:00:00+00:00,4394.125,4400.049999999999,4385.4,4392.985000000001,0
2026-09-07 07:00:00+00:00,4392.99,4406.84,4392.105,4406.355,0
2026-09-07 08:00:00+00:00,4406.375,4424.235000000001,4405.23,4411.389999999999,0
2026-09-07 09:00:00+00:00,4411.34,4414.005,4403.66,4405.785,0
2026-09-07 10:00:00+00:00,4405.79,4406.48,4388.09,4391.93,0
2026-09-07 11:00:00+00:00,4391.969999999999,4394.98,4381.3,4385.285,0
2026-09-07 12:00:00+00:00,4385.34,4398.05,4385.34,4396.75,0
2026-09-07 13:00:00+00:00,4396.74,4407.895,4395.395,4402.575,0
2026-09-07 14:00:00+00:00,4402.585,4419.955,4400.985000000001,4416.094999999999,0
2026-09-07 15:00:00+00:00,4416.09,4416.8099999999995,4408.955,4414.575000000001,0
2026-09-07 16:00:00+00:00,4414.59,4417.4400000000005,4411.825000000001,4414.450000000001,0
2026-09-07 17:00:00+00:00,4414.445,4415.0599999999995,4407.005,4407.055,0
2026-09-07 18:00:00+00:00,4407.0599999999995,4409.014999999999,4403.005,4406.33,0
2026-09-07 22:00:00+00:00,4411.26,4414.5599999999995,4406.22,4407.67,0
2026-09-07 23:00:00+00:00,4407.61,4428.12,4407.24,4423.21,0
2026-09-08 00:00:00+00:00,4423.219999999999,4430.27,4415.174999999999,4426.969999999999,0
2026-09-08 01:00:00+00:00,4427.005,4440.55,4417.110000000001,4436.975,0
2026-09-08 02:00:00+00:00,4436.98,4438.875,4421.205,4424.54,0
2026-09-08 03:00:00+00:00,4424.525,4440.285,4422.8150000000005,4437.74,0
2026-09-08 04:00:00+00:00,4437.76,4443.13,4431.65,4436.09,0
2026-09-08 05:00:00+00:00,4436.11,4437.79,4417.73,4419.3,0
2026-09-08 06:00:00+00:00,4419.305,4420.26,4398.07,4404.07,0
2026-09-08 07:00:00+00:00,4404.095,4409.63,4390.110000000001,4392.375,0
2026-09-08 08:00:00+00:00,4392.37,4398.85,4387.885,4394.295,0
2026-09-08 09:00:00+00:00,4394.3,4405.84,4390.92,4402.95,0
2026-09-08 10:00:00+00:00,4402.945,4407.04,4393.73,4395.875,0
2026-09-08 11:00:00+00:00,4395.885,4408.110000000001,4390.995,4406.29,0
2026-09-08 12:00:00+00:00,4406.305,4411.865,4385.45,4411.645,0
2026-09-08 13:00:00+00:00,4411.674999999999,4413.32,4390.405,4395.754999999999,0
2026-09-08 14:00:00+00:00,4395.74,4403.96,4389.389999999999,4398.93,0
2026-09-08 15:00:00+00:00,4398.95,4409.525,4394.895,4394.93,0
2026-09-08 16:00:00+00:00,4394.91,4398.709999999999,4380.639999999999,4393.88,0
2026-09-08 17:00:00+00:00,4393.860000000001,4403.85,4385.1900000000005,4390.12,0
2026-09-08 18:00:00+00:00,4390.15,4390.585,4358.4349999999995,4375.665,0
2026-09-08 19:00:00+00:00,4375.63,4377.5,4356.77,4359.735000000001,0
2026-09-08 20:00:00+00:00,4359.719999999999,4364.5599999999995,4345.695,4355.405,0
2026-09-08 22:00:00+00:00,4354.43,4359.145,4350.5650000000005,4354.33,0
2026-09-08 23:00:00+00:00,4354.4400000000005,4359.975,4349.23,4350.04,0
2026-09-09 00:00:00+00:00,4350.01,4365.605,4341.115,4364.84,0
2026-09-09 01:00:00+00:00,4364.844999999999,4378.34,4354.01,4373.870000000001,0
2026-09-09 02:00:00+00:00,4373.885,4384.6,4367.385,4382.549999999999,0
2026-09-09 03:00:00+00:00,4382.545,4383.07,4375.175,4375.255,0
2026-09-09 04:00:00+00:00,4375.33,4382.514999999999,4370.945,4381.635,0
2026-09-09 05:00:00+00:00,4381.63,4400.995,4380.525,4398.865,0
2026-09-09 06:00:00+00:00,4398.870000000001,4406.285,4395.18,4400.54,0
2026-09-09 07:00:00+00:00,4400.53,4412.915,4399.21,4409.110000000001,0
2026-09-09 08:00:00+00:00,4409.09,4411.895,4398.835,4400.62,0
2026-09-09 09:00:00+00:00,4400.66,4402.450000000001,4388.780000000001,4390.74,0
2026-09-09 10:00:00+00:00,4390.755,4403.0599999999995,4386.07,4399.845,0
2026-09-09 11:00:00+00:00,4399.860000000001,4415.205,4399.645,4407.335,0
2026-09-09 12:00:00+00:00,4407.325,4409.639999999999,4390.995,4400.645,0
2026-09-09 13:00:00+00:00,4400.639999999999,4434.105,4398.615,4415.24,0
2026-09-09 14:00:00+00:00,4415.24,4428.6849999999995,4409.895,4418.885,0
2026-09-09 15:00:00+00:00,4418.85,4432.43,4375.11,4398.344999999999,0
2026-09-09 16:00:00+00:00,4398.365,4410.505,4391.445,4409.775,0
2026-09-09 17:00:00+00:00,4409.765,4420.700000000001,4408.969999999999,4416.16,0
2026-09-09 18:00:00+00:00,4416.17,4421.55,4401.645,4403.32,0
2026-09-09 19:00:00+00:00,4403.3099999999995,4405.03,4395.5599999999995,4399.105,0
2026-09-09 20:00:00+00:00,4399.094999999999,4402.115,4393.719999999999,4402.115,0
2026-09-09 22:00:00+00:00,4404.225,4406.495,4397.555,4399.7,0
2026-09-09 23:00:00+00:00,4399.6,4403.26,4393.22,4394.219999999999,0
2026-09-10 00:00:00+00:00,4394.23,4405.225,4389.605,4401.245,0
2026-09-10 01:00:00+00:00,4401.27,4419.32,4400.26,4412.28,0
2026-09-10 02:00:00+00:00,4412.3099999999995,4420.955,4408.095,4419.585,0
2026-09-10 03:00:00+00:00,4419.5650000000005,4421.07,4406.955,4409.235,0
2026-09-10 04:00:00+00:00,4409.264999999999,4415.805,4405.77,4408.4,0
2026-09-10 05:00:00+00:00,4408.42,4431.405000000001,4408.155000000001,4430.9400000000005,0
2026-09-10 06:00:00+00:00,4430.955,4434.8099999999995,4411.25,4425.094999999999,0
2026-09-10 07:00:00+00:00,4425.105,4425.26,4404.345,4411.92,0
2026-09-10 08:00:00+00:00,4411.9349999999995,4412.85,4392.5599999999995,4395.02,0
2026-09-10 09:00:00+00:00,4395.025,4397.045,4388.295,4394.215,0
2026-09-10 10:00:00+00:00,4394.2,4400.52,4375.545,4379.18,0
2026-09-10 11:00:00+00:00,4379.165,4390.77,4374.48,4374.9,0
2026-09-10 12:00:00+00:00,4374.860000000001,4377.835,4324.1900000000005,4340.55,0
2026-09-10 13:00:00+00:00,4340.57,4375.965,4339.135,4365.275,0
2026-09-10 14:00:00+00:00,4365.375,4376.395,4353.975,4358.245,0
2026-09-10 15:00:00+00:00,4358.33,4372.425,4352.54,4365.91,0
2026-09-10 16:00:00+00:00,4365.885,4370.07,4353.975,4364.23,0
2026-09-10 17:00:00+00:00,4364.235000000001,4368.005,4351.385,4352.83,0
2026-09-10 18:00:00+00:00,4352.845,4356.325,4329.780000000001,4333.21,0
2026-09-10 19:00:00+00:00,4333.200000000001,4333.25,4313.885,4324.425,0
2026-09-10 20:00:00+00:00,4324.425,4324.62,4314.549999999999,4316.855,0
2026-09-10 22:00:00+00:00,4322.674999999999,4325.13,4313.780000000001,4318.795,0
2026-09-10 23:00:00+00:00,4318.695,4320.61,4311.139999999999,4315.4,0
2026-09-11 00:00:00+00:00,4315.435,4333.959999999999,4312.82,4332.04,0
2026-09-11 01:00:00+00:00,4331.965,4340.585,4320.775,4329.405,0
2026-09-11 02:00:00+00:00,4329.43,4334.57,4316.225,4322.6900000000005,0
2026-09-11 03:00:00+00:00,4322.625,4326.38,4300.6849999999995,4304.014999999999,0
2026-09-11 04:00:00+00:00,4304.0,4335.55,4301.995,4332.049999999999,0
2026-09-11 05:00:00+00:00,4332.04,4352.01,4328.325000000001,4345.61,0
2026-09-11 06:00:00+00:00,4345.67,4361.105,4345.605,4353.3150000000005,0
2026-09-11 07:00:00+00:00,4353.3099999999995,4356.43,4340.485,4345.085,0
2026-09-11 08:00:00+00:00,4345.105,4358.075,4342.365,4347.1,0
2026-09-11 09:00:00+00:00,4347.139999999999,4354.0,4340.67,4346.405,0
2026-09-11 10:00:00+00:00,4346.42,4349.925,4336.68,4337.424999999999,0
2026-09-11 11:00:00+00:00,4337.535,4342.6,4330.15,4333.514999999999,0
2026-09-11 12:00:00+00:00,4333.545,4390.424999999999,4291.83,4388.6,0
2026-09-11 13:00:00+00:00,4388.5599999999995,4402.52,4380.5,4401.67,0
2026-09-11 14:00:00+00:00,4401.71,4402.6900000000005,4364.845,4370.99,0
2026-09-11 15:00:00+00:00,4370.975,4377.2,4359.3150000000005,4367.0599999999995,0
2026-09-11 16:00:00+00:00,4367.0650000000005,4372.915,4351.99,4361.72,0
2026-09-11 17:00:00+00:00,4361.725,4370.415,4358.094999999999,4358.395,0
2026-09-11 18:00:00+00:00,4358.4,4360.025,4344.1849999999995,4346.895,0
2026-09-11 19:00:00+00:00,4346.9400000000005,4353.844999999999,4342.575,4349.135,0
2026-09-11 20:00:00+00:00,4349.115,4351.535,4345.71,4349.035,0
2026-09-13 22:00:00+00:00,4338.1900000000005,4364.01,4316.9400000000005,4338.08,0
2026-09-13 23:00:00+00:00,4338.1,4342.59,4331.855,4332.715,0
2026-09-14 00:00:00+00:00,4332.754999999999,4347.49,4329.64,4339.4,0
2026-09-14 01:00:00+00:00,4339.38,4355.360000000001,4326.375,4353.41,0
2026-09-14 02:00:00+00:00,4353.379999999999,4355.42,4330.41,4331.215,0
2026-09-14 03:00:00+00:00,4331.2,4336.719999999999,4327.1849999999995,4330.65,0
2026-09-14 04:00:00+00:00,4330.585,4332.049999999999,4322.21,4329.639999999999,0
2026-09-14 05:00:00+00:00,4329.65,4337.610000000001,4323.345,4337.53,0
2026-09-14 06:00:00+00:00,4337.450000000001,4338.955,4320.785,4322.504999999999,0
2026-09-14 07:00:00+00:00,4322.45,4324.28,4307.925,4310.844999999999,0
2026-09-14 08:00:00+00:00,4310.86,4318.235000000001,4303.48,4306.74,0
2026-09-14 09:00:00+00:00,4306.755,4311.9349999999995,4278.52,4285.6,0
2026-09-14 10:00:00+00:00,4285.62,4296.585,4278.16,4294.745,0
2026-09-14 11:00:00+00:00,4294.75,4297.155000000001,4284.24,4287.195,0
2026-09-14 12:00:00+00:00,4287.155000000001,4297.5650000000005,4265.745000000001,4271.335,0
2026-09-14 13:00:00+00:00,4271.285,4281.280000000001,4253.87,4272.88,0
2026-09-14 14:00:00+00:00,4272.870000000001,4283.035,4263.9,4279.57,0
2026-09-14 15:00:00+00:00,4279.58,4298.43,4272.63,4288.3099999999995,0
2026-09-14 16:00:00+00:00,4288.3150000000005,4317.975,4286.425,4315.71,0
2026-09-14 17:00:00+00:00,4315.6900000000005,4316.45,4307.79,4311.16,0
2026-09-14 18:00:00+00:00,4311.15,4316.085,4304.79,4307.595,0
2026-09-14 19:00:00+00:00,4307.615,4308.085,4282.924999999999,4284.355,0
2026-09-14 20:00:00+00:00,4284.375,4299.6900000000005,4282.555,4298.835,0
2026-09-14 22:00:00+00:00,4300.485,4300.645,4292.9400000000005,4295.525,0
2026-09-14 23:00:00+00:00,4295.51,4297.625,4287.1849999999995,4288.325000000001,0
2026-09-15 00:00:00+00:00,4288.32,4296.8,4283.264999999999,4293.129999999999,0
2026-09-15 01:00:00+00:00,4293.035,4306.645,4287.99,4304.495000000001,0
2026-09-15 02:00:00+00:00,4304.4400000000005,4317.5,4304.4349999999995,4314.21,0
2026-09-15 03:00:00+00:00,4314.225,4314.700000000001,4303.514999999999,4303.765,0
2026-09-15 04:00:00+00:00,4303.76,4309.65,4300.99,4305.025,0
2026-09-15 05:00:00+00:00,4305.0,4307.825,4289.325000000001,4291.215,0
2026-09-15 06:00:00+00:00,4291.21,4295.5,4286.139999999999,4293.5650000000005,0
2026-09-15 07:00:00+00:00,4293.555,4295.785,4276.1849999999995,4280.709999999999,0
2026-09-15 08:00:00+00:00,4280.709999999999,4280.965,4261.514999999999,4262.530000000001,0
2026-09-15 09:00:00+00:00,4262.5,4272.37,4261.68,4268.41,0
2026-09-15 10:00:00+00:00,4268.4349999999995,4284.040000000001,4268.395,4281.7,0
2026-09-15 11:00:00+00:00,4281.715,4286.725,4278.585,4284.58,0
2026-09-15 12:00:00+00:00,4284.57,4295.77,4271.389999999999,4290.705,0
2026-09-15 13:00:00+00:00,4290.705,4298.445,4283.76,4294.844999999999,0
2026-09-15 14:00:00+00:00,4294.84,4300.575,4273.945,4277.275,0
2026-09-15 15:00:00+00:00,4277.200000000001,4294.95,4276.53,4289.505,0
2026-09-15 16:00:00+00:00,4289.51,4298.385,4285.59,4295.52,0
2026-09-15 17:00:00+00:00,4295.525,4299.27,4290.235000000001,4294.85,0
2026-09-15 18:00:00+00:00,4294.865,4310.58,4292.93,4308.66,0
2026-09-15 19:00:00+00:00,4308.65,4310.8150000000005,4294.335,4297.865,0
2026-09-15 20:00:00+00:00,4297.959999999999,4299.299999999999,4291.93,4293.895,0
2026-09-15 22:00:00+00:00,4295.66,4299.094999999999,4288.895,4289.055,0
2026-09-15 23:00:00+00:00,4289.085,4289.575,4281.33,4283.67,0
2026-09-16 00:00:00+00:00,4283.675,4286.1849999999995,4275.385,4277.745,0
2026-09-16 01:00:00+00:00,4277.625,4293.889999999999,4276.805,4282.5,0
2026-09-16 02:00:00+00:00,4282.514999999999,4323.67,4281.97,4321.785,0
2026-09-16 03:00:00+00:00,4321.764999999999,4341.155,4321.495,4327.17,0
2026-09-16 04:00:00+00:00,4327.145,4328.865,4320.53,4322.195,0
2026-09-16 05:00:00+00:00,4322.16,4333.92,4321.01,4326.49,0
2026-09-16 06:00:00+00:00,4326.535,4333.299999999999,4321.75,4332.93,0
2026-09-16 07:00:00+00:00,4332.889999999999,4339.345,4328.63,4329.6,0
2026-09-16 08:00:00+00:00,4329.585,4337.59,4323.18,4330.495000000001,0
2026-09-16 09:00:00+00:00,4330.48,4339.55,4327.455,4338.3,0
2026-09-16 10:00:00+00:00,4338.33,4349.725,4337.865,4348.719999999999,0
2026-09-16 11:00:00+00:00,4348.795,4353.68,4341.799999999999,4341.885,0
2026-09-16 12:00:00+00:00,4341.9349999999995,4349.280000000001,4335.700000000001,4347.83,0
2026-09-16 13:00:00+00:00,4347.8099999999995,4360.49,4335.17,4338.62,0
2026-09-16 14:00:00+00:00,4338.6,4355.889999999999,4324.285,4354.905000000001,0
2026-09-16 15:00:00+00:00,4354.9,4361.1900000000005,4343.049999999999,4352.865,0
2026-09-16 16:00:00+00:00,4352.885,4353.254999999999,4343.969999999999,4346.625,0
2026-09-16 17:00:00+00:00,4346.57,4365.705,4341.780000000001,4362.174999999999,0
2026-09-16 18:00:00+00:00,4361.835,4367.585,4256.9,4261.32,0
2026-09-16 19:00:00+00:00,4261.325,4287.79,4235.04,4272.67,0
2026-09-16 20:00:00+00:00,4272.655000000001,4273.965,4257.305,4264.405000000001,0
2026-09-16 22:00:00+00:00,4263.13,4276.26,4257.535,4266.49,0
2026-09-16 23:00:00+00:00,4266.485000000001,4275.780000000001,4258.9,4271.6849999999995,0
2026-09-17 00:00:00+00:00,4271.6900000000005,4292.445,4266.605,4280.39,0
2026-09-17 01:00:00+00:00,4280.385,4318.1849999999995,4280.235000000001,4300.254999999999,0
2026-09-17 02:00:00+00:00,4300.26,4301.07,4274.085,4277.389999999999,0
2026-09-17 03:00:00+00:00,4277.365,4297.4349999999995,4277.215,4296.025,0
2026-09-17 04:00:00+00:00,4296.02,4299.219999999999,4290.485000000001,4297.610000000001,0
2026-09-17 05:00:00+00:00,4297.625,4305.719999999999,4285.5599999999995,4304.75,0
2026-09-17 06:00:00+00:00,4304.74,4315.285,4304.285,4310.88,0
2026-09-17 07:00:00+00:00,4310.91,4335.555,4309.415,4327.075000000001,0
2026-09-17 08:00:00+00:00,4327.105,4328.395,4310.174999999999,4311.62,0
2026-09-17 09:00:00+00:00,4311.639999999999,4319.35,4304.99,4306.145,0
2026-09-17 10:00:00+00:00,4306.174999999999,4325.145,4304.969999999999,4324.36,0
2026-09-17 11:00:00+00:00,4324.355,4352.98,4323.41,4350.08,0
2026-09-17 12:00:00+00:00,4350.055,4381.094999999999,4343.555,4373.43,0
2026-09-17 13:00:00+00:00,4373.47,4375.26,4355.355,4366.594999999999,0
2026-09-17 14:00:00+00:00,4366.635,4380.125,4352.39,4354.135,0
2026-09-17 15:00:00+00:00,4354.15,4370.145,4351.459999999999,4370.0599999999995,0
2026-09-17 16:00:00+00:00,4370.049999999999,4372.475,4356.045,4362.465,0
2026-09-17 17:00:00+00:00,4362.495000000001,4365.895,4357.889999999999,4361.3099999999995,0
2026-09-17 18:00:00+00:00,4361.32,4365.639999999999,4348.459999999999,4351.805,0
2026-09-17 19:00:00+00:00,4351.9,4356.290000000001,4342.799999999999,4345.895,0
2026-09-17 20:00:00+00:00,4345.875,4347.045,4340.485000000001,4342.16,0
2026-09-17 22:00:00+00:00,4343.99,4349.705,4341.615,4344.505,0
2026-09-17 23:00:00+00:00,4344.495,4348.34,4339.735000000001,4346.39,0
2026-09-18 00:00:00+00:00,4346.355,4360.25,4341.955,4356.139999999999,0
2026-09-18 01:00:00+00:00,4356.110000000001,4365.81,4343.93,4348.305,0
2026-09-18 02:00:00+00:00,4348.29,4356.6900000000005,4343.21,4346.975,0
2026-09-18 03:00:00+00:00,4346.965,4360.9349999999995,4334.174999999999,4359.555,0
2026-09-18 04:00:00+00:00,4359.5599999999995,4367.135,4352.71,4366.8150000000005,0
2026-09-18 05:00:00+00:00,4366.84,4378.51,4360.51,4377.6,0
2026-09-18 06:00:00+00:00,4377.549999999999,4397.365,4377.225,4393.4,0
2026-09-18 07:00:00+00:00,4393.43,4399.610000000001,4388.9400000000005,4393.4,0
2026-09-18 08:00:00+00:00,4393.375,4398.66,4385.295,4392.49,0
2026-09-18 09:00:00+00:00,4392.5,4398.22,4373.38,4376.844999999999,0
2026-09-18 10:00:00+00:00,4376.85,4382.34,4375.6849999999995,4381.81,0
2026-09-18 11:00:00+00:00,4381.790000000001,4388.700000000001,4372.545,4381.3150000000005,0
2026-09-18 12:00:00+00:00,4381.335,4382.799999999999,4353.6849999999995,4368.895,0
2026-09-18 13:00:00+00:00,4368.865,4375.74,4347.54,4349.615,0
2026-09-18 14:00:00+00:00,4349.610000000001,4361.79,4342.645,4353.035,0
2026-09-18 15:00:00+00:00,4353.04,4358.17,4348.219999999999,4356.6849999999995,0
2026-09-18 16:00:00+00:00,4356.66,4383.91,4354.754999999999,4382.9349999999995,0
2026-09-18 17:00:00+00:00,4382.950000000001,4397.105,4381.555,4393.219999999999,0
2026-09-18 18:00:00+00:00,4393.195,4394.43,4379.5599999999995,4382.209999999999,0
2026-09-18 19:00:00+00:00,4382.215,4386.095,4375.094999999999,4376.844999999999,0
2026-09-18 20:00:00+00:00,4376.855,4383.57,4375.65,4378.165,0
2026-09-20 22:00:00+00:00,4376.66,4382.41,4373.115,4373.805,0
2026-09-20 23:00:00+00:00,4373.865,4376.235000000001,4369.0,4372.685,0
2026-09-21 00:00:00+00:00,4372.705,4375.915,4358.344999999999,4366.795,0
2026-09-21 01:00:00+00:00,4366.844999999999,4383.365,4366.49,4377.73,0
2026-09-21 02:00:00+00:00,4377.66,4378.055,4361.37,4364.1849999999995,0
2026-09-21 03:00:00+00:00,4364.16,4368.360000000001,4357.8150000000005,4359.335,0
2026-09-21 04:00:00+00:00,4359.33,4365.535,4355.3150000000005,4356.215,0
2026-09-21 05:00:00+00:00,4356.215,4362.25,4349.33,4351.1,0
2026-09-21 06:00:00+00:00,4351.08,4355.885,4346.23,4353.15,0
2026-09-21 07:00:00+00:00,4353.139999999999,4356.205,4342.110000000001,4344.67,0
2026-09-21 08:00:00+00:00,4344.639999999999,4357.865,4343.57,4353.145,0
2026-09-21 09:00:00+00:00,4353.21,4355.04,4339.95,4345.75,0
2026-09-21 10:00:00+00:00,4345.735,4357.005,4342.73,4342.855,0
2026-09-21 11:00:00+00:00,4342.845,4371.265,4341.87,4369.120000000001,0
2026-09-21 12:00:00+00:00,4369.105,4374.84,4351.41,4359.715,0
2026-09-21 13:00:00+00:00,4359.735,4369.76,4345.97,4346.18,0
2026-09-21 14:00:00+00:00,4346.1849999999995,4347.4,4322.73,4338.755,0
2026-09-21 15:00:00+00:00,4338.74,4356.15,4338.74,4348.05,0
2026-09-21 16:00:00+00:00,4348.110000000001,4357.23,4342.825000000001,4343.41,0
2026-09-21 17:00:00+00:00,4343.405,4347.08,4337.615,4344.655000000001,0
2026-09-21 18:00:00+00:00,4344.635,4352.58,4344.15,4346.12,0
2026-09-21 19:00:00+00:00,4346.139999999999,4353.725,4342.15,4345.0599999999995,0
2026-09-21 20:00:00+00:00,4345.075000000001,4345.34,4339.38,4343.79,0
2026-09-21 22:00:00+00:00,4348.360000000001,4365.125,4346.725,4361.125,0
2026-09-21 23:00:00+00:00,4361.195,4371.0599999999995,4358.1,4368.79,0
2026-09-22 00:00:00+00:00,4368.700000000001,4376.295,4348.465,4360.4,0
2026-09-22 01:00:00+00:00,4360.365,4365.115,4343.715,4348.5650000000005,0
2026-09-22 02:00:00+00:00,4348.5599999999995,4355.93,4339.9,4344.98,0
2026-09-22 03:00:00+00:00,4344.96,4349.530000000001,4339.629999999999,4341.695,0
2026-09-22 04:00:00+00:00,4341.674999999999,4343.120000000001,4335.295,4342.86,0
2026-09-22 05:00:00+00:00,4342.855,4347.389999999999,4316.35,4323.58,0
2026-09-22 06:00:00+00:00,4323.675,4324.455,4315.12,4318.674999999999,0
2026-09-22 07:00:00+00:00,4318.65,4324.415,4299.695,4301.3150000000005,0
2026-09-22 08:00:00+00:00,4301.344999999999,4335.665,4291.5650000000005,4330.045,0
2026-09-22 09:00:00+00:00,4330.02,4337.969999999999,4312.135,4336.225,0
2026-09-22 10:00:00+00:00,4336.24,4338.32,4321.915,4322.075000000001,0
2026-09-22 11:00:00+00:00,4322.0650000000005,4323.780000000001,4309.049999999999,4322.8099999999995,0
2026-09-22 12:00:00+00:00,4322.84,4344.155,4320.35,4333.86,0
2026-09-22 13:00:00+00:00,4333.89,4344.025,4327.61,4333.39,0
2026-09-22 14:00:00+00:00,4333.4,4338.275,4314.91,4328.0599999999995,0
2026-09-22 15:00:00+00:00,4328.09,4340.665,4325.4400000000005,4331.335,0
2026-09-22 16:00:00+00:00,4331.375,4342.095,4322.78,4336.42,0
2026-09-22 17:00:00+00:00,4336.345,4353.125,4334.625,4350.955,0
2026-09-22 18:00:00+00:00,4350.965,4360.855,4347.57,4353.370000000001,0
2026-09-22 19:00:00+00:00,4353.325000000001,4371.38,4353.200000000001,4364.245000000001,0
2026-09-22 20:00:00+00:00,4364.275,4364.82,4357.57,4358.665,0
2026-09-22 22:00:00+00:00,4360.765,4365.43,4360.54,4362.299999999999,0
2026-09-22 23:00:00+00:00,4362.295,4365.835,4358.405000000001,4364.04,0
2026-09-23 00:00:00+00:00,4364.014999999999,4369.59,4355.01,4357.860000000001,0
2026-09-23 01:00:00+00:00,4357.889999999999,4359.485000000001,4338.995000000001,4341.68,0
2026-09-23 02:00:00+00:00,4341.695,4341.695,4333.27,4334.035,0
2026-09-23 03:00:00+00:00,4334.03,4345.77,4333.1900000000005,4342.790000000001,0
2026-09-23 04:00:00+00:00,4342.77,4347.415,4342.64,4344.225,0
2026-09-23 05:00:00+00:00,4344.21,4345.905000000001,4327.905000000001,4334.85,0
2026-09-23 06:00:00+00:00,4334.805,4337.11,4326.045,4331.5599999999995,0
2026-09-23 07:00:00+00:00,4331.540000000001,4332.95,4318.8099999999995,4319.4400000000005,0
2026-09-23 08:00:00+00:00,4319.445,4322.965,4315.49,4318.360000000001,0
2026-09-23 09:00:00+00:00,4318.375,4320.585,4308.639999999999,4314.22,0
2026-09-23 10:00:00+00:00,4314.23,4319.165,4312.29,4315.79,0
2026-09-23 11:00:00+00:00,4315.775,4317.110000000001,4294.83,4309.41,0
2026-09-23 12:00:00+00:00,4309.42,4319.105,4300.955,4309.83,0
2026-09-23 13:00:00+00:00,4309.845,4313.53,4281.014999999999,4283.9400000000005,0
2026-09-23 14:00:00+00:00,4283.92,4298.825,4278.03,4294.305,0
2026-09-23 15:00:00+00:00,4294.315,4297.545,4277.49,4282.33,0
2026-09-23 16:00:00+00:00,4282.35,4289.860000000001,4278.36,4285.0650000000005,0
2026-09-23 17:00:00+00:00,4285.0599999999995,4293.43,4274.780000000001,4293.01,0
2026-09-23 18:00:00+00:00,4292.99,4295.030000000001,4283.09,4290.625,0
2026-09-23 19:00:00+00:00,4290.635,4293.55,4281.280000000001,4284.674999999999,0
2026-09-23 20:00:00+00:00,4284.695,4290.530000000001,4282.655000000001,4287.370000000001,0
2026-09-23 22:00:00+00:00,4290.555,4294.469999999999,4286.83,4289.51,0
2026-09-23 23:00:00+00:00,4289.48,4293.379999999999,4285.18,4288.719999999999,0
2026-09-24 00:00:00+00:00,4288.745,4299.42,4284.155000000001,4298.5650000000005,0
2026-09-24 01:00:00+00:00,4298.57,4303.485,4277.965,4279.514999999999,0
2026-09-24 02:00:00+00:00,4279.49,4297.1900000000005,4273.635,4290.885,0
2026-09-24 03:00:00+00:00,4290.865,4293.835,4280.6849999999995,4285.215,0
2026-09-24 04:00:00+00:00,4285.1849999999995,4290.52,4281.9349999999995,4289.7,0
2026-09-24 05:00:00+00:00,4289.71,4296.34,4277.35,4279.139999999999,0
2026-09-24 06:00:00+00:00,4279.129999999999,4286.875,4274.265,4276.299999999999,0
2026-09-24 07:00:00+00:00,4276.3099999999995,4288.1,4274.375,4278.66,0
2026-09-24 08:00:00+00:00,4278.615,4285.615,4260.51,4261.205,0
2026-09-24 09:00:00+00:00,4261.219999999999,4267.54,4251.045,4255.28,0
2026-09-24 10:00:00+00:00,4255.264999999999,4264.23,4244.125,4258.23,0
2026-09-24 11:00:00+00:00,4258.200000000001,4267.95,4251.860000000001,4265.835,0
2026-09-24 12:00:00+00:00,4265.84,4283.385,4260.68,4281.030000000001,0
2026-09-24 13:00:00+00:00,4281.0650000000005,4285.16,4264.77,4267.465,0
2026-09-24 14:00:00+00:00,4267.530000000001,4273.445,4252.705,4253.4400000000005,0
2026-09-24 15:00:00+00:00,4253.425,4260.5599999999995,4244.83,4256.745,0
2026-09-24 16:00:00+00:00,4256.74,4288.765,4252.6900000000005,4273.035,0
2026-09-24 17:00:00+00:00,4272.99,4277.98,4257.965,4264.860000000001,0
2026-09-24 18:00:00+00:00,4264.855,4281.78,4256.365,4271.745000000001,0
2026-09-24 19:00:00+00:00,4271.74,4276.115,4266.9400000000005,4273.799999999999,0
2026-09-24 20:00:00+00:00,4273.85,4275.360000000001,4264.57,4273.889999999999,0
2026-09-24 22:00:00+00:00,4274.575,4275.755,4267.955,4272.700000000001,0
2026-09-24 23:00:00+00:00,4272.705,4276.17,4264.9,4265.105,0
2026-09-25 00:00:00+00:00,4265.09,4281.094999999999,4264.365,4278.49,0
2026-09-25 01:00:00+00:00,4278.525,4295.82,4277.08,4287.915,0
2026-09-25 02:00:00+00:00,4287.945,4295.3099999999995,4277.9,4283.775,0
2026-09-25 03:00:00+00:00,4283.82,4286.295,4269.425,4270.125,0
2026-09-25 04:00:00+00:00,4270.115,4273.725,4262.72,4263.08,0
2026-09-25 05:00:00+00:00,4263.09,4275.719999999999,4256.38,4266.795,0
2026-09-25 06:00:00+00:00,4266.79,4281.665,4266.165,4275.745,0
2026-09-25 07:00:00+00:00,4275.76,4282.125,4271.14,4279.845,0
2026-09-25 08:00:00+00:00,4279.825000000001,4297.27,4275.030000000001,4293.514999999999,0
2026-09-25 09:00:00+00:00,4293.475,4297.955,4289.615,4295.375,0
2026-09-25 10:00:00+00:00,4295.385,4311.924999999999,4293.96,4311.0599999999995,0
2026-09-25 11:00:00+00:00,4311.09,4315.905000000001,4299.91,4303.025,0
2026-09-25 12:00:00+00:00,4303.015,4309.425,4296.605,4298.145,0
2026-09-25 13:00:00+00:00,4298.165,4299.450000000001,4273.515,4275.305,0
2026-09-25 14:00:00+00:00,4275.360000000001,4280.95,4254.290000000001,4279.094999999999,0
2026-09-25 15:00:00+00:00,4279.045,4290.845,4270.105,4290.705,0
2026-09-25 16:00:00+00:00,4290.725,4300.514999999999,4279.725,4286.525,0
2026-09-25 17:00:00+00:00,4286.54,4293.13,4279.545,4283.475,0
2026-09-25 18:00:00+00:00,4283.48,4296.275,4282.955,4295.055,0
2026-09-25 19:00:00+00:00,4295.035,4297.15,4287.68,4291.4349999999995,0
2026-09-25 20:00:00+00:00,4291.42,4292.18,4284.42,4285.54,0
2026-09-27 22:00:00+00:00,4269.525,4275.280000000001,4258.219999999999,4260.360000000001,0
2026-09-27 23:00:00+00:00,4260.335,4266.4,4257.41,4260.71,0
2026-09-28 00:00:00+00:00,4260.695,4261.325000000001,4227.43,4230.9349999999995,0
2026-09-28 01:00:00+00:00,4230.925,4231.48,4206.08,4216.355,0
2026-09-28 02:00:00+00:00,4216.385,4217.665,4194.35,4196.92,0
2026-09-28 03:00:00+00:00,4196.924999999999,4203.219999999999,4191.4,4196.965,0
2026-09-28 04:00:00+00:00,4196.969999999999,4200.33,4194.49,4195.09,0
2026-09-28 05:00:00+00:00,4195.1,4198.225,4178.879999999999,4179.71,0
2026-09-28 06:00:00+00:00,4179.7,4181.645,4161.955,4164.3150000000005,0
2026-09-28 07:00:00+00:00,4164.3099999999995,4166.46,4150.865,4155.68,0
2026-09-28 08:00:00+00:00,4155.74,4159.3099999999995,4142.59,4144.57,0
2026-09-28 09:00:00+00:00,4144.5650000000005,4157.725,4140.735000000001,4155.865,0
2026-09-28 10:00:00+00:00,4155.905000000001,4159.59,4151.84,4155.674999999999,0
2026-09-28 11:00:00+00:00,4155.68,4160.515,4147.715,4148.8099999999995,0
2026-09-28 12:00:00+00:00,4148.805,4171.245000000001,4143.205,4154.469999999999,0
2026-09-28 13:00:00+00:00,4154.49,4160.695,4136.325000000001,4157.405000000001,0
2026-09-28 14:00:00+00:00,4157.4,4157.4349999999995,4110.83,4118.34,0
2026-09-28 15:00:00+00:00,4118.35,4128.48,4115.505,4124.25,0
2026-09-28 16:00:00+00:00,4124.24,4148.25,4116.66,4129.93,0
2026-09-28 17:00:00+00:00,4129.9400000000005,4146.66,4126.16,4134.389999999999,0
2026-09-28 18:00:00+00:00,4134.385,4141.905,4131.795,4139.125,0
2026-09-28 19:00:00+00:00,4139.13,4139.46,4122.47,4123.285,0
2026-09-28 20:00:00+00:00,4123.25,4123.719999999999,4111.445,4115.235000000001,0
2026-09-28 22:00:00+00:00,4116.360000000001,4126.799999999999,4115.525,4121.515,0
2026-09-28 23:00:00+00:00,4121.545,4129.21,4121.35,4127.4400000000005,0
2026-09-29 00:00:00+00:00,4127.445,4128.1849999999995,4114.585,4118.135,0
2026-09-29 01:00:00+00:00,4118.12,4137.245,4113.585,4135.46,0
2026-09-29 02:00:00+00:00,4135.45,4139.265,4126.6849999999995,4137.52,0
2026-09-29 03:00:00+00:00,4137.515,4140.48,4131.4400000000005,4134.155000000001,0
2026-09-29 04:00:00+00:00,4134.135,4134.385,4124.85,4126.6900000000005,0
2026-09-29 05:00:00+00:00,4126.665,4145.24,4122.04,4138.955,0
2026-09-29 06:00:00+00:00,4138.965,4148.38,4138.639999999999,4140.215,0
2026-09-29 07:00:00+00:00,4140.24,4149.195,4136.195,4141.1849999999995,0
2026-09-29 08:00:00+00:00,4141.17,4146.755,4137.59,4139.62,0
2026-09-29 09:00:00+00:00,4139.6,4148.41,4139.09,4145.57,0
2026-09-29 10:00:00+00:00,4145.59,4154.785,4143.025,4153.8,0
2026-09-29 11:00:00+00:00,4153.79,4161.505,4149.84,4153.450000000001,0
2026-09-29 12:00:00+00:00,4153.495,4159.02,4148.605,4151.09,0
2026-09-29 13:00:00+00:00,4151.09,4164.515,4150.545,4157.475,0
2026-09-29 14:00:00+00:00,4157.59,4175.335,4157.35,4170.48,0
2026-09-29 15:00:00+00:00,4170.450000000001,4170.65,4148.345,4158.26,0
2026-09-29 16:00:00+00:00,4158.245,4158.99,4144.4,4145.695,0
2026-09-29 17:00:00+00:00,4145.69,4149.245,4142.375,4144.129999999999,0
2026-09-29 18:00:00+00:00,4144.110000000001,4175.645,4144.094999999999,4171.049999999999,0
2026-09-29 19:00:00+00:00,4171.01,4177.610000000001,4167.870000000001,4177.4349999999995,0
2026-09-29 20:00:00+00:00,4177.465,4185.25,4171.735000000001,4181.91,0
2026-09-29 22:00:00+00:00,4184.110000000001,4184.110000000001,4176.87,4178.8099999999995,0
2026-09-29 23:00:00+00:00,4178.865,4187.674999999999,4178.675,4185.065,0
2026-09-30 00:00:00+00:00,4185.045,4187.575000000001,4176.620000000001,4176.639999999999,0
2026-09-30 01:00:00+00:00,4176.635,4181.505,4167.45,4172.62,0
2026-09-30 02:00:00+00:00,4172.625,4184.53,4171.245,4179.405000000001,0
2026-09-30 03:00:00+00:00,4179.385,4182.3150000000005,4171.48,4172.790000000001,0
2026-09-30 04:00:00+00:00,4172.780000000001,4184.950000000001,4172.105,4178.895,0
2026-09-30 05:00:00+00:00,4178.915,4182.389999999999,4165.65,4178.155,0
2026-09-30 06:00:00+00:00,4178.175,4195.200000000001,4176.35,4191.049999999999,0
2026-09-30 07:00:00+00:00,4191.035,4201.450000000001,4189.67,4193.65,0
2026-09-30 08:00:00+00:00,4193.6,4202.38,4191.3,4191.92,0
2026-09-30 09:00:00+00:00,4191.925,4195.115,4183.0599999999995,4187.96,0
2026-09-30 10:00:00+00:00,4187.955,4190.8099999999995,4181.514999999999,4184.790000000001,0
2026-09-30 11:00:00+00:00,4184.799999999999,4192.4,4176.575,4186.615,0
2026-09-30 12:00:00+00:00,4186.59,4219.37,4182.9,4208.575,0
2026-09-30 13:00:00+00:00,4208.5650000000005,4214.63,4176.825,4177.549999999999,0
2026-09-30 14:00:00+00:00,4177.5599999999995,4184.05,4164.27,4165.73,0
2026-09-30 15:00:00+00:00,4165.6849999999995,4168.335,4151.415,4157.165,0
2026-09-30 16:00:00+00:00,4157.139999999999,4163.26,4154.82,4157.525,0
2026-09-30 17:00:00+00:00,4157.56,4158.62,4147.475,4151.5650000000005,0
2026-09-30 18:00:00+00:00,4151.5599999999995,4155.145,4147.635,4151.9400000000005,0
2026-09-30 19:00:00+00:00,4151.950000000001,4157.110000000001,4149.35,4155.825000000001,0
2026-09-30 20:00:00+00:00,4155.795,4160.375,4151.209999999999,4157.3099999999995,0
2026-09-30 22:00:00+00:00,4160.415,4160.705,4153.575,4154.504999999999,0
2026-09-30 23:00:00+00:00,4154.5,4156.73,4151.92,4156.145,0
2026-10-01 00:00:00+00:00,4156.15,4156.15,4139.280000000001,4145.365,0
2026-10-01 01:00:00+00:00,4145.360000000001,4164.955,4145.0599999999995,4156.675,0
2026-10-01 02:00:00+00:00,4156.68,4162.075000000001,4151.43,4161.175,0
2026-10-01 03:00:00+00:00,4161.16,4176.97,4159.51,4175.375,0
2026-10-01 04:00:00+00:00,4175.35,4180.82,4171.575,4180.07,0
2026-10-01 05:00:00+00:00,4180.0650000000005,4192.77,4179.145,4188.075,0
2026-10-01 06:00:00+00:00,4188.09,4192.545,4180.615,4181.844999999999,0
2026-10-01 07:00:00+00:00,4181.825000000001,4183.625,4154.4,4163.85,0
2026-10-01 08:00:00+00:00,4163.915,4168.035,4149.3099999999995,4153.465,0
2026-10-01 09:00:00+00:00,4153.455,4163.6900000000005,4152.62,4154.65,0
2026-10-01 10:00:00+00:00,4154.66,4178.98,4150.209999999999,4176.105,0
2026-10-01 11:00:00+00:00,4176.08,4185.83,4166.6900000000005,4182.700000000001,0
2026-10-01 12:00:00+00:00,4182.709999999999,4187.775,4174.91,4178.780000000001,0
2026-10-01 13:00:00+00:00,4178.775,4181.8150000000005,4159.465,4165.27,0
2026-10-01 14:00:00+00:00,4165.280000000001,4175.07,4151.645,4163.344999999999,0
2026-10-01 15:00:00+00:00,4163.3150000000005,4173.870000000001,4150.295,4169.595,0
2026-10-01 16:00:00+00:00,4169.625,4176.84,4159.86,4162.4349999999995,0
2026-10-01 17:00:00+00:00,4162.465,4186.36,4161.46,4170.424999999999,0
2026-10-01 18:00:00+00:00,4170.45,4182.245000000001,4163.17,4177.195,0
2026-10-01 19:00:00+00:00,4177.23,4180.235,4173.555,4176.965,0
2026-10-01 20:00:00+00:00,4176.975,4180.219999999999,4173.280000000001,4177.1900000000005,0
2026-10-01 22:00:00+00:00,4176.09,4179.299999999999,4171.79,4178.995,0
2026-10-01 23:00:00+00:00,4178.969999999999,4183.8150000000005,4177.245,4182.205,0
2026-10-02 00:00:00+00:00,4182.219999999999,4182.735000000001,4152.84,4153.785,0
2026-10-02 01:00:00+00:00,4153.79,4155.1,4133.74,4151.48,0
2026-10-02 02:00:00+00:00,4151.535,4166.63,4147.44,4166.01,0
2026-10-02 03:00:00+00:00,4166.02,4179.38,4165.205,4177.97,0
2026-10-02 04:00:00+00:00,4177.975,4190.885,4177.594999999999,4184.82,0
2026-10-02 05:00:00+00:00,4184.8099999999995,4192.344999999999,4183.030000000001,4186.48,0
2026-10-02 06:00:00+00:00,4186.485000000001,4196.995,4177.43,4180.98,0
2026-10-02 07:00:00+00:00,4180.96,4192.29,4177.54,4187.32,0
2026-10-02 08:00:00+00:00,4187.360000000001,4196.67,4179.35,4184.594999999999,0
2026-10-02 09:00:00+00:00,4184.585,4188.639999999999,4179.505,4184.38,0
2026-10-02 10:00:00+00:00,4184.365,4185.885,4166.215,4182.72,0
2026-10-02 11:00:00+00:00,4182.67,4188.5599999999995,4176.85,4181.85,0
2026-10-02 12:00:00+00:00,4181.84,4226.88,4174.719999999999,4217.855,0
2026-10-02 13:00:00+00:00,4217.88,4225.405,4178.34,4191.1849999999995,0
2026-10-02 14:00:00+00:00,4191.25,4196.9,4155.285,4159.1900000000005,0
2026-10-02 15:00:00+00:00,4159.18,4160.389999999999,4125.26,4127.344999999999,0
2026-10-02 16:00:00+00:00,4127.335,4141.174999999999,4125.82,4139.24,0
2026-10-02 17:00:00+00:00,4139.265,4143.17,4130.135,4137.575,0
2026-10-02 18:00:00+00:00,4137.594999999999,4146.745000000001,4135.235000000001,4146.59,0
2026-10-02 19:00:00+00:00,4146.6,4150.115,4140.6,4147.8,0
